solid aquaclick_v01c_od185_eccentric_hopper
  facet normal 0.403044 -0.215549 0.889435
    outer loop
      vertex 0 0 34.293
      vertex 5.01667 0 32.0197
      vertex 5.00593 0.328106 32.1041
    endloop
  endfacet
  facet normal 0 0 0
    outer loop
      vertex 0 0 34.293
      vertex 5.00593 0.328106 32.1041
      vertex 0 0 34.293
    endloop
  endfacet
  facet normal 0.402973 -0.217621 0.888962
    outer loop
      vertex 0 0 34.293
      vertex 5.00593 0.328106 32.1041
      vertex 4.97375 0.654806 32.1986
    endloop
  endfacet
  facet normal 0 0 0
    outer loop
      vertex 0 0 34.293
      vertex 4.97375 0.654806 32.1986
      vertex 0 0 34.293
    endloop
  endfacet
  facet normal 0.403014 -0.219362 0.888516
    outer loop
      vertex 0 0 34.293
      vertex 4.97375 0.654806 32.1986
      vertex 4.92027 0.978703 32.3029
    endloop
  endfacet
  facet normal 0 0 0
    outer loop
      vertex 0 0 34.293
      vertex 4.92027 0.978703 32.3029
      vertex 0 0 34.293
    endloop
  endfacet
  facet normal 0.403131 -0.220762 0.888116
    outer loop
      vertex 0 0 34.293
      vertex 4.92027 0.978703 32.3029
      vertex 4.84573 1.29841 32.4162
    endloop
  endfacet
  facet normal 0 0 0
    outer loop
      vertex 0 0 34.293
      vertex 4.84573 1.29841 32.4162
      vertex 0 0 34.293
    endloop
  endfacet
  facet normal 0.403286 -0.221827 0.88778
    outer loop
      vertex 0 0 34.293
      vertex 4.84573 1.29841 32.4162
      vertex 4.75043 1.61255 32.5379
    endloop
  endfacet
  facet normal 0 0 0
    outer loop
      vertex 0 0 34.293
      vertex 4.75043 1.61255 32.5379
      vertex 0 0 34.293
    endloop
  endfacet
  facet normal 0.403443 -0.222571 0.887522
    outer loop
      vertex 0 0 34.293
      vertex 4.75043 1.61255 32.5379
      vertex 4.6348 1.9198 32.6676
    endloop
  endfacet
  facet normal 0 0 0
    outer loop
      vertex 0 0 34.293
      vertex 4.6348 1.9198 32.6676
      vertex 0 0 34.293
    endloop
  endfacet
  facet normal 0.403569 -0.223016 0.887353
    outer loop
      vertex 0 0 34.293
      vertex 4.6348 1.9198 32.6676
      vertex 4.49931 2.21881 32.8043
    endloop
  endfacet
  facet normal 0 0 0
    outer loop
      vertex 0 0 34.293
      vertex 4.49931 2.21881 32.8043
      vertex 0 0 34.293
    endloop
  endfacet
  facet normal 0.403632 -0.223195 0.887279
    outer loop
      vertex 0 0 34.293
      vertex 4.49931 2.21881 32.8043
      vertex 4.34456 2.50833 32.9476
    endloop
  endfacet
  facet normal 0 0 0
    outer loop
      vertex 0 0 34.293
      vertex 4.34456 2.50833 32.9476
      vertex 0 0 34.293
    endloop
  endfacet
  facet normal 0.40361 -0.223144 0.887302
    outer loop
      vertex 0 0 34.293
      vertex 4.34456 2.50833 32.9476
      vertex 4.17121 2.78711 33.0965
    endloop
  endfacet
  facet normal 0 0 0
    outer loop
      vertex 0 0 34.293
      vertex 4.17121 2.78711 33.0965
      vertex 0 0 34.293
    endloop
  endfacet
  facet normal 0.403484 -0.222905 0.88742
    outer loop
      vertex 0 0 34.293
      vertex 4.17121 2.78711 33.0965
      vertex 3.97999 3.05395 33.2505
    endloop
  endfacet
  facet normal 0 0 0
    outer loop
      vertex 0 0 34.293
      vertex 3.97999 3.05395 33.2505
      vertex 0 0 34.293
    endloop
  endfacet
  facet normal 0.403243 -0.222521 0.887626
    outer loop
      vertex 0 0 34.293
      vertex 3.97999 3.05395 33.2505
      vertex 3.77173 3.30772 33.4087
    endloop
  endfacet
  facet normal 0 0 0
    outer loop
      vertex 0 0 34.293
      vertex 3.77173 3.30772 33.4087
      vertex 0 0 34.293
    endloop
  endfacet
  facet normal 0.402883 -0.222034 0.887911
    outer loop
      vertex 0 0 34.293
      vertex 3.77173 3.30772 33.4087
      vertex 3.54732 3.54732 33.5705
    endloop
  endfacet
  facet normal 0 0 0
    outer loop
      vertex 0 0 34.293
      vertex 3.54732 3.54732 33.5705
      vertex 0 0 34.293
    endloop
  endfacet
  facet normal 0.402408 -0.221487 0.888263
    outer loop
      vertex 0 0 34.293
      vertex 3.54732 3.54732 33.5705
      vertex 3.30772 3.77173 33.735
    endloop
  endfacet
  facet normal 0 0 0
    outer loop
      vertex 0 0 34.293
      vertex 3.30772 3.77173 33.735
      vertex 0 0 34.293
    endloop
  endfacet
  facet normal 0.401827 -0.220918 0.888668
    outer loop
      vertex 0 0 34.293
      vertex 3.30772 3.77173 33.735
      vertex 3.05395 3.97999 33.9015
    endloop
  endfacet
  facet normal 0 0 0
    outer loop
      vertex 0 0 34.293
      vertex 3.05395 3.97999 33.9015
      vertex 0 0 34.293
    endloop
  endfacet
  facet normal 0.401158 -0.220361 0.889108
    outer loop
      vertex 0 0 34.293
      vertex 3.05395 3.97999 33.9015
      vertex 2.78711 4.17121 34.0693
    endloop
  endfacet
  facet normal 0 0 0
    outer loop
      vertex 0 0 34.293
      vertex 2.78711 4.17121 34.0693
      vertex 0 0 34.293
    endloop
  endfacet
  facet normal 0.400421 -0.219844 0.889568
    outer loop
      vertex 0 0 34.293
      vertex 2.78711 4.17121 34.0693
      vertex 2.50833 4.34456 34.2376
    endloop
  endfacet
  facet normal 0 0 0
    outer loop
      vertex 0 0 34.293
      vertex 2.50833 4.34456 34.2376
      vertex 0 0 34.293
    endloop
  endfacet
  facet normal 0.399645 -0.21939 0.890029
    outer loop
      vertex 0 0 34.293
      vertex 2.50833 4.34456 34.2376
      vertex 2.21881 4.49931 34.4057
    endloop
  endfacet
  facet normal 0 0 0
    outer loop
      vertex 0 0 34.293
      vertex 2.21881 4.49931 34.4057
      vertex 0 0 34.293
    endloop
  endfacet
  facet normal 0.398857 -0.219013 0.890475
    outer loop
      vertex 0 0 34.293
      vertex 2.21881 4.49931 34.4057
      vertex 1.9198 4.6348 34.573
    endloop
  endfacet
  facet normal 0 0 0
    outer loop
      vertex 0 0 34.293
      vertex 1.9198 4.6348 34.573
      vertex 0 0 34.293
    endloop
  endfacet
  facet normal 0.398091 -0.21872 0.89089
    outer loop
      vertex 0 0 34.293
      vertex 1.9198 4.6348 34.573
      vertex 1.61255 4.75043 34.7387
    endloop
  endfacet
  facet normal 0 0 0
    outer loop
      vertex 0 0 34.293
      vertex 1.61255 4.75043 34.7387
      vertex 0 0 34.293
    endloop
  endfacet
  facet normal 0.397378 -0.218513 0.891259
    outer loop
      vertex 0 0 34.293
      vertex 1.61255 4.75043 34.7387
      vertex 1.29841 4.84573 34.9021
    endloop
  endfacet
  facet normal 0 0 0
    outer loop
      vertex 0 0 34.293
      vertex 1.29841 4.84573 34.9021
      vertex 0 0 34.293
    endloop
  endfacet
  facet normal 0.396749 -0.218384 0.891571
    outer loop
      vertex 0 0 34.293
      vertex 1.29841 4.84573 34.9021
      vertex 0.978703 4.92027 35.0626
    endloop
  endfacet
  facet normal 0 0 0
    outer loop
      vertex 0 0 34.293
      vertex 0.978703 4.92027 35.0626
      vertex 0 0 34.293
    endloop
  endfacet
  facet normal 0.396236 -0.21832 0.891815
    outer loop
      vertex 0 0 34.293
      vertex 0.978703 4.92027 35.0626
      vertex 0.654806 4.97375 35.2196
    endloop
  endfacet
  facet normal 0 0 0
    outer loop
      vertex 0 0 34.293
      vertex 0.654806 4.97375 35.2196
      vertex 0 0 34.293
    endloop
  endfacet
  facet normal 0.395865 -0.218302 0.891984
    outer loop
      vertex 0 0 34.293
      vertex 0.654806 4.97375 35.2196
      vertex 0.328106 5.00593 35.3725
    endloop
  endfacet
  facet normal 0 0 0
    outer loop
      vertex 0 0 34.293
      vertex 0.328106 5.00593 35.3725
      vertex 0 0 34.293
    endloop
  endfacet
  facet normal 0.395659 -0.218308 0.892074
    outer loop
      vertex 0 0 34.293
      vertex 0.328106 5.00593 35.3725
      vertex 3.07182e-16 5.01667 35.5206
    endloop
  endfacet
  facet normal 0 0 0
    outer loop
      vertex 0 0 34.293
      vertex 3.07182e-16 5.01667 35.5206
      vertex 0 0 34.293
    endloop
  endfacet
  facet normal 0.395637 -0.218311 0.892083
    outer loop
      vertex 0 0 34.293
      vertex 3.07182e-16 5.01667 35.5206
      vertex -0.328106 5.00593 35.6635
    endloop
  endfacet
  facet normal 0 0 0
    outer loop
      vertex 0 0 34.293
      vertex -0.328106 5.00593 35.6635
      vertex -0 0 34.293
    endloop
  endfacet
  facet normal 0.395812 -0.21828 0.892013
    outer loop
      vertex -0 0 34.293
      vertex -0.328106 5.00593 35.6635
      vertex -0.654806 4.97375 35.8006
    endloop
  endfacet
  facet normal 0 0 0
    outer loop
      vertex -0 0 34.293
      vertex -0.654806 4.97375 35.8006
      vertex -0 0 34.293
    endloop
  endfacet
  facet normal 0.396191 -0.218186 0.891867
    outer loop
      vertex -0 0 34.293
      vertex -0.654806 4.97375 35.8006
      vertex -0.978703 4.92027 35.9314
    endloop
  endfacet
  facet normal 0 0 0
    outer loop
      vertex -0 0 34.293
      vertex -0.978703 4.92027 35.9314
      vertex -0 0 34.293
    endloop
  endfacet
  facet normal 0.396777 -0.217998 0.891653
    outer loop
      vertex -0 0 34.293
      vertex -0.978703 4.92027 35.9314
      vertex -1.29841 4.84573 36.0555
    endloop
  endfacet
  facet normal 0 0 0
    outer loop
      vertex -0 0 34.293
      vertex -1.29841 4.84573 36.0555
      vertex -0 0 34.293
    endloop
  endfacet
  facet normal 0.397564 -0.217687 0.891378
    outer loop
      vertex -0 0 34.293
      vertex -1.29841 4.84573 36.0555
      vertex -1.61255 4.75043 36.1723
    endloop
  endfacet
  facet normal 0 0 0
    outer loop
      vertex -0 0 34.293
      vertex -1.61255 4.75043 36.1723
      vertex -0 0 34.293
    endloop
  endfacet
  facet normal 0.398543 -0.217226 0.891053
    outer loop
      vertex -0 0 34.293
      vertex -1.61255 4.75043 36.1723
      vertex -1.9198 4.6348 36.2815
    endloop
  endfacet
  facet normal 0 0 0
    outer loop
      vertex -0 0 34.293
      vertex -1.9198 4.6348 36.2815
      vertex -0 0 34.293
    endloop
  endfacet
  facet normal 0.399698 -0.216592 0.89069
    outer loop
      vertex -0 0 34.293
      vertex -1.9198 4.6348 36.2815
      vertex -2.21881 4.49931 36.3828
    endloop
  endfacet
  facet normal 0 0 0
    outer loop
      vertex -0 0 34.293
      vertex -2.21881 4.49931 36.3828
      vertex -0 0 34.293
    endloop
  endfacet
  facet normal 0.40101 -0.215765 0.890302
    outer loop
      vertex -0 0 34.293
      vertex -2.21881 4.49931 36.3828
      vertex -2.50833 4.34456 36.4757
    endloop
  endfacet
  facet normal 0 0 0
    outer loop
      vertex -0 0 34.293
      vertex -2.50833 4.34456 36.4757
      vertex -0 0 34.293
    endloop
  endfacet
  facet normal 0.402453 -0.21473 0.8899
    outer loop
      vertex -0 0 34.293
      vertex -2.50833 4.34456 36.4757
      vertex -2.78711 4.17121 36.5599
    endloop
  endfacet
  facet normal 0 0 0
    outer loop
      vertex -0 0 34.293
      vertex -2.78711 4.17121 36.5599
      vertex -0 0 34.293
    endloop
  endfacet
  facet normal 0.404001 -0.213478 0.8895
    outer loop
      vertex -0 0 34.293
      vertex -2.78711 4.17121 36.5599
      vertex -3.05395 3.97999 36.6352
    endloop
  endfacet
  facet normal 0 0 0
    outer loop
      vertex -0 0 34.293
      vertex -3.05395 3.97999 36.6352
      vertex -0 0 34.293
    endloop
  endfacet
  facet normal 0.405624 -0.212006 0.889114
    outer loop
      vertex -0 0 34.293
      vertex -3.05395 3.97999 36.6352
      vertex -3.30772 3.77173 36.7013
    endloop
  endfacet
  facet normal 0 0 0
    outer loop
      vertex -0 0 34.293
      vertex -3.30772 3.77173 36.7013
      vertex -0 0 34.293
    endloop
  endfacet
  facet normal 0.407289 -0.210315 0.888754
    outer loop
      vertex -0 0 34.293
      vertex -3.30772 3.77173 36.7013
      vertex -3.54732 3.54732 36.758
    endloop
  endfacet
  facet normal 0 0 0
    outer loop
      vertex -0 0 34.293
      vertex -3.54732 3.54732 36.758
      vertex -0 0 34.293
    endloop
  endfacet
  facet normal 0.408965 -0.208415 0.888432
    outer loop
      vertex -0 0 34.293
      vertex -3.54732 3.54732 36.758
      vertex -3.77173 3.30772 36.8051
    endloop
  endfacet
  facet normal 0 0 0
    outer loop
      vertex -0 0 34.293
      vertex -3.77173 3.30772 36.8051
      vertex -0 0 34.293
    endloop
  endfacet
  facet normal 0.410621 -0.206319 0.888157
    outer loop
      vertex -0 0 34.293
      vertex -3.77173 3.30772 36.8051
      vertex -3.97999 3.05395 36.8425
    endloop
  endfacet
  facet normal 0 0 0
    outer loop
      vertex -0 0 34.293
      vertex -3.97999 3.05395 36.8425
      vertex -0 0 34.293
    endloop
  endfacet
  facet normal 0.412225 -0.204046 0.887939
    outer loop
      vertex -0 0 34.293
      vertex -3.97999 3.05395 36.8425
      vertex -4.17121 2.78711 36.8699
    endloop
  endfacet
  facet normal 0 0 0
    outer loop
      vertex -0 0 34.293
      vertex -4.17121 2.78711 36.8699
      vertex -0 0 34.293
    endloop
  endfacet
  facet normal 0.41375 -0.20162 0.887784
    outer loop
      vertex -0 0 34.293
      vertex -4.17121 2.78711 36.8699
      vertex -4.34456 2.50833 36.8874
    endloop
  endfacet
  facet normal 0 0 0
    outer loop
      vertex -0 0 34.293
      vertex -4.34456 2.50833 36.8874
      vertex -0 0 34.293
    endloop
  endfacet
  facet normal 0.41517 -0.19907 0.887696
    outer loop
      vertex -0 0 34.293
      vertex -4.34456 2.50833 36.8874
      vertex -4.49931 2.21881 36.8949
    endloop
  endfacet
  facet normal 0 0 0
    outer loop
      vertex -0 0 34.293
      vertex -4.49931 2.21881 36.8949
      vertex -0 0 34.293
    endloop
  endfacet
  facet normal 0.416463 -0.196428 0.887679
    outer loop
      vertex -0 0 34.293
      vertex -4.49931 2.21881 36.8949
      vertex -4.6348 1.9198 36.8922
    endloop
  endfacet
  facet normal 0 0 0
    outer loop
      vertex -0 0 34.293
      vertex -4.6348 1.9198 36.8922
      vertex -0 0 34.293
    endloop
  endfacet
  facet normal 0.417611 -0.193729 0.887733
    outer loop
      vertex -0 0 34.293
      vertex -4.6348 1.9198 36.8922
      vertex -4.75043 1.61255 36.8796
    endloop
  endfacet
  facet normal 0 0 0
    outer loop
      vertex -0 0 34.293
      vertex -4.75043 1.61255 36.8796
      vertex -0 0 34.293
    endloop
  endfacet
  facet normal 0.418601 -0.191009 0.887856
    outer loop
      vertex -0 0 34.293
      vertex -4.75043 1.61255 36.8796
      vertex -4.84573 1.29841 36.8569
    endloop
  endfacet
  facet normal 0 0 0
    outer loop
      vertex -0 0 34.293
      vertex -4.84573 1.29841 36.8569
      vertex -0 0 34.293
    endloop
  endfacet
  facet normal 0.419425 -0.188306 0.888045
    outer loop
      vertex -0 0 34.293
      vertex -4.84573 1.29841 36.8569
      vertex -4.92027 0.978703 36.8244
    endloop
  endfacet
  facet normal 0 0 0
    outer loop
      vertex -0 0 34.293
      vertex -4.92027 0.978703 36.8244
      vertex -0 0 34.293
    endloop
  endfacet
  facet normal 0.42008 -0.185658 0.888293
    outer loop
      vertex -0 0 34.293
      vertex -4.92027 0.978703 36.8244
      vertex -4.97375 0.654806 36.7819
    endloop
  endfacet
  facet normal 0 0 0
    outer loop
      vertex -0 0 34.293
      vertex -4.97375 0.654806 36.7819
      vertex -0 0 34.293
    endloop
  endfacet
  facet normal 0.420567 -0.183101 0.888593
    outer loop
      vertex -0 0 34.293
      vertex -4.97375 0.654806 36.7819
      vertex -5.00593 0.328106 36.7299
    endloop
  endfacet
  facet normal 0 0 0
    outer loop
      vertex -0 0 34.293
      vertex -5.00593 0.328106 36.7299
      vertex -0 0 34.293
    endloop
  endfacet
  facet normal 0.420893 -0.180669 0.888936
    outer loop
      vertex -0 0 34.293
      vertex -5.00593 0.328106 36.7299
      vertex -5.01667 6.14364e-16 36.6683
    endloop
  endfacet
  facet normal 0 0 0
    outer loop
      vertex -0 0 34.293
      vertex -5.01667 6.14364e-16 36.6683
      vertex -0 0 34.293
    endloop
  endfacet
  facet normal 0.421071 -0.178395 0.889311
    outer loop
      vertex -0 0 34.293
      vertex -5.01667 6.14364e-16 36.6683
      vertex -5.00593 -0.328106 36.5974
    endloop
  endfacet
  facet normal 0 0 0
    outer loop
      vertex -0 0 34.293
      vertex -5.00593 -0.328106 36.5974
      vertex -0 -0 34.293
    endloop
  endfacet
  facet normal 0.421116 -0.176306 0.889706
    outer loop
      vertex -0 -0 34.293
      vertex -5.00593 -0.328106 36.5974
      vertex -4.97375 -0.654806 36.5174
    endloop
  endfacet
  facet normal 0 0 0
    outer loop
      vertex -0 -0 34.293
      vertex -4.97375 -0.654806 36.5174
      vertex -0 -0 34.293
    endloop
  endfacet
  facet normal 0.421048 -0.174426 0.890109
    outer loop
      vertex -0 -0 34.293
      vertex -4.97375 -0.654806 36.5174
      vertex -4.92027 -0.978703 36.4286
    endloop
  endfacet
  facet normal 0 0 0
    outer loop
      vertex -0 -0 34.293
      vertex -4.92027 -0.978703 36.4286
      vertex -0 -0 34.293
    endloop
  endfacet
  facet normal 0.420892 -0.172773 0.890505
    outer loop
      vertex -0 -0 34.293
      vertex -4.92027 -0.978703 36.4286
      vertex -4.84573 -1.29841 36.3314
    endloop
  endfacet
  facet normal 0 0 0
    outer loop
      vertex -0 -0 34.293
      vertex -4.84573 -1.29841 36.3314
      vertex -0 -0 34.293
    endloop
  endfacet
  facet normal 0.420671 -0.171359 0.890882
    outer loop
      vertex -0 -0 34.293
      vertex -4.84573 -1.29841 36.3314
      vertex -4.75043 -1.61255 36.2259
    endloop
  endfacet
  facet normal 0 0 0
    outer loop
      vertex -0 -0 34.293
      vertex -4.75043 -1.61255 36.2259
      vertex -0 -0 34.293
    endloop
  endfacet
  facet normal 0.420415 -0.170191 0.891227
    outer loop
      vertex -0 -0 34.293
      vertex -4.75043 -1.61255 36.2259
      vertex -4.6348 -1.9198 36.1127
    endloop
  endfacet
  facet normal 0 0 0
    outer loop
      vertex -0 -0 34.293
      vertex -4.6348 -1.9198 36.1127
      vertex -0 -0 34.293
    endloop
  endfacet
  facet normal 0.420151 -0.169268 0.891528
    outer loop
      vertex -0 -0 34.293
      vertex -4.6348 -1.9198 36.1127
      vertex -4.49931 -2.21881 35.9921
    endloop
  endfacet
  facet normal 0 0 0
    outer loop
      vertex -0 -0 34.293
      vertex -4.49931 -2.21881 35.9921
      vertex -0 -0 34.293
    endloop
  endfacet
  facet normal 0.419906 -0.168585 0.891772
    outer loop
      vertex -0 -0 34.293
      vertex -4.49931 -2.21881 35.9921
      vertex -4.34456 -2.50833 35.8645
    endloop
  endfacet
  facet normal 0 0 0
    outer loop
      vertex -0 -0 34.293
      vertex -4.34456 -2.50833 35.8645
      vertex -0 -0 34.293
    endloop
  endfacet
  facet normal 0.419708 -0.168129 0.891952
    outer loop
      vertex -0 -0 34.293
      vertex -4.34456 -2.50833 35.8645
      vertex -4.17121 -2.78711 35.7304
    endloop
  endfacet
  facet normal 0 0 0
    outer loop
      vertex -0 -0 34.293
      vertex -4.17121 -2.78711 35.7304
      vertex -0 -0 34.293
    endloop
  endfacet
  facet normal 0.419579 -0.167881 0.892059
    outer loop
      vertex -0 -0 34.293
      vertex -4.17121 -2.78711 35.7304
      vertex -3.97999 -3.05395 35.5902
    endloop
  endfacet
  facet normal 0 0 0
    outer loop
      vertex -0 -0 34.293
      vertex -3.97999 -3.05395 35.5902
      vertex -0 -0 34.293
    endloop
  endfacet
  facet normal 0.419542 -0.167819 0.892088
    outer loop
      vertex -0 -0 34.293
      vertex -3.97999 -3.05395 35.5902
      vertex -3.77173 -3.30772 35.4445
    endloop
  endfacet
  facet normal 0 0 0
    outer loop
      vertex -0 -0 34.293
      vertex -3.77173 -3.30772 35.4445
      vertex -0 -0 34.293
    endloop
  endfacet
  facet normal 0.419611 -0.167917 0.892037
    outer loop
      vertex -0 -0 34.293
      vertex -3.77173 -3.30772 35.4445
      vertex -3.54732 -3.54732 35.2939
    endloop
  endfacet
  facet normal 0 0 0
    outer loop
      vertex -0 -0 34.293
      vertex -3.54732 -3.54732 35.2939
      vertex -0 -0 34.293
    endloop
  endfacet
  facet normal 0.4198 -0.168142 0.891906
    outer loop
      vertex -0 -0 34.293
      vertex -3.54732 -3.54732 35.2939
      vertex -3.30772 -3.77173 35.1388
    endloop
  endfacet
  facet normal 0 0 0
    outer loop
      vertex -0 -0 34.293
      vertex -3.30772 -3.77173 35.1388
      vertex -0 -0 34.293
    endloop
  endfacet
  facet normal 0.420114 -0.168464 0.891697
    outer loop
      vertex -0 -0 34.293
      vertex -3.30772 -3.77173 35.1388
      vertex -3.05395 -3.97999 34.9799
    endloop
  endfacet
  facet normal 0 0 0
    outer loop
      vertex -0 -0 34.293
      vertex -3.05395 -3.97999 34.9799
      vertex -0 -0 34.293
    endloop
  endfacet
  facet normal 0.420553 -0.16885 0.891417
    outer loop
      vertex -0 -0 34.293
      vertex -3.05395 -3.97999 34.9799
      vertex -2.78711 -4.17121 34.8178
    endloop
  endfacet
  facet normal 0 0 0
    outer loop
      vertex -0 -0 34.293
      vertex -2.78711 -4.17121 34.8178
      vertex -0 -0 34.293
    endloop
  endfacet
  facet normal 0.421112 -0.169266 0.891075
    outer loop
      vertex -0 -0 34.293
      vertex -2.78711 -4.17121 34.8178
      vertex -2.50833 -4.34456 34.6531
    endloop
  endfacet
  facet normal 0 0 0
    outer loop
      vertex -0 -0 34.293
      vertex -2.50833 -4.34456 34.6531
      vertex -0 -0 34.293
    endloop
  endfacet
  facet normal 0.421778 -0.169684 0.89068
    outer loop
      vertex -0 -0 34.293
      vertex -2.50833 -4.34456 34.6531
      vertex -2.21881 -4.49931 34.4865
    endloop
  endfacet
  facet normal 0 0 0
    outer loop
      vertex -0 -0 34.293
      vertex -2.21881 -4.49931 34.4865
      vertex -0 -0 34.293
    endloop
  endfacet
  facet normal 0.422533 -0.170075 0.890247
    outer loop
      vertex -0 -0 34.293
      vertex -2.21881 -4.49931 34.4865
      vertex -1.9198 -4.6348 34.3187
    endloop
  endfacet
  facet normal 0 0 0
    outer loop
      vertex -0 -0 34.293
      vertex -1.9198 -4.6348 34.3187
      vertex -0 -0 34.293
    endloop
  endfacet
  facet normal 0.423355 -0.170418 0.889791
    outer loop
      vertex -0 -0 34.293
      vertex -1.9198 -4.6348 34.3187
      vertex -1.61255 -4.75043 34.1504
    endloop
  endfacet
  facet normal 0 0 0
    outer loop
      vertex -0 -0 34.293
      vertex -1.61255 -4.75043 34.1504
      vertex -0 -0 34.293
    endloop
  endfacet
  facet normal 0.424214 -0.170695 0.889329
    outer loop
      vertex -0 -0 34.293
      vertex -1.61255 -4.75043 34.1504
      vertex -1.29841 -4.84573 33.9822
    endloop
  endfacet
  facet normal 0 0 0
    outer loop
      vertex -0 -0 34.293
      vertex -1.29841 -4.84573 33.9822
      vertex -0 -0 34.293
    endloop
  endfacet
  facet normal 0.425079 -0.170898 0.888877
    outer loop
      vertex -0 -0 34.293
      vertex -1.29841 -4.84573 33.9822
      vertex -0.978703 -4.92027 33.815
    endloop
  endfacet
  facet normal 0 0 0
    outer loop
      vertex -0 -0 34.293
      vertex -0.978703 -4.92027 33.815
      vertex -0 -0 34.293
    endloop
  endfacet
  facet normal 0.425914 -0.171023 0.888453
    outer loop
      vertex -0 -0 34.293
      vertex -0.978703 -4.92027 33.815
      vertex -0.654806 -4.97375 33.6495
    endloop
  endfacet
  facet normal 0 0 0
    outer loop
      vertex -0 -0 34.293
      vertex -0.654806 -4.97375 33.6495
      vertex -0 -0 34.293
    endloop
  endfacet
  facet normal 0.426684 -0.171075 0.888073
    outer loop
      vertex -0 -0 34.293
      vertex -0.654806 -4.97375 33.6495
      vertex -0.328106 -5.00593 33.4863
    endloop
  endfacet
  facet normal 0 0 0
    outer loop
      vertex -0 -0 34.293
      vertex -0.328106 -5.00593 33.4863
      vertex -0 -0 34.293
    endloop
  endfacet
  facet normal 0.427351 -0.171068 0.887754
    outer loop
      vertex -0 -0 34.293
      vertex -0.328106 -5.00593 33.4863
      vertex -9.21547e-16 -5.01667 33.3263
    endloop
  endfacet
  facet normal 0 0 0
    outer loop
      vertex -0 -0 34.293
      vertex -9.21547e-16 -5.01667 33.3263
      vertex -0 -0 34.293
    endloop
  endfacet
  facet normal 0.427879 -0.17102 0.887508
    outer loop
      vertex -0 -0 34.293
      vertex -9.21547e-16 -5.01667 33.3263
      vertex 0.328106 -5.00593 33.1702
    endloop
  endfacet
  facet normal 0 0 0
    outer loop
      vertex -0 -0 34.293
      vertex 0.328106 -5.00593 33.1702
      vertex 0 -0 34.293
    endloop
  endfacet
  facet normal 0.428237 -0.170961 0.887347
    outer loop
      vertex 0 -0 34.293
      vertex 0.328106 -5.00593 33.1702
      vertex 0.654806 -4.97375 33.0187
    endloop
  endfacet
  facet normal 0 0 0
    outer loop
      vertex 0 -0 34.293
      vertex 0.654806 -4.97375 33.0187
      vertex 0 -0 34.293
    endloop
  endfacet
  facet normal 0.428395 -0.170922 0.887278
    outer loop
      vertex 0 -0 34.293
      vertex 0.654806 -4.97375 33.0187
      vertex 0.978703 -4.92027 32.8726
    endloop
  endfacet
  facet normal 0 0 0
    outer loop
      vertex 0 -0 34.293
      vertex 0.978703 -4.92027 32.8726
      vertex 0 -0 34.293
    endloop
  endfacet
  facet normal 0.428331 -0.170943 0.887306
    outer loop
      vertex 0 -0 34.293
      vertex 0.978703 -4.92027 32.8726
      vertex 1.29841 -4.84573 32.7326
    endloop
  endfacet
  facet normal 0 0 0
    outer loop
      vertex 0 -0 34.293
      vertex 1.29841 -4.84573 32.7326
      vertex 0 -0 34.293
    endloop
  endfacet
  facet normal 0.428026 -0.171064 0.887429
    outer loop
      vertex 0 -0 34.293
      vertex 1.29841 -4.84573 32.7326
      vertex 1.61255 -4.75043 32.5995
    endloop
  endfacet
  facet normal 0 0 0
    outer loop
      vertex 0 -0 34.293
      vertex 1.61255 -4.75043 32.5995
      vertex 0 -0 34.293
    endloop
  endfacet
  facet normal 0.427472 -0.171329 0.887645
    outer loop
      vertex 0 -0 34.293
      vertex 1.61255 -4.75043 32.5995
      vertex 1.9198 -4.6348 32.4738
    endloop
  endfacet
  facet normal 0 0 0
    outer loop
      vertex 0 -0 34.293
      vertex 1.9198 -4.6348 32.4738
      vertex 0 -0 34.293
    endloop
  endfacet
  facet normal 0.426668 -0.17178 0.887945
    outer loop
      vertex 0 -0 34.293
      vertex 1.9198 -4.6348 32.4738
      vertex 2.21881 -4.49931 32.3564
    endloop
  endfacet
  facet normal 0 0 0
    outer loop
      vertex 0 -0 34.293
      vertex 2.21881 -4.49931 32.3564
      vertex 0 -0 34.293
    endloop
  endfacet
  facet normal 0.425622 -0.172456 0.888316
    outer loop
      vertex 0 -0 34.293
      vertex 2.21881 -4.49931 32.3564
      vertex 2.50833 -4.34456 32.2477
    endloop
  endfacet
  facet normal 0 0 0
    outer loop
      vertex 0 -0 34.293
      vertex 2.50833 -4.34456 32.2477
      vertex 0 -0 34.293
    endloop
  endfacet
  facet normal 0.42435 -0.173391 0.888742
    outer loop
      vertex 0 -0 34.293
      vertex 2.50833 -4.34456 32.2477
      vertex 2.78711 -4.17121 32.1484
    endloop
  endfacet
  facet normal 0 0 0
    outer loop
      vertex 0 -0 34.293
      vertex 2.78711 -4.17121 32.1484
      vertex 0 -0 34.293
    endloop
  endfacet
  facet normal 0.422876 -0.174613 0.889205
    outer loop
      vertex 0 -0 34.293
      vertex 2.78711 -4.17121 32.1484
      vertex 3.05395 -3.97999 32.0591
    endloop
  endfacet
  facet normal 0 0 0
    outer loop
      vertex 0 -0 34.293
      vertex 3.05395 -3.97999 32.0591
      vertex 0 -0 34.293
    endloop
  endfacet
  facet normal 0.421235 -0.176141 0.889683
    outer loop
      vertex 0 -0 34.293
      vertex 3.05395 -3.97999 32.0591
      vertex 3.30772 -3.77173 31.9801
    endloop
  endfacet
  facet normal 0 0 0
    outer loop
      vertex 0 -0 34.293
      vertex 3.30772 -3.77173 31.9801
      vertex 0 -0 34.293
    endloop
  endfacet
  facet normal 0.419463 -0.177983 0.890153
    outer loop
      vertex 0 -0 34.293
      vertex 3.30772 -3.77173 31.9801
      vertex 3.54732 -3.54732 31.9121
    endloop
  endfacet
  facet normal 0 0 0
    outer loop
      vertex 0 -0 34.293
      vertex 3.54732 -3.54732 31.9121
      vertex 0 -0 34.293
    endloop
  endfacet
  facet normal 0.417606 -0.180136 0.890593
    outer loop
      vertex 0 -0 34.293
      vertex 3.54732 -3.54732 31.9121
      vertex 3.77173 -3.30772 31.8553
    endloop
  endfacet
  facet normal 0 0 0
    outer loop
      vertex 0 -0 34.293
      vertex 3.77173 -3.30772 31.8553
      vertex 0 -0 34.293
    endloop
  endfacet
  facet normal 0.41571 -0.182584 0.890982
    outer loop
      vertex 0 -0 34.293
      vertex 3.77173 -3.30772 31.8553
      vertex 3.97999 -3.05395 31.8102
    endloop
  endfacet
  facet normal 0 0 0
    outer loop
      vertex 0 -0 34.293
      vertex 3.97999 -3.05395 31.8102
      vertex 0 -0 34.293
    endloop
  endfacet
  facet normal 0.413824 -0.1853 0.891299
    outer loop
      vertex 0 -0 34.293
      vertex 3.97999 -3.05395 31.8102
      vertex 4.17121 -2.78711 31.7769
    endloop
  endfacet
  facet normal 0 0 0
    outer loop
      vertex 0 -0 34.293
      vertex 4.17121 -2.78711 31.7769
      vertex 0 -0 34.293
    endloop
  endfacet
  facet normal 0.411994 -0.188246 0.891529
    outer loop
      vertex 0 -0 34.293
      vertex 4.17121 -2.78711 31.7769
      vertex 4.34456 -2.50833 31.7556
    endloop
  endfacet
  facet normal 0 0 0
    outer loop
      vertex 0 -0 34.293
      vertex 4.34456 -2.50833 31.7556
      vertex 0 -0 34.293
    endloop
  endfacet
  facet normal 0.410266 -0.191372 0.891661
    outer loop
      vertex 0 -0 34.293
      vertex 4.34456 -2.50833 31.7556
      vertex 4.49931 -2.21881 31.7466
    endloop
  endfacet
  facet normal 0 0 0
    outer loop
      vertex 0 -0 34.293
      vertex 4.49931 -2.21881 31.7466
      vertex 0 -0 34.293
    endloop
  endfacet
  facet normal 0.408678 -0.194622 0.891686
    outer loop
      vertex 0 -0 34.293
      vertex 4.49931 -2.21881 31.7466
      vertex 4.6348 -1.9198 31.7497
    endloop
  endfacet
  facet normal 0 0 0
    outer loop
      vertex 0 -0 34.293
      vertex 4.6348 -1.9198 31.7497
      vertex 0 -0 34.293
    endloop
  endfacet
  facet normal 0.407262 -0.197934 0.891605
    outer loop
      vertex 0 -0 34.293
      vertex 4.6348 -1.9198 31.7497
      vertex 4.75043 -1.61255 31.7651
    endloop
  endfacet
  facet normal 0 0 0
    outer loop
      vertex 0 -0 34.293
      vertex 4.75043 -1.61255 31.7651
      vertex 0 -0 34.293
    endloop
  endfacet
  facet normal 0.406041 -0.201241 0.891422
    outer loop
      vertex 0 -0 34.293
      vertex 4.75043 -1.61255 31.7651
      vertex 4.84573 -1.29841 31.7926
    endloop
  endfacet
  facet normal 0 0 0
    outer loop
      vertex 0 -0 34.293
      vertex 4.84573 -1.29841 31.7926
      vertex 0 -0 34.293
    endloop
  endfacet
  facet normal 0.405031 -0.204478 0.891145
    outer loop
      vertex 0 -0 34.293
      vertex 4.84573 -1.29841 31.7926
      vertex 4.92027 -0.978703 31.8321
    endloop
  endfacet
  facet normal 0 0 0
    outer loop
      vertex 0 -0 34.293
      vertex 4.92027 -0.978703 31.8321
      vertex 0 -0 34.293
    endloop
  endfacet
  facet normal 0.404236 -0.207581 0.890788
    outer loop
      vertex 0 -0 34.293
      vertex 4.92027 -0.978703 31.8321
      vertex 4.97375 -0.654806 31.8833
    endloop
  endfacet
  facet normal 0 0 0
    outer loop
      vertex 0 -0 34.293
      vertex 4.97375 -0.654806 31.8833
      vertex 0 -0 34.293
    endloop
  endfacet
  facet normal 0.40365 -0.210493 0.890371
    outer loop
      vertex 0 -0 34.293
      vertex 4.97375 -0.654806 31.8833
      vertex 5.00593 -0.328106 31.946
    endloop
  endfacet
  facet normal 0 0 0
    outer loop
      vertex 0 -0 34.293
      vertex 5.00593 -0.328106 31.946
      vertex 0 -0 34.293
    endloop
  endfacet
  facet normal 0.40326 -0.213162 0.889912
    outer loop
      vertex 0 -0 34.293
      vertex 5.00593 -0.328106 31.946
      vertex 5.01667 0 32.0197
    endloop
  endfacet
  facet normal 0 0 0
    outer loop
      vertex 0 -0 34.293
      vertex 5.01667 0 32.0197
      vertex 0 0 34.293
    endloop
  endfacet
  facet normal 0.382128 -0.240406 0.892291
    outer loop
      vertex 5.01667 0 32.0197
      vertex 10.0333 0 29.8713
      vertex 10.0119 0.656211 30.0573
    endloop
  endfacet
  facet normal 0.381553 -0.218494 0.898153
    outer loop
      vertex 5.01667 0 32.0197
      vertex 10.0119 0.656211 30.0573
      vertex 5.00593 0.328106 32.1041
    endloop
  endfacet
  facet normal 0.380631 -0.245285 0.891603
    outer loop
      vertex 5.00593 0.328106 32.1041
      vertex 10.0119 0.656211 30.0573
      vertex 9.9475 1.30961 30.2645
    endloop
  endfacet
  facet normal 0.378658 -0.22273 0.898337
    outer loop
      vertex 5.00593 0.328106 32.1041
      vertex 9.9475 1.30961 30.2645
      vertex 4.97375 0.654806 32.1986
    endloop
  endfacet
  facet normal 0.379325 -0.249528 0.890981
    outer loop
      vertex 4.97375 0.654806 32.1986
      vertex 9.9475 1.30961 30.2645
      vertex 9.84055 1.95741 30.4915
    endloop
  endfacet
  facet normal 0.37591 -0.227023 0.898417
    outer loop
      vertex 4.97375 0.654806 32.1986
      vertex 9.84055 1.95741 30.4915
      vertex 4.92027 0.978703 32.3029
    endloop
  endfacet
  facet normal 0.378173 -0.253149 0.890449
    outer loop
      vertex 4.92027 0.978703 32.3029
      vertex 9.84055 1.95741 30.4915
      vertex 9.69146 2.59682 30.7366
    endloop
  endfacet
  facet normal 0.373377 -0.231335 0.898373
    outer loop
      vertex 4.92027 0.978703 32.3029
      vertex 9.69146 2.59682 30.7366
      vertex 4.84573 1.29841 32.4162
    endloop
  endfacet
  facet normal 0.377139 -0.256179 0.890022
    outer loop
      vertex 4.84573 1.29841 32.4162
      vertex 9.69146 2.59682 30.7366
      vertex 9.50087 3.22511 30.9982
    endloop
  endfacet
  facet normal 0.37112 -0.235622 0.898194
    outer loop
      vertex 4.84573 1.29841 32.4162
      vertex 9.50087 3.22511 30.9982
      vertex 4.75043 1.61255 32.5379
    endloop
  endfacet
  facet normal 0.376189 -0.25866 0.889706
    outer loop
      vertex 4.75043 1.61255 32.5379
      vertex 9.50087 3.22511 30.9982
      vertex 9.26959 3.83959 31.2746
    endloop
  endfacet
  facet normal 0.369192 -0.239829 0.897875
    outer loop
      vertex 4.75043 1.61255 32.5379
      vertex 9.26959 3.83959 31.2746
      vertex 4.6348 1.9198 32.6676
    endloop
  endfacet
  facet normal 0.375299 -0.260646 0.889502
    outer loop
      vertex 4.6348 1.9198 32.6676
      vertex 9.26959 3.83959 31.2746
      vertex 8.99862 4.43763 31.5642
    endloop
  endfacet
  facet normal 0.367637 -0.243899 0.897416
    outer loop
      vertex 4.6348 1.9198 32.6676
      vertex 8.99862 4.43763 31.5642
      vertex 4.49931 2.21881 32.8043
    endloop
  endfacet
  facet normal 0.374451 -0.262194 0.889405
    outer loop
      vertex 4.49931 2.21881 32.8043
      vertex 8.99862 4.43763 31.5642
      vertex 8.68912 5.01667 31.8652
    endloop
  endfacet
  facet normal 0.366485 -0.247773 0.896826
    outer loop
      vertex 4.49931 2.21881 32.8043
      vertex 8.68912 5.01667 31.8652
      vertex 4.34456 2.50833 32.9476
    endloop
  endfacet
  facet normal 0.373635 -0.263362 0.889403
    outer loop
      vertex 4.34456 2.50833 32.9476
      vertex 8.68912 5.01667 31.8652
      vertex 8.34241 5.57422 32.1759
    endloop
  endfacet
  facet normal 0.365754 -0.251395 0.896116
    outer loop
      vertex 4.34456 2.50833 32.9476
      vertex 8.34241 5.57422 32.1759
      vertex 4.17121 2.78711 33.0965
    endloop
  endfacet
  facet normal 0.372851 -0.264207 0.889481
    outer loop
      vertex 4.17121 2.78711 33.0965
      vertex 8.34241 5.57422 32.1759
      vertex 7.95998 6.10791 32.4947
    endloop
  endfacet
  facet normal 0.365451 -0.254709 0.895304
    outer loop
      vertex 4.17121 2.78711 33.0965
      vertex 7.95998 6.10791 32.4947
      vertex 3.97999 3.05395 33.2505
    endloop
  endfacet
  facet normal 0.372103 -0.264785 0.889623
    outer loop
      vertex 3.97999 3.05395 33.2505
      vertex 7.95998 6.10791 32.4947
      vertex 7.54346 6.61544 32.82
    endloop
  endfacet
  facet normal 0.365569 -0.257668 0.894408
    outer loop
      vertex 3.97999 3.05395 33.2505
      vertex 7.54346 6.61544 32.82
      vertex 3.77173 3.30772 33.4087
    endloop
  endfacet
  facet normal 0.371405 -0.265142 0.889808
    outer loop
      vertex 3.77173 3.30772 33.4087
      vertex 7.54346 6.61544 32.82
      vertex 7.09464 7.09464 33.1501
    endloop
  endfacet
  facet normal 0.366093 -0.260232 0.893451
    outer loop
      vertex 3.77173 3.30772 33.4087
      vertex 7.09464 7.09464 33.1501
      vertex 3.54732 3.54732 33.5705
    endloop
  endfacet
  facet normal 0.370773 -0.265319 0.890019
    outer loop
      vertex 3.54732 3.54732 33.5705
      vertex 7.09464 7.09464 33.1501
      vertex 6.61544 7.54346 33.4836
    endloop
  endfacet
  facet normal 0.366997 -0.262367 0.892455
    outer loop
      vertex 3.54732 3.54732 33.5705
      vertex 6.61544 7.54346 33.4836
      vertex 3.30772 3.77173 33.735
    endloop
  endfacet
  facet normal 0.370229 -0.265349 0.890236
    outer loop
      vertex 3.30772 3.77173 33.735
      vertex 6.61544 7.54346 33.4836
      vertex 6.10791 7.95998 33.8188
    endloop
  endfacet
  facet normal 0.36825 -0.26405 0.891442
    outer loop
      vertex 3.30772 3.77173 33.735
      vertex 6.10791 7.95998 33.8188
      vertex 3.05395 3.97999 33.9015
    endloop
  endfacet
  facet normal 0.369798 -0.265259 0.890442
    outer loop
      vertex 3.05395 3.97999 33.9015
      vertex 6.10791 7.95998 33.8188
      vertex 5.57422 8.34241 34.1544
    endloop
  endfacet
  facet normal 0.369812 -0.265266 0.890434
    outer loop
      vertex 3.05395 3.97999 33.9015
      vertex 5.57422 8.34241 34.1544
      vertex 2.78711 4.17121 34.0693
    endloop
  endfacet
  facet normal 0.369504 -0.265064 0.890622
    outer loop
      vertex 2.78711 4.17121 34.0693
      vertex 5.57422 8.34241 34.1544
      vertex 5.01667 8.68912 34.4889
    endloop
  endfacet
  facet normal 0.371642 -0.26601 0.88945
    outer loop
      vertex 2.78711 4.17121 34.0693
      vertex 5.01667 8.68912 34.4889
      vertex 2.50833 4.34456 34.2376
    endloop
  endfacet
  facet normal 0.369372 -0.264776 0.890762
    outer loop
      vertex 2.50833 4.34456 34.2376
      vertex 5.01667 8.68912 34.4889
      vertex 4.43763 8.99862 34.821
    endloop
  endfacet
  facet normal 0.373695 -0.266285 0.888507
    outer loop
      vertex 2.50833 4.34456 34.2376
      vertex 4.43763 8.99862 34.821
      vertex 2.21881 4.49931 34.4057
    endloop
  endfacet
  facet normal 0.369426 -0.264397 0.890853
    outer loop
      vertex 2.21881 4.49931 34.4057
      vertex 4.43763 8.99862 34.821
      vertex 3.83959 9.26959 35.1494
    endloop
  endfacet
  facet normal 0.375925 -0.266101 0.887621
    outer loop
      vertex 2.21881 4.49931 34.4057
      vertex 3.83959 9.26959 35.1494
      vertex 1.9198 4.6348 34.573
    endloop
  endfacet
  facet normal 0.369687 -0.263923 0.890885
    outer loop
      vertex 1.9198 4.6348 34.573
      vertex 3.83959 9.26959 35.1494
      vertex 3.22511 9.50087 35.4729
    endloop
  endfacet
  facet normal 0.37829 -0.265476 0.886803
    outer loop
      vertex 1.9198 4.6348 34.573
      vertex 3.22511 9.50087 35.4729
      vertex 1.61255 4.75043 34.7387
    endloop
  endfacet
  facet normal 0.370173 -0.263347 0.890854
    outer loop
      vertex 1.61255 4.75043 34.7387
      vertex 3.22511 9.50087 35.4729
      vertex 2.59682 9.69146 35.7903
    endloop
  endfacet
  facet normal 0.380745 -0.264433 0.886064
    outer loop
      vertex 1.61255 4.75043 34.7387
      vertex 2.59682 9.69146 35.7903
      vertex 1.29841 4.84573 34.9021
    endloop
  endfacet
  facet normal 0.370898 -0.262655 0.890756
    outer loop
      vertex 1.29841 4.84573 34.9021
      vertex 2.59682 9.69146 35.7903
      vertex 1.95741 9.84055 36.1005
    endloop
  endfacet
  facet normal 0.383252 -0.263002 0.885409
    outer loop
      vertex 1.29841 4.84573 34.9021
      vertex 1.95741 9.84055 36.1005
      vertex 0.978703 4.92027 35.0626
    endloop
  endfacet
  facet normal 0.371872 -0.261832 0.890593
    outer loop
      vertex 0.978703 4.92027 35.0626
      vertex 1.95741 9.84055 36.1005
      vertex 1.30961 9.9475 36.4024
    endloop
  endfacet
  facet normal 0.385774 -0.261214 0.884842
    outer loop
      vertex 0.978703 4.92027 35.0626
      vertex 1.30961 9.9475 36.4024
      vertex 0.654806 4.97375 35.2196
    endloop
  endfacet
  facet normal 0.373098 -0.260859 0.890365
    outer loop
      vertex 0.654806 4.97375 35.2196
      vertex 1.30961 9.9475 36.4024
      vertex 0.656211 10.0119 36.6951
    endloop
  endfacet
  facet normal 0.388281 -0.259106 0.884365
    outer loop
      vertex 0.654806 4.97375 35.2196
      vertex 0.656211 10.0119 36.6951
      vertex 0.328106 5.00593 35.3725
    endloop
  endfacet
  facet normal 0.374579 -0.259717 0.890077
    outer loop
      vertex 0.328106 5.00593 35.3725
      vertex 0.656211 10.0119 36.6951
      vertex 6.14364e-16 10.0333 36.9775
    endloop
  endfacet
  facet normal 0.390746 -0.256714 0.883977
    outer loop
      vertex 0.328106 5.00593 35.3725
      vertex 6.14364e-16 10.0333 36.9775
      vertex 3.07182e-16 5.01667 35.5206
    endloop
  endfacet
  facet normal 0.376308 -0.258387 0.889735
    outer loop
      vertex 3.07182e-16 5.01667 35.5206
      vertex 6.14364e-16 10.0333 36.9775
      vertex -0.656211 10.0119 37.2488
    endloop
  endfacet
  facet normal 0.393146 -0.254078 0.883675
    outer loop
      vertex 3.07182e-16 5.01667 35.5206
      vertex -0.656211 10.0119 37.2488
      vertex -0.328106 5.00593 35.6635
    endloop
  endfacet
  facet normal 0.378276 -0.256848 0.889346
    outer loop
      vertex -0.328106 5.00593 35.6635
      vertex -0.656211 10.0119 37.2488
      vertex -1.30961 9.9475 37.5082
    endloop
  endfacet
  facet normal 0.395465 -0.251234 0.883453
    outer loop
      vertex -0.328106 5.00593 35.6635
      vertex -1.30961 9.9475 37.5082
      vertex -0.654806 4.97375 35.8006
    endloop
  endfacet
  facet normal 0.38047 -0.255085 0.888918
    outer loop
      vertex -0.654806 4.97375 35.8006
      vertex -1.30961 9.9475 37.5082
      vertex -1.95741 9.84055 37.7547
    endloop
  endfacet
  facet normal 0.397692 -0.248221 0.883305
    outer loop
      vertex -0.654806 4.97375 35.8006
      vertex -1.95741 9.84055 37.7547
      vertex -0.978703 4.92027 35.9314
    endloop
  endfacet
  facet normal 0.382871 -0.25308 0.88846
    outer loop
      vertex -0.978703 4.92027 35.9314
      vertex -1.95741 9.84055 37.7547
      vertex -2.59682 9.69146 37.9878
    endloop
  endfacet
  facet normal 0.399819 -0.245075 0.883223
    outer loop
      vertex -0.978703 4.92027 35.9314
      vertex -2.59682 9.69146 37.9878
      vertex -1.29841 4.84573 36.0555
    endloop
  endfacet
  facet normal 0.385458 -0.250821 0.887981
    outer loop
      vertex -1.29841 4.84573 36.0555
      vertex -2.59682 9.69146 37.9878
      vertex -3.22511 9.50087 38.2067
    endloop
  endfacet
  facet normal 0.401845 -0.241828 0.883199
    outer loop
      vertex -1.29841 4.84573 36.0555
      vertex -3.22511 9.50087 38.2067
      vertex -1.61255 4.75043 36.1723
    endloop
  endfacet
  facet normal 0.388207 -0.248297 0.887493
    outer loop
      vertex -1.61255 4.75043 36.1723
      vertex -3.22511 9.50087 38.2067
      vertex -3.83959 9.26959 38.4108
    endloop
  endfacet
  facet normal 0.40377 -0.238512 0.883222
    outer loop
      vertex -1.61255 4.75043 36.1723
      vertex -3.83959 9.26959 38.4108
      vertex -1.9198 4.6348 36.2815
    endloop
  endfacet
  facet normal 0.391089 -0.245502 0.887005
    outer loop
      vertex -1.9198 4.6348 36.2815
      vertex -3.83959 9.26959 38.4108
      vertex -4.43763 8.99862 38.5995
    endloop
  endfacet
  facet normal 0.405601 -0.235153 0.883284
    outer loop
      vertex -1.9198 4.6348 36.2815
      vertex -4.43763 8.99862 38.5995
      vertex -2.21881 4.49931 36.3828
    endloop
  endfacet
  facet normal 0.394077 -0.242433 0.886527
    outer loop
      vertex -2.21881 4.49931 36.3828
      vertex -4.43763 8.99862 38.5995
      vertex -5.01667 8.68912 38.7722
    endloop
  endfacet
  facet normal 0.407345 -0.231775 0.883374
    outer loop
      vertex -2.21881 4.49931 36.3828
      vertex -5.01667 8.68912 38.7722
      vertex -2.50833 4.34456 36.4757
    endloop
  endfacet
  facet normal 0.397139 -0.239091 0.886068
    outer loop
      vertex -2.50833 4.34456 36.4757
      vertex -5.01667 8.68912 38.7722
      vertex -5.57422 8.34241 38.9286
    endloop
  endfacet
  facet normal 0.409014 -0.228399 0.883483
    outer loop
      vertex -2.50833 4.34456 36.4757
      vertex -5.57422 8.34241 38.9286
      vertex -2.78711 4.17121 36.5599
    endloop
  endfacet
  facet normal 0.400245 -0.235481 0.885637
    outer loop
      vertex -2.78711 4.17121 36.5599
      vertex -5.57422 8.34241 38.9286
      vertex -6.10791 7.95998 39.0681
    endloop
  endfacet
  facet normal 0.410621 -0.225039 0.8836
    outer loop
      vertex -2.78711 4.17121 36.5599
      vertex -6.10791 7.95998 39.0681
      vertex -3.05395 3.97999 36.6352
    endloop
  endfacet
  facet normal 0.403363 -0.231612 0.885242
    outer loop
      vertex -3.05395 3.97999 36.6352
      vertex -6.10791 7.95998 39.0681
      vertex -6.61544 7.54346 39.1904
    endloop
  endfacet
  facet normal 0.412179 -0.221707 0.883716
    outer loop
      vertex -3.05395 3.97999 36.6352
      vertex -6.61544 7.54346 39.1904
      vertex -3.30772 3.77173 36.7013
    endloop
  endfacet
  facet normal 0.406462 -0.227496 0.884892
    outer loop
      vertex -3.30772 3.77173 36.7013
      vertex -6.61544 7.54346 39.1904
      vertex -7.09464 7.09464 39.2951
    endloop
  endfacet
  facet normal 0.413704 -0.21841 0.883825
    outer loop
      vertex -3.30772 3.77173 36.7013
      vertex -7.09464 7.09464 39.2951
      vertex -3.54732 3.54732 36.758
    endloop
  endfacet
  facet normal 0.409512 -0.223151 0.884592
    outer loop
      vertex -3.54732 3.54732 36.758
      vertex -7.09464 7.09464 39.2951
      vertex -7.54346 6.61544 39.382
    endloop
  endfacet
  facet normal 0.41521 -0.215151 0.883918
    outer loop
      vertex -3.54732 3.54732 36.758
      vertex -7.54346 6.61544 39.382
      vertex -3.77173 3.30772 36.8051
    endloop
  endfacet
  facet normal 0.412484 -0.218596 0.884349
    outer loop
      vertex -3.77173 3.30772 36.8051
      vertex -7.54346 6.61544 39.382
      vertex -7.95998 6.10791 39.4508
    endloop
  endfacet
  facet normal 0.416713 -0.211931 0.883989
    outer loop
      vertex -3.77173 3.30772 36.8051
      vertex -7.95998 6.10791 39.4508
      vertex -3.97999 3.05395 36.8425
    endloop
  endfacet
  facet normal 0.415352 -0.213855 0.884165
    outer loop
      vertex -3.97999 3.05395 36.8425
      vertex -7.95998 6.10791 39.4508
      vertex -8.34241 5.57422 39.5014
    endloop
  endfacet
  facet normal 0.418223 -0.208746 0.884033
    outer loop
      vertex -3.97999 3.05395 36.8425
      vertex -8.34241 5.57422 39.5014
      vertex -4.17121 2.78711 36.8699
    endloop
  endfacet
  facet normal 0.418092 -0.208954 0.884046
    outer loop
      vertex -4.17121 2.78711 36.8699
      vertex -8.34241 5.57422 39.5014
      vertex -8.68912 5.01667 39.5336
    endloop
  endfacet
  facet normal 0.419754 -0.205588 0.884047
    outer loop
      vertex -4.17121 2.78711 36.8699
      vertex -8.68912 5.01667 39.5336
      vertex -4.34456 2.50833 36.8874
    endloop
  endfacet
  facet normal 0.420682 -0.203923 0.883992
    outer loop
      vertex -4.34456 2.50833 36.8874
      vertex -8.68912 5.01667 39.5336
      vertex -8.99862 4.43763 39.5473
    endloop
  endfacet
  facet normal 0.421314 -0.202449 0.88403
    outer loop
      vertex -4.34456 2.50833 36.8874
      vertex -8.99862 4.43763 39.5473
      vertex -4.49931 2.21881 36.8949
    endloop
  endfacet
  facet normal 0.423103 -0.198792 0.884005
    outer loop
      vertex -4.49931 2.21881 36.8949
      vertex -8.99862 4.43763 39.5473
      vertex -9.26959 3.83959 39.5425
    endloop
  endfacet
  facet normal 0.42291 -0.199318 0.883979
    outer loop
      vertex -4.49931 2.21881 36.8949
      vertex -9.26959 3.83959 39.5425
      vertex -4.6348 1.9198 36.8922
    endloop
  endfacet
  facet normal 0.425342 -0.193594 0.884085
    outer loop
      vertex -4.6348 1.9198 36.8922
      vertex -9.26959 3.83959 39.5425
      vertex -9.50087 3.22511 39.5192
    endloop
  endfacet
  facet normal 0.424546 -0.196181 0.883897
    outer loop
      vertex -4.6348 1.9198 36.8922
      vertex -9.50087 3.22511 39.5192
      vertex -4.75043 1.61255 36.8796
    endloop
  endfacet
  facet normal 0.427385 -0.188363 0.884229
    outer loop
      vertex -4.75043 1.61255 36.8796
      vertex -9.50087 3.22511 39.5192
      vertex -9.69146 2.59682 39.4775
    endloop
  endfacet
  facet normal 0.426222 -0.193027 0.883785
    outer loop
      vertex -4.75043 1.61255 36.8796
      vertex -9.69146 2.59682 39.4775
      vertex -4.84573 1.29841 36.8569
    endloop
  endfacet
  facet normal 0.429225 -0.183135 0.884436
    outer loop
      vertex -4.84573 1.29841 36.8569
      vertex -9.69146 2.59682 39.4775
      vertex -9.84055 1.95741 39.4174
    endloop
  endfacet
  facet normal 0.427935 -0.189842 0.883647
    outer loop
      vertex -4.84573 1.29841 36.8569
      vertex -9.84055 1.95741 39.4174
      vertex -4.92027 0.978703 36.8244
    endloop
  endfacet
  facet normal 0.430858 -0.177944 0.884702
    outer loop
      vertex -4.92027 0.978703 36.8244
      vertex -9.84055 1.95741 39.4174
      vertex -9.9475 1.30961 39.3392
    endloop
  endfacet
  facet normal 0.42968 -0.186614 0.883488
    outer loop
      vertex -4.92027 0.978703 36.8244
      vertex -9.9475 1.30961 39.3392
      vertex -4.97375 0.654806 36.7819
    endloop
  endfacet
  facet normal 0.432283 -0.172825 0.885021
    outer loop
      vertex -4.97375 0.654806 36.7819
      vertex -9.9475 1.30961 39.3392
      vertex -10.0119 0.656211 39.2431
    endloop
  endfacet
  facet normal 0.431447 -0.183331 0.883314
    outer loop
      vertex -4.97375 0.654806 36.7819
      vertex -10.0119 0.656211 39.2431
      vertex -5.00593 0.328106 36.7299
    endloop
  endfacet
  facet normal 0.433505 -0.167813 0.885388
    outer loop
      vertex -5.00593 0.328106 36.7299
      vertex -10.0119 0.656211 39.2431
      vertex -10.0333 1.22873e-15 39.1292
    endloop
  endfacet
  facet normal 0.433223 -0.179983 0.883133
    outer loop
      vertex -5.00593 0.328106 36.7299
      vertex -10.0333 1.22873e-15 39.1292
      vertex -5.01667 6.14364e-16 36.6683
    endloop
  endfacet
  facet normal 0.434529 -0.162939 0.885796
    outer loop
      vertex -5.01667 6.14364e-16 36.6683
      vertex -10.0333 1.22873e-15 39.1292
      vertex -10.0119 -0.656211 38.998
    endloop
  endfacet
  facet normal 0.434993 -0.176565 0.882953
    outer loop
      vertex -5.01667 6.14364e-16 36.6683
      vertex -10.0119 -0.656211 38.998
      vertex -5.00593 -0.328106 36.5974
    endloop
  endfacet
  facet normal 0.435367 -0.158235 0.886238
    outer loop
      vertex -5.00593 -0.328106 36.5974
      vertex -10.0119 -0.656211 38.998
      vertex -9.9475 -1.30961 38.8497
    endloop
  endfacet
  facet normal 0.436739 -0.173073 0.882782
    outer loop
      vertex -5.00593 -0.328106 36.5974
      vertex -9.9475 -1.30961 38.8497
      vertex -4.97375 -0.654806 36.5174
    endloop
  endfacet
  facet normal 0.436032 -0.153729 0.886704
    outer loop
      vertex -4.97375 -0.654806 36.5174
      vertex -9.9475 -1.30961 38.8497
      vertex -9.84055 -1.95741 38.6848
    endloop
  endfacet
  facet normal 0.438441 -0.169505 0.882631
    outer loop
      vertex -4.97375 -0.654806 36.5174
      vertex -9.84055 -1.95741 38.6848
      vertex -4.92027 -0.978703 36.4286
    endloop
  endfacet
  facet normal 0.436539 -0.149447 0.887186
    outer loop
      vertex -4.92027 -0.978703 36.4286
      vertex -9.84055 -1.95741 38.6848
      vertex -9.69146 -2.59682 38.5037
    endloop
  endfacet
  facet normal 0.440074 -0.165868 0.882509
    outer loop
      vertex -4.92027 -0.978703 36.4286
      vertex -9.69146 -2.59682 38.5037
      vertex -4.84573 -1.29841 36.3314
    endloop
  endfacet
  facet normal 0.436909 -0.145411 0.887675
    outer loop
      vertex -4.84573 -1.29841 36.3314
      vertex -9.69146 -2.59682 38.5037
      vertex -9.50087 -3.22511 38.307
    endloop
  endfacet
  facet normal 0.441617 -0.162168 0.882426
    outer loop
      vertex -4.84573 -1.29841 36.3314
      vertex -9.50087 -3.22511 38.307
      vertex -4.75043 -1.61255 36.2259
    endloop
  endfacet
  facet normal 0.437161 -0.141641 0.88816
    outer loop
      vertex -4.75043 -1.61255 36.2259
      vertex -9.50087 -3.22511 38.307
      vertex -9.26959 -3.83959 38.0951
    endloop
  endfacet
  facet normal 0.443043 -0.158419 0.882392
    outer loop
      vertex -4.75043 -1.61255 36.2259
      vertex -9.26959 -3.83959 38.0951
      vertex -4.6348 -1.9198 36.1127
    endloop
  endfacet
  facet normal 0.437317 -0.138152 0.888633
    outer loop
      vertex -4.6348 -1.9198 36.1127
      vertex -9.26959 -3.83959 38.0951
      vertex -8.99862 -4.43763 37.8688
    endloop
  endfacet
  facet normal 0.444328 -0.154639 0.882417
    outer loop
      vertex -4.6348 -1.9198 36.1127
      vertex -8.99862 -4.43763 37.8688
      vertex -4.49931 -2.21881 35.9921
    endloop
  endfacet
  facet normal 0.437401 -0.134954 0.889082
    outer loop
      vertex -4.49931 -2.21881 35.9921
      vertex -8.99862 -4.43763 37.8688
      vertex -8.68912 -5.01667 37.6287
    endloop
  endfacet
  facet normal 0.445448 -0.15085 0.882508
    outer loop
      vertex -4.49931 -2.21881 35.9921
      vertex -8.68912 -5.01667 37.6287
      vertex -4.34456 -2.50833 35.8645
    endloop
  endfacet
  facet normal 0.437436 -0.132055 0.889501
    outer loop
      vertex -4.34456 -2.50833 35.8645
      vertex -8.68912 -5.01667 37.6287
      vertex -8.34241 -5.57422 37.3754
    endloop
  endfacet
  facet normal 0.446379 -0.14708 0.882674
    outer loop
      vertex -4.34456 -2.50833 35.8645
      vertex -8.34241 -5.57422 37.3754
      vertex -4.17121 -2.78711 35.7304
    endloop
  endfacet
  facet normal 0.437444 -0.129457 0.889878
    outer loop
      vertex -4.17121 -2.78711 35.7304
      vertex -8.34241 -5.57422 37.3754
      vertex -7.95998 -6.10791 37.1098
    endloop
  endfacet
  facet normal 0.447099 -0.143361 0.882921
    outer loop
      vertex -4.17121 -2.78711 35.7304
      vertex -7.95998 -6.10791 37.1098
      vertex -3.97999 -3.05395 35.5902
    endloop
  endfacet
  facet normal 0.437448 -0.127158 0.890208
    outer loop
      vertex -3.97999 -3.05395 35.5902
      vertex -7.95998 -6.10791 37.1098
      vertex -7.54346 -6.61544 36.8326
    endloop
  endfacet
  facet normal 0.447589 -0.13973 0.883255
    outer loop
      vertex -3.97999 -3.05395 35.5902
      vertex -7.54346 -6.61544 36.8326
      vertex -3.77173 -3.30772 35.4445
    endloop
  endfacet
  facet normal 0.437465 -0.125153 0.890484
    outer loop
      vertex -3.77173 -3.30772 35.4445
      vertex -7.54346 -6.61544 36.8326
      vertex -7.09464 -7.09464 36.5447
    endloop
  endfacet
  facet normal 0.447833 -0.136228 0.883678
    outer loop
      vertex -3.77173 -3.30772 35.4445
      vertex -7.09464 -7.09464 36.5447
      vertex -3.54732 -3.54732 35.2939
    endloop
  endfacet
  facet normal 0.437514 -0.123433 0.890699
    outer loop
      vertex -3.54732 -3.54732 35.2939
      vertex -7.09464 -7.09464 36.5447
      vertex -6.61544 -7.54346 36.2472
    endloop
  endfacet
  facet normal 0.447819 -0.132897 0.884193
    outer loop
      vertex -3.54732 -3.54732 35.2939
      vertex -6.61544 -7.54346 36.2472
      vertex -3.30772 -3.77173 35.1388
    endloop
  endfacet
  facet normal 0.437609 -0.121986 0.890852
    outer loop
      vertex -3.30772 -3.77173 35.1388
      vertex -6.61544 -7.54346 36.2472
      vertex -6.10791 -7.95998 35.9408
    endloop
  endfacet
  facet normal 0.447538 -0.129784 0.884797
    outer loop
      vertex -3.30772 -3.77173 35.1388
      vertex -6.10791 -7.95998 35.9408
      vertex -3.05395 -3.97999 34.9799
    endloop
  endfacet
  facet normal 0.437758 -0.120796 0.890941
    outer loop
      vertex -3.05395 -3.97999 34.9799
      vertex -6.10791 -7.95998 35.9408
      vertex -5.57422 -8.34241 35.6267
    endloop
  endfacet
  facet normal 0.446986 -0.126936 0.885489
    outer loop
      vertex -3.05395 -3.97999 34.9799
      vertex -5.57422 -8.34241 35.6267
      vertex -2.78711 -4.17121 34.8178
    endloop
  endfacet
  facet normal 0.437967 -0.119847 0.890967
    outer loop
      vertex -2.78711 -4.17121 34.8178
      vertex -5.57422 -8.34241 35.6267
      vertex -5.01667 -8.68912 35.306
    endloop
  endfacet
  facet normal 0.446167 -0.124402 0.886261
    outer loop
      vertex -2.78711 -4.17121 34.8178
      vertex -5.01667 -8.68912 35.306
      vertex -2.50833 -4.34456 34.6531
    endloop
  endfacet
  facet normal 0.438236 -0.119121 0.890932
    outer loop
      vertex -2.50833 -4.34456 34.6531
      vertex -5.01667 -8.68912 35.306
      vertex -4.43763 -8.99862 34.9798
    endloop
  endfacet
  facet normal 0.445087 -0.12223 0.887106
    outer loop
      vertex -2.50833 -4.34456 34.6531
      vertex -4.43763 -8.99862 34.9798
      vertex -2.21881 -4.49931 34.4865
    endloop
  endfacet
  facet normal 0.438559 -0.118601 0.890842
    outer loop
      vertex -2.21881 -4.49931 34.4865
      vertex -4.43763 -8.99862 34.9798
      vertex -3.83959 -9.26959 34.6493
    endloop
  endfacet
  facet normal 0.443758 -0.120464 0.888013
    outer loop
      vertex -2.21881 -4.49931 34.4865
      vertex -3.83959 -9.26959 34.6493
      vertex -1.9198 -4.6348 34.3187
    endloop
  endfacet
  facet normal 0.438924 -0.11827 0.890706
    outer loop
      vertex -1.9198 -4.6348 34.3187
      vertex -3.83959 -9.26959 34.6493
      vertex -3.22511 -9.50087 34.3158
    endloop
  endfacet
  facet normal 0.4422 -0.119147 0.888967
    outer loop
      vertex -1.9198 -4.6348 34.3187
      vertex -3.22511 -9.50087 34.3158
      vertex -1.61255 -4.75043 34.1504
    endloop
  endfacet
  facet normal 0.439315 -0.118113 0.890534
    outer loop
      vertex -1.61255 -4.75043 34.1504
      vertex -3.22511 -9.50087 34.3158
      vertex -2.59682 -9.69146 33.9806
    endloop
  endfacet
  facet normal 0.440437 -0.118317 0.889953
    outer loop
      vertex -1.61255 -4.75043 34.1504
      vertex -2.59682 -9.69146 33.9806
      vertex -1.29841 -4.84573 33.9822
    endloop
  endfacet
  facet normal 0.439708 -0.118122 0.890339
    outer loop
      vertex -1.29841 -4.84573 33.9822
      vertex -2.59682 -9.69146 33.9806
      vertex -1.95741 -9.84055 33.645
    endloop
  endfacet
  facet normal 0.438498 -0.118003 0.890952
    outer loop
      vertex -1.29841 -4.84573 33.9822
      vertex -1.95741 -9.84055 33.645
      vertex -0.978703 -4.92027 33.815
    endloop
  endfacet
  facet normal 0.440075 -0.118289 0.890136
    outer loop
      vertex -0.978703 -4.92027 33.815
      vertex -1.95741 -9.84055 33.645
      vertex -1.30961 -9.9475 33.3106
    endloop
  endfacet
  facet normal 0.436415 -0.11823 0.891944
    outer loop
      vertex -0.978703 -4.92027 33.815
      vertex -1.30961 -9.9475 33.3106
      vertex -0.654806 -4.97375 33.6495
    endloop
  endfacet
  facet normal 0.440381 -0.118615 0.889941
    outer loop
      vertex -0.654806 -4.97375 33.6495
      vertex -1.30961 -9.9475 33.3106
      vertex -0.656211 -10.0119 32.9786
    endloop
  endfacet
  facet normal 0.434226 -0.119009 0.892908
    outer loop
      vertex -0.654806 -4.97375 33.6495
      vertex -0.656211 -10.0119 32.9786
      vertex -0.328106 -5.00593 33.4863
    endloop
  endfacet
  facet normal 0.440589 -0.119108 0.889772
    outer loop
      vertex -0.328106 -5.00593 33.4863
      vertex -0.656211 -10.0119 32.9786
      vertex -1.84309e-15 -10.0333 32.6508
    endloop
  endfacet
  facet normal 0.431971 -0.120343 0.893823
    outer loop
      vertex -0.328106 -5.00593 33.4863
      vertex -1.84309e-15 -10.0333 32.6508
      vertex -9.21547e-16 -5.01667 33.3263
    endloop
  endfacet
  facet normal 0.440658 -0.119781 0.889648
    outer loop
      vertex -9.21547e-16 -5.01667 33.3263
      vertex -1.84309e-15 -10.0333 32.6508
      vertex 0.656211 -10.0119 32.3287
    endloop
  endfacet
  facet normal 0.429688 -0.122225 0.894667
    outer loop
      vertex -9.21547e-16 -5.01667 33.3263
      vertex 0.656211 -10.0119 32.3287
      vertex 0.328106 -5.00593 33.1702
    endloop
  endfacet
  facet normal 0.440544 -0.120659 0.889585
    outer loop
      vertex 0.328106 -5.00593 33.1702
      vertex 0.656211 -10.0119 32.3287
      vertex 1.30961 -9.9475 32.0138
    endloop
  endfacet
  facet normal 0.427418 -0.124632 0.895422
    outer loop
      vertex 0.328106 -5.00593 33.1702
      vertex 1.30961 -9.9475 32.0138
      vertex 0.654806 -4.97375 33.0187
    endloop
  endfacet
  facet normal 0.440205 -0.121772 0.889602
    outer loop
      vertex 0.654806 -4.97375 33.0187
      vertex 1.30961 -9.9475 32.0138
      vertex 1.95741 -9.84055 31.7079
    endloop
  endfacet
  facet normal 0.425197 -0.127532 0.896071
    outer loop
      vertex 0.654806 -4.97375 33.0187
      vertex 1.95741 -9.84055 31.7079
      vertex 0.978703 -4.92027 32.8726
    endloop
  endfacet
  facet normal 0.4396 -0.123161 0.88971
    outer loop
      vertex 0.978703 -4.92027 32.8726
      vertex 1.95741 -9.84055 31.7079
      vertex 2.59682 -9.69146 31.4126
    endloop
  endfacet
  facet normal 0.423058 -0.130879 0.8966
    outer loop
      vertex 0.978703 -4.92027 32.8726
      vertex 2.59682 -9.69146 31.4126
      vertex 1.29841 -4.84573 32.7326
    endloop
  endfacet
  facet normal 0.438691 -0.124871 0.88992
    outer loop
      vertex 1.29841 -4.84573 32.7326
      vertex 2.59682 -9.69146 31.4126
      vertex 3.22511 -9.50087 31.1297
    endloop
  endfacet
  facet normal 0.421028 -0.13462 0.897002
    outer loop
      vertex 1.29841 -4.84573 32.7326
      vertex 3.22511 -9.50087 31.1297
      vertex 1.61255 -4.75043 32.5995
    endloop
  endfacet
  facet normal 0.437447 -0.126954 0.890238
    outer loop
      vertex 1.61255 -4.75043 32.5995
      vertex 3.22511 -9.50087 31.1297
      vertex 3.83959 -9.26959 30.8607
    endloop
  endfacet
  facet normal 0.419125 -0.13869 0.897273
    outer loop
      vertex 1.61255 -4.75043 32.5995
      vertex 3.83959 -9.26959 30.8607
      vertex 1.9198 -4.6348 32.4738
    endloop
  endfacet
  facet normal 0.435844 -0.129463 0.890662
    outer loop
      vertex 1.9198 -4.6348 32.4738
      vertex 3.83959 -9.26959 30.8607
      vertex 4.43763 -8.99862 30.6074
    endloop
  endfacet
  facet normal 0.417358 -0.143019 0.897417
    outer loop
      vertex 1.9198 -4.6348 32.4738
      vertex 4.43763 -8.99862 30.6074
      vertex 2.21881 -4.49931 32.3564
    endloop
  endfacet
  facet normal 0.433871 -0.132453 0.891186
    outer loop
      vertex 2.21881 -4.49931 32.3564
      vertex 4.43763 -8.99862 30.6074
      vertex 5.01667 -8.68912 30.3715
    endloop
  endfacet
  facet normal 0.415727 -0.147534 0.897443
    outer loop
      vertex 2.21881 -4.49931 32.3564
      vertex 5.01667 -8.68912 30.3715
      vertex 2.50833 -4.34456 32.2477
    endloop
  endfacet
  facet normal 0.431526 -0.135972 0.891794
    outer loop
      vertex 2.50833 -4.34456 32.2477
      vertex 5.01667 -8.68912 30.3715
      vertex 5.57422 -8.34241 30.1546
    endloop
  endfacet
  facet normal 0.41422 -0.152162 0.897367
    outer loop
      vertex 2.50833 -4.34456 32.2477
      vertex 5.57422 -8.34241 30.1546
      vertex 2.78711 -4.17121 32.1484
    endloop
  endfacet
  facet normal 0.428824 -0.140061 0.892465
    outer loop
      vertex 2.78711 -4.17121 32.1484
      vertex 5.57422 -8.34241 30.1546
      vertex 6.10791 -7.95998 29.9582
    endloop
  endfacet
  facet normal 0.412817 -0.156834 0.89721
    outer loop
      vertex 2.78711 -4.17121 32.1484
      vertex 6.10791 -7.95998 29.9582
      vertex 3.05395 -3.97999 32.0591
    endloop
  endfacet
  facet normal 0.42579 -0.144746 0.893169
    outer loop
      vertex 3.05395 -3.97999 32.0591
      vertex 6.10791 -7.95998 29.9582
      vertex 6.61544 -7.54346 29.7837
    endloop
  endfacet
  facet normal 0.411484 -0.161488 0.896996
    outer loop
      vertex 3.05395 -3.97999 32.0591
      vertex 6.61544 -7.54346 29.7837
      vertex 3.30772 -3.77173 31.9801
    endloop
  endfacet
  facet normal 0.422469 -0.150036 0.893873
    outer loop
      vertex 3.30772 -3.77173 31.9801
      vertex 6.61544 -7.54346 29.7837
      vertex 7.09464 -7.09464 29.6326
    endloop
  endfacet
  facet normal 0.410183 -0.166073 0.896755
    outer loop
      vertex 3.30772 -3.77173 31.9801
      vertex 7.09464 -7.09464 29.6326
      vertex 3.54732 -3.54732 31.9121
    endloop
  endfacet
  facet normal 0.418915 -0.155917 0.894539
    outer loop
      vertex 3.54732 -3.54732 31.9121
      vertex 7.09464 -7.09464 29.6326
      vertex 7.54346 -6.61544 29.5059
    endloop
  endfacet
  facet normal 0.40887 -0.170551 0.896514
    outer loop
      vertex 3.54732 -3.54732 31.9121
      vertex 7.54346 -6.61544 29.5059
      vertex 3.77173 -3.30772 31.8553
    endloop
  endfacet
  facet normal 0.415196 -0.162353 0.895128
    outer loop
      vertex 3.77173 -3.30772 31.8553
      vertex 7.54346 -6.61544 29.5059
      vertex 7.95998 -6.10791 29.4048
    endloop
  endfacet
  facet normal 0.407496 -0.174896 0.896302
    outer loop
      vertex 3.77173 -3.30772 31.8553
      vertex 7.95998 -6.10791 29.4048
      vertex 3.97999 -3.05395 31.8102
    endloop
  endfacet
  facet normal 0.411384 -0.169279 0.895604
    outer loop
      vertex 3.97999 -3.05395 31.8102
      vertex 7.95998 -6.10791 29.4048
      vertex 8.34241 -5.57422 29.33
    endloop
  endfacet
  facet normal 0.406017 -0.179101 0.896144
    outer loop
      vertex 3.97999 -3.05395 31.8102
      vertex 8.34241 -5.57422 29.33
      vertex 4.17121 -2.78711 31.7769
    endloop
  endfacet
  facet normal 0.407561 -0.176609 0.895937
    outer loop
      vertex 4.17121 -2.78711 31.7769
      vertex 8.34241 -5.57422 29.33
      vertex 8.68912 -5.01667 29.2822
    endloop
  endfacet
  facet normal 0.404389 -0.183171 0.896057
    outer loop
      vertex 4.17121 -2.78711 31.7769
      vertex 8.68912 -5.01667 29.2822
      vertex 4.34456 -2.50833 31.7556
    endloop
  endfacet
  facet normal 0.403803 -0.184232 0.896104
    outer loop
      vertex 4.34456 -2.50833 31.7556
      vertex 8.68912 -5.01667 29.2822
      vertex 8.99862 -4.43763 29.2618
    endloop
  endfacet
  facet normal 0.402578 -0.187125 0.896056
    outer loop
      vertex 4.34456 -2.50833 31.7556
      vertex 8.99862 -4.43763 29.2618
      vertex 4.49931 -2.21881 31.7466
    endloop
  endfacet
  facet normal 0.400183 -0.192022 0.896092
    outer loop
      vertex 4.49931 -2.21881 31.7466
      vertex 8.99862 -4.43763 29.2618
      vertex 9.26959 -3.83959 29.2689
    endloop
  endfacet
  facet normal 0.40056 -0.190991 0.896144
    outer loop
      vertex 4.49931 -2.21881 31.7466
      vertex 9.26959 -3.83959 29.2689
      vertex 4.6348 -1.9198 31.7497
    endloop
  endfacet
  facet normal 0.396764 -0.199844 0.895902
    outer loop
      vertex 4.6348 -1.9198 31.7497
      vertex 9.26959 -3.83959 29.2689
      vertex 9.50087 -3.22511 29.3035
    endloop
  endfacet
  facet normal 0.398325 -0.194806 0.896319
    outer loop
      vertex 4.6348 -1.9198 31.7497
      vertex 9.50087 -3.22511 29.3035
      vertex 4.75043 -1.61255 31.7651
    endloop
  endfacet
  facet normal 0.393595 -0.207558 0.895546
    outer loop
      vertex 4.75043 -1.61255 31.7651
      vertex 9.50087 -3.22511 29.3035
      vertex 9.69146 -2.59682 29.3654
    endloop
  endfacet
  facet normal 0.395875 -0.198608 0.89657
    outer loop
      vertex 4.75043 -1.61255 31.7651
      vertex 9.69146 -2.59682 29.3654
      vertex 4.84573 -1.29841 31.7926
    endloop
  endfacet
  facet normal 0.390711 -0.215032 0.895045
    outer loop
      vertex 4.84573 -1.29841 31.7926
      vertex 9.69146 -2.59682 29.3654
      vertex 9.84055 -1.95741 29.4539
    endloop
  endfacet
  facet normal 0.393231 -0.202434 0.896878
    outer loop
      vertex 4.84573 -1.29841 31.7926
      vertex 9.84055 -1.95741 29.4539
      vertex 4.92027 -0.978703 31.8321
    endloop
  endfacet
  facet normal 0.388128 -0.222144 0.894432
    outer loop
      vertex 4.92027 -0.978703 31.8321
      vertex 9.84055 -1.95741 29.4539
      vertex 9.9475 -1.30961 29.5684
    endloop
  endfacet
  facet normal 0.390425 -0.206317 0.897219
    outer loop
      vertex 4.92027 -0.978703 31.8321
      vertex 9.9475 -1.30961 29.5684
      vertex 4.97375 -0.654806 31.8833
    endloop
  endfacet
  facet normal 0.385848 -0.228793 0.893742
    outer loop
      vertex 4.97375 -0.654806 31.8833
      vertex 9.9475 -1.30961 29.5684
      vertex 10.0119 -0.656211 29.7079
    endloop
  endfacet
  facet normal 0.387504 -0.210282 0.897565
    outer loop
      vertex 4.97375 -0.654806 31.8833
      vertex 10.0119 -0.656211 29.7079
      vertex 5.00593 -0.328106 31.946
    endloop
  endfacet
  facet normal 0.383856 -0.234899 0.893016
    outer loop
      vertex 5.00593 -0.328106 31.946
      vertex 10.0119 -0.656211 29.7079
      vertex 10.0333 0 29.8713
    endloop
  endfacet
  facet normal 0.384524 -0.214341 0.897886
    outer loop
      vertex 5.00593 -0.328106 31.946
      vertex 10.0333 0 29.8713
      vertex 5.01667 0 32.0197
    endloop
  endfacet
  facet normal 0.355168 -0.269684 0.895056
    outer loop
      vertex 10.0333 0 29.8713
      vertex 15.05 0 27.8806
      vertex 15.0178 0.984317 28.19
    endloop
  endfacet
  facet normal 0.352917 -0.244443 0.903159
    outer loop
      vertex 10.0333 0 29.8713
      vertex 15.0178 0.984317 28.19
      vertex 10.0119 0.656211 30.0573
    endloop
  endfacet
  facet normal 0.351703 -0.27705 0.894175
    outer loop
      vertex 10.0119 0.656211 30.0573
      vertex 15.0178 0.984317 28.19
      vertex 14.9212 1.96442 28.5316
    endloop
  endfacet
  facet normal 0.347815 -0.252139 0.903023
    outer loop
      vertex 10.0119 0.656211 30.0573
      vertex 14.9212 1.96442 28.5316
      vertex 9.9475 1.30961 30.2645
    endloop
  endfacet
  facet normal 0.348579 -0.283338 0.893428
    outer loop
      vertex 9.9475 1.30961 30.2645
      vertex 14.9212 1.96442 28.5316
      vertex 14.7608 2.93611 28.9024
    endloop
  endfacet
  facet normal 0.343176 -0.259597 0.902685
    outer loop
      vertex 9.9475 1.30961 30.2645
      vertex 14.7608 2.93611 28.9024
      vertex 9.84055 1.95741 30.4915
    endloop
  endfacet
  facet normal 0.345767 -0.28863 0.892826
    outer loop
      vertex 9.84055 1.95741 30.4915
      vertex 14.7608 2.93611 28.9024
      vertex 14.5372 3.89523 29.299
    endloop
  endfacet
  facet normal 0.339101 -0.266742 0.902142
    outer loop
      vertex 9.84055 1.95741 30.4915
      vertex 14.5372 3.89523 29.299
      vertex 9.69146 2.59682 30.7366
    endloop
  endfacet
  facet normal 0.343244 -0.293026 0.892367
    outer loop
      vertex 9.69146 2.59682 30.7366
      vertex 14.5372 3.89523 29.299
      vertex 14.2513 4.83766 29.7185
    endloop
  endfacet
  facet normal 0.335665 -0.273498 0.901403
    outer loop
      vertex 9.69146 2.59682 30.7366
      vertex 14.2513 4.83766 29.7185
      vertex 9.50087 3.22511 30.9982
    endloop
  endfacet
  facet normal 0.340995 -0.296631 0.892038
    outer loop
      vertex 9.50087 3.22511 30.9982
      vertex 14.2513 4.83766 29.7185
      vertex 13.9044 5.75939 30.1576
    endloop
  endfacet
  facet normal 0.33292 -0.279796 0.900488
    outer loop
      vertex 9.50087 3.22511 30.9982
      vertex 13.9044 5.75939 30.1576
      vertex 9.26959 3.83959 31.2746
    endloop
  endfacet
  facet normal 0.339012 -0.299549 0.891819
    outer loop
      vertex 9.26959 3.83959 31.2746
      vertex 13.9044 5.75939 30.1576
      vertex 13.4979 6.65644 30.6134
    endloop
  endfacet
  facet normal 0.330889 -0.285571 0.899423
    outer loop
      vertex 9.26959 3.83959 31.2746
      vertex 13.4979 6.65644 30.6134
      vertex 8.99862 4.43763 31.5642
    endloop
  endfacet
  facet normal 0.337295 -0.301875 0.891686
    outer loop
      vertex 8.99862 4.43763 31.5642
      vertex 13.4979 6.65644 30.6134
      vertex 13.0337 7.525 31.083
    endloop
  endfacet
  facet normal 0.329579 -0.29077 0.898238
    outer loop
      vertex 8.99862 4.43763 31.5642
      vertex 13.0337 7.525 31.083
      vertex 8.68912 5.01667 31.8652
    endloop
  endfacet
  facet normal 0.335849 -0.303696 0.891613
    outer loop
      vertex 8.68912 5.01667 31.8652
      vertex 13.0337 7.525 31.083
      vertex 12.5136 8.36133 31.5638
    endloop
  endfacet
  facet normal 0.328972 -0.29535 0.896965
    outer loop
      vertex 8.68912 5.01667 31.8652
      vertex 12.5136 8.36133 31.5638
      vertex 8.34241 5.57422 32.1759
    endloop
  endfacet
  facet normal 0.334686 -0.305085 0.891576
    outer loop
      vertex 8.34241 5.57422 32.1759
      vertex 12.5136 8.36133 31.5638
      vertex 11.94 9.16186 32.0531
    endloop
  endfacet
  facet normal 0.329037 -0.299282 0.895637
    outer loop
      vertex 8.34241 5.57422 32.1759
      vertex 11.94 9.16186 32.0531
      vertex 7.95998 6.10791 32.4947
    endloop
  endfacet
  facet normal 0.333818 -0.306103 0.891553
    outer loop
      vertex 7.95998 6.10791 32.4947
      vertex 11.94 9.16186 32.0531
      vertex 11.3152 9.92315 32.5484
    endloop
  endfacet
  facet normal 0.32973 -0.302547 0.894284
    outer loop
      vertex 7.95998 6.10791 32.4947
      vertex 11.3152 9.92315 32.5484
      vertex 7.54346 6.61544 32.82
    endloop
  endfacet
  facet normal 0.333261 -0.306799 0.891522
    outer loop
      vertex 7.54346 6.61544 32.82
      vertex 11.3152 9.92315 32.5484
      vertex 10.642 10.642 33.0474
    endloop
  endfacet
  facet normal 0.330999 -0.305138 0.892933
    outer loop
      vertex 7.54346 6.61544 32.82
      vertex 10.642 10.642 33.0474
      vertex 7.09464 7.09464 33.1501
    endloop
  endfacet
  facet normal 0.333027 -0.307209 0.891468
    outer loop
      vertex 7.09464 7.09464 33.1501
      vertex 10.642 10.642 33.0474
      vertex 9.92315 11.3152 33.5479
    endloop
  endfacet
  facet normal 0.332785 -0.30706 0.89161
    outer loop
      vertex 7.09464 7.09464 33.1501
      vertex 9.92315 11.3152 33.5479
      vertex 6.61544 7.54346 33.4836
    endloop
  endfacet
  facet normal 0.333131 -0.30736 0.891377
    outer loop
      vertex 6.61544 7.54346 33.4836
      vertex 9.92315 11.3152 33.5479
      vertex 9.16186 11.94 34.0479
    endloop
  endfacet
  facet normal 0.335026 -0.308323 0.890334
    outer loop
      vertex 6.61544 7.54346 33.4836
      vertex 9.16186 11.94 34.0479
      vertex 6.10791 7.95998 33.8188
    endloop
  endfacet
  facet normal 0.333583 -0.307268 0.89124
    outer loop
      vertex 6.10791 7.95998 33.8188
      vertex 9.16186 11.94 34.0479
      vertex 8.36133 12.5136 34.5453
    endloop
  endfacet
  facet normal 0.33766 -0.308948 0.889121
    outer loop
      vertex 6.10791 7.95998 33.8188
      vertex 8.36133 12.5136 34.5453
      vertex 5.57422 8.34241 34.1544
    endloop
  endfacet
  facet normal 0.33439 -0.306943 0.89105
    outer loop
      vertex 5.57422 8.34241 34.1544
      vertex 8.36133 12.5136 34.5453
      vertex 7.525 13.0337 35.0383
    endloop
  endfacet
  facet normal 0.340627 -0.308959 0.887985
    outer loop
      vertex 5.57422 8.34241 34.1544
      vertex 7.525 13.0337 35.0383
      vertex 5.01667 8.68912 34.4889
    endloop
  endfacet
  facet normal 0.335555 -0.306387 0.890803
    outer loop
      vertex 5.01667 8.68912 34.4889
      vertex 7.525 13.0337 35.0383
      vertex 6.65644 13.4979 35.5251
    endloop
  endfacet
  facet normal 0.343866 -0.308388 0.886935
    outer loop
      vertex 5.01667 8.68912 34.4889
      vertex 6.65644 13.4979 35.5251
      vertex 4.43763 8.99862 34.821
    endloop
  endfacet
  facet normal 0.33708 -0.305599 0.890498
    outer loop
      vertex 4.43763 8.99862 34.821
      vertex 6.65644 13.4979 35.5251
      vertex 5.75939 13.9044 36.0042
    endloop
  endfacet
  facet normal 0.347323 -0.307268 0.885976
    outer loop
      vertex 4.43763 8.99862 34.821
      vertex 5.75939 13.9044 36.0042
      vertex 3.83959 9.26959 35.1494
    endloop
  endfacet
  facet normal 0.338959 -0.304571 0.890137
    outer loop
      vertex 3.83959 9.26959 35.1494
      vertex 5.75939 13.9044 36.0042
      vertex 4.83766 14.2513 36.4739
    endloop
  endfacet
  facet normal 0.350948 -0.305637 0.885111
    outer loop
      vertex 3.83959 9.26959 35.1494
      vertex 4.83766 14.2513 36.4739
      vertex 3.22511 9.50087 35.4729
    endloop
  endfacet
  facet normal 0.341185 -0.303294 0.889722
    outer loop
      vertex 3.22511 9.50087 35.4729
      vertex 4.83766 14.2513 36.4739
      vertex 3.89523 14.5372 36.9327
    endloop
  endfacet
  facet normal 0.354694 -0.303532 0.884342
    outer loop
      vertex 3.22511 9.50087 35.4729
      vertex 3.89523 14.5372 36.9327
      vertex 2.59682 9.69146 35.7903
    endloop
  endfacet
  facet normal 0.343746 -0.301758 0.889259
    outer loop
      vertex 2.59682 9.69146 35.7903
      vertex 3.89523 14.5372 36.9327
      vertex 2.93611 14.7608 37.3794
    endloop
  endfacet
  facet normal 0.358519 -0.300994 0.883667
    outer loop
      vertex 2.59682 9.69146 35.7903
      vertex 2.93611 14.7608 37.3794
      vertex 1.95741 9.84055 36.1005
    endloop
  endfacet
  facet normal 0.346625 -0.29995 0.888753
    outer loop
      vertex 1.95741 9.84055 36.1005
      vertex 2.93611 14.7608 37.3794
      vertex 1.96442 14.9212 37.8125
    endloop
  endfacet
  facet normal 0.362389 -0.298061 0.883082
    outer loop
      vertex 1.95741 9.84055 36.1005
      vertex 1.96442 14.9212 37.8125
      vertex 1.30961 9.9475 36.4024
    endloop
  endfacet
  facet normal 0.349805 -0.297858 0.88821
    outer loop
      vertex 1.30961 9.9475 36.4024
      vertex 1.96442 14.9212 37.8125
      vertex 0.984317 15.0178 38.2309
    endloop
  endfacet
  facet normal 0.366273 -0.294772 0.882583
    outer loop
      vertex 1.30961 9.9475 36.4024
      vertex 0.984317 15.0178 38.2309
      vertex 0.656211 10.0119 36.6951
    endloop
  endfacet
  facet normal 0.353262 -0.29547 0.887639
    outer loop
      vertex 0.656211 10.0119 36.6951
      vertex 0.984317 15.0178 38.2309
      vertex 9.21547e-16 15.05 38.6333
    endloop
  endfacet
  facet normal 0.370144 -0.291166 0.882165
    outer loop
      vertex 0.656211 10.0119 36.6951
      vertex 9.21547e-16 15.05 38.6333
      vertex 6.14364e-16 10.0333 36.9775
    endloop
  endfacet
  facet normal 0.356972 -0.292777 0.887047
    outer loop
      vertex 6.14364e-16 10.0333 36.9775
      vertex 9.21547e-16 15.05 38.6333
      vertex -0.984317 15.0178 39.0188
    endloop
  endfacet
  facet normal 0.373982 -0.287278 0.881821
    outer loop
      vertex 6.14364e-16 10.0333 36.9775
      vertex -0.984317 15.0178 39.0188
      vertex -0.656211 10.0119 37.2488
    endloop
  endfacet
  facet normal 0.360907 -0.289769 0.886442
    outer loop
      vertex -0.656211 10.0119 37.2488
      vertex -0.984317 15.0178 39.0188
      vertex -1.96442 14.9212 39.3863
    endloop
  endfacet
  facet normal 0.377769 -0.283143 0.881544
    outer loop
      vertex -0.656211 10.0119 37.2488
      vertex -1.96442 14.9212 39.3863
      vertex -1.30961 9.9475 37.5082
    endloop
  endfacet
  facet normal 0.365039 -0.286438 0.885833
    outer loop
      vertex -1.30961 9.9475 37.5082
      vertex -1.96442 14.9212 39.3863
      vertex -2.93611 14.7608 39.7348
    endloop
  endfacet
  facet normal 0.381495 -0.278793 0.881326
    outer loop
      vertex -1.30961 9.9475 37.5082
      vertex -2.93611 14.7608 39.7348
      vertex -1.95741 9.84055 37.7547
    endloop
  endfacet
  facet normal 0.369335 -0.282781 0.885227
    outer loop
      vertex -1.95741 9.84055 37.7547
      vertex -2.93611 14.7608 39.7348
      vertex -3.89523 14.5372 40.0636
    endloop
  endfacet
  facet normal 0.385148 -0.274258 0.88116
    outer loop
      vertex -1.95741 9.84055 37.7547
      vertex -3.89523 14.5372 40.0636
      vertex -2.59682 9.69146 37.9878
    endloop
  endfacet
  facet normal 0.373765 -0.278795 0.884632
    outer loop
      vertex -2.59682 9.69146 37.9878
      vertex -3.89523 14.5372 40.0636
      vertex -4.83766 14.2513 40.3716
    endloop
  endfacet
  facet normal 0.388725 -0.269564 0.881038
    outer loop
      vertex -2.59682 9.69146 37.9878
      vertex -4.83766 14.2513 40.3716
      vertex -3.22511 9.50087 38.2067
    endloop
  endfacet
  facet normal 0.378295 -0.27448 0.884055
    outer loop
      vertex -3.22511 9.50087 38.2067
      vertex -4.83766 14.2513 40.3716
      vertex -5.75939 13.9044 40.6584
    endloop
  endfacet
  facet normal 0.392222 -0.264737 0.880952
    outer loop
      vertex -3.22511 9.50087 38.2067
      vertex -5.75939 13.9044 40.6584
      vertex -3.83959 9.26959 38.4108
    endloop
  endfacet
  facet normal 0.382892 -0.26984 0.883505
    outer loop
      vertex -3.83959 9.26959 38.4108
      vertex -5.75939 13.9044 40.6584
      vertex -6.65644 13.4979 40.923
    endloop
  endfacet
  facet normal 0.395639 -0.259797 0.880895
    outer loop
      vertex -3.83959 9.26959 38.4108
      vertex -6.65644 13.4979 40.923
      vertex -4.43763 8.99862 38.5995
    endloop
  endfacet
  facet normal 0.387523 -0.264879 0.882986
    outer loop
      vertex -4.43763 8.99862 38.5995
      vertex -6.65644 13.4979 40.923
      vertex -7.525 13.0337 41.1649
    endloop
  endfacet
  facet normal 0.398977 -0.254764 0.880859
    outer loop
      vertex -4.43763 8.99862 38.5995
      vertex -7.525 13.0337 41.1649
      vertex -5.01667 8.68912 38.7722
    endloop
  endfacet
  facet normal 0.392156 -0.259609 0.882506
    outer loop
      vertex -5.01667 8.68912 38.7722
      vertex -7.525 13.0337 41.1649
      vertex -8.36133 12.5136 41.3836
    endloop
  endfacet
  facet normal 0.40224 -0.249651 0.880839
    outer loop
      vertex -5.01667 8.68912 38.7722
      vertex -8.36133 12.5136 41.3836
      vertex -5.57422 8.34241 38.9286
    endloop
  endfacet
  facet normal 0.396758 -0.254039 0.88207
    outer loop
      vertex -5.57422 8.34241 38.9286
      vertex -8.36133 12.5136 41.3836
      vertex -9.16186 11.94 41.5784
    endloop
  endfacet
  facet normal 0.405432 -0.244474 0.880828
    outer loop
      vertex -5.57422 8.34241 38.9286
      vertex -9.16186 11.94 41.5784
      vertex -6.10791 7.95998 39.0681
    endloop
  endfacet
  facet normal 0.401298 -0.248185 0.881683
    outer loop
      vertex -6.10791 7.95998 39.0681
      vertex -9.16186 11.94 41.5784
      vertex -9.92315 11.3152 41.7491
    endloop
  endfacet
  facet normal 0.408558 -0.23924 0.88082
    outer loop
      vertex -6.10791 7.95998 39.0681
      vertex -9.92315 11.3152 41.7491
      vertex -6.61544 7.54346 39.1904
    endloop
  endfacet
  facet normal 0.405747 -0.242063 0.881348
    outer loop
      vertex -6.61544 7.54346 39.1904
      vertex -9.92315 11.3152 41.7491
      vertex -10.642 10.642 41.8951
    endloop
  endfacet
  facet normal 0.411623 -0.233959 0.880812
    outer loop
      vertex -6.61544 7.54346 39.1904
      vertex -10.642 10.642 41.8951
      vertex -7.09464 7.09464 39.2951
    endloop
  endfacet
  facet normal 0.410078 -0.235694 0.88107
    outer loop
      vertex -7.09464 7.09464 39.2951
      vertex -10.642 10.642 41.8951
      vertex -11.3152 9.92315 42.0161
    endloop
  endfacet
  facet normal 0.414633 -0.228636 0.880798
    outer loop
      vertex -7.09464 7.09464 39.2951
      vertex -11.3152 9.92315 42.0161
      vertex -7.54346 6.61544 39.382
    endloop
  endfacet
  facet normal 0.414264 -0.2291 0.880851
    outer loop
      vertex -7.54346 6.61544 39.382
      vertex -11.3152 9.92315 42.0161
      vertex -11.94 9.16186 42.112
    endloop
  endfacet
  facet normal 0.417592 -0.223272 0.880776
    outer loop
      vertex -7.54346 6.61544 39.382
      vertex -11.94 9.16186 42.112
      vertex -7.95998 6.10791 39.4508
    endloop
  endfacet
  facet normal 0.418281 -0.222304 0.880694
    outer loop
      vertex -7.95998 6.10791 39.4508
      vertex -11.94 9.16186 42.112
      vertex -12.5136 8.36133 42.1823
    endloop
  endfacet
  facet normal 0.420504 -0.217871 0.880743
    outer loop
      vertex -7.95998 6.10791 39.4508
      vertex -12.5136 8.36133 42.1823
      vertex -8.34241 5.57422 39.5014
    endloop
  endfacet
  facet normal 0.422108 -0.215332 0.8806
    outer loop
      vertex -8.34241 5.57422 39.5014
      vertex -12.5136 8.36133 42.1823
      vertex -13.0337 7.525 42.2271
    endloop
  endfacet
  facet normal 0.423371 -0.212431 0.880698
    outer loop
      vertex -8.34241 5.57422 39.5014
      vertex -13.0337 7.525 42.2271
      vertex -8.68912 5.01667 39.5336
    endloop
  endfacet
  facet normal 0.425726 -0.208214 0.88057
    outer loop
      vertex -8.68912 5.01667 39.5336
      vertex -13.0337 7.525 42.2271
      vertex -13.4979 6.65644 42.2462
    endloop
  endfacet
  facet normal 0.426197 -0.20695 0.880641
    outer loop
      vertex -8.68912 5.01667 39.5336
      vertex -13.4979 6.65644 42.2462
      vertex -8.99862 4.43763 39.5473
    endloop
  endfacet
  facet normal 0.42912 -0.200978 0.880604
    outer loop
      vertex -8.99862 4.43763 39.5473
      vertex -13.4979 6.65644 42.2462
      vertex -13.9044 5.75939 42.2395
    endloop
  endfacet
  facet normal 0.42898 -0.201427 0.88057
    outer loop
      vertex -8.99862 4.43763 39.5473
      vertex -13.9044 5.75939 42.2395
      vertex -9.26959 3.83959 39.5425
    endloop
  endfacet
  facet normal 0.432276 -0.193655 0.880701
    outer loop
      vertex -9.26959 3.83959 39.5425
      vertex -13.9044 5.75939 42.2395
      vertex -14.2513 4.83766 42.2071
    endloop
  endfacet
  facet normal 0.43172 -0.195858 0.880487
    outer loop
      vertex -9.26959 3.83959 39.5425
      vertex -14.2513 4.83766 42.2071
      vertex -9.50087 3.22511 39.5192
    endloop
  endfacet
  facet normal 0.435184 -0.186277 0.880861
    outer loop
      vertex -9.50087 3.22511 39.5192
      vertex -14.2513 4.83766 42.2071
      vertex -14.5372 3.89523 42.1491
    endloop
  endfacet
  facet normal 0.434413 -0.190241 0.880394
    outer loop
      vertex -9.50087 3.22511 39.5192
      vertex -14.5372 3.89523 42.1491
      vertex -9.69146 2.59682 39.4775
    endloop
  endfacet
  facet normal 0.437837 -0.178875 0.88108
    outer loop
      vertex -9.69146 2.59682 39.4775
      vertex -14.5372 3.89523 42.1491
      vertex -14.7608 2.93611 42.0655
    endloop
  endfacet
  facet normal 0.437054 -0.184572 0.880294
    outer loop
      vertex -9.69146 2.59682 39.4775
      vertex -14.7608 2.93611 42.0655
      vertex -9.84055 1.95741 39.4174
    endloop
  endfacet
  facet normal 0.44023 -0.171483 0.881358
    outer loop
      vertex -9.84055 1.95741 39.4174
      vertex -14.7608 2.93611 42.0655
      vertex -14.9212 1.96442 41.9566
    endloop
  endfacet
  facet normal 0.439636 -0.178849 0.880189
    outer loop
      vertex -9.84055 1.95741 39.4174
      vertex -14.9212 1.96442 41.9566
      vertex -9.9475 1.30961 39.3392
    endloop
  endfacet
  facet normal 0.442363 -0.164133 0.881689
    outer loop
      vertex -9.9475 1.30961 39.3392
      vertex -14.9212 1.96442 41.9566
      vertex -15.0178 0.984317 41.8225
    endloop
  endfacet
  facet normal 0.442151 -0.173071 0.880085
    outer loop
      vertex -9.9475 1.30961 39.3392
      vertex -15.0178 0.984317 41.8225
      vertex -10.0119 0.656211 39.2431
    endloop
  endfacet
  facet normal 0.444237 -0.156857 0.882071
    outer loop
      vertex -10.0119 0.656211 39.2431
      vertex -15.0178 0.984317 41.8225
      vertex -15.05 1.84309e-15 41.6637
    endloop
  endfacet
  facet normal 0.444587 -0.167238 0.879985
    outer loop
      vertex -10.0119 0.656211 39.2431
      vertex -15.05 1.84309e-15 41.6637
      vertex -10.0333 1.22873e-15 39.1292
    endloop
  endfacet
  facet normal 0.445857 -0.149688 0.882499
    outer loop
      vertex -10.0333 1.22873e-15 39.1292
      vertex -15.05 1.84309e-15 41.6637
      vertex -15.0178 -0.984317 41.4805
    endloop
  endfacet
  facet normal 0.446932 -0.161353 0.879896
    outer loop
      vertex -10.0333 1.22873e-15 39.1292
      vertex -15.0178 -0.984317 41.4805
      vertex -10.0119 -0.656211 38.998
    endloop
  endfacet
  facet normal 0.447231 -0.142657 0.882969
    outer loop
      vertex -10.0119 -0.656211 38.998
      vertex -15.0178 -0.984317 41.4805
      vertex -14.9212 -1.96442 41.2732
    endloop
  endfacet
  facet normal 0.449173 -0.155419 0.879823
    outer loop
      vertex -10.0119 -0.656211 38.998
      vertex -14.9212 -1.96442 41.2732
      vertex -9.9475 -1.30961 38.8497
    endloop
  endfacet
  facet normal 0.448369 -0.135794 0.883474
    outer loop
      vertex -9.9475 -1.30961 38.8497
      vertex -14.9212 -1.96442 41.2732
      vertex -14.7608 -2.93611 41.0425
    endloop
  endfacet
  facet normal 0.451295 -0.149444 0.879772
    outer loop
      vertex -9.9475 -1.30961 38.8497
      vertex -14.7608 -2.93611 41.0425
      vertex -9.84055 -1.95741 38.6848
    endloop
  endfacet
  facet normal 0.449283 -0.129128 0.884008
    outer loop
      vertex -9.84055 -1.95741 38.6848
      vertex -14.7608 -2.93611 41.0425
      vertex -14.5372 -3.89523 40.7887
    endloop
  endfacet
  facet normal 0.453281 -0.143438 0.879751
    outer loop
      vertex -9.84055 -1.95741 38.6848
      vertex -14.5372 -3.89523 40.7887
      vertex -9.69146 -2.59682 38.5037
    endloop
  endfacet
  facet normal 0.44999 -0.122685 0.884566
    outer loop
      vertex -9.69146 -2.59682 38.5037
      vertex -14.5372 -3.89523 40.7887
      vertex -14.2513 -4.83766 40.5126
    endloop
  endfacet
  facet normal 0.455114 -0.137413 0.879767
    outer loop
      vertex -9.69146 -2.59682 38.5037
      vertex -14.2513 -4.83766 40.5126
      vertex -9.50087 -3.22511 38.307
    endloop
  endfacet
  facet normal 0.450507 -0.116491 0.88514
    outer loop
      vertex -9.50087 -3.22511 38.307
      vertex -14.2513 -4.83766 40.5126
      vertex -13.9044 -5.75939 40.2147
    endloop
  endfacet
  facet normal 0.456776 -0.131385 0.879826
    outer loop
      vertex -9.50087 -3.22511 38.307
      vertex -13.9044 -5.75939 40.2147
      vertex -9.26959 -3.83959 38.0951
    endloop
  endfacet
  facet normal 0.450851 -0.110569 0.885724
    outer loop
      vertex -9.26959 -3.83959 38.0951
      vertex -13.9044 -5.75939 40.2147
      vertex -13.4979 -6.65644 39.8958
    endloop
  endfacet
  facet normal 0.458251 -0.125376 0.879936
    outer loop
      vertex -9.26959 -3.83959 38.0951
      vertex -13.4979 -6.65644 39.8958
      vertex -8.99862 -4.43763 37.8688
    endloop
  endfacet
  facet normal 0.451045 -0.10494 0.886311
    outer loop
      vertex -8.99862 -4.43763 37.8688
      vertex -13.4979 -6.65644 39.8958
      vertex -13.0337 -7.525 39.5567
    endloop
  endfacet
  facet normal 0.459519 -0.119408 0.880105
    outer loop
      vertex -8.99862 -4.43763 37.8688
      vertex -13.0337 -7.525 39.5567
      vertex -8.68912 -5.01667 37.6287
    endloop
  endfacet
  facet normal 0.451108 -0.0996228 0.886892
    outer loop
      vertex -8.68912 -5.01667 37.6287
      vertex -13.0337 -7.525 39.5567
      vertex -12.5136 -8.36133 39.1983
    endloop
  endfacet
  facet normal 0.460564 -0.113511 0.880339
    outer loop
      vertex -8.68912 -5.01667 37.6287
      vertex -12.5136 -8.36133 39.1983
      vertex -8.34241 -5.57422 37.3754
    endloop
  endfacet
  facet normal 0.451063 -0.0946335 0.887461
    outer loop
      vertex -8.34241 -5.57422 37.3754
      vertex -12.5136 -8.36133 39.1983
      vertex -11.94 -9.16186 38.8213
    endloop
  endfacet
  facet normal 0.46137 -0.107716 0.880645
    outer loop
      vertex -8.34241 -5.57422 37.3754
      vertex -11.94 -9.16186 38.8213
      vertex -7.95998 -6.10791 37.1098
    endloop
  endfacet
  facet normal 0.450932 -0.0899856 0.88801
    outer loop
      vertex -7.95998 -6.10791 37.1098
      vertex -11.94 -9.16186 38.8213
      vertex -11.3152 -9.92315 38.4269
    endloop
  endfacet
  facet normal 0.461921 -0.10206 0.881029
    outer loop
      vertex -7.95998 -6.10791 37.1098
      vertex -11.3152 -9.92315 38.4269
      vertex -7.54346 -6.61544 36.8326
    endloop
  endfacet
  facet normal 0.450738 -0.0856902 0.888534
    outer loop
      vertex -7.54346 -6.61544 36.8326
      vertex -11.3152 -9.92315 38.4269
      vertex -10.642 -10.642 38.0161
    endloop
  endfacet
  facet normal 0.462206 -0.0965832 0.881497
    outer loop
      vertex -7.54346 -6.61544 36.8326
      vertex -10.642 -10.642 38.0161
      vertex -7.09464 -7.09464 36.5447
    endloop
  endfacet
  facet normal 0.450501 -0.0817559 0.889025
    outer loop
      vertex -7.09464 -7.09464 36.5447
      vertex -10.642 -10.642 38.0161
      vertex -9.92315 -11.3152 37.5899
    endloop
  endfacet
  facet normal 0.462212 -0.0913311 0.882054
    outer loop
      vertex -7.09464 -7.09464 36.5447
      vertex -9.92315 -11.3152 37.5899
      vertex -6.61544 -7.54346 36.2472
    endloop
  endfacet
  facet normal 0.45024 -0.078189 0.889477
    outer loop
      vertex -6.61544 -7.54346 36.2472
      vertex -9.92315 -11.3152 37.5899
      vertex -9.16186 -11.94 37.1496
    endloop
  endfacet
  facet normal 0.461933 -0.086352 0.882701
    outer loop
      vertex -6.61544 -7.54346 36.2472
      vertex -9.16186 -11.94 37.1496
      vertex -6.10791 -7.95998 35.9408
    endloop
  endfacet
  facet normal 0.449975 -0.0749938 0.889887
    outer loop
      vertex -6.10791 -7.95998 35.9408
      vertex -9.16186 -11.94 37.1496
      vertex -8.36133 -12.5136 36.6965
    endloop
  endfacet
  facet normal 0.461362 -0.0816984 0.883443
    outer loop
      vertex -6.10791 -7.95998 35.9408
      vertex -8.36133 -12.5136 36.6965
      vertex -5.57422 -8.34241 35.6267
    endloop
  endfacet
  facet normal 0.449718 -0.0721727 0.89025
    outer loop
      vertex -5.57422 -8.34241 35.6267
      vertex -8.36133 -12.5136 36.6965
      vertex -7.525 -13.0337 36.2319
    endloop
  endfacet
  facet normal 0.460498 -0.0774257 0.884277
    outer loop
      vertex -5.57422 -8.34241 35.6267
      vertex -7.525 -13.0337 36.2319
      vertex -5.01667 -8.68912 35.306
    endloop
  endfacet
  facet normal 0.449484 -0.0697269 0.890563
    outer loop
      vertex -5.01667 -8.68912 35.306
      vertex -7.525 -13.0337 36.2319
      vertex -6.65644 -13.4979 35.7571
    endloop
  endfacet
  facet normal 0.459345 -0.0735922 0.885204
    outer loop
      vertex -5.01667 -8.68912 35.306
      vertex -6.65644 -13.4979 35.7571
      vertex -4.43763 -8.99862 34.9798
    endloop
  endfacet
  facet normal 0.449278 -0.0676567 0.890826
    outer loop
      vertex -4.43763 -8.99862 34.9798
      vertex -6.65644 -13.4979 35.7571
      vertex -5.75939 -13.9044 35.2739
    endloop
  endfacet
  facet normal 0.457908 -0.0702578 0.886219
    outer loop
      vertex -4.43763 -8.99862 34.9798
      vertex -5.75939 -13.9044 35.2739
      vertex -3.83959 -9.26959 34.6493
    endloop
  endfacet
  facet normal 0.449106 -0.0659623 0.89104
    outer loop
      vertex -3.83959 -9.26959 34.6493
      vertex -5.75939 -13.9044 35.2739
      vertex -4.83766 -14.2513 34.7836
    endloop
  endfacet
  facet normal 0.456198 -0.0674837 0.887316
    outer loop
      vertex -3.83959 -9.26959 34.6493
      vertex -4.83766 -14.2513 34.7836
      vertex -3.22511 -9.50087 34.3158
    endloop
  endfacet
  facet normal 0.448964 -0.0646445 0.891209
    outer loop
      vertex -3.22511 -9.50087 34.3158
      vertex -4.83766 -14.2513 34.7836
      vertex -3.89523 -14.5372 34.2881
    endloop
  endfacet
  facet normal 0.454233 -0.0653306 0.888484
    outer loop
      vertex -3.22511 -9.50087 34.3158
      vertex -3.89523 -14.5372 34.2881
      vertex -2.59682 -9.69146 33.9806
    endloop
  endfacet
  facet normal 0.448845 -0.0637058 0.891336
    outer loop
      vertex -2.59682 -9.69146 33.9806
      vertex -3.89523 -14.5372 34.2881
      vertex -2.93611 -14.7608 33.7891
    endloop
  endfacet
  facet normal 0.452032 -0.0638579 0.889713
    outer loop
      vertex -2.59682 -9.69146 33.9806
      vertex -2.93611 -14.7608 33.7891
      vertex -1.95741 -9.84055 33.645
    endloop
  endfacet
  facet normal 0.448734 -0.0631515 0.891431
    outer loop
      vertex -1.95741 -9.84055 33.645
      vertex -2.93611 -14.7608 33.7891
      vertex -1.96442 -14.9212 33.2886
    endloop
  endfacet
  facet normal 0.449622 -0.0631215 0.890986
    outer loop
      vertex -1.95741 -9.84055 33.645
      vertex -1.96442 -14.9212 33.2886
      vertex -1.30961 -9.9475 33.3106
    endloop
  endfacet
  facet normal 0.448612 -0.0629907 0.891504
    outer loop
      vertex -1.30961 -9.9475 33.3106
      vertex -1.96442 -14.9212 33.2886
      vertex -0.984317 -15.0178 32.7886
    endloop
  endfacet
  facet normal 0.447032 -0.0631724 0.892284
    outer loop
      vertex -1.30961 -9.9475 33.3106
      vertex -0.984317 -15.0178 32.7886
      vertex -0.656211 -10.0119 32.9786
    endloop
  endfacet
  facet normal 0.448448 -0.063238 0.891569
    outer loop
      vertex -0.656211 -10.0119 32.9786
      vertex -0.984317 -15.0178 32.7886
      vertex -2.76464e-15 -15.05 32.2912
    endloop
  endfacet
  facet normal 0.444297 -0.0640538 0.893587
    outer loop
      vertex -0.656211 -10.0119 32.9786
      vertex -2.76464e-15 -15.05 32.2912
      vertex -1.84309e-15 -10.0333 32.6508
    endloop
  endfacet
  facet normal 0.448207 -0.0639145 0.891642
    outer loop
      vertex -1.84309e-15 -10.0333 32.6508
      vertex -2.76464e-15 -15.05 32.2912
      vertex 0.984317 -15.0178 31.7987
    endloop
  endfacet
  facet normal 0.441453 -0.0657996 0.894868
    outer loop
      vertex -1.84309e-15 -10.0333 32.6508
      vertex 0.984317 -15.0178 31.7987
      vertex 0.656211 -10.0119 32.3287
    endloop
  endfacet
  facet normal 0.447845 -0.0650496 0.891742
    outer loop
      vertex 0.656211 -10.0119 32.3287
      vertex 0.984317 -15.0178 31.7987
      vertex 1.96442 -14.9212 31.3136
    endloop
  endfacet
  facet normal 0.43854 -0.0684309 0.896102
    outer loop
      vertex 0.656211 -10.0119 32.3287
      vertex 1.96442 -14.9212 31.3136
      vertex 1.30961 -9.9475 32.0138
    endloop
  endfacet
  facet normal 0.447313 -0.0666825 0.891888
    outer loop
      vertex 1.30961 -9.9475 32.0138
      vertex 1.96442 -14.9212 31.3136
      vertex 2.93611 -14.7608 30.8382
    endloop
  endfacet
  facet normal 0.435597 -0.0719539 0.897261
    outer loop
      vertex 1.30961 -9.9475 32.0138
      vertex 2.93611 -14.7608 30.8382
      vertex 1.95741 -9.84055 31.7079
    endloop
  endfacet
  facet normal 0.446554 -0.0688626 0.892103
    outer loop
      vertex 1.95741 -9.84055 31.7079
      vertex 2.93611 -14.7608 30.8382
      vertex 3.89523 -14.5372 30.3754
    endloop
  endfacet
  facet normal 0.432662 -0.0763577 0.898317
    outer loop
      vertex 1.95741 -9.84055 31.7079
      vertex 3.89523 -14.5372 30.3754
      vertex 2.59682 -9.69146 31.4126
    endloop
  endfacet
  facet normal 0.445507 -0.0716507 0.892407
    outer loop
      vertex 2.59682 -9.69146 31.4126
      vertex 3.89523 -14.5372 30.3754
      vertex 4.83766 -14.2513 29.9279
    endloop
  endfacet
  facet normal 0.429768 -0.0816119 0.899244
    outer loop
      vertex 2.59682 -9.69146 31.4126
      vertex 4.83766 -14.2513 29.9279
      vertex 3.22511 -9.50087 31.1297
    endloop
  endfacet
  facet normal 0.444109 -0.0751182 0.892818
    outer loop
      vertex 3.22511 -9.50087 31.1297
      vertex 4.83766 -14.2513 29.9279
      vertex 5.75939 -13.9044 29.4986
    endloop
  endfacet
  facet normal 0.426942 -0.0876656 0.90002
    outer loop
      vertex 3.22511 -9.50087 31.1297
      vertex 5.75939 -13.9044 29.4986
      vertex 3.83959 -9.26959 30.8607
    endloop
  endfacet
  facet normal 0.442296 -0.0793461 0.893352
    outer loop
      vertex 3.83959 -9.26959 30.8607
      vertex 5.75939 -13.9044 29.4986
      vertex 6.65644 -13.4979 29.0905
    endloop
  endfacet
  facet normal 0.4242 -0.0944478 0.90063
    outer loop
      vertex 3.83959 -9.26959 30.8607
      vertex 6.65644 -13.4979 29.0905
      vertex 4.43763 -8.99862 30.6074
    endloop
  endfacet
  facet normal 0.44001 -0.0844214 0.894016
    outer loop
      vertex 4.43763 -8.99862 30.6074
      vertex 6.65644 -13.4979 29.0905
      vertex 7.525 -13.0337 28.7069
    endloop
  endfacet
  facet normal 0.421548 -0.101868 0.901066
    outer loop
      vertex 4.43763 -8.99862 30.6074
      vertex 7.525 -13.0337 28.7069
      vertex 5.01667 -8.68912 30.3715
    endloop
  endfacet
  facet normal 0.437201 -0.090432 0.894806
    outer loop
      vertex 5.01667 -8.68912 30.3715
      vertex 7.525 -13.0337 28.7069
      vertex 8.36133 -12.5136 28.3508
    endloop
  endfacet
  facet normal 0.418975 -0.10982 0.901332
    outer loop
      vertex 5.01667 -8.68912 30.3715
      vertex 8.36133 -12.5136 28.3508
      vertex 5.57422 -8.34241 30.1546
    endloop
  endfacet
  facet normal 0.433833 -0.0974591 0.895707
    outer loop
      vertex 5.57422 -8.34241 30.1546
      vertex 8.36133 -12.5136 28.3508
      vertex 9.16186 -11.94 28.0255
    endloop
  endfacet
  facet normal 0.416453 -0.118187 0.901443
    outer loop
      vertex 5.57422 -8.34241 30.1546
      vertex 9.16186 -11.94 28.0255
      vertex 6.10791 -7.95998 29.9582
    endloop
  endfacet
  facet normal 0.42989 -0.105567 0.896688
    outer loop
      vertex 6.10791 -7.95998 29.9582
      vertex 9.16186 -11.94 28.0255
      vertex 9.92315 -11.3152 27.7341
    endloop
  endfacet
  facet normal 0.413938 -0.126846 0.901424
    outer loop
      vertex 6.10791 -7.95998 29.9582
      vertex 9.92315 -11.3152 27.7341
      vertex 6.61544 -7.54346 29.7837
    endloop
  endfacet
  facet normal 0.425379 -0.114791 0.897706
    outer loop
      vertex 6.61544 -7.54346 29.7837
      vertex 9.92315 -11.3152 27.7341
      vertex 10.642 -10.642 27.4796
    endloop
  endfacet
  facet normal 0.41137 -0.135679 0.901313
    outer loop
      vertex 6.61544 -7.54346 29.7837
      vertex 10.642 -10.642 27.4796
      vertex 7.09464 -7.09464 29.6326
    endloop
  endfacet
  facet normal 0.420337 -0.125125 0.898699
    outer loop
      vertex 7.09464 -7.09464 29.6326
      vertex 10.642 -10.642 27.4796
      vertex 11.3152 -9.92315 27.2648
    endloop
  endfacet
  facet normal 0.408677 -0.144579 0.901155
    outer loop
      vertex 7.09464 -7.09464 29.6326
      vertex 11.3152 -9.92315 27.2648
      vertex 7.54346 -6.61544 29.5059
    endloop
  endfacet
  facet normal 0.41483 -0.13651 0.8996
    outer loop
      vertex 7.54346 -6.61544 29.5059
      vertex 11.3152 -9.92315 27.2648
      vertex 11.94 -9.16186 27.0922
    endloop
  endfacet
  facet normal 0.405781 -0.153457 0.900996
    outer loop
      vertex 7.54346 -6.61544 29.5059
      vertex 11.94 -9.16186 27.0922
      vertex 7.95998 -6.10791 29.4048
    endloop
  endfacet
  facet normal 0.408953 -0.148825 0.900338
    outer loop
      vertex 7.95998 -6.10791 29.4048
      vertex 11.94 -9.16186 27.0922
      vertex 12.5136 -8.36133 26.9639
    endloop
  endfacet
  facet normal 0.402602 -0.162246 0.900882
    outer loop
      vertex 7.95998 -6.10791 29.4048
      vertex 12.5136 -8.36133 26.9639
      vertex 8.34241 -5.57422 29.33
    endloop
  endfacet
  facet normal 0.402824 -0.161886 0.900847
    outer loop
      vertex 8.34241 -5.57422 29.33
      vertex 12.5136 -8.36133 26.9639
      vertex 13.0337 -7.525 26.8817
    endloop
  endfacet
  facet normal 0.399073 -0.170909 0.90085
    outer loop
      vertex 8.34241 -5.57422 29.33
      vertex 13.0337 -7.525 26.8817
      vertex 8.68912 -5.01667 29.2822
    endloop
  endfacet
  facet normal 0.396577 -0.175451 0.901079
    outer loop
      vertex 8.68912 -5.01667 29.2822
      vertex 13.0337 -7.525 26.8817
      vertex 13.4979 -6.65644 26.8465
    endloop
  endfacet
  facet normal 0.395142 -0.179433 0.900926
    outer loop
      vertex 8.68912 -5.01667 29.2822
      vertex 13.4979 -6.65644 26.8465
      vertex 8.99862 -4.43763 29.2618
    endloop
  endfacet
  facet normal 0.390351 -0.189237 0.901008
    outer loop
      vertex 8.99862 -4.43763 29.2618
      vertex 13.4979 -6.65644 26.8465
      vertex 13.9044 -5.75939 26.8588
    endloop
  endfacet
  facet normal 0.390784 -0.187824 0.901116
    outer loop
      vertex 8.99862 -4.43763 29.2618
      vertex 13.9044 -5.75939 26.8588
      vertex 9.26959 -3.83959 29.2689
    endloop
  endfacet
  facet normal 0.384274 -0.202942 0.900638
    outer loop
      vertex 9.26959 -3.83959 29.2689
      vertex 13.9044 -5.75939 26.8588
      vertex 14.2513 -4.83766 26.9185
    endloop
  endfacet
  facet normal 0.386008 -0.196106 0.90141
    outer loop
      vertex 9.26959 -3.83959 29.2689
      vertex 14.2513 -4.83766 26.9185
      vertex 9.50087 -3.22511 29.3035
    endloop
  endfacet
  facet normal 0.378457 -0.216265 0.9
    outer loop
      vertex 9.50087 -3.22511 29.3035
      vertex 14.2513 -4.83766 26.9185
      vertex 14.5372 -3.89523 27.0247
    endloop
  endfacet
  facet normal 0.380854 -0.204307 0.901781
    outer loop
      vertex 9.50087 -3.22511 29.3035
      vertex 14.5372 -3.89523 27.0247
      vertex 9.69146 -2.59682 29.3654
    endloop
  endfacet
  facet normal 0.372983 -0.22894 0.89915
    outer loop
      vertex 9.69146 -2.59682 29.3654
      vertex 14.5372 -3.89523 27.0247
      vertex 14.7608 -2.93611 27.1762
    endloop
  endfacet
  facet normal 0.375398 -0.21245 0.902187
    outer loop
      vertex 9.69146 -2.59682 29.3654
      vertex 14.7608 -2.93611 27.1762
      vertex 9.84055 -1.95741 29.4539
    endloop
  endfacet
  facet normal 0.367904 -0.240745 0.898158
    outer loop
      vertex 9.84055 -1.95741 29.4539
      vertex 14.7608 -2.93611 27.1762
      vertex 14.9212 -1.96442 27.3709
    endloop
  endfacet
  facet normal 0.369745 -0.220549 0.902578
    outer loop
      vertex 9.84055 -1.95741 29.4539
      vertex 14.9212 -1.96442 27.3709
      vertex 9.9475 -1.30961 29.5684
    endloop
  endfacet
  facet normal 0.363246 -0.251524 0.8971
    outer loop
      vertex 9.9475 -1.30961 29.5684
      vertex 14.9212 -1.96442 27.3709
      vertex 15.0178 -0.984317 27.6066
    endloop
  endfacet
  facet normal 0.36402 -0.228599 0.902902
    outer loop
      vertex 9.9475 -1.30961 29.5684
      vertex 15.0178 -0.984317 27.6066
      vertex 10.0119 -0.656211 29.7079
    endloop
  endfacet
  facet normal 0.359007 -0.261181 0.896046
    outer loop
      vertex 10.0119 -0.656211 29.7079
      vertex 15.0178 -0.984317 27.6066
      vertex 15.05 0 27.8806
    endloop
  endfacet
  facet normal 0.358364 -0.236577 0.903109
    outer loop
      vertex 10.0119 -0.656211 29.7079
      vertex 15.05 0 27.8806
      vertex 10.0333 0 29.8713
    endloop
  endfacet
  facet normal 0.319358 -0.303409 0.897749
    outer loop
      vertex 15.05 0 27.8806
      vertex 20.0667 0 26.096
      vertex 20.0237 1.31242 26.5549
    endloop
  endfacet
  facet normal 0.314755 -0.275202 0.908402
    outer loop
      vertex 15.05 0 27.8806
      vertex 20.0237 1.31242 26.5549
      vertex 15.0178 0.984317 28.19
    endloop
  endfacet
  facet normal 0.313394 -0.312368 0.896778
    outer loop
      vertex 15.0178 0.984317 28.19
      vertex 20.0237 1.31242 26.5549
      vertex 19.895 2.61923 27.055
    endloop
  endfacet
  facet normal 0.307126 -0.286133 0.907635
    outer loop
      vertex 15.0178 0.984317 28.19
      vertex 19.895 2.61923 27.055
      vertex 14.9212 1.96442 28.5316
    endloop
  endfacet
  facet normal 0.3081 -0.319739 0.896014
    outer loop
      vertex 14.9212 1.96442 28.5316
      vertex 19.895 2.61923 27.055
      vertex 19.6811 3.91481 27.5909
    endloop
  endfacet
  facet normal 0.300574 -0.296279 0.906573
    outer loop
      vertex 14.9212 1.96442 28.5316
      vertex 19.6811 3.91481 27.5909
      vertex 14.7608 2.93611 28.9024
    endloop
  endfacet
  facet normal 0.303467 -0.325757 0.895427
    outer loop
      vertex 14.7608 2.93611 28.9024
      vertex 19.6811 3.91481 27.5909
      vertex 19.3829 5.19364 28.1572
    endloop
  endfacet
  facet normal 0.295189 -0.305564 0.905259
    outer loop
      vertex 14.7608 2.93611 28.9024
      vertex 19.3829 5.19364 28.1572
      vertex 14.5372 3.89523 29.299
    endloop
  endfacet
  facet normal 0.299486 -0.330638 0.894979
    outer loop
      vertex 14.5372 3.89523 29.299
      vertex 19.3829 5.19364 28.1572
      vertex 19.0017 6.45022 28.749
    endloop
  endfacet
  facet normal 0.291008 -0.313936 0.903747
    outer loop
      vertex 14.5372 3.89523 29.299
      vertex 19.0017 6.45022 28.749
      vertex 14.2513 4.83766 29.7185
    endloop
  endfacet
  facet normal 0.296151 -0.334571 0.894627
    outer loop
      vertex 14.2513 4.83766 29.7185
      vertex 19.0017 6.45022 28.749
      vertex 18.5392 7.67918 29.3617
    endloop
  endfacet
  facet normal 0.288018 -0.321361 0.902094
    outer loop
      vertex 14.2513 4.83766 29.7185
      vertex 18.5392 7.67918 29.3617
      vertex 13.9044 5.75939 30.1576
    endloop
  endfacet
  facet normal 0.293459 -0.337716 0.894332
    outer loop
      vertex 13.9044 5.75939 30.1576
      vertex 18.5392 7.67918 29.3617
      vertex 17.9972 8.87526 29.9912
    endloop
  endfacet
  facet normal 0.286175 -0.327825 0.900352
    outer loop
      vertex 13.9044 5.75939 30.1576
      vertex 17.9972 8.87526 29.9912
      vertex 13.4979 6.65644 30.6134
    endloop
  endfacet
  facet normal 0.291407 -0.340199 0.894062
    outer loop
      vertex 13.4979 6.65644 30.6134
      vertex 17.9972 8.87526 29.9912
      vertex 17.3782 10.0333 30.6336
    endloop
  endfacet
  facet normal 0.285408 -0.333333 0.898572
    outer loop
      vertex 13.4979 6.65644 30.6134
      vertex 17.3782 10.0333 30.6336
      vertex 13.0337 7.525 31.083
    endloop
  endfacet
  facet normal 0.289988 -0.342123 0.893789
    outer loop
      vertex 13.0337 7.525 31.083
      vertex 17.3782 10.0333 30.6336
      vertex 16.6848 11.1484 31.2854
    endloop
  endfacet
  facet normal 0.285632 -0.337901 0.896793
    outer loop
      vertex 13.0337 7.525 31.083
      vertex 16.6848 11.1484 31.2854
      vertex 12.5136 8.36133 31.5638
    endloop
  endfacet
  facet normal 0.289196 -0.343565 0.893493
    outer loop
      vertex 12.5136 8.36133 31.5638
      vertex 16.6848 11.1484 31.2854
      vertex 15.92 12.2158 31.9434
    endloop
  endfacet
  facet normal 0.286751 -0.341557 0.895049
    outer loop
      vertex 12.5136 8.36133 31.5638
      vertex 15.92 12.2158 31.9434
      vertex 11.94 9.16186 32.0531
    endloop
  endfacet
  facet normal 0.289019 -0.344581 0.893158
    outer loop
      vertex 11.94 9.16186 32.0531
      vertex 15.92 12.2158 31.9434
      vertex 15.0869 13.2309 32.6046
    endloop
  endfacet
  facet normal 0.288667 -0.344337 0.893366
    outer loop
      vertex 11.94 9.16186 32.0531
      vertex 15.0869 13.2309 32.6046
      vertex 11.3152 9.92315 32.5484
    endloop
  endfacet
  facet normal 0.289443 -0.345212 0.892777
    outer loop
      vertex 11.3152 9.92315 32.5484
      vertex 15.0869 13.2309 32.6046
      vertex 14.1893 14.1893 33.2662
    endloop
  endfacet
  facet normal 0.291284 -0.346282 0.891764
    outer loop
      vertex 11.3152 9.92315 32.5484
      vertex 14.1893 14.1893 33.2662
      vertex 10.642 10.642 33.0474
    endloop
  endfacet
  facet normal 0.290452 -0.345485 0.892344
    outer loop
      vertex 10.642 10.642 33.0474
      vertex 14.1893 14.1893 33.2662
      vertex 13.2309 15.0869 33.9257
    endloop
  endfacet
  facet normal 0.294507 -0.347435 0.890255
    outer loop
      vertex 10.642 10.642 33.0474
      vertex 13.2309 15.0869 33.9257
      vertex 9.92315 11.3152 33.5479
    endloop
  endfacet
  facet normal 0.292024 -0.345418 0.891857
    outer loop
      vertex 9.92315 11.3152 33.5479
      vertex 13.2309 15.0869 33.9257
      vertex 12.2158 15.92 34.5807
    endloop
  endfacet
  facet normal 0.298248 -0.347842 0.88885
    outer loop
      vertex 9.92315 11.3152 33.5479
      vertex 12.2158 15.92 34.5807
      vertex 9.16186 11.94 34.0479
    endloop
  endfacet
  facet normal 0.294137 -0.345018 0.891317
    outer loop
      vertex 9.16186 11.94 34.0479
      vertex 12.2158 15.92 34.5807
      vertex 11.1484 16.6848 35.229
    endloop
  endfacet
  facet normal 0.302425 -0.347551 0.887552
    outer loop
      vertex 9.16186 11.94 34.0479
      vertex 11.1484 16.6848 35.229
      vertex 8.36133 12.5136 34.5453
    endloop
  endfacet
  facet normal 0.296764 -0.344289 0.890728
    outer loop
      vertex 8.36133 12.5136 34.5453
      vertex 11.1484 16.6848 35.229
      vertex 10.0333 17.3782 35.8685
    endloop
  endfacet
  facet normal 0.306962 -0.346607 0.886362
    outer loop
      vertex 8.36133 12.5136 34.5453
      vertex 10.0333 17.3782 35.8685
      vertex 7.525 13.0337 35.0383
    endloop
  endfacet
  facet normal 0.299878 -0.343229 0.890094
    outer loop
      vertex 7.525 13.0337 35.0383
      vertex 10.0333 17.3782 35.8685
      vertex 8.87526 17.9972 36.4974
    endloop
  endfacet
  facet normal 0.311792 -0.345056 0.885281
    outer loop
      vertex 7.525 13.0337 35.0383
      vertex 8.87526 17.9972 36.4974
      vertex 6.65644 13.4979 35.5251
    endloop
  endfacet
  facet normal 0.303446 -0.341835 0.889421
    outer loop
      vertex 6.65644 13.4979 35.5251
      vertex 8.87526 17.9972 36.4974
      vertex 7.67918 18.5392 37.1137
    endloop
  endfacet
  facet normal 0.316852 -0.342942 0.884305
    outer loop
      vertex 6.65644 13.4979 35.5251
      vertex 7.67918 18.5392 37.1137
      vertex 5.75939 13.9044 36.0042
    endloop
  endfacet
  facet normal 0.307437 -0.340098 0.888716
    outer loop
      vertex 5.75939 13.9044 36.0042
      vertex 7.67918 18.5392 37.1137
      vertex 6.45022 19.0017 37.7159
    endloop
  endfacet
  facet normal 0.32209 -0.340309 0.883429
    outer loop
      vertex 5.75939 13.9044 36.0042
      vertex 6.45022 19.0017 37.7159
      vertex 4.83766 14.2513 36.4739
    endloop
  endfacet
  facet normal 0.311818 -0.338013 0.887985
    outer loop
      vertex 4.83766 14.2513 36.4739
      vertex 6.45022 19.0017 37.7159
      vertex 5.19364 19.3829 38.3022
    endloop
  endfacet
  facet normal 0.327457 -0.337197 0.882649
    outer loop
      vertex 4.83766 14.2513 36.4739
      vertex 5.19364 19.3829 38.3022
      vertex 3.89523 14.5372 36.9327
    endloop
  endfacet
  facet normal 0.316553 -0.335571 0.887235
    outer loop
      vertex 3.89523 14.5372 36.9327
      vertex 5.19364 19.3829 38.3022
      vertex 3.91481 19.6811 38.8713
    endloop
  endfacet
  facet normal 0.332911 -0.333645 0.881959
    outer loop
      vertex 3.89523 14.5372 36.9327
      vertex 3.91481 19.6811 38.8713
      vertex 2.93611 14.7608 37.3794
    endloop
  endfacet
  facet normal 0.321605 -0.332765 0.886475
    outer loop
      vertex 2.93611 14.7608 37.3794
      vertex 3.91481 19.6811 38.8713
      vertex 2.61923 19.895 39.4216
    endloop
  endfacet
  facet normal 0.338416 -0.32969 0.881351
    outer loop
      vertex 2.93611 14.7608 37.3794
      vertex 2.61923 19.895 39.4216
      vertex 1.96442 14.9212 37.8125
    endloop
  endfacet
  facet normal 0.32694 -0.329589 0.88571
    outer loop
      vertex 1.96442 14.9212 37.8125
      vertex 2.61923 19.895 39.4216
      vertex 1.31242 20.0237 39.9519
    endloop
  endfacet
  facet normal 0.343941 -0.325366 0.880819
    outer loop
      vertex 1.96442 14.9212 37.8125
      vertex 1.31242 20.0237 39.9519
      vertex 0.984317 15.0178 38.2309
    endloop
  endfacet
  facet normal 0.332518 -0.326037 0.884947
    outer loop
      vertex 0.984317 15.0178 38.2309
      vertex 1.31242 20.0237 39.9519
      vertex 1.22873e-15 20.0667 40.4609
    endloop
  endfacet
  facet normal 0.349458 -0.320706 0.880356
    outer loop
      vertex 0.984317 15.0178 38.2309
      vertex 1.22873e-15 20.0667 40.4609
      vertex 9.21547e-16 15.05 38.6333
    endloop
  endfacet
  facet normal 0.338303 -0.322104 0.884194
    outer loop
      vertex 9.21547e-16 15.05 38.6333
      vertex 1.22873e-15 20.0667 40.4609
      vertex -1.31242 20.0237 40.9473
    endloop
  endfacet
  facet normal 0.354946 -0.31574 0.879955
    outer loop
      vertex 9.21547e-16 15.05 38.6333
      vertex -1.31242 20.0237 40.9473
      vertex -0.984317 15.0178 39.0188
    endloop
  endfacet
  facet normal 0.344257 -0.31779 0.883457
    outer loop
      vertex -0.984317 15.0178 39.0188
      vertex -1.31242 20.0237 40.9473
      vertex -2.61923 19.895 41.4103
    endloop
  endfacet
  facet normal 0.360387 -0.310497 0.87961
    outer loop
      vertex -0.984317 15.0178 39.0188
      vertex -2.61923 19.895 41.4103
      vertex -1.96442 14.9212 39.3863
    endloop
  endfacet
  facet normal 0.350342 -0.313093 0.882742
    outer loop
      vertex -1.96442 14.9212 39.3863
      vertex -2.61923 19.895 41.4103
      vertex -3.91481 19.6811 41.8486
    endloop
  endfacet
  facet normal 0.365765 -0.305 0.879313
    outer loop
      vertex -1.96442 14.9212 39.3863
      vertex -3.91481 19.6811 41.8486
      vertex -2.93611 14.7608 39.7348
    endloop
  endfacet
  facet normal 0.356522 -0.308016 0.882053
    outer loop
      vertex -2.93611 14.7608 39.7348
      vertex -3.91481 19.6811 41.8486
      vertex -5.19364 19.3829 42.2614
    endloop
  endfacet
  facet normal 0.371067 -0.299275 0.879059
    outer loop
      vertex -2.93611 14.7608 39.7348
      vertex -5.19364 19.3829 42.2614
      vertex -3.89523 14.5372 40.0636
    endloop
  endfacet
  facet normal 0.36276 -0.302562 0.881398
    outer loop
      vertex -3.89523 14.5372 40.0636
      vertex -5.19364 19.3829 42.2614
      vertex -6.45022 19.0017 42.6477
    endloop
  endfacet
  facet normal 0.376284 -0.293342 0.878841
    outer loop
      vertex -3.89523 14.5372 40.0636
      vertex -6.45022 19.0017 42.6477
      vertex -4.83766 14.2513 40.3716
    endloop
  endfacet
  facet normal 0.369019 -0.296737 0.880779
    outer loop
      vertex -4.83766 14.2513 40.3716
      vertex -6.45022 19.0017 42.6477
      vertex -7.67918 18.5392 43.0068
    endloop
  endfacet
  facet normal 0.381409 -0.28722 0.878653
    outer loop
      vertex -4.83766 14.2513 40.3716
      vertex -7.67918 18.5392 43.0068
      vertex -5.75939 13.9044 40.6584
    endloop
  endfacet
  facet normal 0.375266 -0.290549 0.880203
    outer loop
      vertex -5.75939 13.9044 40.6584
      vertex -7.67918 18.5392 43.0068
      vertex -8.87526 17.9972 43.3378
    endloop
  endfacet
  facet normal 0.386436 -0.280925 0.878492
    outer loop
      vertex -5.75939 13.9044 40.6584
      vertex -8.87526 17.9972 43.3378
      vertex -6.65644 13.4979 40.923
    endloop
  endfacet
  facet normal 0.381467 -0.284009 0.879671
    outer loop
      vertex -6.65644 13.4979 40.923
      vertex -8.87526 17.9972 43.3378
      vertex -10.0333 17.3782 43.6401
    endloop
  endfacet
  facet normal 0.391361 -0.274474 0.878351
    outer loop
      vertex -6.65644 13.4979 40.923
      vertex -10.0333 17.3782 43.6401
      vertex -7.525 13.0337 41.1649
    endloop
  endfacet
  facet normal 0.387588 -0.27713 0.87919
    outer loop
      vertex -7.525 13.0337 41.1649
      vertex -10.0333 17.3782 43.6401
      vertex -11.1484 16.6848 43.9132
    endloop
  endfacet
  facet normal 0.39618 -0.267879 0.878227
    outer loop
      vertex -7.525 13.0337 41.1649
      vertex -11.1484 16.6848 43.9132
      vertex -8.36133 12.5136 41.3836
    endloop
  endfacet
  facet normal 0.3936 -0.269926 0.87876
    outer loop
      vertex -8.36133 12.5136 41.3836
      vertex -11.1484 16.6848 43.9132
      vertex -12.2158 15.92 44.1563
    endloop
  endfacet
  facet normal 0.400891 -0.261151 0.878115
    outer loop
      vertex -8.36133 12.5136 41.3836
      vertex -12.2158 15.92 44.1563
      vertex -9.16186 11.94 41.5784
    endloop
  endfacet
  facet normal 0.399472 -0.262414 0.878385
    outer loop
      vertex -9.16186 11.94 41.5784
      vertex -12.2158 15.92 44.1563
      vertex -13.2309 15.0869 44.3691
    endloop
  endfacet
  facet normal 0.405493 -0.254299 0.878013
    outer loop
      vertex -9.16186 11.94 41.5784
      vertex -13.2309 15.0869 44.3691
      vertex -9.92315 11.3152 41.7491
    endloop
  endfacet
  facet normal 0.405178 -0.254614 0.878068
    outer loop
      vertex -9.92315 11.3152 41.7491
      vertex -13.2309 15.0869 44.3691
      vertex -14.1893 14.1893 44.551
    endloop
  endfacet
  facet normal 0.409985 -0.247332 0.877918
    outer loop
      vertex -9.92315 11.3152 41.7491
      vertex -14.1893 14.1893 44.551
      vertex -10.642 10.642 41.8951
    endloop
  endfacet
  facet normal 0.410691 -0.246545 0.877809
    outer loop
      vertex -10.642 10.642 41.8951
      vertex -14.1893 14.1893 44.551
      vertex -15.0869 13.2309 44.7018
    endloop
  endfacet
  facet normal 0.414365 -0.240256 0.877826
    outer loop
      vertex -10.642 10.642 41.8951
      vertex -15.0869 13.2309 44.7018
      vertex -11.3152 9.92315 42.0161
    endloop
  endfacet
  facet normal 0.415988 -0.23823 0.877611
    outer loop
      vertex -11.3152 9.92315 42.0161
      vertex -15.0869 13.2309 44.7018
      vertex -15.92 12.2158 44.8211
    endloop
  endfacet
  facet normal 0.418631 -0.233076 0.877738
    outer loop
      vertex -11.3152 9.92315 42.0161
      vertex -15.92 12.2158 44.8211
      vertex -11.94 9.16186 42.112
    endloop
  endfacet
  facet normal 0.421047 -0.229693 0.877474
    outer loop
      vertex -11.94 9.16186 42.112
      vertex -15.92 12.2158 44.8211
      vertex -16.6848 11.1484 44.9087
    endloop
  endfacet
  facet normal 0.422783 -0.225797 0.877651
    outer loop
      vertex -11.94 9.16186 42.112
      vertex -16.6848 11.1484 44.9087
      vertex -12.5136 8.36133 42.1823
    endloop
  endfacet
  facet normal 0.42585 -0.22096 0.877399
    outer loop
      vertex -12.5136 8.36133 42.1823
      vertex -16.6848 11.1484 44.9087
      vertex -17.3782 10.0333 44.9645
    endloop
  endfacet
  facet normal 0.426817 -0.218423 0.877564
    outer loop
      vertex -12.5136 8.36133 42.1823
      vertex -17.3782 10.0333 44.9645
      vertex -13.0337 7.525 42.2271
    endloop
  endfacet
  facet normal 0.43038 -0.212057 0.877385
    outer loop
      vertex -13.0337 7.525 42.2271
      vertex -17.3782 10.0333 44.9645
      vertex -17.9972 8.87526 44.9882
    endloop
  endfacet
  facet normal 0.430731 -0.210957 0.877478
    outer loop
      vertex -13.0337 7.525 42.2271
      vertex -17.9972 8.87526 44.9882
      vertex -13.4979 6.65644 42.2462
    endloop
  endfacet
  facet normal 0.434622 -0.203012 0.877434
    outer loop
      vertex -13.4979 6.65644 42.2462
      vertex -17.9972 8.87526 44.9882
      vertex -18.5392 7.67918 44.9799
    endloop
  endfacet
  facet normal 0.434521 -0.203401 0.877394
    outer loop
      vertex -13.4979 6.65644 42.2462
      vertex -18.5392 7.67918 44.9799
      vertex -13.9044 5.75939 42.2395
    endloop
  endfacet
  facet normal 0.438564 -0.193855 0.877543
    outer loop
      vertex -13.9044 5.75939 42.2395
      vertex -18.5392 7.67918 44.9799
      vertex -19.0017 6.45022 44.9396
    endloop
  endfacet
  facet normal 0.438183 -0.195759 0.877311
    outer loop
      vertex -13.9044 5.75939 42.2395
      vertex -19.0017 6.45022 44.9396
      vertex -14.2513 4.83766 42.2071
    endloop
  endfacet
  facet normal 0.442197 -0.184614 0.877713
    outer loop
      vertex -14.2513 4.83766 42.2071
      vertex -19.0017 6.45022 44.9396
      vertex -19.3829 5.19364 44.8673
    endloop
  endfacet
  facet normal 0.44171 -0.188033 0.877232
    outer loop
      vertex -14.2513 4.83766 42.2071
      vertex -19.3829 5.19364 44.8673
      vertex -14.5372 3.89523 42.1491
    endloop
  endfacet
  facet normal 0.445514 -0.17532 0.877941
    outer loop
      vertex -14.5372 3.89523 42.1491
      vertex -19.3829 5.19364 44.8673
      vertex -19.6811 3.91481 44.7633
    endloop
  endfacet
  facet normal 0.445098 -0.180226 0.877158
    outer loop
      vertex -14.5372 3.89523 42.1491
      vertex -19.6811 3.91481 44.7633
      vertex -14.7608 2.93611 42.0655
    endloop
  endfacet
  facet normal 0.448512 -0.166004 0.878225
    outer loop
      vertex -14.7608 2.93611 42.0655
      vertex -19.6811 3.91481 44.7633
      vertex -19.895 2.61923 44.6276
    endloop
  endfacet
  facet normal 0.448338 -0.172343 0.877092
    outer loop
      vertex -14.7608 2.93611 42.0655
      vertex -19.895 2.61923 44.6276
      vertex -14.9212 1.96442 41.9566
    endloop
  endfacet
  facet normal 0.451189 -0.156696 0.878564
    outer loop
      vertex -14.9212 1.96442 41.9566
      vertex -19.895 2.61923 44.6276
      vertex -20.0237 1.31242 44.4606
    endloop
  endfacet
  facet normal 0.451422 -0.164389 0.877037
    outer loop
      vertex -14.9212 1.96442 41.9566
      vertex -20.0237 1.31242 44.4606
      vertex -15.0178 0.984317 41.8225
    endloop
  endfacet
  facet normal 0.453545 -0.147427 0.878955
    outer loop
      vertex -15.0178 0.984317 41.8225
      vertex -20.0237 1.31242 44.4606
      vertex -20.0667 2.45746e-15 44.2627
    endloop
  endfacet
  facet normal 0.454341 -0.156369 0.876996
    outer loop
      vertex -15.0178 0.984317 41.8225
      vertex -20.0667 2.45746e-15 44.2627
      vertex -15.05 1.84309e-15 41.6637
    endloop
  endfacet
  facet normal 0.455584 -0.138228 0.879395
    outer loop
      vertex -15.05 1.84309e-15 41.6637
      vertex -20.0667 2.45746e-15 44.2627
      vertex -20.0237 -1.31242 44.0341
    endloop
  endfacet
  facet normal 0.457085 -0.148292 0.876973
    outer loop
      vertex -15.05 1.84309e-15 41.6637
      vertex -20.0237 -1.31242 44.0341
      vertex -15.0178 -0.984317 41.4805
    endloop
  endfacet
  facet normal 0.457313 -0.12913 0.879881
    outer loop
      vertex -15.0178 -0.984317 41.4805
      vertex -20.0237 -1.31242 44.0341
      vertex -19.895 -2.61923 43.7754
    endloop
  endfacet
  facet normal 0.459644 -0.140167 0.876973
    outer loop
      vertex -15.0178 -0.984317 41.4805
      vertex -19.895 -2.61923 43.7754
      vertex -14.9212 -1.96442 41.2732
    endloop
  endfacet
  facet normal 0.458739 -0.120162 0.880409
    outer loop
      vertex -14.9212 -1.96442 41.2732
      vertex -19.895 -2.61923 43.7754
      vertex -19.6811 -3.91481 43.4872
    endloop
  endfacet
  facet normal 0.462005 -0.132005 0.876998
    outer loop
      vertex -14.9212 -1.96442 41.2732
      vertex -19.6811 -3.91481 43.4872
      vertex -14.7608 -2.93611 41.0425
    endloop
  endfacet
  facet normal 0.459873 -0.111354 0.880975
    outer loop
      vertex -14.7608 -2.93611 41.0425
      vertex -19.6811 -3.91481 43.4872
      vertex -19.3829 -5.19364 43.1699
    endloop
  endfacet
  facet normal 0.464158 -0.12382 0.877055
    outer loop
      vertex -14.7608 -2.93611 41.0425
      vertex -19.3829 -5.19364 43.1699
      vertex -14.5372 -3.89523 40.7887
    endloop
  endfacet
  facet normal 0.460729 -0.102734 0.881575
    outer loop
      vertex -14.5372 -3.89523 40.7887
      vertex -19.3829 -5.19364 43.1699
      vertex -19.0017 -6.45022 42.8242
    endloop
  endfacet
  facet normal 0.46609 -0.115628 0.877149
    outer loop
      vertex -14.5372 -3.89523 40.7887
      vertex -19.0017 -6.45022 42.8242
      vertex -14.2513 -4.83766 40.5126
    endloop
  endfacet
  facet normal 0.46132 -0.0943304 0.882205
    outer loop
      vertex -14.2513 -4.83766 40.5126
      vertex -19.0017 -6.45022 42.8242
      vertex -18.5392 -7.67918 42.4509
    endloop
  endfacet
  facet normal 0.467789 -0.107448 0.877285
    outer loop
      vertex -14.2513 -4.83766 40.5126
      vertex -18.5392 -7.67918 42.4509
      vertex -13.9044 -5.75939 40.2147
    endloop
  endfacet
  facet normal 0.461665 -0.086169 0.882859
    outer loop
      vertex -13.9044 -5.75939 40.2147
      vertex -18.5392 -7.67918 42.4509
      vertex -17.9972 -8.87526 42.0508
    endloop
  endfacet
  facet normal 0.469243 -0.0993008 0.877468
    outer loop
      vertex -13.9044 -5.75939 40.2147
      vertex -17.9972 -8.87526 42.0508
      vertex -13.4979 -6.65644 39.8958
    endloop
  endfacet
  facet normal 0.46178 -0.0782756 0.883534
    outer loop
      vertex -13.4979 -6.65644 39.8958
      vertex -17.9972 -8.87526 42.0508
      vertex -17.3782 -10.0333 41.6247
    endloop
  endfacet
  facet normal 0.470441 -0.0912124 0.877705
    outer loop
      vertex -13.4979 -6.65644 39.8958
      vertex -17.3782 -10.0333 41.6247
      vertex -13.0337 -7.525 39.5567
    endloop
  endfacet
  facet normal 0.461686 -0.0706747 0.884223
    outer loop
      vertex -13.0337 -7.525 39.5567
      vertex -17.3782 -10.0333 41.6247
      vertex -16.6848 -11.1484 41.1735
    endloop
  endfacet
  facet normal 0.471372 -0.0832108 0.878
    outer loop
      vertex -13.0337 -7.525 39.5567
      vertex -16.6848 -11.1484 41.1735
      vertex -12.5136 -8.36133 39.1983
    endloop
  endfacet
  facet normal 0.461405 -0.0633894 0.884922
    outer loop
      vertex -12.5136 -8.36133 39.1983
      vertex -16.6848 -11.1484 41.1735
      vertex -15.92 -12.2158 40.6982
    endloop
  endfacet
  facet normal 0.472025 -0.0753277 0.878361
    outer loop
      vertex -12.5136 -8.36133 39.1983
      vertex -15.92 -12.2158 40.6982
      vertex -11.94 -9.16186 38.8213
    endloop
  endfacet
  facet normal 0.460959 -0.0564418 0.885625
    outer loop
      vertex -11.94 -9.16186 38.8213
      vertex -15.92 -12.2158 40.6982
      vertex -15.0869 -13.2309 40.2
    endloop
  endfacet
  facet normal 0.472392 -0.0675988 0.878793
    outer loop
      vertex -11.94 -9.16186 38.8213
      vertex -15.0869 -13.2309 40.2
      vertex -11.3152 -9.92315 38.4269
    endloop
  endfacet
  facet normal 0.46037 -0.0498526 0.886326
    outer loop
      vertex -11.3152 -9.92315 38.4269
      vertex -15.0869 -13.2309 40.2
      vertex -14.1893 -14.1893 39.6798
    endloop
  endfacet
  facet normal 0.472464 -0.0600637 0.879301
    outer loop
      vertex -11.3152 -9.92315 38.4269
      vertex -14.1893 -14.1893 39.6798
      vertex -10.642 -10.642 38.0161
    endloop
  endfacet
  facet normal 0.459663 -0.0436415 0.887021
    outer loop
      vertex -10.642 -10.642 38.0161
      vertex -14.1893 -14.1893 39.6798
      vertex -13.2309 -15.0869 39.139
    endloop
  endfacet
  facet normal 0.472237 -0.0527663 0.879891
    outer loop
      vertex -10.642 -10.642 38.0161
      vertex -13.2309 -15.0869 39.139
      vertex -9.92315 -11.3152 37.5899
    endloop
  endfacet
  facet normal 0.458861 -0.0378272 0.887703
    outer loop
      vertex -9.92315 -11.3152 37.5899
      vertex -13.2309 -15.0869 39.139
      vertex -12.2158 -15.92 38.5788
    endloop
  endfacet
  facet normal 0.471706 -0.0457548 0.880568
    outer loop
      vertex -9.92315 -11.3152 37.5899
      vertex -12.2158 -15.92 38.5788
      vertex -9.16186 -11.94 37.1496
    endloop
  endfacet
  facet normal 0.457987 -0.0324274 0.888367
    outer loop
      vertex -9.16186 -11.94 37.1496
      vertex -12.2158 -15.92 38.5788
      vertex -11.1484 -16.6848 38.0006
    endloop
  endfacet
  facet normal 0.470869 -0.0390817 0.881337
    outer loop
      vertex -9.16186 -11.94 37.1496
      vertex -11.1484 -16.6848 38.0006
      vertex -8.36133 -12.5136 36.6965
    endloop
  endfacet
  facet normal 0.457065 -0.0274593 0.889009
    outer loop
      vertex -8.36133 -12.5136 36.6965
      vertex -11.1484 -16.6848 38.0006
      vertex -10.0333 -17.3782 37.4059
    endloop
  endfacet
  facet normal 0.469728 -0.0328044 0.882202
    outer loop
      vertex -8.36133 -12.5136 36.6965
      vertex -10.0333 -17.3782 37.4059
      vertex -7.525 -13.0337 36.2319
    endloop
  endfacet
  facet normal 0.456116 -0.0229397 0.889625
    outer loop
      vertex -7.525 -13.0337 36.2319
      vertex -10.0333 -17.3782 37.4059
      vertex -8.87526 -17.9972 36.7962
    endloop
  endfacet
  facet normal 0.468286 -0.0269848 0.883165
    outer loop
      vertex -7.525 -13.0337 36.2319
      vertex -8.87526 -17.9972 36.7962
      vertex -6.65644 -13.4979 35.7571
    endloop
  endfacet
  facet normal 0.455161 -0.0188854 0.890209
    outer loop
      vertex -6.65644 -13.4979 35.7571
      vertex -8.87526 -17.9972 36.7962
      vertex -7.67918 -18.5392 36.1731
    endloop
  endfacet
  facet normal 0.466551 -0.0216897 0.884228
    outer loop
      vertex -6.65644 -13.4979 35.7571
      vertex -7.67918 -18.5392 36.1731
      vertex -5.75939 -13.9044 35.2739
    endloop
  endfacet
  facet normal 0.454217 -0.0153137 0.890759
    outer loop
      vertex -5.75939 -13.9044 35.2739
      vertex -7.67918 -18.5392 36.1731
      vertex -6.45022 -19.0017 35.5385
    endloop
  endfacet
  facet normal 0.464533 -0.0169905 0.885393
    outer loop
      vertex -5.75939 -13.9044 35.2739
      vertex -6.45022 -19.0017 35.5385
      vertex -4.83766 -14.2513 34.7836
    endloop
  endfacet
  facet normal 0.453301 -0.0122429 0.891274
    outer loop
      vertex -4.83766 -14.2513 34.7836
      vertex -6.45022 -19.0017 35.5385
      vertex -5.19364 -19.3829 34.8942
    endloop
  endfacet
  facet normal 0.462248 -0.0129631 0.886656
    outer loop
      vertex -4.83766 -14.2513 34.7836
      vertex -5.19364 -19.3829 34.8942
      vertex -3.89523 -14.5372 34.2881
    endloop
  endfacet
  facet normal 0.452422 -0.00969316 0.891751
    outer loop
      vertex -3.89523 -14.5372 34.2881
      vertex -5.19364 -19.3829 34.8942
      vertex -3.91481 -19.6811 34.2421
    endloop
  endfacet
  facet normal 0.459712 -0.00968752 0.888015
    outer loop
      vertex -3.89523 -14.5372 34.2881
      vertex -3.91481 -19.6811 34.2421
      vertex -2.93611 -14.7608 33.7891
    endloop
  endfacet
  facet normal 0.451589 -0.00768716 0.892193
    outer loop
      vertex -2.93611 -14.7608 33.7891
      vertex -3.91481 -19.6811 34.2421
      vertex -2.61923 -19.895 33.5845
    endloop
  endfacet
  facet normal 0.45695 -0.00724748 0.889463
    outer loop
      vertex -2.93611 -14.7608 33.7891
      vertex -2.61923 -19.895 33.5845
      vertex -1.96442 -14.9212 33.2886
    endloop
  endfacet
  facet normal 0.450803 -0.0062515 0.892601
    outer loop
      vertex -1.96442 -14.9212 33.2886
      vertex -2.61923 -19.895 33.5845
      vertex -1.31242 -20.0237 32.9236
    endloop
  endfacet
  facet normal 0.453988 -0.00572916 0.890989
    outer loop
      vertex -1.96442 -14.9212 33.2886
      vertex -1.31242 -20.0237 32.9236
      vertex -0.984317 -15.0178 32.7886
    endloop
  endfacet
  facet normal 0.450059 -0.00541782 0.892983
    outer loop
      vertex -0.984317 -15.0178 32.7886
      vertex -1.31242 -20.0237 32.9236
      vertex -3.68619e-15 -20.0667 32.2619
    endloop
  endfacet
  facet normal 0.450858 -0.00522003 0.89258
    outer loop
      vertex -0.984317 -15.0178 32.7886
      vertex -3.68619e-15 -20.0667 32.2619
      vertex -2.76464e-15 -15.05 32.2912
    endloop
  endfacet
  facet normal 0.449342 -0.0052245 0.893345
    outer loop
      vertex -2.76464e-15 -15.05 32.2912
      vertex -3.68619e-15 -20.0667 32.2619
      vertex 1.31242 -20.0237 31.602
    endloop
  endfacet
  facet normal 0.447593 -0.00580689 0.894218
    outer loop
      vertex -2.76464e-15 -15.05 32.2912
      vertex 1.31242 -20.0237 31.602
      vertex 0.984317 -15.0178 31.7987
    endloop
  endfacet
  facet normal 0.448629 -0.0057186 0.8937
    outer loop
      vertex 0.984317 -15.0178 31.7987
      vertex 1.31242 -20.0237 31.602
      vertex 2.61923 -19.895 30.9468
    endloop
  endfacet
  facet normal 0.444233 -0.00757314 0.895879
    outer loop
      vertex 0.984317 -15.0178 31.7987
      vertex 2.61923 -19.895 30.9468
      vertex 1.96442 -14.9212 31.3136
    endloop
  endfacet
  facet normal 0.447887 -0.00695812 0.894063
    outer loop
      vertex 1.96442 -14.9212 31.3136
      vertex 2.61923 -19.895 30.9468
      vertex 3.91481 -19.6811 30.2995
    endloop
  endfacet
  facet normal 0.440816 -0.0105953 0.897535
    outer loop
      vertex 1.96442 -14.9212 31.3136
      vertex 3.91481 -19.6811 30.2995
      vertex 2.93611 -14.7608 30.8382
    endloop
  endfacet
  facet normal 0.447067 -0.00901464 0.894455
    outer loop
      vertex 2.93611 -14.7608 30.8382
      vertex 3.91481 -19.6811 30.2995
      vertex 5.19364 -19.3829 29.6633
    endloop
  endfacet
  facet normal 0.437383 -0.0149386 0.899151
    outer loop
      vertex 2.93611 -14.7608 30.8382
      vertex 5.19364 -19.3829 29.6633
      vertex 3.89523 -14.5372 30.3754
    endloop
  endfacet
  facet normal 0.446107 -0.011976 0.8949
    outer loop
      vertex 3.89523 -14.5372 30.3754
      vertex 5.19364 -19.3829 29.6633
      vertex 6.45022 -19.0017 29.042
    endloop
  endfacet
  facet normal 0.43397 -0.0206511 0.90069
    outer loop
      vertex 3.89523 -14.5372 30.3754
      vertex 6.45022 -19.0017 29.042
      vertex 4.83766 -14.2513 29.9279
    endloop
  endfacet
  facet normal 0.444928 -0.0159493 0.895424
    outer loop
      vertex 4.83766 -14.2513 29.9279
      vertex 6.45022 -19.0017 29.042
      vertex 7.67918 -18.5392 28.4396
    endloop
  endfacet
  facet normal 0.430611 -0.0277578 0.90211
    outer loop
      vertex 4.83766 -14.2513 29.9279
      vertex 7.67918 -18.5392 28.4396
      vertex 5.75939 -13.9044 29.4986
    endloop
  endfacet
  facet normal 0.443437 -0.0210625 0.896058
    outer loop
      vertex 5.75939 -13.9044 29.4986
      vertex 7.67918 -18.5392 28.4396
      vertex 8.87526 -17.9972 27.8604
    endloop
  endfacet
  facet normal 0.427327 -0.0362531 0.90337
    outer loop
      vertex 5.75939 -13.9044 29.4986
      vertex 8.87526 -17.9972 27.8604
      vertex 6.65644 -13.4979 29.0905
    endloop
  endfacet
  facet normal 0.441521 -0.0274657 0.896831
    outer loop
      vertex 6.65644 -13.4979 29.0905
      vertex 8.87526 -17.9972 27.8604
      vertex 10.0333 -17.3782 27.3092
    endloop
  endfacet
  facet normal 0.424124 -0.0460944 0.90443
    outer loop
      vertex 6.65644 -13.4979 29.0905
      vertex 10.0333 -17.3782 27.3092
      vertex 7.525 -13.0337 28.7069
    endloop
  endfacet
  facet normal 0.439057 -0.0353282 0.897764
    outer loop
      vertex 7.525 -13.0337 28.7069
      vertex 10.0333 -17.3782 27.3092
      vertex 11.1484 -16.6848 26.7911
    endloop
  endfacet
  facet normal 0.420986 -0.0571964 0.905262
    outer loop
      vertex 7.525 -13.0337 28.7069
      vertex 11.1484 -16.6848 26.7911
      vertex 8.36133 -12.5136 28.3508
    endloop
  endfacet
  facet normal 0.435914 -0.0448319 0.898871
    outer loop
      vertex 8.36133 -12.5136 28.3508
      vertex 11.1484 -16.6848 26.7911
      vertex 12.2158 -15.92 26.3117
    endloop
  endfacet
  facet normal 0.417869 -0.0694288 0.90585
    outer loop
      vertex 8.36133 -12.5136 28.3508
      vertex 12.2158 -15.92 26.3117
      vertex 9.16186 -11.94 28.0255
    endloop
  endfacet
  facet normal 0.431963 -0.0561562 0.900141
    outer loop
      vertex 9.16186 -11.94 28.0255
      vertex 12.2158 -15.92 26.3117
      vertex 13.2309 -15.0869 25.8765
    endloop
  endfacet
  facet normal 0.414698 -0.0826178 0.906201
    outer loop
      vertex 9.16186 -11.94 28.0255
      vertex 13.2309 -15.0869 25.8765
      vertex 9.92315 -11.3152 27.7341
    endloop
  endfacet
  facet normal 0.42709 -0.0694535 0.901538
    outer loop
      vertex 9.92315 -11.3152 27.7341
      vertex 13.2309 -15.0869 25.8765
      vertex 14.1893 -14.1893 25.4917
    endloop
  endfacet
  facet normal 0.411358 -0.0965551 0.906345
    outer loop
      vertex 9.92315 -11.3152 27.7341
      vertex 14.1893 -14.1893 25.4917
      vertex 10.642 -10.642 27.4796
    endloop
  endfacet
  facet normal 0.421217 -0.0848139 0.902986
    outer loop
      vertex 10.642 -10.642 27.4796
      vertex 14.1893 -14.1893 25.4917
      vertex 15.0869 -13.2309 25.1629
    endloop
  endfacet
  facet normal 0.407706 -0.111012 0.90634
    outer loop
      vertex 10.642 -10.642 27.4796
      vertex 15.0869 -13.2309 25.1629
      vertex 11.3152 -9.92315 27.2648
    endloop
  endfacet
  facet normal 0.41432 -0.102221 0.904373
    outer loop
      vertex 11.3152 -9.92315 27.2648
      vertex 15.0869 -13.2309 25.1629
      vertex 15.92 -12.2158 24.896
    endloop
  endfacet
  facet normal 0.403572 -0.125761 0.906264
    outer loop
      vertex 11.3152 -9.92315 27.2648
      vertex 15.92 -12.2158 24.896
      vertex 11.94 -9.16186 27.0922
    endloop
  endfacet
  facet normal 0.406447 -0.121507 0.905559
    outer loop
      vertex 11.94 -9.16186 27.0922
      vertex 15.92 -12.2158 24.896
      vertex 16.6848 -11.1484 24.696
    endloop
  endfacet
  facet normal 0.398781 -0.140597 0.906204
    outer loop
      vertex 11.94 -9.16186 27.0922
      vertex 16.6848 -11.1484 24.696
      vertex 12.5136 -8.36133 26.9639
    endloop
  endfacet
  facet normal 0.397731 -0.142325 0.906396
    outer loop
      vertex 12.5136 -8.36133 26.9639
      vertex 16.6848 -11.1484 24.696
      vertex 17.3782 -10.0333 24.5668
    endloop
  endfacet
  facet normal 0.393176 -0.155356 0.906243
    outer loop
      vertex 12.5136 -8.36133 26.9639
      vertex 17.3782 -10.0333 24.5668
      vertex 13.0337 -7.525 26.8817
    endloop
  endfacet
  facet normal 0.38838 -0.164143 0.906763
    outer loop
      vertex 13.0337 -7.525 26.8817
      vertex 17.3782 -10.0333 24.5668
      vertex 17.9972 -8.87526 24.5113
    endloop
  endfacet
  facet normal 0.38665 -0.169928 0.906436
    outer loop
      vertex 13.0337 -7.525 26.8817
      vertex 17.9972 -8.87526 24.5113
      vertex 13.4979 -6.65644 26.8465
    endloop
  endfacet
  facet normal 0.37866 -0.186295 0.906593
    outer loop
      vertex 13.4979 -6.65644 26.8465
      vertex 17.9972 -8.87526 24.5113
      vertex 18.5392 -7.67918 24.5307
    endloop
  endfacet
  facet normal 0.379169 -0.18425 0.906798
    outer loop
      vertex 13.4979 -6.65644 26.8465
      vertex 18.5392 -7.67918 24.5307
      vertex 13.9044 -5.75939 26.8588
    endloop
  endfacet
  facet normal 0.368858 -0.208056 0.905901
    outer loop
      vertex 13.9044 -5.75939 26.8588
      vertex 18.5392 -7.67918 24.5307
      vertex 19.0017 -6.45022 24.6246
    endloop
  endfacet
  facet normal 0.370793 -0.198299 0.907298
    outer loop
      vertex 13.9044 -5.75939 26.8588
      vertex 19.0017 -6.45022 24.6246
      vertex 14.2513 -4.83766 26.9185
    endloop
  endfacet
  facet normal 0.359241 -0.228744 0.904778
    outer loop
      vertex 14.2513 -4.83766 26.9185
      vertex 19.0017 -6.45022 24.6246
      vertex 19.3829 -5.19364 24.791
    endloop
  endfacet
  facet normal 0.361678 -0.212062 0.907865
    outer loop
      vertex 14.2513 -4.83766 26.9185
      vertex 19.3829 -5.19364 24.791
      vertex 14.5372 -3.89523 27.0247
    endloop
  endfacet
  facet normal 0.350025 -0.247812 0.903367
    outer loop
      vertex 14.5372 -3.89523 27.0247
      vertex 19.3829 -5.19364 24.791
      vertex 19.6811 -3.91481 25.0262
    endloop
  endfacet
  facet normal 0.352066 -0.225523 0.908399
    outer loop
      vertex 14.5372 -3.89523 27.0247
      vertex 19.6811 -3.91481 25.0262
      vertex 14.7608 -2.93611 27.1762
    endloop
  endfacet
  facet normal 0.341364 -0.264898 0.901831
    outer loop
      vertex 14.7608 -2.93611 27.1762
      vertex 19.6811 -3.91481 25.0262
      vertex 19.895 -2.61923 25.3258
    endloop
  endfacet
  facet normal 0.342253 -0.238643 0.908797
    outer loop
      vertex 14.7608 -2.93611 27.1762
      vertex 19.895 -2.61923 25.3258
      vertex 14.9212 -1.96442 27.3709
    endloop
  endfacet
  facet normal 0.333344 -0.279837 0.900318
    outer loop
      vertex 14.9212 -1.96442 27.3709
      vertex 19.895 -2.61923 25.3258
      vertex 20.0237 -1.31242 25.6844
    endloop
  endfacet
  facet normal 0.332563 -0.251356 0.908967
    outer loop
      vertex 14.9212 -1.96442 27.3709
      vertex 20.0237 -1.31242 25.6844
      vertex 15.0178 -0.984317 27.6066
    endloop
  endfacet
  facet normal 0.326006 -0.292633 0.898936
    outer loop
      vertex 15.0178 -0.984317 27.6066
      vertex 20.0237 -1.31242 25.6844
      vertex 20.0667 0 26.096
    endloop
  endfacet
  facet normal 0.323306 -0.263576 0.908846
    outer loop
      vertex 15.0178 -0.984317 27.6066
      vertex 20.0667 0 26.096
      vertex 15.05 0 27.8806
    endloop
  endfacet
  facet normal 0.270611 -0.340085 0.900617
    outer loop
      vertex 20.0667 0 26.096
      vertex 25.0833 0 24.5886
      vertex 25.0296 1.64053 25.2243
    endloop
  endfacet
  facet normal 0.263138 -0.310707 0.913356
    outer loop
      vertex 20.0667 0 26.096
      vertex 25.0296 1.64053 25.2243
      vertex 20.0237 1.31242 26.5549
    endloop
  endfacet
  facet normal 0.262029 -0.349022 0.899736
    outer loop
      vertex 20.0237 1.31242 26.5549
      vertex 25.0296 1.64053 25.2243
      vertex 24.8687 3.27403 25.9048
    endloop
  endfacet
  facet normal 0.253442 -0.323911 0.911509
    outer loop
      vertex 20.0237 1.31242 26.5549
      vertex 24.8687 3.27403 25.9048
      vertex 19.895 2.61923 27.055
    endloop
  endfacet
  facet normal 0.254795 -0.35608 0.899048
    outer loop
      vertex 19.895 2.61923 27.055
      vertex 24.8687 3.27403 25.9048
      vertex 24.6014 4.89352 26.622
    endloop
  endfacet
  facet normal 0.245825 -0.33555 0.909382
    outer loop
      vertex 19.895 2.61923 27.055
      vertex 24.6014 4.89352 26.622
      vertex 19.6811 3.91481 27.5909
    endloop
  endfacet
  facet normal 0.248874 -0.361678 0.898471
    outer loop
      vertex 19.6811 3.91481 27.5909
      vertex 24.6014 4.89352 26.622
      vertex 24.2286 6.49204 27.3687
    endloop
  endfacet
  facet normal 0.240221 -0.345667 0.907088
    outer loop
      vertex 19.6811 3.91481 27.5909
      vertex 24.2286 6.49204 27.3687
      vertex 19.3829 5.19364 28.1572
    endloop
  endfacet
  facet normal 0.244218 -0.366138 0.897943
    outer loop
      vertex 19.3829 5.19364 28.1572
      vertex 24.2286 6.49204 27.3687
      vertex 23.7522 8.06277 28.1388
    endloop
  endfacet
  facet normal 0.236495 -0.354334 0.90472
    outer loop
      vertex 19.3829 5.19364 28.1572
      vertex 23.7522 8.06277 28.1388
      vertex 19.0017 6.45022 28.749
    endloop
  endfacet
  facet normal 0.240772 -0.369696 0.897415
    outer loop
      vertex 19.0017 6.45022 28.749
      vertex 23.7522 8.06277 28.1388
      vertex 23.174 9.59898 28.9267
    endloop
  endfacet
  facet normal 0.234478 -0.361635 0.902352
    outer loop
      vertex 19.0017 6.45022 28.749
      vertex 23.174 9.59898 28.9267
      vertex 18.5392 7.67918 29.3617
    endloop
  endfacet
  facet normal 0.238473 -0.372525 0.896859
    outer loop
      vertex 18.5392 7.67918 29.3617
      vertex 23.174 9.59898 28.9267
      vertex 22.4966 11.0941 29.7279
    endloop
  endfacet
  facet normal 0.233986 -0.367666 0.90004
    outer loop
      vertex 18.5392 7.67918 29.3617
      vertex 22.4966 11.0941 29.7279
      vertex 17.9972 8.87526 29.9912
    endloop
  endfacet
  facet normal 0.237256 -0.374745 0.896256
    outer loop
      vertex 17.9972 8.87526 29.9912
      vertex 22.4966 11.0941 29.7279
      vertex 21.7228 12.5417 30.538
    endloop
  endfacet
  facet normal 0.234837 -0.372521 0.897819
    outer loop
      vertex 17.9972 8.87526 29.9912
      vertex 21.7228 12.5417 30.538
      vertex 17.3782 10.0333 30.6336
    endloop
  endfacet
  facet normal 0.237052 -0.376442 0.895599
    outer loop
      vertex 17.3782 10.0333 30.6336
      vertex 21.7228 12.5417 30.538
      vertex 20.856 13.9356 31.3533
    endloop
  endfacet
  facet normal 0.236856 -0.376289 0.895715
    outer loop
      vertex 17.3782 10.0333 30.6336
      vertex 20.856 13.9356 31.3533
      vertex 16.6848 11.1484 31.2854
    endloop
  endfacet
  facet normal 0.237793 -0.377671 0.894885
    outer loop
      vertex 16.6848 11.1484 31.2854
      vertex 20.856 13.9356 31.3533
      vertex 19.8999 15.2698 32.1704
    endloop
  endfacet
  facet normal 0.239883 -0.379055 0.893741
    outer loop
      vertex 16.6848 11.1484 31.2854
      vertex 19.8999 15.2698 32.1704
      vertex 15.92 12.2158 31.9434
    endloop
  endfacet
  facet normal 0.239411 -0.378469 0.894116
    outer loop
      vertex 15.92 12.2158 31.9434
      vertex 19.8999 15.2698 32.1704
      vertex 18.8586 16.5386 32.9863
    endloop
  endfacet
  facet normal 0.24377 -0.380899 0.891904
    outer loop
      vertex 15.92 12.2158 31.9434
      vertex 18.8586 16.5386 32.9863
      vertex 15.0869 13.2309 32.6046
    endloop
  endfacet
  facet normal 0.24184 -0.378858 0.893297
    outer loop
      vertex 15.0869 13.2309 32.6046
      vertex 18.8586 16.5386 32.9863
      vertex 17.7366 17.7366 33.7982
    endloop
  endfacet
  facet normal 0.248387 -0.381889 0.890205
    outer loop
      vertex 15.0869 13.2309 32.6046
      vertex 17.7366 17.7366 33.7982
      vertex 14.1893 14.1893 33.2662
    endloop
  endfacet
  facet normal 0.245014 -0.37885 0.892435
    outer loop
      vertex 14.1893 14.1893 33.2662
      vertex 17.7366 17.7366 33.7982
      vertex 16.5386 18.8586 34.6034
    endloop
  endfacet
  facet normal 0.253618 -0.382093 0.888641
    outer loop
      vertex 14.1893 14.1893 33.2662
      vertex 16.5386 18.8586 34.6034
      vertex 13.2309 15.0869 33.9257
    endloop
  endfacet
  facet normal 0.248871 -0.37845 0.891537
    outer loop
      vertex 13.2309 15.0869 33.9257
      vertex 16.5386 18.8586 34.6034
      vertex 15.2698 19.8999 35.3996
    endloop
  endfacet
  facet normal 0.259358 -0.381567 0.887209
    outer loop
      vertex 13.2309 15.0869 33.9257
      vertex 15.2698 19.8999 35.3996
      vertex 12.2158 15.92 34.5807
    endloop
  endfacet
  facet normal 0.253351 -0.377658 0.890611
    outer loop
      vertex 12.2158 15.92 34.5807
      vertex 15.2698 19.8999 35.3996
      vertex 13.9356 20.856 36.1846
    endloop
  endfacet
  facet normal 0.265518 -0.380367 0.885902
    outer loop
      vertex 12.2158 15.92 34.5807
      vertex 13.9356 20.856 36.1846
      vertex 11.1484 16.6848 35.229
    endloop
  endfacet
  facet normal 0.258397 -0.376471 0.889663
    outer loop
      vertex 11.1484 16.6848 35.229
      vertex 13.9356 20.856 36.1846
      vertex 12.5417 21.7228 36.9562
    endloop
  endfacet
  facet normal 0.272016 -0.378539 0.884712
    outer loop
      vertex 11.1484 16.6848 35.229
      vertex 12.5417 21.7228 36.9562
      vertex 10.0333 17.3782 35.8685
    endloop
  endfacet
  facet normal 0.263952 -0.374883 0.888702
    outer loop
      vertex 10.0333 17.3782 35.8685
      vertex 12.5417 21.7228 36.9562
      vertex 11.0941 22.4966 37.7126
    endloop
  endfacet
  facet normal 0.278783 -0.37613 0.883632
    outer loop
      vertex 10.0333 17.3782 35.8685
      vertex 11.0941 22.4966 37.7126
      vertex 8.87526 17.9972 36.4974
    endloop
  endfacet
  facet normal 0.269964 -0.372888 0.887735
    outer loop
      vertex 8.87526 17.9972 36.4974
      vertex 11.0941 22.4966 37.7126
      vertex 9.59898 23.174 38.4518
    endloop
  endfacet
  facet normal 0.285758 -0.373179 0.882655
    outer loop
      vertex 8.87526 17.9972 36.4974
      vertex 9.59898 23.174 38.4518
      vertex 7.67918 18.5392 37.1137
    endloop
  endfacet
  facet normal 0.276379 -0.370481 0.886768
    outer loop
      vertex 7.67918 18.5392 37.1137
      vertex 9.59898 23.174 38.4518
      vertex 8.06277 23.7522 39.1721
    endloop
  endfacet
  facet normal 0.292885 -0.369723 0.881773
    outer loop
      vertex 7.67918 18.5392 37.1137
      vertex 8.06277 23.7522 39.1721
      vertex 6.45022 19.0017 37.7159
    endloop
  endfacet
  facet normal 0.283149 -0.367655 0.885808
    outer loop
      vertex 6.45022 19.0017 37.7159
      vertex 8.06277 23.7522 39.1721
      vertex 6.49204 24.2286 39.872
    endloop
  endfacet
  facet normal 0.300119 -0.365798 0.880977
    outer loop
      vertex 6.45022 19.0017 37.7159
      vertex 6.49204 24.2286 39.872
      vertex 5.19364 19.3829 38.3022
    endloop
  endfacet
  facet normal 0.290225 -0.364405 0.88486
    outer loop
      vertex 5.19364 19.3829 38.3022
      vertex 6.49204 24.2286 39.872
      vertex 4.89352 24.6014 40.5498
    endloop
  endfacet
  facet normal 0.307418 -0.361435 0.88026
    outer loop
      vertex 5.19364 19.3829 38.3022
      vertex 4.89352 24.6014 40.5498
      vertex 3.91481 19.6811 38.8713
    endloop
  endfacet
  facet normal 0.297561 -0.360727 0.883931
    outer loop
      vertex 3.91481 19.6811 38.8713
      vertex 4.89352 24.6014 40.5498
      vertex 3.27403 24.8687 41.204
    endloop
  endfacet
  facet normal 0.314747 -0.356664 0.879617
    outer loop
      vertex 3.91481 19.6811 38.8713
      vertex 3.27403 24.8687 41.204
      vertex 2.61923 19.895 39.4216
    endloop
  endfacet
  facet normal 0.305111 -0.356617 0.883024
    outer loop
      vertex 2.61923 19.895 39.4216
      vertex 3.27403 24.8687 41.204
      vertex 1.64053 25.0296 41.8334
    endloop
  endfacet
  facet normal 0.322074 -0.351511 0.879038
    outer loop
      vertex 2.61923 19.895 39.4216
      vertex 1.64053 25.0296 41.8334
      vertex 1.31242 20.0237 39.9519
    endloop
  endfacet
  facet normal 0.312831 -0.352073 0.882146
    outer loop
      vertex 1.31242 20.0237 39.9519
      vertex 1.64053 25.0296 41.8334
      vertex 1.53591e-15 25.0833 42.4366
    endloop
  endfacet
  facet normal 0.329372 -0.346002 0.87852
    outer loop
      vertex 1.31242 20.0237 39.9519
      vertex 1.53591e-15 25.0833 42.4366
      vertex 1.22873e-15 20.0667 40.4609
    endloop
  endfacet
  facet normal 0.32068 -0.347097 0.881299
    outer loop
      vertex 1.22873e-15 20.0667 40.4609
      vertex 1.53591e-15 25.0833 42.4366
      vertex -1.64053 25.0296 43.0124
    endloop
  endfacet
  facet normal 0.336618 -0.34016 0.878054
    outer loop
      vertex 1.22873e-15 20.0667 40.4609
      vertex -1.64053 25.0296 43.0124
      vertex -1.31242 20.0237 40.9473
    endloop
  endfacet
  facet normal 0.328616 -0.341689 0.880489
    outer loop
      vertex -1.31242 20.0237 40.9473
      vertex -1.64053 25.0296 43.0124
      vertex -3.27403 24.8687 43.5597
    endloop
  endfacet
  facet normal 0.343792 -0.334007 0.877637
    outer loop
      vertex -1.31242 20.0237 40.9473
      vertex -3.27403 24.8687 43.5597
      vertex -2.61923 19.895 41.4103
    endloop
  endfacet
  facet normal 0.3366 -0.335853 0.879718
    outer loop
      vertex -2.61923 19.895 41.4103
      vertex -3.27403 24.8687 43.5597
      vertex -4.89352 24.6014 44.0772
    endloop
  endfacet
  facet normal 0.350877 -0.327562 0.877262
    outer loop
      vertex -2.61923 19.895 41.4103
      vertex -4.89352 24.6014 44.0772
      vertex -3.91481 19.6811 41.8486
    endloop
  endfacet
  facet normal 0.344592 -0.329595 0.87899
    outer loop
      vertex -3.91481 19.6811 41.8486
      vertex -4.89352 24.6014 44.0772
      vertex -6.49204 24.2286 44.5641
    endloop
  endfacet
  facet normal 0.357858 -0.320844 0.876925
    outer loop
      vertex -3.91481 19.6811 41.8486
      vertex -6.49204 24.2286 44.5641
      vertex -5.19364 19.3829 42.2614
    endloop
  endfacet
  facet normal 0.352557 -0.322921 0.878308
    outer loop
      vertex -5.19364 19.3829 42.2614
      vertex -6.49204 24.2286 44.5641
      vertex -8.06277 23.7522 45.0195
    endloop
  endfacet
  facet normal 0.364721 -0.313869 0.876621
    outer loop
      vertex -5.19364 19.3829 42.2614
      vertex -8.06277 23.7522 45.0195
      vertex -6.45022 19.0017 42.6477
    endloop
  endfacet
  facet normal 0.360459 -0.315842 0.877675
    outer loop
      vertex -6.45022 19.0017 42.6477
      vertex -8.06277 23.7522 45.0195
      vertex -9.59898 23.174 45.4423
    endloop
  endfacet
  facet normal 0.371456 -0.306653 0.876347
    outer loop
      vertex -6.45022 19.0017 42.6477
      vertex -9.59898 23.174 45.4423
      vertex -7.67918 18.5392 43.0068
    endloop
  endfacet
  facet normal 0.368264 -0.308367 0.877093
    outer loop
      vertex -7.67918 18.5392 43.0068
      vertex -9.59898 23.174 45.4423
      vertex -11.0941 22.4966 45.8319
    endloop
  endfacet
  facet normal 0.378054 -0.299209 0.876099
    outer loop
      vertex -7.67918 18.5392 43.0068
      vertex -11.0941 22.4966 45.8319
      vertex -8.87526 17.9972 43.3378
    endloop
  endfacet
  facet normal 0.375939 -0.30051 0.876563
    outer loop
      vertex -8.87526 17.9972 43.3378
      vertex -11.0941 22.4966 45.8319
      vertex -12.5417 21.7228 46.1875
    endloop
  endfacet
  facet normal 0.384506 -0.291551 0.875873
    outer loop
      vertex -8.87526 17.9972 43.3378
      vertex -12.5417 21.7228 46.1875
      vertex -10.0333 17.3782 43.6401
    endloop
  endfacet
  facet normal 0.383454 -0.292285 0.876089
    outer loop
      vertex -10.0333 17.3782 43.6401
      vertex -12.5417 21.7228 46.1875
      vertex -13.9356 20.856 46.5084
    endloop
  endfacet
  facet normal 0.390804 -0.283689 0.875667
    outer loop
      vertex -10.0333 17.3782 43.6401
      vertex -13.9356 20.856 46.5084
      vertex -11.1484 16.6848 43.9132
    endloop
  endfacet
  facet normal 0.39078 -0.283709 0.875671
    outer loop
      vertex -11.1484 16.6848 43.9132
      vertex -13.9356 20.856 46.5084
      vertex -15.2698 19.8999 46.794
    endloop
  endfacet
  facet normal 0.396943 -0.275635 0.875478
    outer loop
      vertex -11.1484 16.6848 43.9132
      vertex -15.2698 19.8999 46.794
      vertex -12.2158 15.92 44.1563
    endloop
  endfacet
  facet normal 0.397889 -0.274799 0.875311
    outer loop
      vertex -12.2158 15.92 44.1563
      vertex -15.2698 19.8999 46.794
      vertex -16.5386 18.8586 47.0439
    endloop
  endfacet
  facet normal 0.402916 -0.267397 0.875304
    outer loop
      vertex -12.2158 15.92 44.1563
      vertex -16.5386 18.8586 47.0439
      vertex -13.2309 15.0869 44.3691
    endloop
  endfacet
  facet normal 0.404756 -0.265575 0.87501
    outer loop
      vertex -13.2309 15.0869 44.3691
      vertex -16.5386 18.8586 47.0439
      vertex -17.7366 17.7366 47.2575
    endloop
  endfacet
  facet normal 0.408717 -0.258985 0.875144
    outer loop
      vertex -13.2309 15.0869 44.3691
      vertex -17.7366 17.7366 47.2575
      vertex -14.1893 14.1893 44.551
    endloop
  endfacet
  facet normal 0.411357 -0.256059 0.874768
    outer loop
      vertex -14.1893 14.1893 44.551
      vertex -17.7366 17.7366 47.2575
      vertex -18.8586 16.5386 47.4345
    endloop
  endfacet
  facet normal 0.414341 -0.250406 0.874996
    outer loop
      vertex -14.1893 14.1893 44.551
      vertex -18.8586 16.5386 47.4345
      vertex -15.0869 13.2309 44.7018
    endloop
  endfacet
  facet normal 0.41767 -0.246272 0.874587
    outer loop
      vertex -15.0869 13.2309 44.7018
      vertex -18.8586 16.5386 47.4345
      vertex -19.8999 15.2698 47.5745
    endloop
  endfacet
  facet normal 0.419783 -0.241668 0.874859
    outer loop
      vertex -15.0869 13.2309 44.7018
      vertex -19.8999 15.2698 47.5745
      vertex -15.92 12.2158 44.8211
    endloop
  endfacet
  facet normal 0.423677 -0.236239 0.874465
    outer loop
      vertex -15.92 12.2158 44.8211
      vertex -19.8999 15.2698 47.5745
      vertex -20.856 13.9356 47.6772
    endloop
  endfacet
  facet normal 0.425038 -0.232777 0.874733
    outer loop
      vertex -15.92 12.2158 44.8211
      vertex -20.856 13.9356 47.6772
      vertex -16.6848 11.1484 44.9087
    endloop
  endfacet
  facet normal 0.429359 -0.225984 0.874404
    outer loop
      vertex -16.6848 11.1484 44.9087
      vertex -20.856 13.9356 47.6772
      vertex -21.7228 12.5417 47.7426
    endloop
  endfacet
  facet normal 0.430099 -0.223741 0.874617
    outer loop
      vertex -16.6848 11.1484 44.9087
      vertex -21.7228 12.5417 47.7426
      vertex -17.3782 10.0333 44.9645
    endloop
  endfacet
  facet normal 0.434701 -0.215533 0.874403
    outer loop
      vertex -17.3782 10.0333 44.9645
      vertex -21.7228 12.5417 47.7426
      vertex -22.4966 11.0941 47.7705
    endloop
  endfacet
  facet normal 0.434961 -0.214564 0.874512
    outer loop
      vertex -17.3782 10.0333 44.9645
      vertex -22.4966 11.0941 47.7705
      vertex -17.9972 8.87526 44.9882
    endloop
  endfacet
  facet normal 0.439689 -0.204913 0.874462
    outer loop
      vertex -17.9972 8.87526 44.9882
      vertex -22.4966 11.0941 47.7705
      vertex -23.174 9.59898 47.7607
    endloop
  endfacet
  facet normal 0.439618 -0.205255 0.874418
    outer loop
      vertex -17.9972 8.87526 44.9882
      vertex -23.174 9.59898 47.7607
      vertex -18.5392 7.67918 44.9799
    endloop
  endfacet
  facet normal 0.444314 -0.194152 0.87458
    outer loop
      vertex -18.5392 7.67918 44.9799
      vertex -23.174 9.59898 47.7607
      vertex -23.7522 8.06277 47.7134
    endloop
  endfacet
  facet normal 0.444063 -0.195819 0.874336
    outer loop
      vertex -18.5392 7.67918 44.9799
      vertex -23.7522 8.06277 47.7134
      vertex -19.0017 6.45022 44.9396
    endloop
  endfacet
  facet normal 0.448566 -0.183279 0.874756
    outer loop
      vertex -19.0017 6.45022 44.9396
      vertex -23.7522 8.06277 47.7134
      vertex -24.2286 6.49204 47.6287
    endloop
  endfacet
  facet normal 0.44829 -0.186264 0.874266
    outer loop
      vertex -19.0017 6.45022 44.9396
      vertex -24.2286 6.49204 47.6287
      vertex -19.3829 5.19364 44.8673
    endloop
  endfacet
  facet normal 0.452438 -0.17232 0.874989
    outer loop
      vertex -19.3829 5.19364 44.8673
      vertex -24.2286 6.49204 47.6287
      vertex -24.6014 4.89352 47.5066
    endloop
  endfacet
  facet normal 0.452291 -0.176597 0.874212
    outer loop
      vertex -19.3829 5.19364 44.8673
      vertex -24.6014 4.89352 47.5066
      vertex -19.6811 3.91481 44.7633
    endloop
  endfacet
  facet normal 0.455926 -0.161307 0.875278
    outer loop
      vertex -19.6811 3.91481 44.7633
      vertex -24.6014 4.89352 47.5066
      vertex -24.8687 3.27403 47.3474
    endloop
  endfacet
  facet normal 0.456058 -0.166825 0.874174
    outer loop
      vertex -19.6811 3.91481 44.7633
      vertex -24.8687 3.27403 47.3474
      vertex -19.895 2.61923 44.6276
    endloop
  endfacet
  facet normal 0.459029 -0.150269 0.875621
    outer loop
      vertex -19.895 2.61923 44.6276
      vertex -24.8687 3.27403 47.3474
      vertex -25.0296 1.64053 47.1514
    endloop
  endfacet
  facet normal 0.459584 -0.156959 0.874155
    outer loop
      vertex -19.895 2.61923 44.6276
      vertex -25.0296 1.64053 47.1514
      vertex -20.0237 1.31242 44.4606
    endloop
  endfacet
  facet normal 0.461746 -0.139234 0.876016
    outer loop
      vertex -20.0237 1.31242 44.4606
      vertex -25.0296 1.64053 47.1514
      vertex -25.0833 3.07182e-15 46.919
    endloop
  endfacet
  facet normal 0.462859 -0.147008 0.874157
    outer loop
      vertex -20.0237 1.31242 44.4606
      vertex -25.0833 3.07182e-15 46.919
      vertex -20.0667 2.45746e-15 44.2627
    endloop
  endfacet
  facet normal 0.46408 -0.128233 0.876462
    outer loop
      vertex -20.0667 2.45746e-15 44.2627
      vertex -25.0833 3.07182e-15 46.919
      vertex -25.0296 -1.64053 46.6505
    endloop
  endfacet
  facet normal 0.465876 -0.136984 0.874183
    outer loop
      vertex -20.0667 2.45746e-15 44.2627
      vertex -25.0296 -1.64053 46.6505
      vertex -20.0237 -1.31242 44.0341
    endloop
  endfacet
  facet normal 0.466035 -0.117295 0.876957
    outer loop
      vertex -20.0237 -1.31242 44.0341
      vertex -25.0296 -1.64053 46.6505
      vertex -24.8687 -3.27403 46.3465
    endloop
  endfacet
  facet normal 0.468624 -0.126899 0.874236
    outer loop
      vertex -20.0237 -1.31242 44.0341
      vertex -24.8687 -3.27403 46.3465
      vertex -19.895 -2.61923 43.7754
    endloop
  endfacet
  facet normal 0.467618 -0.106449 0.877497
    outer loop
      vertex -19.895 -2.61923 43.7754
      vertex -24.8687 -3.27403 46.3465
      vertex -24.6014 -4.89352 46.0076
    endloop
  endfacet
  facet normal 0.471097 -0.116767 0.874319
    outer loop
      vertex -19.895 -2.61923 43.7754
      vertex -24.6014 -4.89352 46.0076
      vertex -19.6811 -3.91481 43.4872
    endloop
  endfacet
  facet normal 0.468839 -0.0957249 0.878081
    outer loop
      vertex -19.6811 -3.91481 43.4872
      vertex -24.6014 -4.89352 46.0076
      vertex -24.2286 -6.49204 45.6343
    endloop
  endfacet
  facet normal 0.473284 -0.106605 0.874436
    outer loop
      vertex -19.6811 -3.91481 43.4872
      vertex -24.2286 -6.49204 45.6343
      vertex -19.3829 -5.19364 43.1699
    endloop
  endfacet
  facet normal 0.469707 -0.0851502 0.878706
    outer loop
      vertex -19.3829 -5.19364 43.1699
      vertex -24.2286 -6.49204 45.6343
      vertex -23.7522 -8.06277 45.2274
    endloop
  endfacet
  facet normal 0.475176 -0.0964308 0.874591
    outer loop
      vertex -19.3829 -5.19364 43.1699
      vertex -23.7522 -8.06277 45.2274
      vertex -19.0017 -6.45022 42.8242
    endloop
  endfacet
  facet normal 0.470235 -0.0747535 0.87937
    outer loop
      vertex -19.0017 -6.45022 42.8242
      vertex -23.7522 -8.06277 45.2274
      vertex -23.174 -9.59898 44.7876
    endloop
  endfacet
  facet normal 0.476766 -0.0862642 0.874787
    outer loop
      vertex -19.0017 -6.45022 42.8242
      vertex -23.174 -9.59898 44.7876
      vertex -18.5392 -7.67918 42.4509
    endloop
  endfacet
  facet normal 0.470439 -0.0645624 0.880068
    outer loop
      vertex -18.5392 -7.67918 42.4509
      vertex -23.174 -9.59898 44.7876
      vertex -22.4966 -11.0941 44.3158
    endloop
  endfacet
  facet normal 0.478045 -0.0761279 0.87503
    outer loop
      vertex -18.5392 -7.67918 42.4509
      vertex -22.4966 -11.0941 44.3158
      vertex -17.9972 -8.87526 42.0508
    endloop
  endfacet
  facet normal 0.470334 -0.0546038 0.880798
    outer loop
      vertex -17.9972 -8.87526 42.0508
      vertex -22.4966 -11.0941 44.3158
      vertex -21.7228 -12.5417 43.8129
    endloop
  endfacet
  facet normal 0.479006 -0.0660468 0.875323
    outer loop
      vertex -17.9972 -8.87526 42.0508
      vertex -21.7228 -12.5417 43.8129
      vertex -17.3782 -10.0333 41.6247
    endloop
  endfacet
  facet normal 0.469939 -0.0449043 0.881556
    outer loop
      vertex -17.3782 -10.0333 41.6247
      vertex -21.7228 -12.5417 43.8129
      vertex -20.856 -13.9356 43.2799
    endloop
  endfacet
  facet normal 0.479643 -0.0560487 0.875672
    outer loop
      vertex -17.3782 -10.0333 41.6247
      vertex -20.856 -13.9356 43.2799
      vertex -16.6848 -11.1484 41.1735
    endloop
  endfacet
  facet normal 0.469273 -0.0354899 0.88234
    outer loop
      vertex -16.6848 -11.1484 41.1735
      vertex -20.856 -13.9356 43.2799
      vertex -19.8999 -15.2698 42.7177
    endloop
  endfacet
  facet normal 0.479949 -0.0461641 0.876081
    outer loop
      vertex -16.6848 -11.1484 41.1735
      vertex -19.8999 -15.2698 42.7177
      vertex -15.92 -12.2158 40.6982
    endloop
  endfacet
  facet normal 0.468358 -0.0263861 0.883145
    outer loop
      vertex -15.92 -12.2158 40.6982
      vertex -19.8999 -15.2698 42.7177
      vertex -18.8586 -16.5386 42.1276
    endloop
  endfacet
  facet normal 0.479922 -0.0364267 0.876555
    outer loop
      vertex -15.92 -12.2158 40.6982
      vertex -18.8586 -16.5386 42.1276
      vertex -15.0869 -13.2309 40.2
    endloop
  endfacet
  facet normal 0.467216 -0.0176179 0.883968
    outer loop
      vertex -15.0869 -13.2309 40.2
      vertex -18.8586 -16.5386 42.1276
      vertex -17.7366 -17.7366 41.5106
    endloop
  endfacet
  facet normal 0.479558 -0.0268738 0.877099
    outer loop
      vertex -15.0869 -13.2309 40.2
      vertex -17.7366 -17.7366 41.5106
      vertex -14.1893 -14.1893 39.6798
    endloop
  endfacet
  facet normal 0.465871 -0.00921006 0.884805
    outer loop
      vertex -14.1893 -14.1893 39.6798
      vertex -17.7366 -17.7366 41.5106
      vertex -16.5386 -18.8586 40.8682
    endloop
  endfacet
  facet normal 0.478855 -0.0175462 0.877719
    outer loop
      vertex -14.1893 -14.1893 39.6798
      vertex -16.5386 -18.8586 40.8682
      vertex -13.2309 -15.0869 39.139
    endloop
  endfacet
  facet normal 0.464348 -0.00118716 0.885652
    outer loop
      vertex -13.2309 -15.0869 39.139
      vertex -16.5386 -18.8586 40.8682
      vertex -15.2698 -19.8999 40.2015
    endloop
  endfacet
  facet normal 0.477815 -0.0084886 0.878419
    outer loop
      vertex -13.2309 -15.0869 39.139
      vertex -15.2698 -19.8999 40.2015
      vertex -12.2158 -15.92 38.5788
    endloop
  endfacet
  facet normal 0.462674 0.00642623 0.886505
    outer loop
      vertex -12.2158 -15.92 38.5788
      vertex -15.2698 -19.8999 40.2015
      vertex -13.9356 -20.856 39.5121
    endloop
  endfacet
  facet normal 0.476441 0.000249775 0.879206
    outer loop
      vertex -12.2158 -15.92 38.5788
      vertex -13.9356 -20.856 39.5121
      vertex -11.1484 -16.6848 38.0006
    endloop
  endfacet
  facet normal 0.460875 0.0136053 0.887361
    outer loop
      vertex -11.1484 -16.6848 38.0006
      vertex -13.9356 -20.856 39.5121
      vertex -12.5417 -21.7228 38.8015
    endloop
  endfacet
  facet normal 0.474738 0.00861508 0.880085
    outer loop
      vertex -11.1484 -16.6848 38.0006
      vertex -12.5417 -21.7228 38.8015
      vertex -10.0333 -17.3782 37.4059
    endloop
  endfacet
  facet normal 0.458979 0.0203245 0.888214
    outer loop
      vertex -10.0333 -17.3782 37.4059
      vertex -12.5417 -21.7228 38.8015
      vertex -11.0941 -22.4966 38.0711
    endloop
  endfacet
  facet normal 0.472714 0.0165483 0.881061
    outer loop
      vertex -10.0333 -17.3782 37.4059
      vertex -11.0941 -22.4966 38.0711
      vertex -8.87526 -17.9972 36.7962
    endloop
  endfacet
  facet normal 0.457015 0.0265576 0.889062
    outer loop
      vertex -8.87526 -17.9972 36.7962
      vertex -11.0941 -22.4966 38.0711
      vertex -9.59898 -23.174 37.3228
    endloop
  endfacet
  facet normal 0.470381 0.0239846 0.882138
    outer loop
      vertex -8.87526 -17.9972 36.7962
      vertex -9.59898 -23.174 37.3228
      vertex -7.67918 -18.5392 36.1731
    endloop
  endfacet
  facet normal 0.455011 0.0322767 0.889901
    outer loop
      vertex -7.67918 -18.5392 36.1731
      vertex -9.59898 -23.174 37.3228
      vertex -8.06277 -23.7522 36.5583
    endloop
  endfacet
  facet normal 0.467752 0.030853 0.883321
    outer loop
      vertex -7.67918 -18.5392 36.1731
      vertex -8.06277 -23.7522 36.5583
      vertex -6.45022 -19.0017 35.5385
    endloop
  endfacet
  facet normal 0.452995 0.0374521 0.890726
    outer loop
      vertex -6.45022 -19.0017 35.5385
      vertex -8.06277 -23.7522 36.5583
      vertex -6.49204 -24.2286 35.7795
    endloop
  endfacet
  facet normal 0.464847 0.0370754 0.884615
    outer loop
      vertex -6.45022 -19.0017 35.5385
      vertex -6.49204 -24.2286 35.7795
      vertex -5.19364 -19.3829 34.8942
    endloop
  endfacet
  facet normal 0.450996 0.0420511 0.891535
    outer loop
      vertex -5.19364 -19.3829 34.8942
      vertex -6.49204 -24.2286 35.7795
      vertex -4.89352 -24.6014 34.9885
    endloop
  endfacet
  facet normal 0.461686 0.0425662 0.886021
    outer loop
      vertex -5.19364 -19.3829 34.8942
      vertex -4.89352 -24.6014 34.9885
      vertex -3.91481 -19.6811 34.2421
    endloop
  endfacet
  facet normal 0.449041 0.0460375 0.892324
    outer loop
      vertex -3.91481 -19.6811 34.2421
      vertex -4.89352 -24.6014 34.9885
      vertex -3.27403 -24.8687 34.1873
    endloop
  endfacet
  facet normal 0.458297 0.0472312 0.887543
    outer loop
      vertex -3.91481 -19.6811 34.2421
      vertex -3.27403 -24.8687 34.1873
      vertex -2.61923 -19.895 33.5845
    endloop
  endfacet
  facet normal 0.447156 0.0493703 0.893092
    outer loop
      vertex -2.61923 -19.895 33.5845
      vertex -3.27403 -24.8687 34.1873
      vertex -1.64053 -25.0296 33.3783
    endloop
  endfacet
  facet normal 0.454709 0.0509669 0.889181
    outer loop
      vertex -2.61923 -19.895 33.5845
      vertex -1.64053 -25.0296 33.3783
      vertex -1.31242 -20.0237 32.9236
    endloop
  endfacet
  facet normal 0.445365 0.0520024 0.893838
    outer loop
      vertex -1.31242 -20.0237 32.9236
      vertex -1.64053 -25.0296 33.3783
      vertex -4.60773e-15 -25.0833 32.564
    endloop
  endfacet
  facet normal 0.450958 0.0536598 0.890931
    outer loop
      vertex -1.31242 -20.0237 32.9236
      vertex -4.60773e-15 -25.0833 32.564
      vertex -3.68619e-15 -20.0667 32.2619
    endloop
  endfacet
  facet normal 0.443686 0.0538784 0.894561
    outer loop
      vertex -3.68619e-15 -20.0667 32.2619
      vertex -4.60773e-15 -25.0833 32.564
      vertex 1.64053 -25.0296 31.7471
    endloop
  endfacet
  facet normal 0.447084 0.0551856 0.892788
    outer loop
      vertex -3.68619e-15 -20.0667 32.2619
      vertex 1.64053 -25.0296 31.7471
      vertex 1.31242 -20.0237 31.602
    endloop
  endfacet
  facet normal 0.442134 0.054933 0.895265
    outer loop
      vertex 1.31242 -20.0237 31.602
      vertex 1.64053 -25.0296 31.7471
      vertex 3.27403 -24.8687 30.9305
    endloop
  endfacet
  facet normal 0.443132 0.0554094 0.894742
    outer loop
      vertex 1.31242 -20.0237 31.602
      vertex 3.27403 -24.8687 30.9305
      vertex 2.61923 -19.895 30.9468
    endloop
  endfacet
  facet normal 0.440715 0.0550872 0.895955
    outer loop
      vertex 2.61923 -19.895 30.9468
      vertex 3.27403 -24.8687 30.9305
      vertex 4.89352 -24.6014 30.1175
    endloop
  endfacet
  facet normal 0.439149 0.0541856 0.896779
    outer loop
      vertex 2.61923 -19.895 30.9468
      vertex 4.89352 -24.6014 30.1175
      vertex 3.91481 -19.6811 30.2995
    endloop
  endfacet
  facet normal 0.439423 0.0542453 0.896641
    outer loop
      vertex 3.91481 -19.6811 30.2995
      vertex 4.89352 -24.6014 30.1175
      vertex 6.49204 -24.2286 29.3115
    endloop
  endfacet
  facet normal 0.435188 0.0513598 0.898874
    outer loop
      vertex 3.91481 -19.6811 30.2995
      vertex 6.49204 -24.2286 29.3115
      vertex 5.19364 -19.3829 29.6633
    endloop
  endfacet
  facet normal 0.43824 0.0522892 0.897336
    outer loop
      vertex 5.19364 -19.3829 29.6633
      vertex 6.49204 -24.2286 29.3115
      vertex 8.06277 -23.7522 28.5167
    endloop
  endfacet
  facet normal 0.4313 0.0467717 0.900995
    outer loop
      vertex 5.19364 -19.3829 29.6633
      vertex 8.06277 -23.7522 28.5167
      vertex 6.45022 -19.0017 29.042
    endloop
  endfacet
  facet normal 0.437123 0.0490726 0.898062
    outer loop
      vertex 6.45022 -19.0017 29.042
      vertex 8.06277 -23.7522 28.5167
      vertex 9.59898 -23.174 27.7373
    endloop
  endfacet
  facet normal 0.427536 0.0402615 0.903102
    outer loop
      vertex 6.45022 -19.0017 29.042
      vertex 9.59898 -23.174 27.7373
      vertex 7.67918 -18.5392 28.4396
    endloop
  endfacet
  facet normal 0.436003 0.044413 0.898849
    outer loop
      vertex 7.67918 -18.5392 28.4396
      vertex 9.59898 -23.174 27.7373
      vertex 11.0941 -22.4966 26.9786
    endloop
  endfacet
  facet normal 0.423936 0.0316791 0.905138
    outer loop
      vertex 7.67918 -18.5392 28.4396
      vertex 11.0941 -22.4966 26.9786
      vertex 8.87526 -17.9972 27.8604
    endloop
  endfacet
  facet normal 0.434773 0.0380823 0.899734
    outer loop
      vertex 8.87526 -17.9972 27.8604
      vertex 11.0941 -22.4966 26.9786
      vertex 12.5417 -21.7228 26.2464
    endloop
  endfacet
  facet normal 0.420528 0.0208987 0.907039
    outer loop
      vertex 8.87526 -17.9972 27.8604
      vertex 12.5417 -21.7228 26.2464
      vertex 10.0333 -17.3782 27.3092
    endloop
  endfacet
  facet normal 0.433282 0.029797 0.900766
    outer loop
      vertex 10.0333 -17.3782 27.3092
      vertex 12.5417 -21.7228 26.2464
      vertex 13.9356 -20.856 25.5472
    endloop
  endfacet
  facet normal 0.417309 0.00783875 0.908731
    outer loop
      vertex 10.0333 -17.3782 27.3092
      vertex 13.9356 -20.856 25.5472
      vertex 11.1484 -16.6848 26.7911
    endloop
  endfacet
  facet normal 0.43132 0.0192095 0.901994
    outer loop
      vertex 11.1484 -16.6848 26.7911
      vertex 13.9356 -20.856 25.5472
      vertex 15.2698 -19.8999 24.8889
    endloop
  endfacet
  facet normal 0.414233 -0.00751236 0.91014
    outer loop
      vertex 11.1484 -16.6848 26.7911
      vertex 15.2698 -19.8999 24.8889
      vertex 12.2158 -15.92 26.3117
    endloop
  endfacet
  facet normal 0.428615 0.00590773 0.903468
    outer loop
      vertex 12.2158 -15.92 26.3117
      vertex 15.2698 -19.8999 24.8889
      vertex 16.5386 -18.8586 24.2801
    endloop
  endfacet
  facet normal 0.411192 -0.0250685 0.911204
    outer loop
      vertex 12.2158 -15.92 26.3117
      vertex 16.5386 -18.8586 24.2801
      vertex 13.2309 -15.0869 25.8765
    endloop
  endfacet
  facet normal 0.424834 -0.010568 0.90521
    outer loop
      vertex 13.2309 -15.0869 25.8765
      vertex 16.5386 -18.8586 24.2801
      vertex 17.7366 -17.7366 23.731
    endloop
  endfacet
  facet normal 0.407991 -0.0446214 0.911895
    outer loop
      vertex 13.2309 -15.0869 25.8765
      vertex 17.7366 -17.7366 23.731
      vertex 14.1893 -14.1893 25.4917
    endloop
  endfacet
  facet normal 0.419605 -0.030672 0.907189
    outer loop
      vertex 14.1893 -14.1893 25.4917
      vertex 17.7366 -17.7366 23.731
      vertex 18.8586 -16.5386 23.2525
    endloop
  endfacet
  facet normal 0.404337 -0.0658305 0.912238
    outer loop
      vertex 14.1893 -14.1893 25.4917
      vertex 18.8586 -16.5386 23.2525
      vertex 15.0869 -13.2309 25.1629
    endloop
  endfacet
  facet normal 0.412563 -0.054743 0.909283
    outer loop
      vertex 15.0869 -13.2309 25.1629
      vertex 18.8586 -16.5386 23.2525
      vertex 19.8999 -15.2698 22.8564
    endloop
  endfacet
  facet normal 0.399834 -0.0882401 0.91233
    outer loop
      vertex 15.0869 -13.2309 25.1629
      vertex 19.8999 -15.2698 22.8564
      vertex 15.92 -12.2158 24.896
    endloop
  endfacet
  facet normal 0.403435 -0.082827 0.911252
    outer loop
      vertex 15.92 -12.2158 24.896
      vertex 19.8999 -15.2698 22.8564
      vertex 20.856 -13.9356 22.5544
    endloop
  endfacet
  facet normal 0.394018 -0.11133 0.912335
    outer loop
      vertex 15.92 -12.2158 24.896
      vertex 20.856 -13.9356 22.5544
      vertex 16.6848 -11.1484 24.696
    endloop
  endfacet
  facet normal 0.392141 -0.114463 0.912756
    outer loop
      vertex 16.6848 -11.1484 24.696
      vertex 20.856 -13.9356 22.5544
      vertex 21.7228 -12.5417 22.3568
    endloop
  endfacet
  facet normal 0.386429 -0.134596 0.912445
    outer loop
      vertex 16.6848 -11.1484 24.696
      vertex 21.7228 -12.5417 22.3568
      vertex 17.3782 -10.0333 24.5668
    endloop
  endfacet
  facet normal 0.37889 -0.148535 0.913444
    outer loop
      vertex 17.3782 -10.0333 24.5668
      vertex 21.7228 -12.5417 22.3568
      vertex 22.4966 -11.0941 22.2713
    endloop
  endfacet
  facet normal 0.376725 -0.157624 0.912816
    outer loop
      vertex 17.3782 -10.0333 24.5668
      vertex 22.4966 -11.0941 22.2713
      vertex 17.9972 -8.87526 24.5113
    endloop
  endfacet
  facet normal 0.364188 -0.183335 0.913102
    outer loop
      vertex 17.9972 -8.87526 24.5113
      vertex 22.4966 -11.0941 22.2713
      vertex 23.174 -9.59898 22.3013
    endloop
  endfacet
  facet normal 0.364803 -0.180129 0.913494
    outer loop
      vertex 17.9972 -8.87526 24.5113
      vertex 23.174 -9.59898 22.3013
      vertex 18.5392 -7.67918 24.5307
    endloop
  endfacet
  facet normal 0.348741 -0.216907 0.911773
    outer loop
      vertex 18.5392 -7.67918 24.5307
      vertex 23.174 -9.59898 22.3013
      vertex 23.7522 -8.06277 22.4456
    endloop
  endfacet
  facet normal 0.350887 -0.20194 0.914384
    outer loop
      vertex 18.5392 -7.67918 24.5307
      vertex 23.7522 -8.06277 22.4456
      vertex 19.0017 -6.45022 24.6246
    endloop
  endfacet
  facet normal 0.333283 -0.247539 0.909751
    outer loop
      vertex 19.0017 -6.45022 24.6246
      vertex 23.7522 -8.06277 22.4456
      vertex 24.2286 -6.49204 22.6984
    endloop
  endfacet
  facet normal 0.335515 -0.222936 0.915275
    outer loop
      vertex 19.0017 -6.45022 24.6246
      vertex 24.2286 -6.49204 22.6984
      vertex 19.3829 -5.19364 24.791
    endloop
  endfacet
  facet normal 0.318413 -0.274144 0.907446
    outer loop
      vertex 19.3829 -5.19364 24.791
      vertex 24.2286 -6.49204 22.6984
      vertex 24.6014 -4.89352 23.0505
    endloop
  endfacet
  facet normal 0.319448 -0.242991 0.915919
    outer loop
      vertex 19.3829 -5.19364 24.791
      vertex 24.6014 -4.89352 23.0505
      vertex 19.6811 -3.91481 25.0262
    endloop
  endfacet
  facet normal 0.304538 -0.296356 0.905224
    outer loop
      vertex 19.6811 -3.91481 25.0262
      vertex 24.6014 -4.89352 23.0505
      vertex 24.8687 -3.27403 23.4908
    endloop
  endfacet
  facet normal 0.303511 -0.261951 0.916113
    outer loop
      vertex 19.6811 -3.91481 25.0262
      vertex 24.8687 -3.27403 23.4908
      vertex 19.895 -2.61923 25.3258
    endloop
  endfacet
  facet normal 0.291885 -0.314379 0.90331
    outer loop
      vertex 19.895 -2.61923 25.3258
      vertex 24.8687 -3.27403 23.4908
      vertex 25.0296 -1.64053 24.0073
    endloop
  endfacet
  facet normal 0.288459 -0.279649 0.915745
    outer loop
      vertex 19.895 -2.61923 25.3258
      vertex 25.0296 -1.64053 24.0073
      vertex 20.0237 -1.31242 25.6844
    endloop
  endfacet
  facet normal 0.280564 -0.328742 0.901783
    outer loop
      vertex 20.0237 -1.31242 25.6844
      vertex 25.0296 -1.64053 24.0073
      vertex 25.0833 0 24.5886
    endloop
  endfacet
  facet normal 0.274874 -0.295936 0.914804
    outer loop
      vertex 20.0237 -1.31242 25.6844
      vertex 25.0833 0 24.5886
      vertex 20.0667 0 26.096
    endloop
  endfacet
  facet normal 0.203795 -0.375062 0.904321
    outer loop
      vertex 25.0833 0 24.5886
      vertex 30.1 0 23.4581
      vertex 30.0356 1.96863 24.2891
    endloop
  endfacet
  facet normal 0.194142 -0.348874 0.91684
    outer loop
      vertex 25.0833 0 24.5886
      vertex 30.0356 1.96863 24.2891
      vertex 25.0296 1.64053 25.2243
    endloop
  endfacet
  facet normal 0.193838 -0.382172 0.903533
    outer loop
      vertex 25.0296 1.64053 25.2243
      vertex 30.0356 1.96863 24.2891
      vertex 29.8425 3.92884 25.1596
    endloop
  endfacet
  facet normal 0.184577 -0.362409 0.913559
    outer loop
      vertex 25.0296 1.64053 25.2243
      vertex 29.8425 3.92884 25.1596
      vertex 24.8687 3.27403 25.9048
    endloop
  endfacet
  facet normal 0.186292 -0.387739 0.902748
    outer loop
      vertex 24.8687 3.27403 25.9048
      vertex 29.8425 3.92884 25.1596
      vertex 29.5216 5.87222 26.0606
    endloop
  endfacet
  facet normal 0.178199 -0.373697 0.910272
    outer loop
      vertex 24.8687 3.27403 25.9048
      vertex 29.5216 5.87222 26.0606
      vertex 24.6014 4.89352 26.622
    endloop
  endfacet
  facet normal 0.180926 -0.392207 0.901909
    outer loop
      vertex 24.6014 4.89352 26.622
      vertex 29.5216 5.87222 26.0606
      vertex 29.0744 7.79045 26.9844
    endloop
  endfacet
  facet normal 0.174564 -0.383031 0.907091
    outer loop
      vertex 24.6014 4.89352 26.622
      vertex 29.0744 7.79045 26.9844
      vertex 24.2286 6.49204 27.3687
    endloop
  endfacet
  facet normal 0.177516 -0.395854 0.900992
    outer loop
      vertex 24.2286 6.49204 27.3687
      vertex 29.0744 7.79045 26.9844
      vertex 28.5026 9.67533 27.9252
    endloop
  endfacet
  facet normal 0.173255 -0.390672 0.904079
    outer loop
      vertex 24.2286 6.49204 27.3687
      vertex 28.5026 9.67533 27.9252
      vertex 23.7522 8.06277 28.1388
    endloop
  endfacet
  facet normal 0.175848 -0.398853 0.899996
    outer loop
      vertex 23.7522 8.06277 28.1388
      vertex 28.5026 9.67533 27.9252
      vertex 27.8088 11.5188 28.8777
    endloop
  endfacet
  facet normal 0.173901 -0.396839 0.901264
    outer loop
      vertex 23.7522 8.06277 28.1388
      vertex 27.8088 11.5188 28.8777
      vertex 23.174 9.59898 28.9267
    endloop
  endfacet
  facet normal 0.175728 -0.401308 0.898928
    outer loop
      vertex 23.174 9.59898 28.9267
      vertex 27.8088 11.5188 28.8777
      vertex 26.9959 13.3129 29.8376
    endloop
  endfacet
  facet normal 0.176184 -0.401712 0.898658
    outer loop
      vertex 23.174 9.59898 28.9267
      vertex 26.9959 13.3129 29.8376
      vertex 22.4966 11.0941 29.7279
    endloop
  endfacet
  facet normal 0.176979 -0.40328 0.897799
    outer loop
      vertex 22.4966 11.0941 29.7279
      vertex 26.9959 13.3129 29.8376
      vertex 26.0674 15.05 30.8009
    endloop
  endfacet
  facet normal 0.179833 -0.405439 0.896258
    outer loop
      vertex 22.4966 11.0941 29.7279
      vertex 26.0674 15.05 30.8009
      vertex 21.7228 12.5417 30.538
    endloop
  endfacet
  facet normal 0.179445 -0.404805 0.896623
    outer loop
      vertex 21.7228 12.5417 30.538
      vertex 26.0674 15.05 30.8009
      vertex 25.0272 16.7227 31.7643
    endloop
  endfacet
  facet normal 0.184621 -0.408143 0.894055
    outer loop
      vertex 21.7228 12.5417 30.538
      vertex 25.0272 16.7227 31.7643
      vertex 20.856 13.9356 31.3533
    endloop
  endfacet
  facet normal 0.182988 -0.405898 0.895412
    outer loop
      vertex 20.856 13.9356 31.3533
      vertex 25.0272 16.7227 31.7643
      vertex 23.8799 18.3237 32.7245
    endloop
  endfacet
  facet normal 0.190355 -0.409921 0.892037
    outer loop
      vertex 20.856 13.9356 31.3533
      vertex 23.8799 18.3237 32.7245
      vertex 19.8999 15.2698 32.1704
    endloop
  endfacet
  facet normal 0.187484 -0.406568 0.894177
    outer loop
      vertex 19.8999 15.2698 32.1704
      vertex 23.8799 18.3237 32.7245
      vertex 22.6304 19.8463 33.6788
    endloop
  endfacet
  facet normal 0.196873 -0.410855 0.89019
    outer loop
      vertex 19.8999 15.2698 32.1704
      vertex 22.6304 19.8463 33.6788
      vertex 18.8586 16.5386 32.9863
    endloop
  endfacet
  facet normal 0.192825 -0.406812 0.892929
    outer loop
      vertex 18.8586 16.5386 32.9863
      vertex 22.6304 19.8463 33.6788
      vertex 21.2839 21.2839 34.6245
    endloop
  endfacet
  facet normal 0.204037 -0.411014 0.888502
    outer loop
      vertex 18.8586 16.5386 32.9863
      vertex 21.2839 21.2839 34.6245
      vertex 17.7366 17.7366 33.7982
    endloop
  endfacet
  facet normal 0.19891 -0.406627 0.891678
    outer loop
      vertex 17.7366 17.7366 33.7982
      vertex 21.2839 21.2839 34.6245
      vertex 19.8463 22.6304 35.5592
    endloop
  endfacet
  facet normal 0.211731 -0.410456 0.886959
    outer loop
      vertex 17.7366 17.7366 33.7982
      vertex 19.8463 22.6304 35.5592
      vertex 16.5386 18.8586 34.6034
    endloop
  endfacet
  facet normal 0.205654 -0.406006 0.89043
    outer loop
      vertex 16.5386 18.8586 34.6034
      vertex 19.8463 22.6304 35.5592
      vertex 18.3237 23.8799 36.4806
    endloop
  endfacet
  facet normal 0.219853 -0.409229 0.885548
    outer loop
      vertex 16.5386 18.8586 34.6034
      vertex 18.3237 23.8799 36.4806
      vertex 15.2698 19.8999 35.3996
    endloop
  endfacet
  facet normal 0.212975 -0.404941 0.889193
    outer loop
      vertex 15.2698 19.8999 35.3996
      vertex 18.3237 23.8799 36.4806
      vertex 16.7227 25.0272 37.3866
    endloop
  endfacet
  facet normal 0.228318 -0.407377 0.884259
    outer loop
      vertex 15.2698 19.8999 35.3996
      vertex 16.7227 25.0272 37.3866
      vertex 13.9356 20.856 36.1846
    endloop
  endfacet
  facet normal 0.220801 -0.403424 0.887973
    outer loop
      vertex 13.9356 20.856 36.1846
      vertex 16.7227 25.0272 37.3866
      vertex 15.05 26.0674 38.2751
    endloop
  endfacet
  facet normal 0.237052 -0.404937 0.883081
    outer loop
      vertex 13.9356 20.856 36.1846
      vertex 15.05 26.0674 38.2751
      vertex 12.5417 21.7228 36.9562
    endloop
  endfacet
  facet normal 0.229065 -0.401447 0.886775
    outer loop
      vertex 12.5417 21.7228 36.9562
      vertex 15.05 26.0674 38.2751
      vertex 13.3129 26.9959 39.1441
    endloop
  endfacet
  facet normal 0.245989 -0.401943 0.882004
    outer loop
      vertex 12.5417 21.7228 36.9562
      vertex 13.3129 26.9959 39.1441
      vertex 11.0941 22.4966 37.7126
    endloop
  endfacet
  facet normal 0.237705 -0.399003 0.885603
    outer loop
      vertex 11.0941 22.4966 37.7126
      vertex 13.3129 26.9959 39.1441
      vertex 11.5188 27.8088 39.9919
    endloop
  endfacet
  facet normal 0.255073 -0.398424 0.88102
    outer loop
      vertex 11.0941 22.4966 37.7126
      vertex 11.5188 27.8088 39.9919
      vertex 9.59898 23.174 38.4518
    endloop
  endfacet
  facet normal 0.246663 -0.396085 0.884462
    outer loop
      vertex 9.59898 23.174 38.4518
      vertex 11.5188 27.8088 39.9919
      vertex 9.67533 28.5026 40.8168
    endloop
  endfacet
  facet normal 0.264255 -0.39441 0.880119
    outer loop
      vertex 9.59898 23.174 38.4518
      vertex 9.67533 28.5026 40.8168
      vertex 8.06277 23.7522 39.1721
    endloop
  endfacet
  facet normal 0.255886 -0.392689 0.883356
    outer loop
      vertex 8.06277 23.7522 39.1721
      vertex 9.67533 28.5026 40.8168
      vertex 7.79045 29.0744 41.6169
    endloop
  endfacet
  facet normal 0.273493 -0.389923 0.879296
    outer loop
      vertex 8.06277 23.7522 39.1721
      vertex 7.79045 29.0744 41.6169
      vertex 6.49204 24.2286 39.872
    endloop
  endfacet
  facet normal 0.265323 -0.388811 0.882286
    outer loop
      vertex 6.49204 24.2286 39.872
      vertex 7.79045 29.0744 41.6169
      vertex 5.87222 29.5216 42.3909
    endloop
  endfacet
  facet normal 0.282747 -0.384989 0.878543
    outer loop
      vertex 6.49204 24.2286 39.872
      vertex 5.87222 29.5216 42.3909
      vertex 4.89352 24.6014 40.5498
    endloop
  endfacet
  facet normal 0.274926 -0.384449 0.881257
    outer loop
      vertex 4.89352 24.6014 40.5498
      vertex 5.87222 29.5216 42.3909
      vertex 3.92884 29.8425 43.1371
    endloop
  endfacet
  facet normal 0.291985 -0.379629 0.877854
    outer loop
      vertex 4.89352 24.6014 40.5498
      vertex 3.92884 29.8425 43.1371
      vertex 3.27403 24.8687 41.204
    endloop
  endfacet
  facet normal 0.284648 -0.379603 0.880271
    outer loop
      vertex 3.27403 24.8687 41.204
      vertex 3.92884 29.8425 43.1371
      vertex 1.96863 30.0356 43.8543
    endloop
  endfacet
  facet normal 0.301177 -0.373863 0.877222
    outer loop
      vertex 3.27403 24.8687 41.204
      vertex 1.96863 30.0356 43.8543
      vertex 1.64053 25.0296 41.8334
    endloop
  endfacet
  facet normal 0.294446 -0.374272 0.87933
    outer loop
      vertex 1.64053 25.0296 41.8334
      vertex 1.96863 30.0356 43.8543
      vertex 1.84309e-15 30.1 44.5409
    endloop
  endfacet
  facet normal 0.310297 -0.36771 0.876645
    outer loop
      vertex 1.64053 25.0296 41.8334
      vertex 1.84309e-15 30.1 44.5409
      vertex 1.53591e-15 25.0833 42.4366
    endloop
  endfacet
  facet normal 0.304278 -0.368461 0.878437
    outer loop
      vertex 1.53591e-15 25.0833 42.4366
      vertex 1.84309e-15 30.1 44.5409
      vertex -1.96863 30.0356 45.1958
    endloop
  endfacet
  facet normal 0.319322 -0.361188 0.876115
    outer loop
      vertex 1.53591e-15 25.0833 42.4366
      vertex -1.96863 30.0356 45.1958
      vertex -1.64053 25.0296 43.0124
    endloop
  endfacet
  facet normal 0.314105 -0.362174 0.877592
    outer loop
      vertex -1.64053 25.0296 43.0124
      vertex -1.96863 30.0356 45.1958
      vertex -3.92884 29.8425 45.8177
    endloop
  endfacet
  facet normal 0.328231 -0.354313 0.875629
    outer loop
      vertex -1.64053 25.0296 43.0124
      vertex -3.92884 29.8425 45.8177
      vertex -3.27403 24.8687 43.5597
    endloop
  endfacet
  facet normal 0.323889 -0.355416 0.876799
    outer loop
      vertex -3.27403 24.8687 43.5597
      vertex -3.92884 29.8425 45.8177
      vertex -5.87222 29.5216 46.4055
    endloop
  endfacet
  facet normal 0.337008 -0.347102 0.875183
    outer loop
      vertex -3.27403 24.8687 43.5597
      vertex -5.87222 29.5216 46.4055
      vertex -4.89352 24.6014 44.0772
    endloop
  endfacet
  facet normal 0.333592 -0.348195 0.876057
    outer loop
      vertex -4.89352 24.6014 44.0772
      vertex -5.87222 29.5216 46.4055
      vertex -7.79045 29.0744 46.9582
    endloop
  endfacet
  facet normal 0.345634 -0.33957 0.874774
    outer loop
      vertex -4.89352 24.6014 44.0772
      vertex -7.79045 29.0744 46.9582
      vertex -6.49204 24.2286 44.5641
    endloop
  endfacet
  facet normal 0.34318 -0.340522 0.87537
    outer loop
      vertex -6.49204 24.2286 44.5641
      vertex -7.79045 29.0744 46.9582
      vertex -9.67533 28.5026 47.4747
    endloop
  endfacet
  facet normal 0.354096 -0.33173 0.874398
    outer loop
      vertex -6.49204 24.2286 44.5641
      vertex -9.67533 28.5026 47.4747
      vertex -8.06277 23.7522 45.0195
    endloop
  endfacet
  facet normal 0.35262 -0.332406 0.874737
    outer loop
      vertex -8.06277 23.7522 45.0195
      vertex -9.67533 28.5026 47.4747
      vertex -11.5188 27.8088 47.9542
    endloop
  endfacet
  facet normal 0.36238 -0.323595 0.874052
    outer loop
      vertex -8.06277 23.7522 45.0195
      vertex -11.5188 27.8088 47.9542
      vertex -9.59898 23.174 45.4423
    endloop
  endfacet
  facet normal 0.36188 -0.323862 0.874161
    outer loop
      vertex -9.59898 23.174 45.4423
      vertex -11.5188 27.8088 47.9542
      vertex -13.3129 26.9959 48.3957
    endloop
  endfacet
  facet normal 0.370475 -0.315179 0.873734
    outer loop
      vertex -9.59898 23.174 45.4423
      vertex -13.3129 26.9959 48.3957
      vertex -11.0941 22.4966 45.8319
    endloop
  endfacet
  facet normal 0.370929 -0.314902 0.873641
    outer loop
      vertex -11.0941 22.4966 45.8319
      vertex -13.3129 26.9959 48.3957
      vertex -15.05 26.0674 48.7986
    endloop
  endfacet
  facet normal 0.37837 -0.306492 0.873441
    outer loop
      vertex -11.0941 22.4966 45.8319
      vertex -15.05 26.0674 48.7986
      vertex -12.5417 21.7228 46.1875
    endloop
  endfacet
  facet normal 0.379739 -0.305545 0.873179
    outer loop
      vertex -12.5417 21.7228 46.1875
      vertex -15.05 26.0674 48.7986
      vertex -16.7227 25.0272 49.162
    endloop
  endfacet
  facet normal 0.386054 -0.297547 0.873171
    outer loop
      vertex -12.5417 21.7228 46.1875
      vertex -16.7227 25.0272 49.162
      vertex -13.9356 20.856 46.5084
    endloop
  endfacet
  facet normal 0.388283 -0.295806 0.872775
    outer loop
      vertex -13.9356 20.856 46.5084
      vertex -16.7227 25.0272 49.162
      vertex -18.3237 23.8799 49.4855
    endloop
  endfacet
  facet normal 0.393519 -0.288353 0.872923
    outer loop
      vertex -13.9356 20.856 46.5084
      vertex -18.3237 23.8799 49.4855
      vertex -15.2698 19.8999 46.794
    endloop
  endfacet
  facet normal 0.396535 -0.285704 0.872429
    outer loop
      vertex -15.2698 19.8999 46.794
      vertex -18.3237 23.8799 49.4855
      vertex -19.8463 22.6304 49.7683
    endloop
  endfacet
  facet normal 0.400756 -0.27892 0.872696
    outer loop
      vertex -15.2698 19.8999 46.794
      vertex -19.8463 22.6304 49.7683
      vertex -16.5386 18.8586 47.0439
    endloop
  endfacet
  facet normal 0.404473 -0.275261 0.872143
    outer loop
      vertex -16.5386 18.8586 47.0439
      vertex -19.8463 22.6304 49.7683
      vertex -21.2839 21.2839 50.0101
    endloop
  endfacet
  facet normal 0.407756 -0.269259 0.872488
    outer loop
      vertex -16.5386 18.8586 47.0439
      vertex -21.2839 21.2839 50.0101
      vertex -17.7366 17.7366 47.2575
    endloop
  endfacet
  facet normal 0.412073 -0.264497 0.871916
    outer loop
      vertex -17.7366 17.7366 47.2575
      vertex -21.2839 21.2839 50.0101
      vertex -22.6304 19.8463 50.2103
    endloop
  endfacet
  facet normal 0.414511 -0.259378 0.872298
    outer loop
      vertex -17.7366 17.7366 47.2575
      vertex -22.6304 19.8463 50.2103
      vertex -18.8586 16.5386 47.4345
    endloop
  endfacet
  facet normal 0.419317 -0.253436 0.871747
    outer loop
      vertex -18.8586 16.5386 47.4345
      vertex -22.6304 19.8463 50.2103
      vertex -23.8799 18.3237 50.3687
    endloop
  endfacet
  facet normal 0.421013 -0.249287 0.872126
    outer loop
      vertex -18.8586 16.5386 47.4345
      vertex -23.8799 18.3237 50.3687
      vertex -19.8999 15.2698 47.5745
    endloop
  endfacet
  facet normal 0.426186 -0.2421 0.871638
    outer loop
      vertex -19.8999 15.2698 47.5745
      vertex -23.8799 18.3237 50.3687
      vertex -25.0272 16.7227 50.485
    endloop
  endfacet
  facet normal 0.427255 -0.238995 0.871972
    outer loop
      vertex -19.8999 15.2698 47.5745
      vertex -25.0272 16.7227 50.485
      vertex -20.856 13.9356 47.6772
    endloop
  endfacet
  facet normal 0.432663 -0.230514 0.871588
    outer loop
      vertex -20.856 13.9356 47.6772
      vertex -25.0272 16.7227 50.485
      vertex -26.0674 15.05 50.5589
    endloop
  endfacet
  facet normal 0.433228 -0.22851 0.871835
    outer loop
      vertex -20.856 13.9356 47.6772
      vertex -26.0674 15.05 50.5589
      vertex -21.7228 12.5417 47.7426
    endloop
  endfacet
  facet normal 0.438735 -0.218705 0.871596
    outer loop
      vertex -21.7228 12.5417 47.7426
      vertex -26.0674 15.05 50.5589
      vertex -26.9959 13.3129 50.5904
    endloop
  endfacet
  facet normal 0.438925 -0.217843 0.871716
    outer loop
      vertex -21.7228 12.5417 47.7426
      vertex -26.9959 13.3129 50.5904
      vertex -22.4966 11.0941 47.7705
    endloop
  endfacet
  facet normal 0.444388 -0.206698 0.871662
    outer loop
      vertex -22.4966 11.0941 47.7705
      vertex -26.9959 13.3129 50.5904
      vertex -27.8088 11.5188 50.5794
    endloop
  endfacet
  facet normal 0.444339 -0.207001 0.871616
    outer loop
      vertex -22.4966 11.0941 47.7705
      vertex -27.8088 11.5188 50.5794
      vertex -23.174 9.59898 47.7607
    endloop
  endfacet
  facet normal 0.449612 -0.194521 0.871786
    outer loop
      vertex -23.174 9.59898 47.7607
      vertex -27.8088 11.5188 50.5794
      vertex -28.5026 9.67533 50.5259
    endloop
  endfacet
  facet normal 0.44946 -0.195995 0.871534
    outer loop
      vertex -23.174 9.59898 47.7607
      vertex -28.5026 9.67533 50.5259
      vertex -23.7522 8.06277 47.7134
    endloop
  endfacet
  facet normal 0.454398 -0.182201 0.871966
    outer loop
      vertex -23.7522 8.06277 47.7134
      vertex -28.5026 9.67533 50.5259
      vertex -29.0744 7.79045 50.43
    endloop
  endfacet
  facet normal 0.454281 -0.184835 0.871473
    outer loop
      vertex -23.7522 8.06277 47.7134
      vertex -29.0744 7.79045 50.43
      vertex -24.2286 6.49204 47.6287
    endloop
  endfacet
  facet normal 0.458741 -0.169766 0.872202
    outer loop
      vertex -24.2286 6.49204 47.6287
      vertex -29.0744 7.79045 50.43
      vertex -29.5216 5.87222 50.2919
    endloop
  endfacet
  facet normal 0.458795 -0.173531 0.871432
    outer loop
      vertex -24.2286 6.49204 47.6287
      vertex -29.5216 5.87222 50.2919
      vertex -24.6014 4.89352 47.5066
    endloop
  endfacet
  facet normal 0.462634 -0.157244 0.872493
    outer loop
      vertex -24.6014 4.89352 47.5066
      vertex -29.5216 5.87222 50.2919
      vertex -29.8425 3.92884 50.1118
    endloop
  endfacet
  facet normal 0.462992 -0.162094 0.871415
    outer loop
      vertex -24.6014 4.89352 47.5066
      vertex -29.8425 3.92884 50.1118
      vertex -24.8687 3.27403 47.3474
    endloop
  endfacet
  facet normal 0.466077 -0.144664 0.872837
    outer loop
      vertex -24.8687 3.27403 47.3474
      vertex -29.8425 3.92884 50.1118
      vertex -30.0356 1.96863 49.89
    endloop
  endfacet
  facet normal 0.466864 -0.150537 0.871422
    outer loop
      vertex -24.8687 3.27403 47.3474
      vertex -30.0356 1.96863 49.89
      vertex -25.0296 1.64053 47.1514
    endloop
  endfacet
  facet normal 0.469067 -0.132055 0.873234
    outer loop
      vertex -25.0296 1.64053 47.1514
      vertex -30.0356 1.96863 49.89
      vertex -30.1 3.68619e-15 49.6269
    endloop
  endfacet
  facet normal 0.470404 -0.138871 0.871456
    outer loop
      vertex -25.0296 1.64053 47.1514
      vertex -30.1 3.68619e-15 49.6269
      vertex -25.0833 3.07182e-15 46.919
    endloop
  endfacet
  facet normal 0.471606 -0.119446 0.873682
    outer loop
      vertex -25.0833 3.07182e-15 46.919
      vertex -30.1 3.68619e-15 49.6269
      vertex -30.0356 -1.96863 49.323
    endloop
  endfacet
  facet normal 0.473602 -0.127112 0.871518
    outer loop
      vertex -25.0833 3.07182e-15 46.919
      vertex -30.0356 -1.96863 49.323
      vertex -25.0296 -1.64053 46.6505
    endloop
  endfacet
  facet normal 0.473697 -0.106865 0.87418
    outer loop
      vertex -25.0296 -1.64053 46.6505
      vertex -30.0356 -1.96863 49.323
      vertex -29.8425 -3.92884 48.9787
    endloop
  endfacet
  facet normal 0.476452 -0.115274 0.871611
    outer loop
      vertex -25.0296 -1.64053 46.6505
      vertex -29.8425 -3.92884 48.9787
      vertex -24.8687 -3.27403 46.3465
    endloop
  endfacet
  facet normal 0.475345 -0.0943401 0.874727
    outer loop
      vertex -24.8687 -3.27403 46.3465
      vertex -29.8425 -3.92884 48.9787
      vertex -29.5216 -5.87222 48.5948
    endloop
  endfacet
  facet normal 0.478945 -0.103374 0.871737
    outer loop
      vertex -24.8687 -3.27403 46.3465
      vertex -29.5216 -5.87222 48.5948
      vertex -24.6014 -4.89352 46.0076
    endloop
  endfacet
  facet normal 0.476558 -0.0819008 0.87532
    outer loop
      vertex -24.6014 -4.89352 46.0076
      vertex -29.5216 -5.87222 48.5948
      vertex -29.0744 -7.79045 48.1718
    endloop
  endfacet
  facet normal 0.481073 -0.0914286 0.8719
    outer loop
      vertex -24.6014 -4.89352 46.0076
      vertex -29.0744 -7.79045 48.1718
      vertex -24.2286 -6.49204 45.6343
    endloop
  endfacet
  facet normal 0.477343 -0.0695748 0.875958
    outer loop
      vertex -24.2286 -6.49204 45.6343
      vertex -29.0744 -7.79045 48.1718
      vertex -28.5026 -9.67533 47.7105
    endloop
  endfacet
  facet normal 0.482831 -0.0794581 0.872101
    outer loop
      vertex -24.2286 -6.49204 45.6343
      vertex -28.5026 -9.67533 47.7105
      vertex -23.7522 -8.06277 45.2274
    endloop
  endfacet
  facet normal 0.477712 -0.0573899 0.87664
    outer loop
      vertex -23.7522 -8.06277 45.2274
      vertex -28.5026 -9.67533 47.7105
      vertex -27.8088 -11.5188 47.2117
    endloop
  endfacet
  facet normal 0.48421 -0.067483 0.872346
    outer loop
      vertex -23.7522 -8.06277 45.2274
      vertex -27.8088 -11.5188 47.2117
      vertex -23.174 -9.59898 44.7876
    endloop
  endfacet
  facet normal 0.477676 -0.0453738 0.877363
    outer loop
      vertex -23.174 -9.59898 44.7876
      vertex -27.8088 -11.5188 47.2117
      vertex -26.9959 -13.3129 46.6764
    endloop
  endfacet
  facet normal 0.485206 -0.0555263 0.872635
    outer loop
      vertex -23.174 -9.59898 44.7876
      vertex -26.9959 -13.3129 46.6764
      vertex -22.4966 -11.0941 44.3158
    endloop
  endfacet
  facet normal 0.477251 -0.0335535 0.878126
    outer loop
      vertex -22.4966 -11.0941 44.3158
      vertex -26.9959 -13.3129 46.6764
      vertex -26.0674 -15.05 46.1054
    endloop
  endfacet
  facet normal 0.485812 -0.0436124 0.872974
    outer loop
      vertex -22.4966 -11.0941 44.3158
      vertex -26.0674 -15.05 46.1054
      vertex -21.7228 -12.5417 43.8129
    endloop
  endfacet
  facet normal 0.47645 -0.0219559 0.878927
    outer loop
      vertex -21.7228 -12.5417 43.8129
      vertex -26.0674 -15.05 46.1054
      vertex -25.0272 -16.7227 45.4997
    endloop
  endfacet
  facet normal 0.486027 -0.0317682 0.873366
    outer loop
      vertex -21.7228 -12.5417 43.8129
      vertex -25.0272 -16.7227 45.4997
      vertex -20.856 -13.9356 43.2799
    endloop
  endfacet
  facet normal 0.475292 -0.0106076 0.879764
    outer loop
      vertex -20.856 -13.9356 43.2799
      vertex -25.0272 -16.7227 45.4997
      vertex -23.8799 -18.3237 44.8606
    endloop
  endfacet
  facet normal 0.485845 -0.0200226 0.873815
    outer loop
      vertex -20.856 -13.9356 43.2799
      vertex -23.8799 -18.3237 44.8606
      vertex -19.8999 -15.2698 42.7177
    endloop
  endfacet
  facet normal 0.473796 0.000465115 0.880634
    outer loop
      vertex -19.8999 -15.2698 42.7177
      vertex -23.8799 -18.3237 44.8606
      vertex -22.6304 -19.8463 44.1891
    endloop
  endfacet
  facet normal 0.485267 -0.00840702 0.874326
    outer loop
      vertex -19.8999 -15.2698 42.7177
      vertex -22.6304 -19.8463 44.1891
      vertex -18.8586 -16.5386 42.1276
    endloop
  endfacet
  facet normal 0.471982 0.0112362 0.881537
    outer loop
      vertex -18.8586 -16.5386 42.1276
      vertex -22.6304 -19.8463 44.1891
      vertex -21.2839 -21.2839 43.4865
    endloop
  endfacet
  facet normal 0.484292 0.00304451 0.874901
    outer loop
      vertex -18.8586 -16.5386 42.1276
      vertex -21.2839 -21.2839 43.4865
      vertex -17.7366 -17.7366 41.5106
    endloop
  endfacet
  facet normal 0.469872 0.0216794 0.882468
    outer loop
      vertex -17.7366 -17.7366 41.5106
      vertex -21.2839 -21.2839 43.4865
      vertex -19.8463 -22.6304 42.7542
    endloop
  endfacet
  facet normal 0.482921 0.0142951 0.875547
    outer loop
      vertex -17.7366 -17.7366 41.5106
      vertex -19.8463 -22.6304 42.7542
      vertex -16.5386 -18.8586 40.8682
    endloop
  endfacet
  facet normal 0.46749 0.0317688 0.883428
    outer loop
      vertex -16.5386 -18.8586 40.8682
      vertex -19.8463 -22.6304 42.7542
      vertex -18.3237 -23.8799 41.9934
    endloop
  endfacet
  facet normal 0.481159 0.0253047 0.876268
    outer loop
      vertex -16.5386 -18.8586 40.8682
      vertex -18.3237 -23.8799 41.9934
      vertex -15.2698 -19.8999 40.2015
    endloop
  endfacet
  facet normal 0.46486 0.0414777 0.884412
    outer loop
      vertex -15.2698 -19.8999 40.2015
      vertex -18.3237 -23.8799 41.9934
      vertex -16.7227 -25.0272 41.2057
    endloop
  endfacet
  facet normal 0.479012 0.0360297 0.877069
    outer loop
      vertex -15.2698 -19.8999 40.2015
      vertex -16.7227 -25.0272 41.2057
      vertex -13.9356 -20.856 39.5121
    endloop
  endfacet
  facet normal 0.462011 0.0507792 0.885419
    outer loop
      vertex -13.9356 -20.856 39.5121
      vertex -16.7227 -25.0272 41.2057
      vertex -15.05 -26.0674 40.3925
    endloop
  endfacet
  facet normal 0.476487 0.0464226 0.877955
    outer loop
      vertex -13.9356 -20.856 39.5121
      vertex -15.05 -26.0674 40.3925
      vertex -12.5417 -21.7228 38.8015
    endloop
  endfacet
  facet normal 0.458971 0.0596455 0.886447
    outer loop
      vertex -12.5417 -21.7228 38.8015
      vertex -15.05 -26.0674 40.3925
      vertex -13.3129 -26.9959 39.5556
    endloop
  endfacet
  facet normal 0.473596 0.0564317 0.878932
    outer loop
      vertex -12.5417 -21.7228 38.8015
      vertex -13.3129 -26.9959 39.5556
      vertex -11.0941 -22.4966 38.0711
    endloop
  endfacet
  facet normal 0.455769 0.0680473 0.887493
    outer loop
      vertex -11.0941 -22.4966 38.0711
      vertex -13.3129 -26.9959 39.5556
      vertex -11.5188 -27.8088 38.6965
    endloop
  endfacet
  facet normal 0.470354 0.066 0.880007
    outer loop
      vertex -11.0941 -22.4966 38.0711
      vertex -11.5188 -27.8088 38.6965
      vertex -9.59898 -23.174 37.3228
    endloop
  endfacet
  facet normal 0.452439 0.075954 0.888555
    outer loop
      vertex -9.59898 -23.174 37.3228
      vertex -11.5188 -27.8088 38.6965
      vertex -9.67533 -28.5026 37.8172
    endloop
  endfacet
  facet normal 0.466777 0.0750647 0.881184
    outer loop
      vertex -9.59898 -23.174 37.3228
      vertex -9.67533 -28.5026 37.8172
      vertex -8.06277 -23.7522 36.5583
    endloop
  endfacet
  facet normal 0.449015 0.0833325 0.88963
    outer loop
      vertex -8.06277 -23.7522 36.5583
      vertex -9.67533 -28.5026 37.8172
      vertex -7.79045 -29.0744 36.9194
    endloop
  endfacet
  facet normal 0.462887 0.0835565 0.88247
    outer loop
      vertex -8.06277 -23.7522 36.5583
      vertex -7.79045 -29.0744 36.9194
      vertex -6.49204 -24.2286 35.7795
    endloop
  endfacet
  facet normal 0.445532 0.0901465 0.890716
    outer loop
      vertex -6.49204 -24.2286 35.7795
      vertex -7.79045 -29.0744 36.9194
      vertex -5.87222 -29.5216 36.0052
    endloop
  endfacet
  facet normal 0.45871 0.091398 0.883873
    outer loop
      vertex -6.49204 -24.2286 35.7795
      vertex -5.87222 -29.5216 36.0052
      vertex -4.89352 -24.6014 34.9885
    endloop
  endfacet
  facet normal 0.44203 0.096356 0.89181
    outer loop
      vertex -4.89352 -24.6014 34.9885
      vertex -5.87222 -29.5216 36.0052
      vertex -3.92884 -29.8425 35.0766
    endloop
  endfacet
  facet normal 0.454277 0.0985023 0.885398
    outer loop
      vertex -4.89352 -24.6014 34.9885
      vertex -3.92884 -29.8425 35.0766
      vertex -3.27403 -24.8687 34.1873
    endloop
  endfacet
  facet normal 0.43855 0.101916 0.892909
    outer loop
      vertex -3.27403 -24.8687 34.1873
      vertex -3.92884 -29.8425 35.0766
      vertex -1.96863 -30.0356 34.1359
    endloop
  endfacet
  facet normal 0.449622 0.104772 0.887053
    outer loop
      vertex -3.27403 -24.8687 34.1873
      vertex -1.96863 -30.0356 34.1359
      vertex -1.64053 -25.0296 33.3783
    endloop
  endfacet
  facet normal 0.435135 0.106774 0.894012
    outer loop
      vertex -1.64053 -25.0296 33.3783
      vertex -1.96863 -30.0356 34.1359
      vertex -5.52928e-15 -30.1 33.1854
    endloop
  endfacet
  facet normal 0.444788 0.110094 0.888844
    outer loop
      vertex -1.64053 -25.0296 33.3783
      vertex -5.52928e-15 -30.1 33.1854
      vertex -4.60773e-15 -25.0833 32.564
    endloop
  endfacet
  facet normal 0.431831 0.110871 0.895114
    outer loop
      vertex -4.60773e-15 -25.0833 32.564
      vertex -5.52928e-15 -30.1 33.1854
      vertex 1.96863 -30.0356 32.2277
    endloop
  endfacet
  facet normal 0.439822 0.114342 0.890776
    outer loop
      vertex -4.60773e-15 -25.0833 32.564
      vertex 1.96863 -30.0356 32.2277
      vertex 1.64053 -25.0296 31.7471
    endloop
  endfacet
  facet normal 0.428687 0.114134 0.896215
    outer loop
      vertex 1.64053 -25.0296 31.7471
      vertex 1.96863 -30.0356 32.2277
      vertex 3.92884 -29.8425 31.2655
    endloop
  endfacet
  facet normal 0.43478 0.117367 0.892856
    outer loop
      vertex 1.64053 -25.0296 31.7471
      vertex 3.92884 -29.8425 31.2655
      vertex 3.27403 -24.8687 30.9305
    endloop
  endfacet
  facet normal 0.425752 0.116479 0.897311
    outer loop
      vertex 3.27403 -24.8687 30.9305
      vertex 3.92884 -29.8425 31.2655
      vertex 5.87222 -29.5216 30.3018
    endloop
  endfacet
  facet normal 0.429725 0.118999 0.895084
    outer loop
      vertex 3.27403 -24.8687 30.9305
      vertex 5.87222 -29.5216 30.3018
      vertex 4.89352 -24.6014 30.1175
    endloop
  endfacet
  facet normal 0.423076 0.1178 0.898404
    outer loop
      vertex 4.89352 -24.6014 30.1175
      vertex 5.87222 -29.5216 30.3018
      vertex 7.79045 -29.0744 29.3398
    endloop
  endfacet
  facet normal 0.42473 0.119035 0.89746
    outer loop
      vertex 4.89352 -24.6014 30.1175
      vertex 7.79045 -29.0744 29.3398
      vertex 6.49204 -24.2286 29.3115
    endloop
  endfacet
  facet normal 0.420708 0.117969 0.899493
    outer loop
      vertex 6.49204 -24.2286 29.3115
      vertex 7.79045 -29.0744 29.3398
      vertex 9.67533 -28.5026 28.3832
    endloop
  endfacet
  facet normal 0.419873 0.117243 0.899978
    outer loop
      vertex 6.49204 -24.2286 29.3115
      vertex 9.67533 -28.5026 28.3832
      vertex 8.06277 -23.7522 28.5167
    endloop
  endfacet
  facet normal 0.418689 0.116823 0.900584
    outer loop
      vertex 8.06277 -23.7522 28.5167
      vertex 9.67533 -28.5026 28.3832
      vertex 11.5188 -27.8088 27.4362
    endloop
  endfacet
  facet normal 0.415244 0.113346 0.902621
    outer loop
      vertex 8.06277 -23.7522 28.5167
      vertex 11.5188 -27.8088 27.4362
      vertex 9.59898 -23.174 27.7373
    endloop
  endfacet
  facet normal 0.417048 0.114154 0.901687
    outer loop
      vertex 9.59898 -23.174 27.7373
      vertex 11.5188 -27.8088 27.4362
      vertex 13.3129 -26.9959 26.5034
    endloop
  endfacet
  facet normal 0.410936 0.107029 0.90536
    outer loop
      vertex 9.59898 -23.174 27.7373
      vertex 13.3129 -26.9959 26.5034
      vertex 11.0941 -22.4966 26.9786
    endloop
  endfacet
  facet normal 0.415788 0.10969 0.902823
    outer loop
      vertex 11.0941 -22.4966 26.9786
      vertex 13.3129 -26.9959 26.5034
      vertex 15.05 -26.0674 25.5906
    endloop
  endfacet
  facet normal 0.40704 0.097929 0.908146
    outer loop
      vertex 11.0941 -22.4966 26.9786
      vertex 15.05 -26.0674 25.5906
      vertex 12.5417 -21.7228 26.2464
    endloop
  endfacet
  facet normal 0.41487 0.103072 0.904024
    outer loop
      vertex 12.5417 -21.7228 26.2464
      vertex 15.05 -26.0674 25.5906
      vertex 16.7227 -25.0272 24.7044
    endloop
  endfacet
  facet normal 0.403636 0.0856486 0.910902
    outer loop
      vertex 12.5417 -21.7228 26.2464
      vertex 16.7227 -25.0272 24.7044
      vertex 13.9356 -20.856 25.5472
    endloop
  endfacet
  facet normal 0.414178 0.093815 0.905348
    outer loop
      vertex 13.9356 -20.856 25.5472
      vertex 16.7227 -25.0272 24.7044
      vertex 18.3237 -23.8799 23.8531
    endloop
  endfacet
  facet normal 0.400769 0.0697787 0.913518
    outer loop
      vertex 13.9356 -20.856 25.5472
      vertex 18.3237 -23.8799 23.8531
      vertex 15.2698 -19.8999 24.8889
    endloop
  endfacet
  facet normal 0.41348 0.0812594 0.90688
    outer loop
      vertex 15.2698 -19.8999 24.8889
      vertex 18.3237 -23.8799 23.8531
      vertex 19.8463 -22.6304 23.0469
    endloop
  endfacet
  facet normal 0.398409 0.0499501 0.915847
    outer loop
      vertex 15.2698 -19.8999 24.8889
      vertex 19.8463 -22.6304 23.0469
      vertex 16.5386 -18.8586 24.2801
    endloop
  endfacet
  facet normal 0.412354 0.0645041 0.908737
    outer loop
      vertex 16.5386 -18.8586 24.2801
      vertex 19.8463 -22.6304 23.0469
      vertex 21.2839 -21.2839 22.299
    endloop
  endfacet
  facet normal 0.396387 0.0259262 0.917718
    outer loop
      vertex 16.5386 -18.8586 24.2801
      vertex 21.2839 -21.2839 22.299
      vertex 17.7366 -17.7366 23.731
    endloop
  endfacet
  facet normal 0.410118 0.0423492 0.911049
    outer loop
      vertex 17.7366 -17.7366 23.731
      vertex 21.2839 -21.2839 22.299
      vertex 22.6304 -19.8463 21.626
    endloop
  endfacet
  facet normal 0.394298 -0.00225992 0.91898
    outer loop
      vertex 17.7366 -17.7366 23.731
      vertex 22.6304 -19.8463 21.626
      vertex 18.8586 -16.5386 23.2525
    endloop
  endfacet
  facet normal 0.405758 0.0133133 0.913884
    outer loop
      vertex 18.8586 -16.5386 23.2525
      vertex 22.6304 -19.8463 21.626
      vertex 23.8799 -18.3237 21.0491
    endloop
  endfacet
  facet normal 0.391389 -0.0341479 0.919591
    outer loop
      vertex 18.8586 -16.5386 23.2525
      vertex 23.8799 -18.3237 21.0491
      vertex 19.8999 -15.2698 22.8564
    endloop
  endfacet
  facet normal 0.397969 -0.0240875 0.917082
    outer loop
      vertex 19.8999 -15.2698 22.8564
      vertex 23.8799 -18.3237 21.0491
      vertex 25.0272 -16.7227 20.5933
    endloop
  endfacet
  facet normal 0.38648 -0.0687583 0.919731
    outer loop
      vertex 19.8999 -15.2698 22.8564
      vertex 25.0272 -16.7227 20.5933
      vertex 20.856 -13.9356 22.5544
    endloop
  endfacet
  facet normal 0.385451 -0.0705095 0.92003
    outer loop
      vertex 20.856 -13.9356 22.5544
      vertex 25.0272 -16.7227 20.5933
      vertex 26.0674 -15.05 20.2857
    endloop
  endfacet
  facet normal 0.378057 -0.104701 0.919843
    outer loop
      vertex 20.856 -13.9356 22.5544
      vertex 26.0674 -15.05 20.2857
      vertex 21.7228 -12.5417 22.3568
    endloop
  endfacet
  facet normal 0.367563 -0.124366 0.921646
    outer loop
      vertex 21.7228 -12.5417 22.3568
      vertex 26.0674 -15.05 20.2857
      vertex 26.9959 -13.3129 20.1498
    endloop
  endfacet
  facet normal 0.364701 -0.140536 0.920458
    outer loop
      vertex 21.7228 -12.5417 22.3568
      vertex 26.9959 -13.3129 20.1498
      vertex 22.4966 -11.0941 22.2713
    endloop
  endfacet
  facet normal 0.345043 -0.180904 0.920988
    outer loop
      vertex 22.4966 -11.0941 22.2713
      vertex 26.9959 -13.3129 20.1498
      vertex 27.8088 -11.5188 20.1976
    endloop
  endfacet
  facet normal 0.345818 -0.175187 0.921802
    outer loop
      vertex 22.4966 -11.0941 22.2713
      vertex 27.8088 -11.5188 20.1976
      vertex 23.174 -9.59898 22.3013
    endloop
  endfacet
  facet normal 0.319974 -0.233605 0.918175
    outer loop
      vertex 23.174 -9.59898 22.3013
      vertex 27.8088 -11.5188 20.1976
      vertex 28.5026 -9.67533 20.4249
    endloop
  endfacet
  facet normal 0.322224 -0.20803 0.923523
    outer loop
      vertex 23.174 -9.59898 22.3013
      vertex 28.5026 -9.67533 20.4249
      vertex 23.7522 -8.06277 22.4456
    endloop
  endfacet
  facet normal 0.294762 -0.277491 0.914393
    outer loop
      vertex 23.7522 -8.06277 22.4456
      vertex 28.5026 -9.67533 20.4249
      vertex 29.0744 -7.79045 20.8126
    endloop
  endfacet
  facet normal 0.295997 -0.238666 0.924892
    outer loop
      vertex 23.7522 -8.06277 22.4456
      vertex 29.0744 -7.79045 20.8126
      vertex 24.2286 -6.49204 22.6984
    endloop
  endfacet
  facet normal 0.271149 -0.311062 0.910889
    outer loop
      vertex 24.2286 -6.49204 22.6984
      vertex 29.0744 -7.79045 20.8126
      vertex 29.5216 -5.87222 21.3345
    endloop
  endfacet
  facet normal 0.269664 -0.266707 0.925283
    outer loop
      vertex 24.2286 -6.49204 22.6984
      vertex 29.5216 -5.87222 21.3345
      vertex 24.6014 -4.89352 23.0505
    endloop
  endfacet
  facet normal 0.250033 -0.33552 0.908245
    outer loop
      vertex 24.6014 -4.89352 23.0505
      vertex 29.5216 -5.87222 21.3345
      vertex 29.8425 -3.92884 21.9641
    endloop
  endfacet
  facet normal 0.245353 -0.291816 0.92447
    outer loop
      vertex 24.6014 -4.89352 23.0505
      vertex 29.8425 -3.92884 21.9641
      vertex 24.8687 -3.27403 23.4908
    endloop
  endfacet
  facet normal 0.231758 -0.353051 0.906445
    outer loop
      vertex 24.8687 -3.27403 23.4908
      vertex 29.8425 -3.92884 21.9641
      vertex 30.0356 -1.96863 22.6782
    endloop
  endfacet
  facet normal 0.224386 -0.313826 0.922586
    outer loop
      vertex 24.8687 -3.27403 23.4908
      vertex 30.0356 -1.96863 22.6782
      vertex 25.0296 -1.64053 24.0073
    endloop
  endfacet
  facet normal 0.216377 -0.365712 0.905227
    outer loop
      vertex 25.0296 -1.64053 24.0073
      vertex 30.0356 -1.96863 22.6782
      vertex 30.1 0 23.4581
    endloop
  endfacet
  facet normal 0.207314 -0.332776 0.919935
    outer loop
      vertex 25.0296 -1.64053 24.0073
      vertex 30.1 0 23.4581
      vertex 25.0833 0 24.5886
    endloop
  endfacet
  facet normal 0.115109 -0.39962 0.909425
    outer loop
      vertex 30.1 0 23.4581
      vertex 35.1167 0 22.8231
      vertex 35.0415 2.29674 23.8419
    endloop
  endfacet
  facet normal 0.107094 -0.383679 0.917236
    outer loop
      vertex 30.1 0 23.4581
      vertex 35.0415 2.29674 23.8419
      vertex 30.0356 1.96863 24.2891
    endloop
  endfacet
  facet normal 0.107654 -0.404679 0.9081
    outer loop
      vertex 30.0356 1.96863 24.2891
      vertex 35.0415 2.29674 23.8419
      vertex 34.8162 4.58364 24.8877
    endloop
  endfacet
  facet normal 0.101961 -0.395359 0.91285
    outer loop
      vertex 30.0356 1.96863 24.2891
      vertex 34.8162 4.58364 24.8877
      vertex 29.8425 3.92884 25.1596
    endloop
  endfacet
  facet normal 0.103427 -0.409085 0.906616
    outer loop
      vertex 29.8425 3.92884 25.1596
      vertex 34.8162 4.58364 24.8877
      vertex 34.4419 6.85092 25.9534
    endloop
  endfacet
  facet normal 0.100301 -0.404785 0.908894
    outer loop
      vertex 29.8425 3.92884 25.1596
      vertex 34.4419 6.85092 25.9534
      vertex 29.5216 5.87222 26.0606
    endloop
  endfacet
  facet normal 0.10185 -0.412993 0.905021
    outer loop
      vertex 29.5216 5.87222 26.0606
      vertex 34.4419 6.85092 25.9534
      vertex 33.9201 9.08886 27.0334
    endloop
  endfacet
  facet normal 0.101355 -0.412413 0.905341
    outer loop
      vertex 29.5216 5.87222 26.0606
      vertex 33.9201 9.08886 27.0334
      vertex 29.0744 7.79045 26.9844
    endloop
  endfacet
  facet normal 0.102461 -0.416468 0.903358
    outer loop
      vertex 29.0744 7.79045 26.9844
      vertex 33.9201 9.08886 27.0334
      vertex 33.253 11.2879 28.1229
    endloop
  endfacet
  facet normal 0.104547 -0.418566 0.902149
    outer loop
      vertex 29.0744 7.79045 26.9844
      vertex 33.253 11.2879 28.1229
      vertex 28.5026 9.67533 27.9252
    endloop
  endfacet
  facet normal 0.104895 -0.419532 0.901659
    outer loop
      vertex 28.5026 9.67533 27.9252
      vertex 33.253 11.2879 28.1229
      vertex 32.4436 13.4386 29.2177
    endloop
  endfacet
  facet normal 0.109441 -0.423474 0.899273
    outer loop
      vertex 28.5026 9.67533 27.9252
      vertex 32.4436 13.4386 29.2177
      vertex 27.8088 11.5188 28.8777
    endloop
  endfacet
  facet normal 0.108858 -0.422186 0.899949
    outer loop
      vertex 27.8088 11.5188 28.8777
      vertex 32.4436 13.4386 29.2177
      vertex 31.4952 15.5317 30.3144
    endloop
  endfacet
  facet normal 0.115702 -0.4273 0.896676
    outer loop
      vertex 27.8088 11.5188 28.8777
      vertex 31.4952 15.5317 30.3144
      vertex 26.9959 13.3129 29.8376
    endloop
  endfacet
  facet normal 0.114115 -0.424421 0.898245
    outer loop
      vertex 26.9959 13.3129 29.8376
      vertex 31.4952 15.5317 30.3144
      vertex 30.4119 17.5583 31.4096
    endloop
  endfacet
  facet normal 0.123065 -0.430169 0.894321
    outer loop
      vertex 26.9959 13.3129 29.8376
      vertex 30.4119 17.5583 31.4096
      vertex 26.0674 15.05 30.8009
    endloop
  endfacet
  facet normal 0.120473 -0.426222 0.89656
    outer loop
      vertex 26.0674 15.05 30.8009
      vertex 30.4119 17.5583 31.4096
      vertex 29.1984 19.5098 32.5004
    endloop
  endfacet
  facet normal 0.131322 -0.43217 0.892179
    outer loop
      vertex 26.0674 15.05 30.8009
      vertex 29.1984 19.5098 32.5004
      vertex 25.0272 16.7227 31.7643
    endloop
  endfacet
  facet normal 0.127772 -0.427577 0.894904
    outer loop
      vertex 25.0272 16.7227 31.7643
      vertex 29.1984 19.5098 32.5004
      vertex 27.8599 21.3777 33.5839
    endloop
  endfacet
  facet normal 0.140305 -0.433374 0.890225
    outer loop
      vertex 25.0272 16.7227 31.7643
      vertex 27.8599 21.3777 33.5839
      vertex 23.8799 18.3237 32.7245
    endloop
  endfacet
  facet normal 0.13588 -0.428468 0.893282
    outer loop
      vertex 23.8799 18.3237 32.7245
      vertex 27.8599 21.3777 33.5839
      vertex 26.4021 23.154 34.6577
    endloop
  endfacet
  facet normal 0.149875 -0.433837 0.888439
    outer loop
      vertex 23.8799 18.3237 32.7245
      vertex 26.4021 23.154 34.6577
      vertex 22.6304 19.8463 33.6788
    endloop
  endfacet
  facet normal 0.144683 -0.428881 0.891699
    outer loop
      vertex 22.6304 19.8463 33.6788
      vertex 26.4021 23.154 34.6577
      vertex 24.8312 24.8312 35.7193
    endloop
  endfacet
  facet normal 0.159917 -0.433602 0.886801
    outer loop
      vertex 22.6304 19.8463 33.6788
      vertex 24.8312 24.8312 35.7193
      vertex 21.2839 21.2839 34.6245
    endloop
  endfacet
  facet normal 0.154082 -0.428805 0.89016
    outer loop
      vertex 21.2839 21.2839 34.6245
      vertex 24.8312 24.8312 35.7193
      vertex 23.154 26.4021 36.7663
    endloop
  endfacet
  facet normal 0.170334 -0.432708 0.885297
    outer loop
      vertex 21.2839 21.2839 34.6245
      vertex 23.154 26.4021 36.7663
      vertex 19.8463 22.6304 35.5592
    endloop
  endfacet
  facet normal 0.163994 -0.428226 0.888667
    outer loop
      vertex 19.8463 22.6304 35.5592
      vertex 23.154 26.4021 36.7663
      vertex 21.3777 27.8599 37.7966
    endloop
  endfacet
  facet normal 0.181046 -0.431185 0.883913
    outer loop
      vertex 19.8463 22.6304 35.5592
      vertex 21.3777 27.8599 37.7966
      vertex 18.3237 23.8799 36.4806
    endloop
  endfacet
  facet normal 0.17434 -0.427134 0.887222
    outer loop
      vertex 18.3237 23.8799 36.4806
      vertex 21.3777 27.8599 37.7966
      vertex 19.5098 29.1984 38.8081
    endloop
  endfacet
  facet normal 0.191981 -0.429062 0.882638
    outer loop
      vertex 18.3237 23.8799 36.4806
      vertex 19.5098 29.1984 38.8081
      vertex 16.7227 25.0272 37.3866
    endloop
  endfacet
  facet normal 0.185054 -0.42552 0.885826
    outer loop
      vertex 16.7227 25.0272 37.3866
      vertex 19.5098 29.1984 38.8081
      vertex 17.5583 30.4119 39.7987
    endloop
  endfacet
  facet normal 0.203078 -0.426362 0.881462
    outer loop
      vertex 16.7227 25.0272 37.3866
      vertex 17.5583 30.4119 39.7987
      vertex 15.05 26.0674 38.2751
    endloop
  endfacet
  facet normal 0.196074 -0.423378 0.884481
    outer loop
      vertex 15.05 26.0674 38.2751
      vertex 17.5583 30.4119 39.7987
      vertex 15.5317 31.4952 40.7664
    endloop
  endfacet
  facet normal 0.214284 -0.423109 0.880375
    outer loop
      vertex 15.05 26.0674 38.2751
      vertex 15.5317 31.4952 40.7664
      vertex 13.3129 26.9959 39.1441
    endloop
  endfacet
  facet normal 0.207343 -0.4207 0.883188
    outer loop
      vertex 13.3129 26.9959 39.1441
      vertex 15.5317 31.4952 40.7664
      vertex 13.4386 32.4436 41.7096
    endloop
  endfacet
  facet normal 0.225553 -0.419323 0.879371
    outer loop
      vertex 13.3129 26.9959 39.1441
      vertex 13.4386 32.4436 41.7096
      vertex 11.5188 27.8088 39.9919
    endloop
  endfacet
  facet normal 0.218807 -0.417483 0.881947
    outer loop
      vertex 11.5188 27.8088 39.9919
      vertex 13.4386 32.4436 41.7096
      vertex 11.2879 33.253 42.6263
    endloop
  endfacet
  facet normal 0.236842 -0.415023 0.878443
    outer loop
      vertex 11.5188 27.8088 39.9919
      vertex 11.2879 33.253 42.6263
      vertex 9.67533 28.5026 40.8168
    endloop
  endfacet
  facet normal 0.230419 -0.413725 0.88076
    outer loop
      vertex 9.67533 28.5026 40.8168
      vertex 11.2879 33.253 42.6263
      vertex 9.08886 33.9201 43.515
    endloop
  endfacet
  facet normal 0.248116 -0.410227 0.877583
    outer loop
      vertex 9.67533 28.5026 40.8168
      vertex 9.08886 33.9201 43.515
      vertex 7.79045 29.0744 41.6169
    endloop
  endfacet
  facet normal 0.242131 -0.409424 0.879628
    outer loop
      vertex 7.79045 29.0744 41.6169
      vertex 9.08886 33.9201 43.515
      vertex 6.85092 34.4419 44.3739
    endloop
  endfacet
  facet normal 0.259341 -0.404952 0.876787
    outer loop
      vertex 7.79045 29.0744 41.6169
      vertex 6.85092 34.4419 44.3739
      vertex 5.87222 29.5216 42.3909
    endloop
  endfacet
  facet normal 0.2539 -0.40458 0.87855
    outer loop
      vertex 5.87222 29.5216 42.3909
      vertex 6.85092 34.4419 44.3739
      vertex 4.58364 34.8162 45.2015
    endloop
  endfacet
  facet normal 0.270488 -0.399216 0.87605
    outer loop
      vertex 5.87222 29.5216 42.3909
      vertex 4.58364 34.8162 45.2015
      vertex 3.92884 29.8425 43.1371
    endloop
  endfacet
  facet normal 0.265684 -0.399197 0.877527
    outer loop
      vertex 3.92884 29.8425 43.1371
      vertex 4.58364 34.8162 45.2015
      vertex 2.29674 35.0415 45.9964
    endloop
  endfacet
  facet normal 0.28153 -0.393034 0.875366
    outer loop
      vertex 3.92884 29.8425 43.1371
      vertex 2.29674 35.0415 45.9964
      vertex 1.96863 30.0356 43.8543
    endloop
  endfacet
  facet normal 0.277444 -0.393277 0.87656
    outer loop
      vertex 1.96863 30.0356 43.8543
      vertex 2.29674 35.0415 45.9964
      vertex 2.15028e-15 35.1167 46.7571
    endloop
  endfacet
  facet normal 0.292444 -0.386421 0.874732
    outer loop
      vertex 1.96863 30.0356 43.8543
      vertex 2.15028e-15 35.1167 46.7571
      vertex 1.84309e-15 30.1 44.5409
    endloop
  endfacet
  facet normal 0.289142 -0.386827 0.87565
    outer loop
      vertex 1.84309e-15 30.1 44.5409
      vertex 2.15028e-15 35.1167 46.7571
      vertex -2.29674 35.0415 47.4822
    endloop
  endfacet
  facet normal 0.303208 -0.379392 0.874143
    outer loop
      vertex 1.84309e-15 30.1 44.5409
      vertex -2.29674 35.0415 47.4822
      vertex -1.96863 30.0356 45.1958
    endloop
  endfacet
  facet normal 0.30074 -0.379852 0.874796
    outer loop
      vertex -1.96863 30.0356 45.1958
      vertex -2.29674 35.0415 47.4822
      vertex -4.58364 34.8162 48.1706
    endloop
  endfacet
  facet normal 0.313802 -0.371962 0.873598
    outer loop
      vertex -1.96863 30.0356 45.1958
      vertex -4.58364 34.8162 48.1706
      vertex -3.92884 29.8425 45.8177
    endloop
  endfacet
  facet normal 0.312205 -0.372362 0.873999
    outer loop
      vertex -3.92884 29.8425 45.8177
      vertex -4.58364 34.8162 48.1706
      vertex -6.85092 34.4419 48.821
    endloop
  endfacet
  facet normal 0.324208 -0.364143 0.873091
    outer loop
      vertex -3.92884 29.8425 45.8177
      vertex -6.85092 34.4419 48.821
      vertex -5.87222 29.5216 46.4055
    endloop
  endfacet
  facet normal 0.323503 -0.364366 0.87326
    outer loop
      vertex -5.87222 29.5216 46.4055
      vertex -6.85092 34.4419 48.821
      vertex -9.08886 33.9201 49.4324
    endloop
  endfacet
  facet normal 0.334411 -0.35595 0.872622
    outer loop
      vertex -5.87222 29.5216 46.4055
      vertex -9.08886 33.9201 49.4324
      vertex -7.79045 29.0744 46.9582
    endloop
  endfacet
  facet normal 0.334601 -0.355877 0.872579
    outer loop
      vertex -7.79045 29.0744 46.9582
      vertex -9.08886 33.9201 49.4324
      vertex -11.2879 33.253 50.0036
    endloop
  endfacet
  facet normal 0.344393 -0.347396 0.872187
    outer loop
      vertex -7.79045 29.0744 46.9582
      vertex -11.2879 33.253 50.0036
      vertex -9.67533 28.5026 47.4747
    endloop
  endfacet
  facet normal 0.34547 -0.346907 0.871955
    outer loop
      vertex -9.67533 28.5026 47.4747
      vertex -11.2879 33.253 50.0036
      vertex -13.4386 32.4436 50.5336
    endloop
  endfacet
  facet normal 0.354142 -0.338492 0.871783
    outer loop
      vertex -9.67533 28.5026 47.4747
      vertex -13.4386 32.4436 50.5336
      vertex -11.5188 27.8088 47.9542
    endloop
  endfacet
  facet normal 0.356079 -0.337471 0.87139
    outer loop
      vertex -11.5188 27.8088 47.9542
      vertex -13.4386 32.4436 50.5336
      vertex -15.5317 31.4952 51.0217
    endloop
  endfacet
  facet normal 0.363645 -0.329252 0.87141
    outer loop
      vertex -11.5188 27.8088 47.9542
      vertex -15.5317 31.4952 51.0217
      vertex -13.3129 26.9959 48.3957
    endloop
  endfacet
  facet normal 0.366402 -0.327585 0.870883
    outer loop
      vertex -13.3129 26.9959 48.3957
      vertex -15.5317 31.4952 51.0217
      vertex -17.5583 30.4119 51.4668
    endloop
  endfacet
  facet normal 0.372889 -0.319687 0.871065
    outer loop
      vertex -13.3129 26.9959 48.3957
      vertex -17.5583 30.4119 51.4668
      vertex -15.05 26.0674 48.7986
    endloop
  endfacet
  facet normal 0.376411 -0.317266 0.870435
    outer loop
      vertex -15.05 26.0674 48.7986
      vertex -17.5583 30.4119 51.4668
      vertex -19.5098 29.1984 51.8684
    endloop
  endfacet
  facet normal 0.381862 -0.309808 0.870747
    outer loop
      vertex -15.05 26.0674 48.7986
      vertex -19.5098 29.1984 51.8684
      vertex -16.7227 25.0272 49.162
    endloop
  endfacet
  facet normal 0.386081 -0.306533 0.870045
    outer loop
      vertex -16.7227 25.0272 49.162
      vertex -19.5098 29.1984 51.8684
      vertex -21.3777 27.8599 52.2257
    endloop
  endfacet
  facet normal 0.390553 -0.299628 0.870455
    outer loop
      vertex -16.7227 25.0272 49.162
      vertex -21.3777 27.8599 52.2257
      vertex -18.3237 23.8799 49.4855
    endloop
  endfacet
  facet normal 0.39539 -0.295406 0.869714
    outer loop
      vertex -18.3237 23.8799 49.4855
      vertex -21.3777 27.8599 52.2257
      vertex -23.154 26.4021 52.5381
    endloop
  endfacet
  facet normal 0.398952 -0.289157 0.870187
    outer loop
      vertex -18.3237 23.8799 49.4855
      vertex -23.154 26.4021 52.5381
      vertex -19.8463 22.6304 49.7683
    endloop
  endfacet
  facet normal 0.404314 -0.283906 0.869441
    outer loop
      vertex -19.8463 22.6304 49.7683
      vertex -23.154 26.4021 52.5381
      vertex -24.8312 24.8312 52.8051
    endloop
  endfacet
  facet normal 0.407048 -0.278406 0.869943
    outer loop
      vertex -19.8463 22.6304 49.7683
      vertex -24.8312 24.8312 52.8051
      vertex -21.2839 21.2839 50.0101
    endloop
  endfacet
  facet normal 0.412834 -0.272056 0.869226
    outer loop
      vertex -21.2839 21.2839 50.0101
      vertex -24.8312 24.8312 52.8051
      vertex -26.4021 23.154 53.0262
    endloop
  endfacet
  facet normal 0.414833 -0.267387 0.869723
    outer loop
      vertex -21.2839 21.2839 50.0101
      vertex -26.4021 23.154 53.0262
      vertex -22.6304 19.8463 50.2103
    endloop
  endfacet
  facet normal 0.420931 -0.259877 0.869069
    outer loop
      vertex -22.6304 19.8463 50.2103
      vertex -26.4021 23.154 53.0262
      vertex -27.8599 21.3777 53.2012
    endloop
  endfacet
  facet normal 0.422295 -0.256111 0.869525
    outer loop
      vertex -22.6304 19.8463 50.2103
      vertex -27.8599 21.3777 53.2012
      vertex -23.8799 18.3237 50.3687
    endloop
  endfacet
  facet normal 0.428587 -0.247395 0.86897
    outer loop
      vertex -23.8799 18.3237 50.3687
      vertex -27.8599 21.3777 53.2012
      vertex -29.1984 19.5098 53.3295
    endloop
  endfacet
  facet normal 0.429425 -0.244587 0.869351
    outer loop
      vertex -23.8799 18.3237 50.3687
      vertex -29.1984 19.5098 53.3295
      vertex -25.0272 16.7227 50.485
    endloop
  endfacet
  facet normal 0.435788 -0.234634 0.868928
    outer loop
      vertex -25.0272 16.7227 50.485
      vertex -29.1984 19.5098 53.3295
      vertex -30.4119 17.5583 53.4112
    endloop
  endfacet
  facet normal 0.436215 -0.232829 0.869199
    outer loop
      vertex -25.0272 16.7227 50.485
      vertex -30.4119 17.5583 53.4112
      vertex -26.0674 15.05 50.5589
    endloop
  endfacet
  facet normal 0.442518 -0.22162 0.868943
    outer loop
      vertex -26.0674 15.05 50.5589
      vertex -30.4119 17.5583 53.4112
      vertex -31.4952 15.5317 53.446
    endloop
  endfacet
  facet normal 0.442655 -0.220846 0.869071
    outer loop
      vertex -26.0674 15.05 50.5589
      vertex -31.4952 15.5317 53.446
      vertex -26.9959 13.3129 50.5904
    endloop
  endfacet
  facet normal 0.448767 -0.20838 0.869015
    outer loop
      vertex -26.9959 13.3129 50.5904
      vertex -31.4952 15.5317 53.446
      vertex -32.4436 13.4386 53.4338
    endloop
  endfacet
  facet normal 0.448735 -0.208651 0.868966
    outer loop
      vertex -26.9959 13.3129 50.5904
      vertex -32.4436 13.4386 53.4338
      vertex -27.8088 11.5188 50.5794
    endloop
  endfacet
  facet normal 0.454523 -0.19494 0.869142
    outer loop
      vertex -27.8088 11.5188 50.5794
      vertex -32.4436 13.4386 53.4338
      vertex -33.253 11.2879 53.3747
    endloop
  endfacet
  facet normal 0.454447 -0.196257 0.868885
    outer loop
      vertex -27.8088 11.5188 50.5794
      vertex -33.253 11.2879 53.3747
      vertex -28.5026 9.67533 50.5259
    endloop
  endfacet
  facet normal 0.459778 -0.181328 0.869324
    outer loop
      vertex -28.5026 9.67533 50.5259
      vertex -33.253 11.2879 53.3747
      vertex -33.9201 9.08886 53.2689
    endloop
  endfacet
  facet normal 0.459781 -0.183674 0.86883
    outer loop
      vertex -28.5026 9.67533 50.5259
      vertex -33.9201 9.08886 53.2689
      vertex -29.0744 7.79045 50.43
    endloop
  endfacet
  facet normal 0.464524 -0.167572 0.869561
    outer loop
      vertex -29.0744 7.79045 50.43
      vertex -33.9201 9.08886 53.2689
      vertex -34.4419 6.85092 53.1163
    endloop
  endfacet
  facet normal 0.464729 -0.170917 0.8688
    outer loop
      vertex -29.0744 7.79045 50.43
      vertex -34.4419 6.85092 53.1163
      vertex -29.5216 5.87222 50.2919
    endloop
  endfacet
  facet normal 0.468758 -0.153699 0.869852
    outer loop
      vertex -29.5216 5.87222 50.2919
      vertex -34.4419 6.85092 53.1163
      vertex -34.8162 4.58364 52.9175
    endloop
  endfacet
  facet normal 0.469282 -0.157999 0.868798
    outer loop
      vertex -29.5216 5.87222 50.2919
      vertex -34.8162 4.58364 52.9175
      vertex -29.8425 3.92884 50.1118
    endloop
  endfacet
  facet normal 0.472475 -0.139738 0.870196
    outer loop
      vertex -29.8425 3.92884 50.1118
      vertex -34.8162 4.58364 52.9175
      vertex -35.0415 2.29674 52.6725
    endloop
  endfacet
  facet normal 0.473431 -0.144935 0.868825
    outer loop
      vertex -29.8425 3.92884 50.1118
      vertex -35.0415 2.29674 52.6725
      vertex -30.0356 1.96863 49.89
    endloop
  endfacet
  facet normal 0.475673 -0.125717 0.870592
    outer loop
      vertex -30.0356 1.96863 49.89
      vertex -35.0415 2.29674 52.6725
      vertex -35.1167 4.30055e-15 52.3819
    endloop
  endfacet
  facet normal 0.477167 -0.131739 0.868882
    outer loop
      vertex -30.0356 1.96863 49.89
      vertex -35.1167 4.30055e-15 52.3819
      vertex -30.1 3.68619e-15 49.6269
    endloop
  endfacet
  facet normal 0.478352 -0.111664 0.87104
    outer loop
      vertex -30.1 3.68619e-15 49.6269
      vertex -35.1167 4.30055e-15 52.3819
      vertex -35.0415 -2.29674 52.0462
    endloop
  endfacet
  facet normal 0.480483 -0.118428 0.868971
    outer loop
      vertex -30.1 3.68619e-15 49.6269
      vertex -35.0415 -2.29674 52.0462
      vertex -30.0356 -1.96863 49.323
    endloop
  endfacet
  facet normal 0.480515 -0.097609 0.871538
    outer loop
      vertex -30.0356 -1.96863 49.323
      vertex -35.0415 -2.29674 52.0462
      vertex -34.8162 -4.58364 51.6659
    endloop
  endfacet
  facet normal 0.48337 -0.105019 0.869094
    outer loop
      vertex -30.0356 -1.96863 49.323
      vertex -34.8162 -4.58364 51.6659
      vertex -29.8425 -3.92884 48.9787
    endloop
  endfacet
  facet normal 0.482163 -0.0835787 0.872085
    outer loop
      vertex -29.8425 -3.92884 48.9787
      vertex -34.8162 -4.58364 51.6659
      vertex -34.4419 -6.85092 51.2417
    endloop
  endfacet
  facet normal 0.485821 -0.091529 0.869253
    outer loop
      vertex -29.8425 -3.92884 48.9787
      vertex -34.4419 -6.85092 51.2417
      vertex -29.5216 -5.87222 48.5948
    endloop
  endfacet
  facet normal 0.483304 -0.0696016 0.872682
    outer loop
      vertex -29.5216 -5.87222 48.5948
      vertex -34.4419 -6.85092 51.2417
      vertex -33.9201 -9.08886 50.7742
    endloop
  endfacet
  facet normal 0.487828 -0.0779783 0.86945
    outer loop
      vertex -29.5216 -5.87222 48.5948
      vertex -33.9201 -9.08886 50.7742
      vertex -29.0744 -7.79045 48.1718
    endloop
  endfacet
  facet normal 0.483942 -0.0557055 0.873325
    outer loop
      vertex -29.0744 -7.79045 48.1718
      vertex -33.9201 -9.08886 50.7742
      vertex -33.253 -11.2879 50.2643
    endloop
  endfacet
  facet normal 0.489386 -0.0643868 0.869687
    outer loop
      vertex -29.0744 -7.79045 48.1718
      vertex -33.253 -11.2879 50.2643
      vertex -28.5026 -9.67533 47.7105
    endloop
  endfacet
  facet normal 0.484086 -0.0419179 0.874016
    outer loop
      vertex -28.5026 -9.67533 47.7105
      vertex -33.253 -11.2879 50.2643
      vertex -32.4436 -13.4386 49.7128
    endloop
  endfacet
  facet normal 0.490488 -0.0507761 0.869968
    outer loop
      vertex -28.5026 -9.67533 47.7105
      vertex -32.4436 -13.4386 49.7128
      vertex -27.8088 -11.5188 47.2117
    endloop
  endfacet
  facet normal 0.483746 -0.028266 0.874752
    outer loop
      vertex -27.8088 -11.5188 47.2117
      vertex -32.4436 -13.4386 49.7128
      vertex -31.4952 -15.5317 49.1207
    endloop
  endfacet
  facet normal 0.491129 -0.0371691 0.870294
    outer loop
      vertex -27.8088 -11.5188 47.2117
      vertex -31.4952 -15.5317 49.1207
      vertex -26.9959 -13.3129 46.6764
    endloop
  endfacet
  facet normal 0.482932 -0.0147768 0.875533
    outer loop
      vertex -26.9959 -13.3129 46.6764
      vertex -31.4952 -15.5317 49.1207
      vertex -30.4119 -17.5583 48.489
    endloop
  endfacet
  facet normal 0.491304 -0.0235901 0.870668
    outer loop
      vertex -26.9959 -13.3129 46.6764
      vertex -30.4119 -17.5583 48.489
      vertex -26.0674 -15.05 46.1054
    endloop
  endfacet
  facet normal 0.481659 -0.00147684 0.876358
    outer loop
      vertex -26.0674 -15.05 46.1054
      vertex -30.4119 -17.5583 48.489
      vertex -29.1984 -19.5098 47.8187
    endloop
  endfacet
  facet normal 0.491012 -0.0100652 0.871095
    outer loop
      vertex -26.0674 -15.05 46.1054
      vertex -29.1984 -19.5098 47.8187
      vertex -25.0272 -16.7227 45.4997
    endloop
  endfacet
  facet normal 0.479939 0.0116075 0.877225
    outer loop
      vertex -25.0272 -16.7227 45.4997
      vertex -29.1984 -19.5098 47.8187
      vertex -27.8599 -21.3777 47.1111
    endloop
  endfacet
  facet normal 0.490248 0.00337819 0.871576
    outer loop
      vertex -25.0272 -16.7227 45.4997
      vertex -27.8599 -21.3777 47.1111
      vertex -23.8799 -18.3237 44.8606
    endloop
  endfacet
  facet normal 0.477788 0.0244501 0.878135
    outer loop
      vertex -23.8799 -18.3237 44.8606
      vertex -27.8599 -21.3777 47.1111
      vertex -26.4021 -23.154 46.3674
    endloop
  endfacet
  facet normal 0.489014 0.0167108 0.872116
    outer loop
      vertex -23.8799 -18.3237 44.8606
      vertex -26.4021 -23.154 46.3674
      vertex -22.6304 -19.8463 44.1891
    endloop
  endfacet
  facet normal 0.475224 0.0370251 0.879086
    outer loop
      vertex -22.6304 -19.8463 44.1891
      vertex -26.4021 -23.154 46.3674
      vertex -24.8312 -24.8312 45.5888
    endloop
  endfacet
  facet normal 0.487309 0.0299015 0.872718
    outer loop
      vertex -22.6304 -19.8463 44.1891
      vertex -24.8312 -24.8312 45.5888
      vertex -21.2839 -21.2839 43.4865
    endloop
  endfacet
  facet normal 0.472265 0.0493069 0.880077
    outer loop
      vertex -21.2839 -21.2839 43.4865
      vertex -24.8312 -24.8312 45.5888
      vertex -23.154 -26.4021 44.7768
    endloop
  endfacet
  facet normal 0.485136 0.0429171 0.873385
    outer loop
      vertex -21.2839 -21.2839 43.4865
      vertex -23.154 -26.4021 44.7768
      vertex -19.8463 -22.6304 42.7542
    endloop
  endfacet
  facet normal 0.468931 0.0612695 0.881107
    outer loop
      vertex -19.8463 -22.6304 42.7542
      vertex -23.154 -26.4021 44.7768
      vertex -21.3777 -27.8599 43.9328
    endloop
  endfacet
  facet normal 0.482498 0.0557223 0.874123
    outer loop
      vertex -19.8463 -22.6304 42.7542
      vertex -21.3777 -27.8599 43.9328
      vertex -18.3237 -23.8799 41.9934
    endloop
  endfacet
  facet normal 0.465244 0.072887 0.882177
    outer loop
      vertex -18.3237 -23.8799 41.9934
      vertex -21.3777 -27.8599 43.9328
      vertex -19.5098 -29.1984 43.0583
    endloop
  endfacet
  facet normal 0.479403 0.0682793 0.874935
    outer loop
      vertex -18.3237 -23.8799 41.9934
      vertex -19.5098 -29.1984 43.0583
      vertex -16.7227 -25.0272 41.2057
    endloop
  endfacet
  facet normal 0.461227 0.0841332 0.883285
    outer loop
      vertex -16.7227 -25.0272 41.2057
      vertex -19.5098 -29.1984 43.0583
      vertex -17.5583 -30.4119 42.1549
    endloop
  endfacet
  facet normal 0.475859 0.0805475 0.875826
    outer loop
      vertex -16.7227 -25.0272 41.2057
      vertex -17.5583 -30.4119 42.1549
      vertex -15.05 -26.0674 40.3925
    endloop
  endfacet
  facet normal 0.456905 0.094981 0.88443
    outer loop
      vertex -15.05 -26.0674 40.3925
      vertex -17.5583 -30.4119 42.1549
      vertex -15.5317 -31.4952 41.2243
    endloop
  endfacet
  facet normal 0.471876 0.0924833 0.876801
    outer loop
      vertex -15.05 -26.0674 40.3925
      vertex -15.5317 -31.4952 41.2243
      vertex -13.3129 -26.9959 39.5556
    endloop
  endfacet
  facet normal 0.452305 0.105403 0.885613
    outer loop
      vertex -13.3129 -26.9959 39.5556
      vertex -15.5317 -31.4952 41.2243
      vertex -13.4386 -32.4436 40.2681
    endloop
  endfacet
  facet normal 0.467468 0.10404 0.877866
    outer loop
      vertex -13.3129 -26.9959 39.5556
      vertex -13.4386 -32.4436 40.2681
      vertex -11.5188 -27.8088 38.6965
    endloop
  endfacet
  facet normal 0.447456 0.115369 0.886833
    outer loop
      vertex -11.5188 -27.8088 38.6965
      vertex -13.4386 -32.4436 40.2681
      vertex -11.2879 -33.253 39.2883
    endloop
  endfacet
  facet normal 0.462653 0.115166 0.879028
    outer loop
      vertex -11.5188 -27.8088 38.6965
      vertex -11.2879 -33.253 39.2883
      vertex -9.67533 -28.5026 37.8172
    endloop
  endfacet
  facet normal 0.44239 0.12485 0.88809
    outer loop
      vertex -9.67533 -28.5026 37.8172
      vertex -11.2879 -33.253 39.2883
      vertex -9.08886 -33.9201 38.2867
    endloop
  endfacet
  facet normal 0.45745 0.125805 0.880291
    outer loop
      vertex -9.67533 -28.5026 37.8172
      vertex -9.08886 -33.9201 38.2867
      vertex -7.79045 -29.0744 36.9194
    endloop
  endfacet
  facet normal 0.437142 0.133812 0.889383
    outer loop
      vertex -7.79045 -29.0744 36.9194
      vertex -9.08886 -33.9201 38.2867
      vertex -6.85092 -34.4419 37.2652
    endloop
  endfacet
  facet normal 0.451885 0.135895 0.881664
    outer loop
      vertex -7.79045 -29.0744 36.9194
      vertex -6.85092 -34.4419 37.2652
      vertex -5.87222 -29.5216 36.0052
    endloop
  endfacet
  facet normal 0.431748 0.142218 0.890712
    outer loop
      vertex -5.87222 -29.5216 36.0052
      vertex -6.85092 -34.4419 37.2652
      vertex -4.58364 -34.8162 36.226
    endloop
  endfacet
  facet normal 0.445987 0.145368 0.883156
    outer loop
      vertex -5.87222 -29.5216 36.0052
      vertex -4.58364 -34.8162 36.226
      vertex -3.92884 -29.8425 35.0766
    endloop
  endfacet
  facet normal 0.426251 0.150028 0.892077
    outer loop
      vertex -3.92884 -29.8425 35.0766
      vertex -4.58364 -34.8162 36.226
      vertex -2.29674 -35.0415 35.1711
    endloop
  endfacet
  facet normal 0.43979 0.154145 0.884774
    outer loop
      vertex -3.92884 -29.8425 35.0766
      vertex -2.29674 -35.0415 35.1711
      vertex -1.96863 -30.0356 34.1359
    endloop
  endfacet
  facet normal 0.420696 0.157197 0.893478
    outer loop
      vertex -1.96863 -30.0356 34.1359
      vertex -2.29674 -35.0415 35.1711
      vertex -6.45083e-15 -35.1167 34.1029
    endloop
  endfacet
  facet normal 0.433334 0.162138 0.886528
    outer loop
      vertex -1.96863 -30.0356 34.1359
      vertex -6.45083e-15 -35.1167 34.1029
      vertex -5.52928e-15 -30.1 33.1854
    endloop
  endfacet
  facet normal 0.415137 0.163672 0.894915
    outer loop
      vertex -5.52928e-15 -30.1 33.1854
      vertex -6.45083e-15 -35.1167 34.1029
      vertex 2.29674 -35.0415 33.0237
    endloop
  endfacet
  facet normal 0.426669 0.169244 0.888431
    outer loop
      vertex -5.52928e-15 -30.1 33.1854
      vertex 2.29674 -35.0415 33.0237
      vertex 1.96863 -30.0356 32.2277
    endloop
  endfacet
  facet normal 0.409631 0.169393 0.896387
    outer loop
      vertex 1.96863 -30.0356 32.2277
      vertex 2.29674 -35.0415 33.0237
      vertex 4.58364 -34.8162 31.9361
    endloop
  endfacet
  facet normal 0.419851 0.175342 0.890495
    outer loop
      vertex 1.96863 -30.0356 32.2277
      vertex 4.58364 -34.8162 31.9361
      vertex 3.92884 -29.8425 31.2655
    endloop
  endfacet
  facet normal 0.404245 0.174285 0.897892
    outer loop
      vertex 3.92884 -29.8425 31.2655
      vertex 4.58364 -34.8162 31.9361
      vertex 6.85092 -34.4419 30.8427
    endloop
  endfacet
  facet normal 0.412946 0.180288 0.892733
    outer loop
      vertex 3.92884 -29.8425 31.2655
      vertex 6.85092 -34.4419 30.8427
      vertex 5.87222 -29.5216 30.3018
    endloop
  endfacet
  facet normal 0.399056 0.178262 0.899431
    outer loop
      vertex 5.87222 -29.5216 30.3018
      vertex 6.85092 -34.4419 30.8427
      vertex 9.08886 -33.9201 29.7464
    endloop
  endfacet
  facet normal 0.406036 0.183905 0.895161
    outer loop
      vertex 5.87222 -29.5216 30.3018
      vertex 9.08886 -33.9201 29.7464
      vertex 7.79045 -29.0744 29.3398
    endloop
  endfacet
  facet normal 0.394154 0.181212 0.901002
    outer loop
      vertex 7.79045 -29.0744 29.3398
      vertex 9.08886 -33.9201 29.7464
      vertex 11.2879 -33.253 28.6502
    endloop
  endfacet
  facet normal 0.399217 0.185978 0.897796
    outer loop
      vertex 7.79045 -29.0744 29.3398
      vertex 11.2879 -33.253 28.6502
      vertex 9.67533 -28.5026 28.3832
    endloop
  endfacet
  facet normal 0.389642 0.182998 0.902602
    outer loop
      vertex 9.67533 -28.5026 28.3832
      vertex 11.2879 -33.253 28.6502
      vertex 13.4386 -32.4436 27.5577
    endloop
  endfacet
  facet normal 0.392602 0.186232 0.900656
    outer loop
      vertex 9.67533 -28.5026 28.3832
      vertex 13.4386 -32.4436 27.5577
      vertex 11.5188 -27.8088 27.4362
    endloop
  endfacet
  facet normal 0.38564 0.183442 0.904229
    outer loop
      vertex 11.5188 -27.8088 27.4362
      vertex 13.4386 -32.4436 27.5577
      vertex 15.5317 -31.4952 26.4726
    endloop
  endfacet
  facet normal 0.386332 0.184318 0.903756
    outer loop
      vertex 11.5188 -27.8088 27.4362
      vertex 15.5317 -31.4952 26.4726
      vertex 13.3129 -26.9959 26.5034
    endloop
  endfacet
  facet normal 0.382286 0.182309 0.905881
    outer loop
      vertex 13.3129 -26.9959 26.5034
      vertex 15.5317 -31.4952 26.4726
      vertex 17.5583 -30.4119 25.3993
    endloop
  endfacet
  facet normal 0.380573 0.179784 0.907106
    outer loop
      vertex 13.3129 -26.9959 26.5034
      vertex 17.5583 -30.4119 25.3993
      vertex 15.05 -26.0674 25.5906
    endloop
  endfacet
  facet normal 0.379733 0.179279 0.907558
    outer loop
      vertex 15.05 -26.0674 25.5906
      vertex 17.5583 -30.4119 25.3993
      vertex 19.5098 -29.1984 24.3431
    endloop
  endfacet
  facet normal 0.375526 0.172033 0.910705
    outer loop
      vertex 15.05 -26.0674 25.5906
      vertex 19.5098 -29.1984 24.3431
      vertex 16.7227 -25.0272 24.7044
    endloop
  endfacet
  facet normal 0.37814 0.173904 0.909267
    outer loop
      vertex 16.7227 -25.0272 24.7044
      vertex 19.5098 -29.1984 24.3431
      vertex 21.3777 -27.8599 23.3103
    endloop
  endfacet
  facet normal 0.371426 0.160284 0.914523
    outer loop
      vertex 16.7227 -25.0272 24.7044
      vertex 21.3777 -27.8599 23.3103
      vertex 18.3237 -23.8799 23.8531
    endloop
  endfacet
  facet normal 0.377646 0.165533 0.911033
    outer loop
      vertex 18.3237 -23.8799 23.8531
      vertex 21.3777 -27.8599 23.3103
      vertex 23.154 -26.4021 22.3091
    endloop
  endfacet
  facet normal 0.368527 0.143514 0.918473
    outer loop
      vertex 18.3237 -23.8799 23.8531
      vertex 23.154 -26.4021 22.3091
      vertex 19.8463 -22.6304 23.0469
    endloop
  endfacet
  facet normal 0.378298 0.153169 0.912924
    outer loop
      vertex 19.8463 -22.6304 23.0469
      vertex 23.154 -26.4021 22.3091
      vertex 24.8312 -24.8312 21.3505
    endloop
  endfacet
  facet normal 0.36706 0.120435 0.922368
    outer loop
      vertex 19.8463 -22.6304 23.0469
      vertex 24.8312 -24.8312 21.3505
      vertex 21.2839 -21.2839 22.299
    endloop
  endfacet
  facet normal 0.379887 0.135205 0.915099
    outer loop
      vertex 21.2839 -21.2839 22.299
      vertex 24.8312 -24.8312 21.3505
      vertex 26.4021 -23.154 20.4506
    endloop
  endfacet
  facet normal 0.367099 0.0895727 0.925859
    outer loop
      vertex 21.2839 -21.2839 22.299
      vertex 26.4021 -23.154 20.4506
      vertex 22.6304 -19.8463 21.626
    endloop
  endfacet
  facet normal 0.381577 0.10891 0.917899
    outer loop
      vertex 22.6304 -19.8463 21.626
      vertex 26.4021 -23.154 20.4506
      vertex 27.8599 -21.3777 19.6338
    endloop
  endfacet
  facet normal 0.368222 0.049624 0.928413
    outer loop
      vertex 22.6304 -19.8463 21.626
      vertex 27.8599 -21.3777 19.6338
      vertex 23.8799 -18.3237 21.0491
    endloop
  endfacet
  facet normal 0.381158 0.0695046 0.921893
    outer loop
      vertex 23.8799 -18.3237 21.0491
      vertex 27.8599 -21.3777 19.6338
      vertex 29.1984 -19.5098 18.9395
    endloop
  endfacet
  facet normal 0.368768 0.00037904 0.929521
    outer loop
      vertex 23.8799 -18.3237 21.0491
      vertex 29.1984 -19.5098 18.9395
      vertex 25.0272 -16.7227 20.5933
    endloop
  endfacet
  facet normal 0.373951 0.00939312 0.927401
    outer loop
      vertex 25.0272 -16.7227 20.5933
      vertex 29.1984 -19.5098 18.9395
      vertex 30.4119 -17.5583 18.4305
    endloop
  endfacet
  facet normal 0.364656 -0.0558432 0.929466
    outer loop
      vertex 25.0272 -16.7227 20.5933
      vertex 30.4119 -17.5583 18.4305
      vertex 26.0674 -15.05 20.2857
    endloop
  endfacet
  facet normal 0.353131 -0.0779189 0.932324
    outer loop
      vertex 26.0674 -15.05 20.2857
      vertex 30.4119 -17.5583 18.4305
      vertex 31.4952 -15.5317 18.1896
    endloop
  endfacet
  facet normal 0.349102 -0.113834 0.930145
    outer loop
      vertex 26.0674 -15.05 20.2857
      vertex 31.4952 -15.5317 18.1896
      vertex 26.9959 -13.3129 20.1498
    endloop
  endfacet
  facet normal 0.31613 -0.181602 0.931173
    outer loop
      vertex 26.9959 -13.3129 20.1498
      vertex 31.4952 -15.5317 18.1896
      vertex 32.4436 -13.4386 18.2758
    endloop
  endfacet
  facet normal 0.317152 -0.168594 0.933269
    outer loop
      vertex 26.9959 -13.3129 20.1498
      vertex 32.4436 -13.4386 18.2758
      vertex 27.8088 -11.5188 20.1976
    endloop
  endfacet
  facet normal 0.271335 -0.269817 0.923892
    outer loop
      vertex 27.8088 -11.5188 20.1976
      vertex 32.4436 -13.4386 18.2758
      vertex 33.253 -11.2879 18.6662
    endloop
  endfacet
  facet normal 0.272832 -0.218181 0.936995
    outer loop
      vertex 27.8088 -11.5188 20.1976
      vertex 33.253 -11.2879 18.6662
      vertex 28.5026 -9.67533 20.4249
    endloop
  endfacet
  facet normal 0.229013 -0.325777 0.917291
    outer loop
      vertex 28.5026 -9.67533 20.4249
      vertex 33.253 -11.2879 18.6662
      vertex 33.9201 -9.08886 19.2806
    endloop
  endfacet
  facet normal 0.226491 -0.261679 0.938204
    outer loop
      vertex 28.5026 -9.67533 20.4249
      vertex 33.9201 -9.08886 19.2806
      vertex 29.0744 -7.79045 20.8126
    endloop
  endfacet
  facet normal 0.193262 -0.357005 0.913891
    outer loop
      vertex 29.0744 -7.79045 20.8126
      vertex 33.9201 -9.08886 19.2806
      vertex 34.4419 -6.85092 20.0445
    endloop
  endfacet
  facet normal 0.186149 -0.298129 0.936198
    outer loop
      vertex 29.0744 -7.79045 20.8126
      vertex 34.4419 -6.85092 20.0445
      vertex 29.5216 -5.87222 21.3345
    endloop
  endfacet
  facet normal 0.16467 -0.374732 0.912392
    outer loop
      vertex 29.5216 -5.87222 21.3345
      vertex 34.4419 -6.85092 20.0445
      vertex 34.8162 -4.58364 20.9081
    endloop
  endfacet
  facet normal 0.154764 -0.327514 0.932085
    outer loop
      vertex 29.5216 -5.87222 21.3345
      vertex 34.8162 -4.58364 20.9081
      vertex 29.8425 -3.92884 21.9641
    endloop
  endfacet
  facet normal 0.142716 -0.385799 0.911478
    outer loop
      vertex 29.8425 -3.92884 21.9641
      vertex 34.8162 -4.58364 20.9081
      vertex 35.0415 -2.29674 21.8408
    endloop
  endfacet
  facet normal 0.132086 -0.35076 0.927103
    outer loop
      vertex 29.8425 -3.92884 21.9641
      vertex 35.0415 -2.29674 21.8408
      vertex 30.0356 -1.96863 22.6782
    endloop
  endfacet
  facet normal 0.126511 -0.393571 0.910548
    outer loop
      vertex 30.0356 -1.96863 22.6782
      vertex 35.0415 -2.29674 21.8408
      vertex 35.1167 0 22.8231
    endloop
  endfacet
  facet normal 0.116705 -0.369106 0.922031
    outer loop
      vertex 30.0356 -1.96863 22.6782
      vertex 35.1167 0 22.8231
      vertex 30.1 0 23.4581
    endloop
  endfacet
  facet normal 0.0083284 -0.404418 0.914536
    outer loop
      vertex 35.1167 0 22.8231
      vertex 40.1333 0 22.7774
      vertex 40.0474 2.62485 23.939
    endloop
  endfacet
  facet normal 0.00882984 -0.40521 0.914181
    outer loop
      vertex 35.1167 0 22.8231
      vertex 40.0474 2.62485 23.939
      vertex 35.0415 2.29674 23.8419
    endloop
  endfacet
  facet normal 0.0092227 -0.410503 0.911813
    outer loop
      vertex 35.0415 2.29674 23.8419
      vertex 40.0474 2.62485 23.939
      vertex 39.79 5.23845 25.1182
    endloop
  endfacet
  facet normal 0.0124469 -0.414838 0.90981
    outer loop
      vertex 35.0415 2.29674 23.8419
      vertex 39.79 5.23845 25.1182
      vertex 34.8162 4.58364 24.8877
    endloop
  endfacet
  facet normal 0.0126631 -0.416252 0.909161
    outer loop
      vertex 34.8162 4.58364 24.8877
      vertex 39.79 5.23845 25.1182
      vertex 39.3622 7.82962 26.3105
    endloop
  endfacet
  facet normal 0.0183578 -0.422848 0.906015
    outer loop
      vertex 34.8162 4.58364 24.8877
      vertex 39.3622 7.82962 26.3105
      vertex 34.4419 6.85092 25.9534
    endloop
  endfacet
  facet normal 0.018065 -0.421592 0.906606
    outer loop
      vertex 34.4419 6.85092 25.9534
      vertex 39.3622 7.82962 26.3105
      vertex 38.7658 10.3873 27.5118
    endloop
  endfacet
  facet normal 0.0259898 -0.429547 0.90267
    outer loop
      vertex 34.4419 6.85092 25.9534
      vertex 38.7658 10.3873 27.5118
      vertex 33.9201 9.08886 27.0334
    endloop
  endfacet
  facet normal 0.0250188 -0.42647 0.904156
    outer loop
      vertex 33.9201 9.08886 27.0334
      vertex 38.7658 10.3873 27.5118
      vertex 38.0035 12.9004 28.7183
    endloop
  endfacet
  facet normal 0.0349462 -0.435131 0.899689
    outer loop
      vertex 33.9201 9.08886 27.0334
      vertex 38.0035 12.9004 28.7183
      vertex 33.253 11.2879 28.1229
    endloop
  endfacet
  facet normal 0.0332271 -0.43085 0.901811
    outer loop
      vertex 33.253 11.2879 28.1229
      vertex 38.0035 12.9004 28.7183
      vertex 37.0784 15.3584 29.9267
    endloop
  endfacet
  facet normal 0.0449402 -0.439729 0.897006
    outer loop
      vertex 33.253 11.2879 28.1229
      vertex 37.0784 15.3584 29.9267
      vertex 32.4436 13.4386 29.2177
    endloop
  endfacet
  facet normal 0.0424671 -0.434705 0.899571
    outer loop
      vertex 32.4436 13.4386 29.2177
      vertex 37.0784 15.3584 29.9267
      vertex 35.9945 17.7505 31.1338
    endloop
  endfacet
  facet normal 0.0557573 -0.443429 0.894573
    outer loop
      vertex 32.4436 13.4386 29.2177
      vertex 35.9945 17.7505 31.1338
      vertex 31.4952 15.5317 30.3144
    endloop
  endfacet
  facet normal 0.0525664 -0.438014 0.89743
    outer loop
      vertex 31.4952 15.5317 30.3144
      vertex 35.9945 17.7505 31.1338
      vertex 34.7565 20.0667 32.3368
    endloop
  endfacet
  facet normal 0.0672318 -0.446297 0.892356
    outer loop
      vertex 31.4952 15.5317 30.3144
      vertex 34.7565 20.0667 32.3368
      vertex 30.4119 17.5583 31.4096
    endloop
  endfacet
  facet normal 0.0633881 -0.440759 0.895384
    outer loop
      vertex 30.4119 17.5583 31.4096
      vertex 34.7565 20.0667 32.3368
      vertex 33.3696 22.2969 33.5328
    endloop
  endfacet
  facet normal 0.0792321 -0.448381 0.890324
    outer loop
      vertex 30.4119 17.5583 31.4096
      vertex 33.3696 22.2969 33.5328
      vertex 29.1984 19.5098 32.5004
    endloop
  endfacet
  facet normal 0.0748204 -0.442929 0.893429
    outer loop
      vertex 29.1984 19.5098 32.5004
      vertex 33.3696 22.2969 33.5328
      vertex 31.8399 24.4316 34.7192
    endloop
  endfacet
  facet normal 0.0916513 -0.44972 0.888455
    outer loop
      vertex 29.1984 19.5098 32.5004
      vertex 31.8399 24.4316 34.7192
      vertex 27.8599 21.3777 33.5839
    endloop
  endfacet
  facet normal 0.0867698 -0.444512 0.89156
    outer loop
      vertex 27.8599 21.3777 33.5839
      vertex 31.8399 24.4316 34.7192
      vertex 30.1738 26.4617 35.8935
    endloop
  endfacet
  facet normal 0.1044 -0.450343 0.886731
    outer loop
      vertex 27.8599 21.3777 33.5839
      vertex 30.1738 26.4617 35.8935
      vertex 26.4021 23.154 34.6577
    endloop
  endfacet
  facet normal 0.0991565 -0.4455 0.889774
    outer loop
      vertex 26.4021 23.154 34.6577
      vertex 30.1738 26.4617 35.8935
      vertex 28.3786 28.3786 37.0533
    endloop
  endfacet
  facet normal 0.117404 -0.450277 0.885137
    outer loop
      vertex 26.4021 23.154 34.6577
      vertex 28.3786 28.3786 37.0533
      vertex 24.8312 24.8312 35.7193
    endloop
  endfacet
  facet normal 0.111911 -0.445885 0.888067
    outer loop
      vertex 24.8312 24.8312 35.7193
      vertex 28.3786 28.3786 37.0533
      vertex 26.4617 30.1738 38.1963
    endloop
  endfacet
  facet normal 0.130599 -0.449545 0.883659
    outer loop
      vertex 24.8312 24.8312 35.7193
      vertex 26.4617 30.1738 38.1963
      vertex 23.154 26.4021 36.7663
    endloop
  endfacet
  facet normal 0.124971 -0.445662 0.886435
    outer loop
      vertex 23.154 26.4021 36.7663
      vertex 26.4617 30.1738 38.1963
      vertex 24.4316 31.8399 39.3201
    endloop
  endfacet
  facet normal 0.143927 -0.448168 0.882287
    outer loop
      vertex 23.154 26.4021 36.7663
      vertex 24.4316 31.8399 39.3201
      vertex 21.3777 27.8599 37.7966
    endloop
  endfacet
  facet normal 0.138281 -0.444827 0.884877
    outer loop
      vertex 21.3777 27.8599 37.7966
      vertex 24.4316 31.8399 39.3201
      vertex 22.2969 33.3696 40.4227
    endloop
  endfacet
  facet normal 0.157341 -0.446164 0.881012
    outer loop
      vertex 21.3777 27.8599 37.7966
      vertex 22.2969 33.3696 40.4227
      vertex 19.5098 29.1984 38.8081
    endloop
  endfacet
  facet normal 0.151789 -0.443375 0.88339
    outer loop
      vertex 19.5098 29.1984 38.8081
      vertex 22.2969 33.3696 40.4227
      vertex 20.0667 34.7565 41.502
    endloop
  endfacet
  facet normal 0.170796 -0.443551 0.879824
    outer loop
      vertex 19.5098 29.1984 38.8081
      vertex 20.0667 34.7565 41.502
      vertex 17.5583 30.4119 39.7987
    endloop
  endfacet
  facet normal 0.165449 -0.441306 0.881972
    outer loop
      vertex 17.5583 30.4119 39.7987
      vertex 20.0667 34.7565 41.502
      vertex 17.7505 35.9945 42.5559
    endloop
  endfacet
  facet normal 0.184252 -0.440347 0.878718
    outer loop
      vertex 17.5583 30.4119 39.7987
      vertex 17.7505 35.9945 42.5559
      vertex 15.5317 31.4952 40.7664
    endloop
  endfacet
  facet normal 0.179215 -0.43862 0.880622
    outer loop
      vertex 15.5317 31.4952 40.7664
      vertex 17.7505 35.9945 42.5559
      vertex 15.3584 37.0784 43.5826
    endloop
  endfacet
  facet normal 0.197675 -0.436566 0.877687
    outer loop
      vertex 15.5317 31.4952 40.7664
      vertex 15.3584 37.0784 43.5826
      vertex 13.4386 32.4436 41.7096
    endloop
  endfacet
  facet normal 0.193045 -0.435315 0.879337
    outer loop
      vertex 13.4386 32.4436 41.7096
      vertex 15.3584 37.0784 43.5826
      vertex 12.9004 38.0035 44.5802
    endloop
  endfacet
  facet normal 0.211032 -0.432225 0.876725
    outer loop
      vertex 13.4386 32.4436 41.7096
      vertex 12.9004 38.0035 44.5802
      vertex 11.2879 33.253 42.6263
    endloop
  endfacet
  facet normal 0.2069 -0.431395 0.878118
    outer loop
      vertex 11.2879 33.253 42.6263
      vertex 12.9004 38.0035 44.5802
      vertex 10.3873 38.7658 45.5468
    endloop
  endfacet
  facet normal 0.224295 -0.42734 0.875827
    outer loop
      vertex 11.2879 33.253 42.6263
      vertex 10.3873 38.7658 45.5468
      vertex 9.08886 33.9201 43.515
    endloop
  endfacet
  facet normal 0.22074 -0.426863 0.876962
    outer loop
      vertex 9.08886 33.9201 43.515
      vertex 10.3873 38.7658 45.5468
      vertex 7.82962 39.3622 46.4809
    endloop
  endfacet
  facet normal 0.237435 -0.421925 0.874988
    outer loop
      vertex 9.08886 33.9201 43.515
      vertex 7.82962 39.3622 46.4809
      vertex 6.85092 34.4419 44.3739
    endloop
  endfacet
  facet normal 0.234529 -0.421723 0.875868
    outer loop
      vertex 6.85092 34.4419 44.3739
      vertex 7.82962 39.3622 46.4809
      vertex 5.23845 39.79 47.3807
    endloop
  endfacet
  facet normal 0.250429 -0.415994 0.874205
    outer loop
      vertex 6.85092 34.4419 44.3739
      vertex 5.23845 39.79 47.3807
      vertex 4.58364 34.8162 45.2015
    endloop
  endfacet
  facet normal 0.248231 -0.415982 0.874837
    outer loop
      vertex 4.58364 34.8162 45.2015
      vertex 5.23845 39.79 47.3807
      vertex 2.62485 40.0474 48.2447
    endloop
  endfacet
  facet normal 0.263254 -0.409563 0.873473
    outer loop
      vertex 4.58364 34.8162 45.2015
      vertex 2.62485 40.0474 48.2447
      vertex 2.29674 35.0415 45.9964
    endloop
  endfacet
  facet normal 0.261812 -0.409646 0.873868
    outer loop
      vertex 2.29674 35.0415 45.9964
      vertex 2.62485 40.0474 48.2447
      vertex 2.45746e-15 40.1333 49.0714
    endloop
  endfacet
  facet normal 0.275889 -0.402645 0.87279
    outer loop
      vertex 2.29674 35.0415 45.9964
      vertex 2.45746e-15 40.1333 49.0714
      vertex 2.15028e-15 35.1167 46.7571
    endloop
  endfacet
  facet normal 0.275239 -0.402723 0.872959
    outer loop
      vertex 2.15028e-15 35.1167 46.7571
      vertex 2.45746e-15 40.1333 49.0714
      vertex -2.62485 40.0474 49.8594
    endloop
  endfacet
  facet normal 0.288313 -0.395255 0.872152
    outer loop
      vertex 2.15028e-15 35.1167 46.7571
      vertex -2.62485 40.0474 49.8594
      vertex -2.29674 35.0415 47.4822
    endloop
  endfacet
  facet normal 0.288478 -0.395225 0.872111
    outer loop
      vertex -2.29674 35.0415 47.4822
      vertex -2.62485 40.0474 49.8594
      vertex -5.23845 39.79 50.6072
    endloop
  endfacet
  facet normal 0.300509 -0.387407 0.871556
    outer loop
      vertex -2.29674 35.0415 47.4822
      vertex -5.23845 39.79 50.6072
      vertex -4.58364 34.8162 48.1706
    endloop
  endfacet
  facet normal 0.301499 -0.387162 0.871323
    outer loop
      vertex -4.58364 34.8162 48.1706
      vertex -5.23845 39.79 50.6072
      vertex -7.82962 39.3622 51.3138
    endloop
  endfacet
  facet normal 0.31246 -0.379113 0.871001
    outer loop
      vertex -4.58364 34.8162 48.1706
      vertex -7.82962 39.3622 51.3138
      vertex -6.85092 34.4419 48.821
    endloop
  endfacet
  facet normal 0.314272 -0.378547 0.870595
    outer loop
      vertex -6.85092 34.4419 48.821
      vertex -7.82962 39.3622 51.3138
      vertex -10.3873 38.7658 51.9777
    endloop
  endfacet
  facet normal 0.324148 -0.370388 0.870483
    outer loop
      vertex -6.85092 34.4419 48.821
      vertex -10.3873 38.7658 51.9777
      vertex -9.08886 33.9201 49.4324
    endloop
  endfacet
  facet normal 0.326768 -0.369394 0.869926
    outer loop
      vertex -9.08886 33.9201 49.4324
      vertex -10.3873 38.7658 51.9777
      vertex -12.9004 38.0035 52.598
    endloop
  endfacet
  facet normal 0.33556 -0.361245 0.870001
    outer loop
      vertex -9.08886 33.9201 49.4324
      vertex -12.9004 38.0035 52.598
      vertex -11.2879 33.253 50.0036
    endloop
  endfacet
  facet normal 0.338959 -0.359718 0.869316
    outer loop
      vertex -11.2879 33.253 50.0036
      vertex -12.9004 38.0035 52.598
      vertex -15.3584 37.0784 53.1736
    endloop
  endfacet
  facet normal 0.346681 -0.351697 0.869553
    outer loop
      vertex -11.2879 33.253 50.0036
      vertex -15.3584 37.0784 53.1736
      vertex -13.4386 32.4436 50.5336
    endloop
  endfacet
  facet normal 0.350817 -0.349535 0.868765
    outer loop
      vertex -13.4386 32.4436 50.5336
      vertex -15.3584 37.0784 53.1736
      vertex -17.7505 35.9945 53.7035
    endloop
  endfacet
  facet normal 0.357496 -0.341757 0.869137
    outer loop
      vertex -13.4386 32.4436 50.5336
      vertex -17.7505 35.9945 53.7035
      vertex -15.5317 31.4952 51.0217
    endloop
  endfacet
  facet normal 0.362317 -0.338864 0.868273
    outer loop
      vertex -15.5317 31.4952 51.0217
      vertex -17.7505 35.9945 53.7035
      vertex -20.0667 34.7565 54.1868
    endloop
  endfacet
  facet normal 0.367993 -0.331437 0.868752
    outer loop
      vertex -15.5317 31.4952 51.0217
      vertex -20.0667 34.7565 54.1868
      vertex -17.5583 30.4119 51.4668
    endloop
  endfacet
  facet normal 0.373435 -0.327723 0.867839
    outer loop
      vertex -17.5583 30.4119 51.4668
      vertex -20.0667 34.7565 54.1868
      vertex -22.2969 33.3696 54.6228
    endloop
  endfacet
  facet normal 0.378159 -0.320751 0.868398
    outer loop
      vertex -17.5583 30.4119 51.4668
      vertex -22.2969 33.3696 54.6228
      vertex -19.5098 29.1984 51.8684
    endloop
  endfacet
  facet normal 0.384146 -0.316133 0.867463
    outer loop
      vertex -19.5098 29.1984 51.8684
      vertex -22.2969 33.3696 54.6228
      vertex -24.4316 31.8399 55.0106
    endloop
  endfacet
  facet normal 0.387981 -0.309712 0.868072
    outer loop
      vertex -19.5098 29.1984 51.8684
      vertex -24.4316 31.8399 55.0106
      vertex -21.3777 27.8599 52.2257
    endloop
  endfacet
  facet normal 0.39443 -0.304115 0.867144
    outer loop
      vertex -21.3777 27.8599 52.2257
      vertex -24.4316 31.8399 55.0106
      vertex -26.4617 30.1738 55.3498
    endloop
  endfacet
  facet normal 0.397449 -0.298332 0.867774
    outer loop
      vertex -21.3777 27.8599 52.2257
      vertex -26.4617 30.1738 55.3498
      vertex -23.154 26.4021 52.5381
    endloop
  endfacet
  facet normal 0.404265 -0.29169 0.866883
    outer loop
      vertex -23.154 26.4021 52.5381
      vertex -26.4617 30.1738 55.3498
      vertex -28.3786 28.3786 55.6396
    endloop
  endfacet
  facet normal 0.406551 -0.286624 0.867504
    outer loop
      vertex -23.154 26.4021 52.5381
      vertex -28.3786 28.3786 55.6396
      vertex -24.8312 24.8312 52.8051
    endloop
  endfacet
  facet normal 0.413632 -0.278883 0.866679
    outer loop
      vertex -24.8312 24.8312 52.8051
      vertex -28.3786 28.3786 55.6396
      vertex -30.1738 26.4617 55.8796
    endloop
  endfacet
  facet normal 0.415274 -0.2746 0.867261
    outer loop
      vertex -24.8312 24.8312 52.8051
      vertex -30.1738 26.4617 55.8796
      vertex -26.4021 23.154 53.0262
    endloop
  endfacet
  facet normal 0.422513 -0.265716 0.866532
    outer loop
      vertex -26.4021 23.154 53.0262
      vertex -30.1738 26.4617 55.8796
      vertex -31.8399 24.4316 56.0694
    endloop
  endfacet
  facet normal 0.423609 -0.262274 0.867045
    outer loop
      vertex -26.4021 23.154 53.0262
      vertex -31.8399 24.4316 56.0694
      vertex -27.8599 21.3777 53.2012
    endloop
  endfacet
  facet normal 0.430891 -0.252216 0.866441
    outer loop
      vertex -27.8599 21.3777 53.2012
      vertex -31.8399 24.4316 56.0694
      vertex -33.3696 22.2969 56.2088
    endloop
  endfacet
  facet normal 0.431545 -0.249659 0.866856
    outer loop
      vertex -27.8599 21.3777 53.2012
      vertex -33.3696 22.2969 56.2088
      vertex -29.1984 19.5098 53.3295
    endloop
  endfacet
  facet normal 0.438752 -0.238407 0.866406
    outer loop
      vertex -29.1984 19.5098 53.3295
      vertex -33.3696 22.2969 56.2088
      vertex -34.7565 20.0667 56.2974
    endloop
  endfacet
  facet normal 0.43907 -0.236769 0.866694
    outer loop
      vertex -29.1984 19.5098 53.3295
      vertex -34.7565 20.0667 56.2974
      vertex -30.4119 17.5583 53.4112
    endloop
  endfacet
  facet normal 0.446081 -0.224316 0.866426
    outer loop
      vertex -30.4119 17.5583 53.4112
      vertex -34.7565 20.0667 56.2974
      vertex -35.9945 17.7505 56.3351
    endloop
  endfacet
  facet normal 0.446175 -0.223616 0.866559
    outer loop
      vertex -30.4119 17.5583 53.4112
      vertex -35.9945 17.7505 56.3351
      vertex -31.4952 15.5317 53.446
    endloop
  endfacet
  facet normal 0.452867 -0.20997 0.866501
    outer loop
      vertex -31.4952 15.5317 53.446
      vertex -35.9945 17.7505 56.3351
      vertex -37.0784 15.3584 56.3219
    endloop
  endfacet
  facet normal 0.452849 -0.210215 0.866451
    outer loop
      vertex -31.4952 15.5317 53.446
      vertex -37.0784 15.3584 56.3219
      vertex -32.4436 13.4386 53.4338
    endloop
  endfacet
  facet normal 0.459099 -0.195396 0.86663
    outer loop
      vertex -32.4436 13.4386 53.4338
      vertex -37.0784 15.3584 56.3219
      vertex -38.0035 12.9004 56.2578
    endloop
  endfacet
  facet normal 0.459082 -0.19658 0.866371
    outer loop
      vertex -32.4436 13.4386 53.4338
      vertex -38.0035 12.9004 56.2578
      vertex -33.253 11.2879 53.3747
    endloop
  endfacet
  facet normal 0.464768 -0.180621 0.866814
    outer loop
      vertex -33.253 11.2879 53.3747
      vertex -38.0035 12.9004 56.2578
      vertex -38.7658 10.3873 56.1429
    endloop
  endfacet
  facet normal 0.464865 -0.182727 0.866321
    outer loop
      vertex -33.253 11.2879 53.3747
      vertex -38.7658 10.3873 56.1429
      vertex -33.9201 9.08886 53.2689
    endloop
  endfacet
  facet normal 0.469867 -0.165674 0.867051
    outer loop
      vertex -33.9201 9.08886 53.2689
      vertex -38.7658 10.3873 56.1429
      vertex -39.3622 7.82962 55.9774
    endloop
  endfacet
  facet normal 0.470186 -0.16867 0.8663
    outer loop
      vertex -33.9201 9.08886 53.2689
      vertex -39.3622 7.82962 55.9774
      vertex -34.4419 6.85092 53.1163
    endloop
  endfacet
  facet normal 0.474389 -0.150583 0.867341
    outer loop
      vertex -34.4419 6.85092 53.1163
      vertex -39.3622 7.82962 55.9774
      vertex -39.79 5.23845 55.7615
    endloop
  endfacet
  facet normal 0.475038 -0.154425 0.866309
    outer loop
      vertex -34.4419 6.85092 53.1163
      vertex -39.79 5.23845 55.7615
      vertex -34.8162 4.58364 52.9175
    endloop
  endfacet
  facet normal 0.478331 -0.135375 0.867683
    outer loop
      vertex -34.8162 4.58364 52.9175
      vertex -39.79 5.23845 55.7615
      vertex -40.0474 2.62485 55.4956
    endloop
  endfacet
  facet normal 0.47941 -0.140009 0.866351
    outer loop
      vertex -34.8162 4.58364 52.9175
      vertex -40.0474 2.62485 55.4956
      vertex -35.0415 2.29674 52.6725
    endloop
  endfacet
  facet normal 0.481689 -0.120081 0.868076
    outer loop
      vertex -35.0415 2.29674 52.6725
      vertex -40.0474 2.62485 55.4956
      vertex -40.1333 4.91492e-15 55.1802
    endloop
  endfacet
  facet normal 0.483293 -0.125439 0.866426
    outer loop
      vertex -35.0415 2.29674 52.6725
      vertex -40.1333 4.91492e-15 55.1802
      vertex -35.1167 4.30055e-15 52.3819
    endloop
  endfacet
  facet normal 0.484462 -0.104727 0.868521
    outer loop
      vertex -35.1167 4.30055e-15 52.3819
      vertex -40.1333 4.91492e-15 55.1802
      vertex -40.0474 -2.62485 54.8158
    endloop
  endfacet
  facet normal 0.486678 -0.110733 0.866535
    outer loop
      vertex -35.1167 4.30055e-15 52.3819
      vertex -40.0474 -2.62485 54.8158
      vertex -35.0415 -2.29674 52.0462
    endloop
  endfacet
  facet normal 0.486649 -0.0893435 0.869017
    outer loop
      vertex -35.0415 -2.29674 52.0462
      vertex -40.0474 -2.62485 54.8158
      vertex -39.79 -5.23845 54.4029
    endloop
  endfacet
  facet normal 0.489558 -0.0959105 0.86668
    outer loop
      vertex -35.0415 -2.29674 52.0462
      vertex -39.79 -5.23845 54.4029
      vertex -34.8162 -4.58364 51.6659
    endloop
  endfacet
  facet normal 0.488254 -0.0739572 0.869562
    outer loop
      vertex -34.8162 -4.58364 51.6659
      vertex -39.79 -5.23845 54.4029
      vertex -39.3622 -7.82962 53.9423
    endloop
  endfacet
  facet normal 0.491924 -0.0809901 0.866863
    outer loop
      vertex -34.8162 -4.58364 51.6659
      vertex -39.3622 -7.82962 53.9423
      vertex -34.4419 -6.85092 51.2417
    endloop
  endfacet
  facet normal 0.489278 -0.0585967 0.870157
    outer loop
      vertex -34.4419 -6.85092 51.2417
      vertex -39.3622 -7.82962 53.9423
      vertex -38.7658 -10.3873 53.4348
    endloop
  endfacet
  facet normal 0.493769 -0.0659926 0.867086
    outer loop
      vertex -34.4419 -6.85092 51.2417
      vertex -38.7658 -10.3873 53.4348
      vertex -33.9201 -9.08886 50.7742
    endloop
  endfacet
  facet normal 0.489726 -0.0432897 0.870801
    outer loop
      vertex -33.9201 -9.08886 50.7742
      vertex -38.7658 -10.3873 53.4348
      vertex -38.0035 -12.9004 52.8811
    endloop
  endfacet
  facet normal 0.495085 -0.0509395 0.86735
    outer loop
      vertex -33.9201 -9.08886 50.7742
      vertex -38.0035 -12.9004 52.8811
      vertex -33.253 -11.2879 50.2643
    endloop
  endfacet
  facet normal 0.489603 -0.0280637 0.871494
    outer loop
      vertex -33.253 -11.2879 50.2643
      vertex -38.0035 -12.9004 52.8811
      vertex -37.0784 -15.3584 52.2822
    endloop
  endfacet
  facet normal 0.495868 -0.0358531 0.867658
    outer loop
      vertex -33.253 -11.2879 50.2643
      vertex -37.0784 -15.3584 52.2822
      vertex -32.4436 -13.4386 49.7128
    endloop
  endfacet
  facet normal 0.488917 -0.012946 0.872234
    outer loop
      vertex -32.4436 -13.4386 49.7128
      vertex -37.0784 -15.3584 52.2822
      vertex -35.9945 -17.7505 51.6392
    endloop
  endfacet
  facet normal 0.49611 -0.0207568 0.868011
    outer loop
      vertex -32.4436 -13.4386 49.7128
      vertex -35.9945 -17.7505 51.6392
      vertex -31.4952 -15.5317 49.1207
    endloop
  endfacet
  facet normal 0.487675 0.00203658 0.873023
    outer loop
      vertex -31.4952 -15.5317 49.1207
      vertex -35.9945 -17.7505 51.6392
      vertex -34.7565 -20.0667 50.953
    endloop
  endfacet
  facet normal 0.495808 -0.00567504 0.868413
    outer loop
      vertex -31.4952 -15.5317 49.1207
      vertex -34.7565 -20.0667 50.953
      vertex -30.4119 -17.5583 48.489
    endloop
  endfacet
  facet normal 0.485888 0.0168576 0.873859
    outer loop
      vertex -30.4119 -17.5583 48.489
      vertex -34.7565 -20.0667 50.953
      vertex -33.3696 -22.2969 50.2249
    endloop
  endfacet
  facet normal 0.494959 0.00936668 0.868866
    outer loop
      vertex -30.4119 -17.5583 48.489
      vertex -33.3696 -22.2969 50.2249
      vertex -29.1984 -19.5098 47.8187
    endloop
  endfacet
  facet normal 0.483565 0.0314909 0.874742
    outer loop
      vertex -29.1984 -19.5098 47.8187
      vertex -33.3696 -22.2969 50.2249
      vertex -31.8399 -24.4316 49.4561
    endloop
  endfacet
  facet normal 0.493558 0.0243417 0.869372
    outer loop
      vertex -29.1984 -19.5098 47.8187
      vertex -31.8399 -24.4316 49.4561
      vertex -27.8599 -21.3777 47.1111
    endloop
  endfacet
  facet normal 0.480719 0.0459107 0.875672
    outer loop
      vertex -27.8599 -21.3777 47.1111
      vertex -31.8399 -24.4316 49.4561
      vertex -30.1738 -26.4617 48.648
    endloop
  endfacet
  facet normal 0.491604 0.0392222 0.869935
    outer loop
      vertex -27.8599 -21.3777 47.1111
      vertex -30.1738 -26.4617 48.648
      vertex -26.4021 -23.154 46.3674
    endloop
  endfacet
  facet normal 0.477362 0.0600915 0.876649
    outer loop
      vertex -26.4021 -23.154 46.3674
      vertex -30.1738 -26.4617 48.648
      vertex -28.3786 -28.3786 47.8018
    endloop
  endfacet
  facet normal 0.489098 0.0539791 0.870557
    outer loop
      vertex -26.4021 -23.154 46.3674
      vertex -28.3786 -28.3786 47.8018
      vertex -24.8312 -24.8312 45.5888
    endloop
  endfacet
  facet normal 0.473509 0.074008 0.877674
    outer loop
      vertex -24.8312 -24.8312 45.5888
      vertex -28.3786 -28.3786 47.8018
      vertex -26.4617 -30.1738 46.919
    endloop
  endfacet
  facet normal 0.48604 0.068582 0.871241
    outer loop
      vertex -24.8312 -24.8312 45.5888
      vertex -26.4617 -30.1738 46.919
      vertex -23.154 -26.4021 44.7768
    endloop
  endfacet
  facet normal 0.469175 0.0876352 0.878746
    outer loop
      vertex -23.154 -26.4021 44.7768
      vertex -26.4617 -30.1738 46.919
      vertex -24.4316 -31.8399 46.0013
    endloop
  endfacet
  facet normal 0.482433 0.0829993 0.871992
    outer loop
      vertex -23.154 -26.4021 44.7768
      vertex -24.4316 -31.8399 46.0013
      vertex -21.3777 -27.8599 43.9328
    endloop
  endfacet
  facet normal 0.464375 0.100948 0.879867
    outer loop
      vertex -21.3777 -27.8599 43.9328
      vertex -24.4316 -31.8399 46.0013
      vertex -22.2969 -33.3696 45.0501
    endloop
  endfacet
  facet normal 0.47828 0.0971977 0.872812
    outer loop
      vertex -21.3777 -27.8599 43.9328
      vertex -22.2969 -33.3696 45.0501
      vertex -19.5098 -29.1984 43.0583
    endloop
  endfacet
  facet normal 0.459128 0.113922 0.881035
    outer loop
      vertex -19.5098 -29.1984 43.0583
      vertex -22.2969 -33.3696 45.0501
      vertex -20.0667 -34.7565 44.0672
    endloop
  endfacet
  facet normal 0.473588 0.111142 0.873706
    outer loop
      vertex -19.5098 -29.1984 43.0583
      vertex -20.0667 -34.7565 44.0672
      vertex -17.5583 -30.4119 42.1549
    endloop
  endfacet
  facet normal 0.453451 0.126531 0.882254
    outer loop
      vertex -17.5583 -30.4119 42.1549
      vertex -20.0667 -34.7565 44.0672
      vertex -17.7505 -35.9945 43.0543
    endloop
  endfacet
  facet normal 0.468363 0.124797 0.874678
    outer loop
      vertex -17.5583 -30.4119 42.1549
      vertex -17.7505 -35.9945 43.0543
      vertex -15.5317 -31.4952 41.2243
    endloop
  endfacet
  facet normal 0.447365 0.13875 0.883523
    outer loop
      vertex -15.5317 -31.4952 41.2243
      vertex -17.7505 -35.9945 43.0543
      vertex -15.3584 -37.0784 42.0133
    endloop
  endfacet
  facet normal 0.462617 0.138123 0.875733
    outer loop
      vertex -15.5317 -31.4952 41.2243
      vertex -15.3584 -37.0784 42.0133
      vertex -13.4386 -32.4436 40.2681
    endloop
  endfacet
  facet normal 0.44089 0.150553 0.884845
    outer loop
      vertex -13.4386 -32.4436 40.2681
      vertex -15.3584 -37.0784 42.0133
      vertex -12.9004 -38.0035 40.946
    endloop
  endfacet
  facet normal 0.45636 0.151079 0.876876
    outer loop
      vertex -13.4386 -32.4436 40.2681
      vertex -12.9004 -38.0035 40.946
      vertex -11.2879 -33.253 39.2883
    endloop
  endfacet
  facet normal 0.434049 0.161913 0.88622
    outer loop
      vertex -11.2879 -33.253 39.2883
      vertex -12.9004 -38.0035 40.946
      vertex -10.3873 -38.7658 39.8544
    endloop
  endfacet
  facet normal 0.449607 0.163622 0.878112
    outer loop
      vertex -11.2879 -33.253 39.2883
      vertex -10.3873 -38.7658 39.8544
      vertex -9.08886 -33.9201 38.2867
    endloop
  endfacet
  facet normal 0.426867 0.172802 0.887651
    outer loop
      vertex -9.08886 -33.9201 38.2867
      vertex -10.3873 -38.7658 39.8544
      vertex -7.82962 -39.3622 38.7405
    endloop
  endfacet
  facet normal 0.442376 0.175706 0.879449
    outer loop
      vertex -9.08886 -33.9201 38.2867
      vertex -7.82962 -39.3622 38.7405
      vertex -6.85092 -34.4419 37.2652
    endloop
  endfacet
  facet normal 0.41937 0.183189 0.889141
    outer loop
      vertex -6.85092 -34.4419 37.2652
      vertex -7.82962 -39.3622 38.7405
      vertex -5.23845 -39.79 37.6065
    endloop
  endfacet
  facet normal 0.434687 0.187281 0.880893
    outer loop
      vertex -6.85092 -34.4419 37.2652
      vertex -5.23845 -39.79 37.6065
      vertex -4.58364 -34.8162 36.226
    endloop
  endfacet
  facet normal 0.411587 0.193042 0.890692
    outer loop
      vertex -4.58364 -34.8162 36.226
      vertex -5.23845 -39.79 37.6065
      vertex -2.62485 -40.0474 36.4546
    endloop
  endfacet
  facet normal 0.426565 0.19829 0.882453
    outer loop
      vertex -4.58364 -34.8162 36.226
      vertex -2.62485 -40.0474 36.4546
      vertex -2.29674 -35.0415 35.1711
    endloop
  endfacet
  facet normal 0.403549 0.202325 0.892307
    outer loop
      vertex -2.29674 -35.0415 35.1711
      vertex -2.62485 -40.0474 36.4546
      vertex -7.37237e-15 -40.1333 35.287
    endloop
  endfacet
  facet normal 0.418037 0.208674 0.884138
    outer loop
      vertex -2.29674 -35.0415 35.1711
      vertex -7.37237e-15 -40.1333 35.287
      vertex -6.45083e-15 -35.1167 34.1029
    endloop
  endfacet
  facet normal 0.395294 0.211 0.893992
    outer loop
      vertex -6.45083e-15 -35.1167 34.1029
      vertex -7.37237e-15 -40.1333 35.287
      vertex 2.62485 -40.0474 34.1061
    endloop
  endfacet
  facet normal 0.409138 0.218365 0.885959
    outer loop
      vertex -6.45083e-15 -35.1167 34.1029
      vertex 2.62485 -40.0474 34.1061
      vertex 2.29674 -35.0415 33.0237
    endloop
  endfacet
  facet normal 0.386862 0.219021 0.89575
    outer loop
      vertex 2.29674 -35.0415 33.0237
      vertex 2.62485 -40.0474 34.1061
      vertex 5.23845 -39.79 32.9143
    endloop
  endfacet
  facet normal 0.399906 0.227283 0.887929
    outer loop
      vertex 2.29674 -35.0415 33.0237
      vertex 5.23845 -39.79 32.9143
      vertex 4.58364 -34.8162 31.9361
    endloop
  endfacet
  facet normal 0.378299 0.226338 0.897586
    outer loop
      vertex 4.58364 -34.8162 31.9361
      vertex 5.23845 -39.79 32.9143
      vertex 7.82962 -39.3622 31.7144
    endloop
  endfacet
  facet normal 0.390389 0.235338 0.890063
    outer loop
      vertex 4.58364 -34.8162 31.9361
      vertex 7.82962 -39.3622 31.7144
      vertex 6.85092 -34.4419 30.8427
    endloop
  endfacet
  facet normal 0.369661 0.232888 0.899508
    outer loop
      vertex 6.85092 -34.4419 30.8427
      vertex 7.82962 -39.3622 31.7144
      vertex 10.3873 -38.7658 30.5089
    endloop
  endfacet
  facet normal 0.380643 0.242419 0.892381
    outer loop
      vertex 6.85092 -34.4419 30.8427
      vertex 10.3873 -38.7658 30.5089
      vertex 9.08886 -33.9201 29.7464
    endloop
  endfacet
  facet normal 0.361014 0.238598 0.901521
    outer loop
      vertex 9.08886 -33.9201 29.7464
      vertex 10.3873 -38.7658 30.5089
      vertex 12.9004 -38.0035 29.3007
    endloop
  endfacet
  facet normal 0.370736 0.248395 0.894905
    outer loop
      vertex 9.08886 -33.9201 29.7464
      vertex 12.9004 -38.0035 29.3007
      vertex 11.2879 -33.253 28.6502
    endloop
  endfacet
  facet normal 0.35244 0.243379 0.903633
    outer loop
      vertex 11.2879 -33.253 28.6502
      vertex 12.9004 -38.0035 29.3007
      vertex 15.3584 -37.0784 28.0929
    endloop
  endfacet
  facet normal 0.360752 0.253094 0.897665
    outer loop
      vertex 11.2879 -33.253 28.6502
      vertex 15.3584 -37.0784 28.0929
      vertex 13.4386 -32.4436 27.5577
    endloop
  endfacet
  facet normal 0.344041 0.247117 0.905853
    outer loop
      vertex 13.4386 -32.4436 27.5577
      vertex 15.3584 -37.0784 28.0929
      vertex 17.7505 -35.9945 26.8887
    endloop
  endfacet
  facet normal 0.350799 0.256296 0.900696
    outer loop
      vertex 13.4386 -32.4436 27.5577
      vertex 17.7505 -35.9945 26.8887
      vertex 15.5317 -31.4952 26.4726
    endloop
  endfacet
  facet normal 0.335948 0.249665 0.908189
    outer loop
      vertex 15.5317 -31.4952 26.4726
      vertex 17.7505 -35.9945 26.8887
      vertex 20.0667 -34.7565 25.6916
    endloop
  endfacet
  facet normal 0.341015 0.257703 0.904045
    outer loop
      vertex 15.5317 -31.4952 26.4726
      vertex 20.0667 -34.7565 25.6916
      vertex 17.5583 -30.4119 25.3993
    endloop
  endfacet
  facet normal 0.328335 0.250827 0.910649
    outer loop
      vertex 17.5583 -30.4119 25.3993
      vertex 20.0667 -34.7565 25.6916
      vertex 22.2969 -33.3696 24.5055
    endloop
  endfacet
  facet normal 0.331583 0.256898 0.907775
    outer loop
      vertex 17.5583 -30.4119 25.3993
      vertex 22.2969 -33.3696 24.5055
      vertex 19.5098 -29.1984 24.3431
    endloop
  endfacet
  facet normal 0.32144 0.250334 0.913241
    outer loop
      vertex 19.5098 -29.1984 24.3431
      vertex 22.2969 -33.3696 24.5055
      vertex 24.4316 -31.8399 23.3348
    endloop
  endfacet
  facet normal 0.322757 0.253274 0.911965
    outer loop
      vertex 19.5098 -29.1984 24.3431
      vertex 24.4316 -31.8399 23.3348
      vertex 21.3777 -27.8599 23.3103
    endloop
  endfacet
  facet normal 0.315594 0.247802 0.915966
    outer loop
      vertex 21.3777 -27.8599 23.3103
      vertex 24.4316 -31.8399 23.3348
      vertex 26.4617 -30.1738 22.1846
    endloop
  endfacet
  facet normal 0.314895 0.2459 0.916719
    outer loop
      vertex 21.3777 -27.8599 23.3103
      vertex 26.4617 -30.1738 22.1846
      vertex 23.154 -26.4021 22.3091
    endloop
  endfacet
  facet normal 0.311273 0.242654 0.918819
    outer loop
      vertex 23.154 -26.4021 22.3091
      vertex 26.4617 -30.1738 22.1846
      vertex 28.3786 -28.3786 21.0611
    endloop
  endfacet
  facet normal 0.308531 0.233296 0.922161
    outer loop
      vertex 23.154 -26.4021 22.3091
      vertex 28.3786 -28.3786 21.0611
      vertex 24.8312 -24.8312 21.3505
    endloop
  endfacet
  facet normal 0.309174 0.23397 0.921775
    outer loop
      vertex 24.8312 -24.8312 21.3505
      vertex 28.3786 -28.3786 21.0611
      vertex 30.1738 -26.4617 19.9724
    endloop
  endfacet
  facet normal 0.304476 0.212974 0.928405
    outer loop
      vertex 24.8312 -24.8312 21.3505
      vertex 30.1738 -26.4617 19.9724
      vertex 26.4021 -23.154 20.4506
    endloop
  endfacet
  facet normal 0.310308 0.220146 0.924794
    outer loop
      vertex 26.4021 -23.154 20.4506
      vertex 30.1738 -26.4617 19.9724
      vertex 31.8399 -24.4316 18.9301
    endloop
  endfacet
  facet normal 0.303988 0.18063 0.935395
    outer loop
      vertex 26.4021 -23.154 20.4506
      vertex 31.8399 -24.4316 18.9301
      vertex 27.8599 -21.3777 19.6338
    endloop
  endfacet
  facet normal 0.315964 0.197967 0.927888
    outer loop
      vertex 27.8599 -21.3777 19.6338
      vertex 31.8399 -24.4316 18.9301
      vertex 33.3696 -22.2969 17.9537
    endloop
  endfacet
  facet normal 0.308849 0.128917 0.942334
    outer loop
      vertex 27.8599 -21.3777 19.6338
      vertex 33.3696 -22.2969 17.9537
      vertex 29.1984 -19.5098 18.9395
    endloop
  endfacet
  facet normal 0.326349 0.158831 0.93181
    outer loop
      vertex 29.1984 -19.5098 18.9395
      vertex 33.3696 -22.2969 17.9537
      vertex 34.7565 -20.0667 17.0879
    endloop
  endfacet
  facet normal 0.320023 0.0478324 0.946202
    outer loop
      vertex 29.1984 -19.5098 18.9395
      vertex 34.7565 -20.0667 17.0879
      vertex 30.4119 -17.5583 18.4305
    endloop
  endfacet
  facet normal 0.326705 0.0610393 0.943153
    outer loop
      vertex 30.4119 -17.5583 18.4305
      vertex 34.7565 -20.0667 17.0879
      vertex 35.9945 -17.7505 16.5091
    endloop
  endfacet
  facet normal 0.322982 -0.0603592 0.944478
    outer loop
      vertex 30.4119 -17.5583 18.4305
      vertex 35.9945 -17.7505 16.5091
      vertex 31.4952 -15.5317 18.1896
    endloop
  endfacet
  facet normal 0.250691 -0.207737 0.945515
    outer loop
      vertex 31.4952 -15.5317 18.1896
      vertex 35.9945 -17.7505 16.5091
      vertex 37.0784 -15.3584 16.7473
    endloop
  endfacet
  facet normal 0.251608 -0.153374 0.955599
    outer loop
      vertex 31.4952 -15.5317 18.1896
      vertex 37.0784 -15.3584 16.7473
      vertex 32.4436 -13.4386 18.2758
    endloop
  endfacet
  facet normal 0.159722 -0.349445 0.923243
    outer loop
      vertex 32.4436 -13.4386 18.2758
      vertex 37.0784 -15.3584 16.7473
      vertex 38.0035 -12.9004 17.5176
    endloop
  endfacet
  facet normal 0.153447 -0.232094 0.960514
    outer loop
      vertex 32.4436 -13.4386 18.2758
      vertex 38.0035 -12.9004 17.5176
      vertex 33.253 -11.2879 18.6662
    endloop
  endfacet
  facet normal 0.0970271 -0.371756 0.923246
    outer loop
      vertex 33.253 -11.2879 18.6662
      vertex 38.0035 -12.9004 17.5176
      vertex 38.7658 -10.3873 18.4494
    endloop
  endfacet
  facet normal 0.0851536 -0.292009 0.952617
    outer loop
      vertex 33.253 -11.2879 18.6662
      vertex 38.7658 -10.3873 18.4494
      vertex 33.9201 -9.08886 19.2806
    endloop
  endfacet
  facet normal 0.0567729 -0.379306 0.923528
    outer loop
      vertex 33.9201 -9.08886 19.2806
      vertex 38.7658 -10.3873 18.4494
      vertex 39.3622 -7.82962 19.4632
    endloop
  endfacet
  facet normal 0.0452328 -0.332134 0.942147
    outer loop
      vertex 33.9201 -9.08886 19.2806
      vertex 39.3622 -7.82962 19.4632
      vertex 34.4419 -6.85092 20.0445
    endloop
  endfacet
  facet normal 0.0322663 -0.385452 0.922163
    outer loop
      vertex 34.4419 -6.85092 20.0445
      vertex 39.3622 -7.82962 19.4632
      vertex 39.79 -5.23845 20.5314
    endloop
  endfacet
  facet normal 0.02338 -0.359237 0.932953
    outer loop
      vertex 34.4419 -6.85092 20.0445
      vertex 39.79 -5.23845 20.5314
      vertex 34.8162 -4.58364 20.9081
    endloop
  endfacet
  facet normal 0.0181145 -0.391724 0.919904
    outer loop
      vertex 34.8162 -4.58364 20.9081
      vertex 39.79 -5.23845 20.5314
      vertex 40.0474 -2.62485 21.6392
    endloop
  endfacet
  facet normal 0.0124503 -0.378667 0.925449
    outer loop
      vertex 34.8162 -4.58364 20.9081
      vertex 40.0474 -2.62485 21.6392
      vertex 35.0415 -2.29674 21.8408
    endloop
  endfacet
  facet normal 0.0108469 -0.398108 0.917275
    outer loop
      vertex 35.0415 -2.29674 21.8408
      vertex 40.0474 -2.62485 21.6392
      vertex 40.1333 0 22.7774
    endloop
  endfacet
  facet normal 0.00837185 -0.39345 0.919308
    outer loop
      vertex 35.0415 -2.29674 21.8408
      vertex 40.1333 0 22.7774
      vertex 35.1167 0 22.8231
    endloop
  endfacet
  facet normal -0.100705 -0.387613 0.916305
    outer loop
      vertex 40.1333 0 22.7774
      vertex 45.15 0 23.3288
      vertex 45.0533 2.95295 24.5673
    endloop
  endfacet
  facet normal -0.0876321 -0.405501 0.909884
    outer loop
      vertex 40.1333 0 22.7774
      vertex 45.0533 2.95295 24.5673
      vertex 40.0474 2.62485 23.939
    endloop
  endfacet
  facet normal -0.0883613 -0.399401 0.912508
    outer loop
      vertex 40.0474 2.62485 23.939
      vertex 45.0533 2.95295 24.5673
      vertex 44.7637 5.89326 25.8262
    endloop
  endfacet
  facet normal -0.0742075 -0.416204 0.906238
    outer loop
      vertex 40.0474 2.62485 23.939
      vertex 44.7637 5.89326 25.8262
      vertex 39.79 5.23845 25.1182
    endloop
  endfacet
  facet normal -0.0754651 -0.409727 0.909081
    outer loop
      vertex 39.79 5.23845 25.1182
      vertex 44.7637 5.89326 25.8262
      vertex 44.2825 8.80833 27.1001
    endloop
  endfacet
  facet normal -0.0602784 -0.425447 0.902973
    outer loop
      vertex 39.79 5.23845 25.1182
      vertex 44.2825 8.80833 27.1001
      vertex 39.3622 7.82962 26.3105
    endloop
  endfacet
  facet normal -0.0620765 -0.418809 0.90595
    outer loop
      vertex 39.3622 7.82962 26.3105
      vertex 44.2825 8.80833 27.1001
      vertex 43.6116 11.6857 28.3843
    endloop
  endfacet
  facet normal -0.0459252 -0.433419 0.900021
    outer loop
      vertex 39.3622 7.82962 26.3105
      vertex 43.6116 11.6857 28.3843
      vertex 38.7658 10.3873 27.5118
    endloop
  endfacet
  facet normal -0.0482485 -0.426792 0.903062
    outer loop
      vertex 38.7658 10.3873 27.5118
      vertex 43.6116 11.6857 28.3843
      vertex 42.7539 14.513 29.6747
    endloop
  endfacet
  facet normal -0.0312154 -0.440252 0.897331
    outer loop
      vertex 38.7658 10.3873 27.5118
      vertex 42.7539 14.513 29.6747
      vertex 38.0035 12.9004 28.7183
    endloop
  endfacet
  facet normal -0.0340282 -0.433774 0.900379
    outer loop
      vertex 38.0035 12.9004 28.7183
      vertex 42.7539 14.513 29.6747
      vertex 41.7132 17.2782 30.9675
    endloop
  endfacet
  facet normal -0.0162082 -0.446042 0.894865
    outer loop
      vertex 38.0035 12.9004 28.7183
      vertex 41.7132 17.2782 30.9675
      vertex 37.0784 15.3584 29.9267
    endloop
  endfacet
  facet normal -0.019459 -0.439824 0.897873
    outer loop
      vertex 37.0784 15.3584 29.9267
      vertex 41.7132 17.2782 30.9675
      vertex 40.4938 19.9693 32.2594
    endloop
  endfacet
  facet normal -0.000955776 -0.450859 0.892594
    outer loop
      vertex 37.0784 15.3584 29.9267
      vertex 40.4938 19.9693 32.2594
      vertex 35.9945 17.7505 31.1338
    endloop
  endfacet
  facet normal -0.00458102 -0.444993 0.895522
    outer loop
      vertex 35.9945 17.7505 31.1338
      vertex 40.4938 19.9693 32.2594
      vertex 39.101 22.575 33.547
    endloop
  endfacet
  facet normal 0.0144944 -0.454762 0.890495
    outer loop
      vertex 35.9945 17.7505 31.1338
      vertex 39.101 22.575 33.547
      vertex 34.7565 20.0667 32.3368
    endloop
  endfacet
  facet normal 0.0105677 -0.449318 0.893309
    outer loop
      vertex 34.7565 20.0667 32.3368
      vertex 39.101 22.575 33.547
      vertex 37.5409 25.084 34.8275
    endloop
  endfacet
  facet normal 0.0300991 -0.457794 0.888549
    outer loop
      vertex 34.7565 20.0667 32.3368
      vertex 37.5409 25.084 34.8275
      vertex 33.3696 22.2969 33.5328
    endloop
  endfacet
  facet normal 0.0259509 -0.452827 0.891221
    outer loop
      vertex 33.3696 22.2969 33.5328
      vertex 37.5409 25.084 34.8275
      vertex 35.8199 27.4856 36.0978
    endloop
  endfacet
  facet normal 0.0458183 -0.459994 0.886739
    outer loop
      vertex 33.3696 22.2969 33.5328
      vertex 35.8199 27.4856 36.0978
      vertex 31.8399 24.4316 34.7192
    endloop
  endfacet
  facet normal 0.0415335 -0.455541 0.889245
    outer loop
      vertex 31.8399 24.4316 34.7192
      vertex 35.8199 27.4856 36.0978
      vertex 33.9456 29.7695 37.3553
    endloop
  endfacet
  facet normal 0.061615 -0.461393 0.885054
    outer loop
      vertex 31.8399 24.4316 34.7192
      vertex 33.9456 29.7695 37.3553
      vertex 30.1738 26.4617 35.8935
    endloop
  endfacet
  facet normal 0.0572817 -0.457477 0.887375
    outer loop
      vertex 30.1738 26.4617 35.8935
      vertex 33.9456 29.7695 37.3553
      vertex 31.9259 31.9259 38.5974
    endloop
  endfacet
  facet normal 0.0774545 -0.462019 0.883481
    outer loop
      vertex 30.1738 26.4617 35.8935
      vertex 31.9259 31.9259 38.5974
      vertex 28.3786 28.3786 37.0533
    endloop
  endfacet
  facet normal 0.0731621 -0.458649 0.885601
    outer loop
      vertex 28.3786 28.3786 37.0533
      vertex 31.9259 31.9259 38.5974
      vertex 29.7695 33.9456 39.8216
    endloop
  endfacet
  facet normal 0.0933041 -0.461897 0.882012
    outer loop
      vertex 28.3786 28.3786 37.0533
      vertex 29.7695 33.9456 39.8216
      vertex 26.4617 30.1738 38.1963
    endloop
  endfacet
  facet normal 0.089142 -0.459068 0.883918
    outer loop
      vertex 26.4617 30.1738 38.1963
      vertex 29.7695 33.9456 39.8216
      vertex 27.4856 35.8199 41.0253
    endloop
  endfacet
  facet normal 0.109133 -0.46105 0.880638
    outer loop
      vertex 26.4617 30.1738 38.1963
      vertex 27.4856 35.8199 41.0253
      vertex 24.4316 31.8399 39.3201
    endloop
  endfacet
  facet normal 0.105189 -0.458744 0.88232
    outer loop
      vertex 24.4316 31.8399 39.3201
      vertex 27.4856 35.8199 41.0253
      vertex 25.084 37.5409 42.2064
    endloop
  endfacet
  facet normal 0.124913 -0.459498 0.879351
    outer loop
      vertex 24.4316 31.8399 39.3201
      vertex 25.084 37.5409 42.2064
      vertex 22.2969 33.3696 40.4227
    endloop
  endfacet
  facet normal 0.121272 -0.457686 0.880804
    outer loop
      vertex 22.2969 33.3696 40.4227
      vertex 25.084 37.5409 42.2064
      vertex 22.575 39.101 43.3626
    endloop
  endfacet
  facet normal 0.140616 -0.457261 0.878145
    outer loop
      vertex 22.2969 33.3696 40.4227
      vertex 22.575 39.101 43.3626
      vertex 20.0667 34.7565 41.502
    endloop
  endfacet
  facet normal 0.137359 -0.455903 0.879366
    outer loop
      vertex 20.0667 34.7565 41.502
      vertex 22.575 39.101 43.3626
      vertex 19.9693 40.4938 44.4917
    endloop
  endfacet
  facet normal 0.156217 -0.454358 0.877015
    outer loop
      vertex 20.0667 34.7565 41.502
      vertex 19.9693 40.4938 44.4917
      vertex 17.7505 35.9945 42.5559
    endloop
  endfacet
  facet normal 0.153418 -0.453403 0.878003
    outer loop
      vertex 17.7505 35.9945 42.5559
      vertex 19.9693 40.4938 44.4917
      vertex 17.2782 41.7132 45.5916
    endloop
  endfacet
  facet normal 0.17169 -0.450806 0.875954
    outer loop
      vertex 17.7505 35.9945 42.5559
      vertex 17.2782 41.7132 45.5916
      vertex 15.3584 37.0784 43.5826
    endloop
  endfacet
  facet normal 0.169419 -0.450194 0.876711
    outer loop
      vertex 15.3584 37.0784 43.5826
      vertex 17.2782 41.7132 45.5916
      vertex 14.513 42.7539 46.6604
    endloop
  endfacet
  facet normal 0.187012 -0.446623 0.874959
    outer loop
      vertex 15.3584 37.0784 43.5826
      vertex 14.513 42.7539 46.6604
      vertex 12.9004 38.0035 44.5802
    endloop
  endfacet
  facet normal 0.185331 -0.446285 0.87549
    outer loop
      vertex 12.9004 38.0035 44.5802
      vertex 14.513 42.7539 46.6604
      vertex 11.6857 43.6116 47.6961
    endloop
  endfacet
  facet normal 0.202162 -0.441825 0.874026
    outer loop
      vertex 12.9004 38.0035 44.5802
      vertex 11.6857 43.6116 47.6961
      vertex 10.3873 38.7658 45.5468
    endloop
  endfacet
  facet normal 0.201123 -0.441685 0.874336
    outer loop
      vertex 10.3873 38.7658 45.5468
      vertex 11.6857 43.6116 47.6961
      vertex 8.80833 44.2825 48.6968
    endloop
  endfacet
  facet normal 0.217117 -0.436429 0.873149
    outer loop
      vertex 10.3873 38.7658 45.5468
      vertex 8.80833 44.2825 48.6968
      vertex 7.82962 39.3622 46.4809
    endloop
  endfacet
  facet normal 0.216765 -0.436404 0.873249
    outer loop
      vertex 7.82962 39.3622 46.4809
      vertex 8.80833 44.2825 48.6968
      vertex 5.89326 44.7637 49.661
    endloop
  endfacet
  facet normal 0.231858 -0.43045 0.872327
    outer loop
      vertex 7.82962 39.3622 46.4809
      vertex 5.89326 44.7637 49.661
      vertex 5.23845 39.79 47.3807
    endloop
  endfacet
  facet normal 0.232228 -0.430453 0.872227
    outer loop
      vertex 5.23845 39.79 47.3807
      vertex 5.89326 44.7637 49.661
      vertex 2.95295 45.0533 50.5867
    endloop
  endfacet
  facet normal 0.246366 -0.423905 0.871555
    outer loop
      vertex 5.23845 39.79 47.3807
      vertex 2.95295 45.0533 50.5867
      vertex 2.62485 40.0474 48.2447
    endloop
  endfacet
  facet normal 0.247481 -0.423844 0.871269
    outer loop
      vertex 2.62485 40.0474 48.2447
      vertex 2.95295 45.0533 50.5867
      vertex 2.76464e-15 45.15 51.4725
    endloop
  endfacet
  facet normal 0.260621 -0.416808 0.870832
    outer loop
      vertex 2.62485 40.0474 48.2447
      vertex 2.76464e-15 45.15 51.4725
      vertex 2.45746e-15 40.1333 49.0714
    endloop
  endfacet
  facet normal 0.262497 -0.416589 0.870373
    outer loop
      vertex 2.45746e-15 40.1333 49.0714
      vertex 2.76464e-15 45.15 51.4725
      vertex -2.95295 45.0533 52.3169
    endloop
  endfacet
  facet normal 0.274607 -0.409175 0.870153
    outer loop
      vertex 2.45746e-15 40.1333 49.0714
      vertex -2.95295 45.0533 52.3169
      vertex -2.62485 40.0474 49.8594
    endloop
  endfacet
  facet normal 0.277246 -0.408701 0.869539
    outer loop
      vertex -2.62485 40.0474 49.8594
      vertex -2.95295 45.0533 52.3169
      vertex -5.89326 44.7637 53.1182
    endloop
  endfacet
  facet normal 0.288307 -0.401021 0.869518
    outer loop
      vertex -2.62485 40.0474 49.8594
      vertex -5.89326 44.7637 53.1182
      vertex -5.23845 39.79 50.6072
    endloop
  endfacet
  facet normal 0.291701 -0.400195 0.868766
    outer loop
      vertex -5.23845 39.79 50.6072
      vertex -5.89326 44.7637 53.1182
      vertex -8.80833 44.2825 53.8753
    endloop
  endfacet
  facet normal 0.301703 -0.392361 0.868923
    outer loop
      vertex -5.23845 39.79 50.6072
      vertex -8.80833 44.2825 53.8753
      vertex -7.82962 39.3622 51.3138
    endloop
  endfacet
  facet normal 0.305834 -0.391086 0.868054
    outer loop
      vertex -7.82962 39.3622 51.3138
      vertex -8.80833 44.2825 53.8753
      vertex -11.6857 43.6116 54.5868
    endloop
  endfacet
  facet normal 0.314782 -0.383209 0.868368
    outer loop
      vertex -7.82962 39.3622 51.3138
      vertex -11.6857 43.6116 54.5868
      vertex -10.3873 38.7658 51.9777
    endloop
  endfacet
  facet normal 0.319619 -0.381392 0.8674
    outer loop
      vertex -10.3873 38.7658 51.9777
      vertex -11.6857 43.6116 54.5868
      vertex -14.513 42.7539 55.2515
    endloop
  endfacet
  facet normal 0.327526 -0.373581 0.86785
    outer loop
      vertex -10.3873 38.7658 51.9777
      vertex -14.513 42.7539 55.2515
      vertex -12.9004 38.0035 52.598
    endloop
  endfacet
  facet normal 0.33303 -0.37113 0.866806
    outer loop
      vertex -12.9004 38.0035 52.598
      vertex -14.513 42.7539 55.2515
      vertex -17.2782 41.7132 55.8683
    endloop
  endfacet
  facet normal 0.339923 -0.363491 0.867368
    outer loop
      vertex -12.9004 38.0035 52.598
      vertex -17.2782 41.7132 55.8683
      vertex -15.3584 37.0784 53.1736
    endloop
  endfacet
  facet normal 0.346042 -0.360319 0.866271
    outer loop
      vertex -15.3584 37.0784 53.1736
      vertex -17.2782 41.7132 55.8683
      vertex -19.9693 40.4938 56.4361
    endloop
  endfacet
  facet normal 0.351957 -0.352953 0.86692
    outer loop
      vertex -15.3584 37.0784 53.1736
      vertex -19.9693 40.4938 56.4361
      vertex -17.7505 35.9945 53.7035
    endloop
  endfacet
  facet normal 0.358631 -0.348978 0.865793
    outer loop
      vertex -17.7505 35.9945 53.7035
      vertex -19.9693 40.4938 56.4361
      vertex -22.575 39.101 56.9541
    endloop
  endfacet
  facet normal 0.363615 -0.341983 0.866505
    outer loop
      vertex -17.7505 35.9945 53.7035
      vertex -22.575 39.101 56.9541
      vertex -20.0667 34.7565 54.1868
    endloop
  endfacet
  facet normal 0.370774 -0.337128 0.865373
    outer loop
      vertex -20.0667 34.7565 54.1868
      vertex -22.575 39.101 56.9541
      vertex -25.084 37.5409 57.4213
    endloop
  endfacet
  facet normal 0.374884 -0.330594 0.866123
    outer loop
      vertex -20.0667 34.7565 54.1868
      vertex -25.084 37.5409 57.4213
      vertex -22.2969 33.3696 54.6228
    endloop
  endfacet
  facet normal 0.382449 -0.324792 0.86501
    outer loop
      vertex -22.2969 33.3696 54.6228
      vertex -25.084 37.5409 57.4213
      vertex -27.4856 35.8199 57.8369
    endloop
  endfacet
  facet normal 0.385751 -0.318801 0.865773
    outer loop
      vertex -22.2969 33.3696 54.6228
      vertex -27.4856 35.8199 57.8369
      vertex -24.4316 31.8399 55.0106
    endloop
  endfacet
  facet normal 0.393635 -0.311992 0.864704
    outer loop
      vertex -24.4316 31.8399 55.0106
      vertex -27.4856 35.8199 57.8369
      vertex -29.7695 33.9456 58.2003
    endloop
  endfacet
  facet normal 0.396202 -0.306618 0.865453
    outer loop
      vertex -24.4316 31.8399 55.0106
      vertex -29.7695 33.9456 58.2003
      vertex -26.4617 30.1738 55.3498
    endloop
  endfacet
  facet normal 0.404312 -0.298751 0.864453
    outer loop
      vertex -26.4617 30.1738 55.3498
      vertex -29.7695 33.9456 58.2003
      vertex -31.9259 31.9259 58.5109
    endloop
  endfacet
  facet normal 0.406226 -0.294061 0.865164
    outer loop
      vertex -26.4617 30.1738 55.3498
      vertex -31.9259 31.9259 58.5109
      vertex -28.3786 28.3786 55.6396
    endloop
  endfacet
  facet normal 0.41446 -0.285095 0.864259
    outer loop
      vertex -28.3786 28.3786 55.6396
      vertex -31.9259 31.9259 58.5109
      vertex -33.9456 29.7695 58.7681
    endloop
  endfacet
  facet normal 0.41581 -0.281145 0.864904
    outer loop
      vertex -28.3786 28.3786 55.6396
      vertex -33.9456 29.7695 58.7681
      vertex -30.1738 26.4617 55.8796
    endloop
  endfacet
  facet normal 0.424064 -0.271048 0.86412
    outer loop
      vertex -30.1738 26.4617 55.8796
      vertex -33.9456 29.7695 58.7681
      vertex -35.8199 27.4856 58.9715
    endloop
  endfacet
  facet normal 0.424942 -0.267883 0.864675
    outer loop
      vertex -30.1738 26.4617 55.8796
      vertex -35.8199 27.4856 58.9715
      vertex -31.8399 24.4316 56.0694
    endloop
  endfacet
  facet normal 0.433107 -0.256635 0.864035
    outer loop
      vertex -31.8399 24.4316 56.0694
      vertex -35.8199 27.4856 58.9715
      vertex -37.5409 25.084 59.1209
    endloop
  endfacet
  facet normal 0.43361 -0.254293 0.864475
    outer loop
      vertex -31.8399 24.4316 56.0694
      vertex -37.5409 25.084 59.1209
      vertex -33.3696 22.2969 56.2088
    endloop
  endfacet
  facet normal 0.441573 -0.241885 0.864005
    outer loop
      vertex -33.3696 22.2969 56.2088
      vertex -37.5409 25.084 59.1209
      vertex -39.101 22.575 59.2158
    endloop
  endfacet
  facet normal 0.441803 -0.240388 0.864306
    outer loop
      vertex -33.3696 22.2969 56.2088
      vertex -39.101 22.575 59.2158
      vertex -34.7565 20.0667 56.2974
    endloop
  endfacet
  facet normal 0.449449 -0.226823 0.864029
    outer loop
      vertex -34.7565 20.0667 56.2974
      vertex -39.101 22.575 59.2158
      vertex -40.4938 19.9693 59.2563
    endloop
  endfacet
  facet normal 0.449508 -0.226185 0.864166
    outer loop
      vertex -34.7565 20.0667 56.2974
      vertex -40.4938 19.9693 59.2563
      vertex -35.9945 17.7505 56.3351
    endloop
  endfacet
  facet normal 0.456723 -0.211478 0.864107
    outer loop
      vertex -35.9945 17.7505 56.3351
      vertex -40.4938 19.9693 59.2563
      vertex -41.7132 17.2782 59.2421
    endloop
  endfacet
  facet normal 0.456716 -0.2117 0.864057
    outer loop
      vertex -35.9945 17.7505 56.3351
      vertex -41.7132 17.2782 59.2421
      vertex -37.0784 15.3584 56.3219
    endloop
  endfacet
  facet normal 0.463384 -0.195877 0.864238
    outer loop
      vertex -37.0784 15.3584 56.3219
      vertex -41.7132 17.2782 59.2421
      vertex -42.7539 14.513 59.1734
    endloop
  endfacet
  facet normal 0.463414 -0.19695 0.863978
    outer loop
      vertex -37.0784 15.3584 56.3219
      vertex -42.7539 14.513 59.1734
      vertex -38.0035 12.9004 56.2578
    endloop
  endfacet
  facet normal 0.469423 -0.180049 0.864422
    outer loop
      vertex -38.0035 12.9004 56.2578
      vertex -42.7539 14.513 59.1734
      vertex -43.6116 11.6857 59.0503
    endloop
  endfacet
  facet normal 0.469591 -0.181952 0.863931
    outer loop
      vertex -38.0035 12.9004 56.2578
      vertex -43.6116 11.6857 59.0503
      vertex -38.7658 10.3873 56.1429
    endloop
  endfacet
  facet normal 0.474831 -0.164022 0.864657
    outer loop
      vertex -38.7658 10.3873 56.1429
      vertex -43.6116 11.6857 59.0503
      vertex -44.2825 8.80833 58.8729
    endloop
  endfacet
  facet normal 0.475238 -0.166723 0.863917
    outer loop
      vertex -38.7658 10.3873 56.1429
      vertex -44.2825 8.80833 58.8729
      vertex -39.3622 7.82962 55.9774
    endloop
  endfacet
  facet normal 0.479602 -0.147826 0.864945
    outer loop
      vertex -39.3622 7.82962 55.9774
      vertex -44.2825 8.80833 58.8729
      vertex -44.7637 5.89326 58.6416
    endloop
  endfacet
  facet normal 0.480343 -0.151282 0.863936
    outer loop
      vertex -39.3622 7.82962 55.9774
      vertex -44.7637 5.89326 58.6416
      vertex -39.79 5.23845 55.7615
    endloop
  endfacet
  facet normal 0.48373 -0.131488 0.865284
    outer loop
      vertex -39.79 5.23845 55.7615
      vertex -44.7637 5.89326 58.6416
      vertex -45.0533 2.95295 58.3566
    endloop
  endfacet
  facet normal 0.484896 -0.135646 0.863988
    outer loop
      vertex -39.79 5.23845 55.7615
      vertex -45.0533 2.95295 58.3566
      vertex -40.0474 2.62485 55.4956
    endloop
  endfacet
  facet normal 0.487211 -0.115038 0.865674
    outer loop
      vertex -40.0474 2.62485 55.4956
      vertex -45.0533 2.95295 58.3566
      vertex -45.15 5.52928e-15 58.0186
    endloop
  endfacet
  facet normal 0.488888 -0.119836 0.864076
    outer loop
      vertex -40.0474 2.62485 55.4956
      vertex -45.15 5.52928e-15 58.0186
      vertex -40.1333 4.91492e-15 55.1802
    endloop
  endfacet
  facet normal 0.490042 -0.0985055 0.866115
    outer loop
      vertex -40.1333 4.91492e-15 55.1802
      vertex -45.15 5.52928e-15 58.0186
      vertex -45.0533 -2.95295 57.6281
    endloop
  endfacet
  facet normal 0.492309 -0.103871 0.8642
    outer loop
      vertex -40.1333 4.91492e-15 55.1802
      vertex -45.0533 -2.95295 57.6281
      vertex -40.0474 -2.62485 54.8158
    endloop
  endfacet
  facet normal 0.492222 -0.0819185 0.866606
    outer loop
      vertex -40.0474 -2.62485 54.8158
      vertex -45.0533 -2.95295 57.6281
      vertex -44.7637 -5.89326 57.1857
    endloop
  endfacet
  facet normal 0.49515 -0.087771 0.864362
    outer loop
      vertex -40.0474 -2.62485 54.8158
      vertex -44.7637 -5.89326 57.1857
      vertex -39.79 -5.23845 54.4029
    endloop
  endfacet
  facet normal 0.493751 -0.0653058 0.867148
    outer loop
      vertex -39.79 -5.23845 54.4029
      vertex -44.7637 -5.89326 57.1857
      vertex -44.2825 -8.80833 56.6921
    endloop
  endfacet
  facet normal 0.497403 -0.0715581 0.864563
    outer loop
      vertex -39.79 -5.23845 54.4029
      vertex -44.2825 -8.80833 56.6921
      vertex -39.3622 -7.82962 53.9423
    endloop
  endfacet
  facet normal 0.49463 -0.048696 0.867739
    outer loop
      vertex -39.3622 -7.82962 53.9423
      vertex -44.2825 -8.80833 56.6921
      vertex -43.6116 -11.6857 56.1482
    endloop
  endfacet
  facet normal 0.499058 -0.0552541 0.864805
    outer loop
      vertex -39.3622 -7.82962 53.9423
      vertex -43.6116 -11.6857 56.1482
      vertex -38.7658 -10.3873 53.4348
    endloop
  endfacet
  facet normal 0.49486 -0.0321173 0.868379
    outer loop
      vertex -38.7658 -10.3873 53.4348
      vertex -43.6116 -11.6857 56.1482
      vertex -42.7539 -14.513 55.5549
    endloop
  endfacet
  facet normal 0.500109 -0.0388816 0.865089
    outer loop
      vertex -38.7658 -10.3873 53.4348
      vertex -42.7539 -14.513 55.5549
      vertex -38.0035 -12.9004 52.8811
    endloop
  endfacet
  facet normal 0.494445 -0.0155974 0.869069
    outer loop
      vertex -38.0035 -12.9004 52.8811
      vertex -42.7539 -14.513 55.5549
      vertex -41.7132 -17.2782 54.9131
    endloop
  endfacet
  facet normal 0.500548 -0.0224639 0.865418
    outer loop
      vertex -38.0035 -12.9004 52.8811
      vertex -41.7132 -17.2782 54.9131
      vertex -37.0784 -15.3584 52.2822
    endloop
  endfacet
  facet normal 0.493389 0.000835921 0.869808
    outer loop
      vertex -37.0784 -15.3584 52.2822
      vertex -41.7132 -17.2782 54.9131
      vertex -40.4938 -19.9693 54.224
    endloop
  endfacet
  facet normal 0.500368 -0.00602539 0.865792
    outer loop
      vertex -37.0784 -15.3584 52.2822
      vertex -40.4938 -19.9693 54.224
      vertex -35.9945 -17.7505 51.6392
    endloop
  endfacet
  facet normal 0.491697 0.0171556 0.870597
    outer loop
      vertex -35.9945 -17.7505 51.6392
      vertex -40.4938 -19.9693 54.224
      vertex -39.101 -22.575 53.4888
    endloop
  endfacet
  facet normal 0.499565 0.0104091 0.866214
    outer loop
      vertex -35.9945 -17.7505 51.6392
      vertex -39.101 -22.575 53.4888
      vertex -34.7565 -20.0667 50.953
    endloop
  endfacet
  facet normal 0.489376 0.0333348 0.871435
    outer loop
      vertex -34.7565 -20.0667 50.953
      vertex -39.101 -22.575 53.4888
      vertex -37.5409 -25.084 52.7086
    endloop
  endfacet
  facet normal 0.498133 0.0268137 0.866686
    outer loop
      vertex -34.7565 -20.0667 50.953
      vertex -37.5409 -25.084 52.7086
      vertex -33.3696 -22.2969 50.2249
    endloop
  endfacet
  facet normal 0.486433 0.0493471 0.872323
    outer loop
      vertex -33.3696 -22.2969 50.2249
      vertex -37.5409 -25.084 52.7086
      vertex -35.8199 -27.4856 51.8848
    endloop
  endfacet
  facet normal 0.496067 0.043162 0.867211
    outer loop
      vertex -33.3696 -22.2969 50.2249
      vertex -35.8199 -27.4856 51.8848
      vertex -31.8399 -24.4316 49.4561
    endloop
  endfacet
  facet normal 0.482875 0.0651665 0.873261
    outer loop
      vertex -31.8399 -24.4316 49.4561
      vertex -35.8199 -27.4856 51.8848
      vertex -33.9456 -29.7695 51.0188
    endloop
  endfacet
  facet normal 0.493365 0.0594267 0.86779
    outer loop
      vertex -31.8399 -24.4316 49.4561
      vertex -33.9456 -29.7695 51.0188
      vertex -30.1738 -26.4617 48.648
    endloop
  endfacet
  facet normal 0.47871 0.0807675 0.87425
    outer loop
      vertex -30.1738 -26.4617 48.648
      vertex -33.9456 -29.7695 51.0188
      vertex -31.9259 -31.9259 50.1121
    endloop
  endfacet
  facet normal 0.490023 0.0755796 0.868427
    outer loop
      vertex -30.1738 -26.4617 48.648
      vertex -31.9259 -31.9259 50.1121
      vertex -28.3786 -28.3786 47.8018
    endloop
  endfacet
  facet normal 0.473948 0.0961248 0.87529
    outer loop
      vertex -28.3786 -28.3786 47.8018
      vertex -31.9259 -31.9259 50.1121
      vertex -29.7695 -33.9456 49.1663
    endloop
  endfacet
  facet normal 0.486041 0.091592 0.869123
    outer loop
      vertex -28.3786 -28.3786 47.8018
      vertex -29.7695 -33.9456 49.1663
      vertex -26.4617 -30.1738 46.919
    endloop
  endfacet
  facet normal 0.468599 0.111213 0.876383
    outer loop
      vertex -26.4617 -30.1738 46.919
      vertex -29.7695 -33.9456 49.1663
      vertex -27.4856 -35.8199 48.1829
    endloop
  endfacet
  facet normal 0.481417 0.107434 0.869883
    outer loop
      vertex -26.4617 -30.1738 46.919
      vertex -27.4856 -35.8199 48.1829
      vertex -24.4316 -31.8399 46.0013
    endloop
  endfacet
  facet normal 0.462672 0.126009 0.877529
    outer loop
      vertex -24.4316 -31.8399 46.0013
      vertex -27.4856 -35.8199 48.1829
      vertex -25.084 -37.5409 47.1638
    endloop
  endfacet
  facet normal 0.476151 0.123076 0.870708
    outer loop
      vertex -24.4316 -31.8399 46.0013
      vertex -25.084 -37.5409 47.1638
      vertex -22.2969 -33.3696 45.0501
    endloop
  endfacet
  facet normal 0.456177 0.140487 0.87873
    outer loop
      vertex -22.2969 -33.3696 45.0501
      vertex -25.084 -37.5409 47.1638
      vertex -22.575 -39.101 46.1108
    endloop
  endfacet
  facet normal 0.470245 0.138485 0.871603
    outer loop
      vertex -22.2969 -33.3696 45.0501
      vertex -22.575 -39.101 46.1108
      vertex -20.0667 -34.7565 44.0672
    endloop
  endfacet
  facet normal 0.449125 0.154623 0.879988
    outer loop
      vertex -20.0667 -34.7565 44.0672
      vertex -22.575 -39.101 46.1108
      vertex -19.9693 -40.4938 45.0256
    endloop
  endfacet
  facet normal 0.463701 0.153631 0.87257
    outer loop
      vertex -20.0667 -34.7565 44.0672
      vertex -19.9693 -40.4938 45.0256
      vertex -17.7505 -35.9945 43.0543
    endloop
  endfacet
  facet normal 0.441528 0.168392 0.881304
    outer loop
      vertex -17.7505 -35.9945 43.0543
      vertex -19.9693 -40.4938 45.0256
      vertex -17.2782 -41.7132 43.9104
    endloop
  endfacet
  facet normal 0.456522 0.16848 0.873614
    outer loop
      vertex -17.7505 -35.9945 43.0543
      vertex -17.2782 -41.7132 43.9104
      vertex -15.3584 -37.0784 42.0133
    endloop
  endfacet
  facet normal 0.433395 0.181771 0.882682
    outer loop
      vertex -15.3584 -37.0784 42.0133
      vertex -17.2782 -41.7132 43.9104
      vertex -14.513 -42.7539 42.767
    endloop
  endfacet
  facet normal 0.448713 0.182998 0.874739
    outer loop
      vertex -15.3584 -37.0784 42.0133
      vertex -14.513 -42.7539 42.767
      vertex -12.9004 -38.0035 40.946
    endloop
  endfacet
  facet normal 0.424737 0.194735 0.884125
    outer loop
      vertex -12.9004 -38.0035 40.946
      vertex -14.513 -42.7539 42.767
      vertex -11.6857 -43.6116 41.5976
    endloop
  endfacet
  facet normal 0.440277 0.197151 0.87595
    outer loop
      vertex -12.9004 -38.0035 40.946
      vertex -11.6857 -43.6116 41.5976
      vertex -10.3873 -38.7658 39.8544
    endloop
  endfacet
  facet normal 0.415564 0.207258 0.885636
    outer loop
      vertex -10.3873 -38.7658 39.8544
      vertex -11.6857 -43.6116 41.5976
      vertex -8.80833 -44.2825 40.4045
    endloop
  endfacet
  facet normal 0.431221 0.210903 0.87725
    outer loop
      vertex -10.3873 -38.7658 39.8544
      vertex -8.80833 -44.2825 40.4045
      vertex -7.82962 -39.3622 38.7405
    endloop
  endfacet
  facet normal 0.405885 0.219314 0.88722
    outer loop
      vertex -7.82962 -39.3622 38.7405
      vertex -8.80833 -44.2825 40.4045
      vertex -5.89326 -44.7637 39.1899
    endloop
  endfacet
  facet normal 0.421551 0.224217 0.878648
    outer loop
      vertex -7.82962 -39.3622 38.7405
      vertex -5.89326 -44.7637 39.1899
      vertex -5.23845 -39.79 37.6065
    endloop
  endfacet
  facet normal 0.395711 0.230876 0.888881
    outer loop
      vertex -5.23845 -39.79 37.6065
      vertex -5.89326 -44.7637 39.1899
      vertex -2.95295 -45.0533 37.9562
    endloop
  endfacet
  facet normal 0.411274 0.237054 0.880147
    outer loop
      vertex -5.23845 -39.79 37.6065
      vertex -2.95295 -45.0533 37.9562
      vertex -2.62485 -40.0474 36.4546
    endloop
  endfacet
  facet normal 0.385049 0.241916 0.890626
    outer loop
      vertex -2.62485 -40.0474 36.4546
      vertex -2.95295 -45.0533 37.9562
      vertex -8.29392e-15 -45.15 36.7057
    endloop
  endfacet
  facet normal 0.400396 0.249375 0.881757
    outer loop
      vertex -2.62485 -40.0474 36.4546
      vertex -8.29392e-15 -45.15 36.7057
      vertex -7.37237e-15 -40.1333 35.287
    endloop
  endfacet
  facet normal 0.373904 0.252402 0.892462
    outer loop
      vertex -7.37237e-15 -40.1333 35.287
      vertex -8.29392e-15 -45.15 36.7057
      vertex 2.95295 -45.0533 35.4412
    endloop
  endfacet
  facet normal 0.388926 0.261136 0.883484
    outer loop
      vertex -7.37237e-15 -40.1333 35.287
      vertex 2.95295 -45.0533 35.4412
      vertex 2.62485 -40.0474 34.1061
    endloop
  endfacet
  facet normal 0.362283 0.262301 0.894399
    outer loop
      vertex 2.62485 -40.0474 34.1061
      vertex 2.95295 -45.0533 35.4412
      vertex 5.89326 -44.7637 34.1653
    endloop
  endfacet
  facet normal 0.376868 0.272295 0.885339
    outer loop
      vertex 2.62485 -40.0474 34.1061
      vertex 5.89326 -44.7637 34.1653
      vertex 5.23845 -39.79 32.9143
    endloop
  endfacet
  facet normal 0.350187 0.271576 0.896446
    outer loop
      vertex 5.23845 -39.79 32.9143
      vertex 5.89326 -44.7637 34.1653
      vertex 8.80833 -44.2825 32.8808
    endloop
  endfacet
  facet normal 0.364229 0.282802 0.887333
    outer loop
      vertex 5.23845 -39.79 32.9143
      vertex 8.80833 -44.2825 32.8808
      vertex 7.82962 -39.3622 31.7144
    endloop
  endfacet
  facet normal 0.337614 0.280183 0.898618
    outer loop
      vertex 7.82962 -39.3622 31.7144
      vertex 8.80833 -44.2825 32.8808
      vertex 11.6857 -43.6116 31.5906
    endloop
  endfacet
  facet normal 0.35101 0.292605 0.88948
    outer loop
      vertex 7.82962 -39.3622 31.7144
      vertex 11.6857 -43.6116 31.5906
      vertex 10.3873 -38.7658 30.5089
    endloop
  endfacet
  facet normal 0.32456 0.288074 0.90093
    outer loop
      vertex 10.3873 -38.7658 30.5089
      vertex 11.6857 -43.6116 31.5906
      vertex 14.513 -42.7539 30.2978
    endloop
  endfacet
  facet normal 0.337213 0.301647 0.891794
    outer loop
      vertex 10.3873 -38.7658 30.5089
      vertex 14.513 -42.7539 30.2978
      vertex 12.9004 -38.0035 29.3007
    endloop
  endfacet
  facet normal 0.311009 0.295189 0.903403
    outer loop
      vertex 12.9004 -38.0035 29.3007
      vertex 14.513 -42.7539 30.2978
      vertex 17.2782 -41.7132 29.0058
    endloop
  endfacet
  facet normal 0.32283 0.309862 0.894297
    outer loop
      vertex 12.9004 -38.0035 29.3007
      vertex 17.2782 -41.7132 29.0058
      vertex 15.3584 -37.0784 28.0929
    endloop
  endfacet
  facet normal 0.296941 0.301456 0.906063
    outer loop
      vertex 15.3584 -37.0784 28.0929
      vertex 17.2782 -41.7132 29.0058
      vertex 19.9693 -40.4938 27.7181
    endloop
  endfacet
  facet normal 0.307848 0.317173 0.897012
    outer loop
      vertex 15.3584 -37.0784 28.0929
      vertex 19.9693 -40.4938 27.7181
      vertex 17.7505 -35.9945 26.8887
    endloop
  endfacet
  facet normal 0.282318 0.306783 0.908945
    outer loop
      vertex 17.7505 -35.9945 26.8887
      vertex 19.9693 -40.4938 27.7181
      vertex 22.575 -39.101 26.4387
    endloop
  endfacet
  facet normal 0.29224 0.323491 0.899972
    outer loop
      vertex 17.7505 -35.9945 26.8887
      vertex 22.575 -39.101 26.4387
      vertex 20.0667 -34.7565 25.6916
    endloop
  endfacet
  facet normal 0.267079 0.31105 0.912095
    outer loop
      vertex 20.0667 -34.7565 25.6916
      vertex 22.575 -39.101 26.4387
      vertex 25.084 -37.5409 25.172
    endloop
  endfacet
  facet normal 0.275957 0.328703 0.903218
    outer loop
      vertex 20.0667 -34.7565 25.6916
      vertex 25.084 -37.5409 25.172
      vertex 22.2969 -33.3696 24.5055
    endloop
  endfacet
  facet normal 0.25113 0.314089 0.915577
    outer loop
      vertex 22.2969 -33.3696 24.5055
      vertex 25.084 -37.5409 25.172
      vertex 27.4856 -35.8199 23.9229
    endloop
  endfacet
  facet normal 0.258916 0.332662 0.906807
    outer loop
      vertex 22.2969 -33.3696 24.5055
      vertex 27.4856 -35.8199 23.9229
      vertex 24.4316 -31.8399 23.3348
    endloop
  endfacet
  facet normal 0.234314 0.315658 0.919487
    outer loop
      vertex 24.4316 -31.8399 23.3348
      vertex 27.4856 -35.8199 23.9229
      vertex 29.7695 -33.9456 22.6974
    endloop
  endfacet
  facet normal 0.240976 0.335171 0.910819
    outer loop
      vertex 24.4316 -31.8399 23.3348
      vertex 29.7695 -33.9456 22.6974
      vertex 26.4617 -30.1738 22.1846
    endloop
  endfacet
  facet normal 0.216362 0.315373 0.923974
    outer loop
      vertex 26.4617 -30.1738 22.1846
      vertex 29.7695 -33.9456 22.6974
      vertex 31.9259 -31.9259 21.5031
    endloop
  endfacet
  facet normal 0.221884 0.33594 0.915375
    outer loop
      vertex 26.4617 -30.1738 22.1846
      vertex 31.9259 -31.9259 21.5031
      vertex 28.3786 -28.3786 21.0611
    endloop
  endfacet
  facet normal 0.196784 0.312573 0.929287
    outer loop
      vertex 28.3786 -28.3786 21.0611
      vertex 31.9259 -31.9259 21.5031
      vertex 33.9456 -29.7695 20.3501
    endloop
  endfacet
  facet normal 0.201164 0.334507 0.920673
    outer loop
      vertex 28.3786 -28.3786 21.0611
      vertex 33.9456 -29.7695 20.3501
      vertex 30.1738 -26.4617 19.9724
    endloop
  endfacet
  facet normal 0.174591 0.305945 0.935904
    outer loop
      vertex 30.1738 -26.4617 19.9724
      vertex 33.9456 -29.7695 20.3501
      vertex 35.8199 -27.4856 19.2538
    endloop
  endfacet
  facet normal 0.177834 0.330032 0.927067
    outer loop
      vertex 30.1738 -26.4617 19.9724
      vertex 35.8199 -27.4856 19.2538
      vertex 31.8399 -24.4316 18.9301
    endloop
  endfacet
  facet normal 0.147467 0.292345 0.944875
    outer loop
      vertex 31.8399 -24.4316 18.9301
      vertex 35.8199 -27.4856 19.2538
      vertex 37.5409 -25.084 18.2422
    endloop
  endfacet
  facet normal 0.14955 0.320621 0.935327
    outer loop
      vertex 31.8399 -24.4316 18.9301
      vertex 37.5409 -25.084 18.2422
      vertex 33.3696 -22.2969 17.9537
    endloop
  endfacet
  facet normal 0.108661 0.261872 0.958966
    outer loop
      vertex 33.3696 -22.2969 17.9537
      vertex 37.5409 -25.084 18.2422
      vertex 39.101 -22.575 17.3803
    endloop
  endfacet
  facet normal 0.109377 0.299912 0.947676
    outer loop
      vertex 33.3696 -22.2969 17.9537
      vertex 39.101 -22.575 17.3803
      vertex 34.7565 -20.0667 17.0879
    endloop
  endfacet
  facet normal 0.0346656 0.174743 0.984004
    outer loop
      vertex 34.7565 -20.0667 17.0879
      vertex 39.101 -22.575 17.3803
      vertex 40.4938 -19.9693 16.8685
    endloop
  endfacet
  facet normal 0.033411 0.225437 0.973685
    outer loop
      vertex 34.7565 -20.0667 17.0879
      vertex 40.4938 -19.9693 16.8685
      vertex 35.9945 -17.7505 16.5091
    endloop
  endfacet
  facet normal -0.0945113 -0.0305022 0.995056
    outer loop
      vertex 35.9945 -17.7505 16.5091
      vertex 40.4938 -19.9693 16.8685
      vertex 41.7132 -17.2782 17.0668
    endloop
  endfacet
  facet normal -0.0922117 -0.0572067 0.994095
    outer loop
      vertex 35.9945 -17.7505 16.5091
      vertex 41.7132 -17.2782 17.0668
      vertex 37.0784 -15.3584 16.7473
    endloop
  endfacet
  facet normal -0.149838 -0.200648 0.968137
    outer loop
      vertex 37.0784 -15.3584 16.7473
      vertex 41.7132 -17.2782 17.0668
      vertex 42.7539 -14.513 17.8009
    endloop
  endfacet
  facet normal -0.14112 -0.247298 0.958608
    outer loop
      vertex 37.0784 -15.3584 16.7473
      vertex 42.7539 -14.513 17.8009
      vertex 38.0035 -12.9004 17.5176
    endloop
  endfacet
  facet normal -0.149806 -0.27442 0.949869
    outer loop
      vertex 38.0035 -12.9004 17.5176
      vertex 42.7539 -14.513 17.8009
      vertex 43.6116 -11.6857 18.753
    endloop
  endfacet
  facet normal -0.141046 -0.306281 0.941434
    outer loop
      vertex 38.0035 -12.9004 17.5176
      vertex 43.6116 -11.6857 18.753
      vertex 38.7658 -10.3873 18.4494
    endloop
  endfacet
  facet normal -0.142636 -0.312769 0.939058
    outer loop
      vertex 38.7658 -10.3873 18.4494
      vertex 43.6116 -11.6857 18.753
      vertex 44.2825 -8.80833 19.8133
    endloop
  endfacet
  facet normal -0.13353 -0.338125 0.93158
    outer loop
      vertex 38.7658 -10.3873 18.4494
      vertex 44.2825 -8.80833 19.8133
      vertex 39.3622 -7.82962 19.4632
    endloop
  endfacet
  facet normal -0.133578 -0.338409 0.93147
    outer loop
      vertex 39.3622 -7.82962 19.4632
      vertex 44.2825 -8.80833 19.8133
      vertex 44.7637 -5.89326 20.9414
    endloop
  endfacet
  facet normal -0.123687 -0.360652 0.924463
    outer loop
      vertex 39.3622 -7.82962 19.4632
      vertex 44.7637 -5.89326 20.9414
      vertex 39.79 -5.23845 20.5314
    endloop
  endfacet
  facet normal -0.123425 -0.357991 0.925532
    outer loop
      vertex 39.79 -5.23845 20.5314
      vertex 44.7637 -5.89326 20.9414
      vertex 45.0533 -2.95295 22.1173
    endloop
  endfacet
  facet normal -0.112537 -0.378381 0.918784
    outer loop
      vertex 39.79 -5.23845 20.5314
      vertex 45.0533 -2.95295 22.1173
      vertex 40.0474 -2.62485 21.6392
    endloop
  endfacet
  facet normal -0.112423 -0.374011 0.920585
    outer loop
      vertex 40.0474 -2.62485 21.6392
      vertex 45.0533 -2.95295 22.1173
      vertex 45.15 0 23.3288
    endloop
  endfacet
  facet normal -0.100453 -0.39305 0.914014
    outer loop
      vertex 40.0474 -2.62485 21.6392
      vertex 45.15 0 23.3288
      vertex 40.1333 0 22.7774
    endloop
  endfacet
  facet normal -0.193804 -0.357219 0.913693
    outer loop
      vertex 45.15 0 23.3288
      vertex 50.1667 0 24.3929
      vertex 50.0593 3.28106 25.6529
    endloop
  endfacet
  facet normal -0.171295 -0.385824 0.906531
    outer loop
      vertex 45.15 0 23.3288
      vertex 50.0593 3.28106 25.6529
      vertex 45.0533 2.95295 24.5673
    endloop
  endfacet
  facet normal -0.172606 -0.377111 0.909942
    outer loop
      vertex 45.0533 2.95295 24.5673
      vertex 50.0593 3.28106 25.6529
      vertex 49.7375 6.54806 26.9458
    endloop
  endfacet
  facet normal -0.150469 -0.401604 0.903368
    outer loop
      vertex 45.0533 2.95295 24.5673
      vertex 49.7375 6.54806 26.9458
      vertex 44.7637 5.89326 25.8262
    endloop
  endfacet
  facet normal -0.152209 -0.393774 0.906518
    outer loop
      vertex 44.7637 5.89326 25.8262
      vertex 49.7375 6.54806 26.9458
      vertex 49.2027 9.78703 28.2629
    endloop
  endfacet
  facet normal -0.130258 -0.415001 0.900449
    outer loop
      vertex 44.7637 5.89326 25.8262
      vertex 49.2027 9.78703 28.2629
      vertex 44.2825 8.80833 27.1001
    endloop
  endfacet
  facet normal -0.132356 -0.407924 0.903372
    outer loop
      vertex 44.2825 8.80833 27.1001
      vertex 49.2027 9.78703 28.2629
      vertex 48.4573 12.9841 29.5974
    endloop
  endfacet
  facet normal -0.110478 -0.426433 0.897747
    outer loop
      vertex 44.2825 8.80833 27.1001
      vertex 48.4573 12.9841 29.5974
      vertex 43.6116 11.6857 28.3843
    endloop
  endfacet
  facet normal -0.112873 -0.420031 0.900463
    outer loop
      vertex 43.6116 11.6857 28.3843
      vertex 48.4573 12.9841 29.5974
      vertex 47.5043 16.1255 30.9433
    endloop
  endfacet
  facet normal -0.0910067 -0.436192 0.89524
    outer loop
      vertex 43.6116 11.6857 28.3843
      vertex 47.5043 16.1255 30.9433
      vertex 42.7539 14.513 29.6747
    endloop
  endfacet
  facet normal -0.0936401 -0.430417 0.89776
    outer loop
      vertex 42.7539 14.513 29.6747
      vertex 47.5043 16.1255 30.9433
      vertex 46.348 19.198 32.2957
    endloop
  endfacet
  facet normal -0.0717655 -0.444484 0.892907
    outer loop
      vertex 42.7539 14.513 29.6747
      vertex 46.348 19.198 32.2957
      vertex 41.7132 17.2782 30.9675
    endloop
  endfacet
  facet normal -0.0745769 -0.439307 0.895236
    outer loop
      vertex 41.7132 17.2782 30.9675
      vertex 46.348 19.198 32.2957
      vertex 44.9931 22.1881 33.6502
    endloop
  endfacet
  facet normal -0.0527029 -0.45146 0.890734
    outer loop
      vertex 41.7132 17.2782 30.9675
      vertex 44.9931 22.1881 33.6502
      vertex 40.4938 19.9693 32.2594
    endloop
  endfacet
  facet normal -0.0556301 -0.446864 0.892871
    outer loop
      vertex 40.4938 19.9693 32.2594
      vertex 44.9931 22.1881 33.6502
      vertex 43.4456 25.0833 35.0027
    endloop
  endfacet
  facet normal -0.0337881 -0.457235 0.888704
    outer loop
      vertex 40.4938 19.9693 32.2594
      vertex 43.4456 25.0833 35.0027
      vertex 39.101 22.575 33.547
    endloop
  endfacet
  facet normal -0.0367663 -0.453205 0.890648
    outer loop
      vertex 39.101 22.575 33.547
      vertex 43.4456 25.0833 35.0027
      vertex 41.7121 27.8711 36.3497
    endloop
  endfacet
  facet normal -0.0150041 -0.4619 0.886805
    outer loop
      vertex 39.101 22.575 33.547
      vertex 41.7121 27.8711 36.3497
      vertex 37.5409 25.084 34.8275
    endloop
  endfacet
  facet normal -0.0179661 -0.458422 0.888553
    outer loop
      vertex 37.5409 25.084 34.8275
      vertex 41.7121 27.8711 36.3497
      vertex 39.7999 30.5395 37.6878
    endloop
  endfacet
  facet normal 0.00365607 -0.465527 0.885026
    outer loop
      vertex 37.5409 25.084 34.8275
      vertex 39.7999 30.5395 37.6878
      vertex 35.8199 27.4856 36.0978
    endloop
  endfacet
  facet normal 0.000779196 -0.462584 0.886575
    outer loop
      vertex 35.8199 27.4856 36.0978
      vertex 39.7999 30.5395 37.6878
      vertex 37.7173 33.0772 39.0136
    endloop
  endfacet
  facet normal 0.0221923 -0.468172 0.883358
    outer loop
      vertex 35.8199 27.4856 36.0978
      vertex 37.7173 33.0772 39.0136
      vertex 33.9456 29.7695 37.3553
    endloop
  endfacet
  facet normal 0.0194702 -0.465744 0.884705
    outer loop
      vertex 33.9456 29.7695 37.3553
      vertex 37.7173 33.0772 39.0136
      vertex 35.4732 35.4732 40.3244
    endloop
  endfacet
  facet normal 0.0405992 -0.469887 0.881793
    outer loop
      vertex 33.9456 29.7695 37.3553
      vertex 35.4732 35.4732 40.3244
      vertex 31.9259 31.9259 38.5974
    endloop
  endfacet
  facet normal 0.0381017 -0.467945 0.882936
    outer loop
      vertex 31.9259 31.9259 38.5974
      vertex 35.4732 35.4732 40.3244
      vertex 33.0772 37.7173 41.6171
    endloop
  endfacet
  facet normal 0.058868 -0.470711 0.880322
    outer loop
      vertex 31.9259 31.9259 38.5974
      vertex 33.0772 37.7173 41.6171
      vertex 29.7695 33.9456 39.8216
    endloop
  endfacet
  facet normal 0.0566633 -0.469224 0.88126
    outer loop
      vertex 29.7695 33.9456 39.8216
      vertex 33.0772 37.7173 41.6171
      vertex 30.5395 39.7999 42.8892
    endloop
  endfacet
  facet normal 0.0769871 -0.470681 0.878938
    outer loop
      vertex 29.7695 33.9456 39.8216
      vertex 30.5395 39.7999 42.8892
      vertex 27.4856 35.8199 41.0253
    endloop
  endfacet
  facet normal 0.0751414 -0.469608 0.879672
    outer loop
      vertex 27.4856 35.8199 41.0253
      vertex 30.5395 39.7999 42.8892
      vertex 27.8711 41.7121 44.1379
    endloop
  endfacet
  facet normal 0.0949429 -0.469829 0.877637
    outer loop
      vertex 27.4856 35.8199 41.0253
      vertex 27.8711 41.7121 44.1379
      vertex 25.084 37.5409 42.2064
    endloop
  endfacet
  facet normal 0.0935192 -0.469123 0.878167
    outer loop
      vertex 25.084 37.5409 42.2064
      vertex 27.8711 41.7121 44.1379
      vertex 25.0833 43.4456 45.3609
    endloop
  endfacet
  facet normal 0.112721 -0.468183 0.876412
    outer loop
      vertex 25.084 37.5409 42.2064
      vertex 25.0833 43.4456 45.3609
      vertex 22.575 39.101 43.3626
    endloop
  endfacet
  facet normal 0.111778 -0.467791 0.876743
    outer loop
      vertex 22.575 39.101 43.3626
      vertex 25.0833 43.4456 45.3609
      vertex 22.1881 44.9931 46.5556
    endloop
  endfacet
  facet normal 0.130305 -0.465771 0.875259
    outer loop
      vertex 22.575 39.101 43.3626
      vertex 22.1881 44.9931 46.5556
      vertex 19.9693 40.4938 44.4917
    endloop
  endfacet
  facet normal 0.129896 -0.465631 0.875394
    outer loop
      vertex 19.9693 40.4938 44.4917
      vertex 22.1881 44.9931 46.5556
      vertex 19.198 46.348 47.72
    endloop
  endfacet
  facet normal 0.147679 -0.462614 0.874173
    outer loop
      vertex 19.9693 40.4938 44.4917
      vertex 19.198 46.348 47.72
      vertex 17.2782 41.7132 45.5916
    endloop
  endfacet
  facet normal 0.147852 -0.462661 0.874119
    outer loop
      vertex 17.2782 41.7132 45.5916
      vertex 19.198 46.348 47.72
      vertex 16.1255 47.5043 48.8517
    endloop
  endfacet
  facet normal 0.164827 -0.458738 0.87315
    outer loop
      vertex 17.2782 41.7132 45.5916
      vertex 16.1255 47.5043 48.8517
      vertex 14.513 42.7539 46.6604
    endloop
  endfacet
  facet normal 0.165623 -0.458899 0.872915
    outer loop
      vertex 14.513 42.7539 46.6604
      vertex 16.1255 47.5043 48.8517
      vertex 12.9841 48.4573 49.9488
    endloop
  endfacet
  facet normal 0.181731 -0.454162 0.872187
    outer loop
      vertex 14.513 42.7539 46.6604
      vertex 12.9841 48.4573 49.9488
      vertex 11.6857 43.6116 47.6961
    endloop
  endfacet
  facet normal 0.183184 -0.454361 0.87178
    outer loop
      vertex 11.6857 43.6116 47.6961
      vertex 12.9841 48.4573 49.9488
      vertex 9.78703 49.2027 51.0091
    endloop
  endfacet
  facet normal 0.198376 -0.448907 0.871281
    outer loop
      vertex 11.6857 43.6116 47.6961
      vertex 9.78703 49.2027 51.0091
      vertex 8.80833 44.2825 48.6968
    endloop
  endfacet
  facet normal 0.20051 -0.449063 0.870711
    outer loop
      vertex 8.80833 44.2825 48.6968
      vertex 9.78703 49.2027 51.0091
      vertex 6.54806 49.7375 52.0307
    endloop
  endfacet
  facet normal 0.214744 -0.442992 0.870427
    outer loop
      vertex 8.80833 44.2825 48.6968
      vertex 6.54806 49.7375 52.0307
      vertex 5.89326 44.7637 49.661
    endloop
  endfacet
  facet normal 0.217576 -0.443022 0.869708
    outer loop
      vertex 5.89326 44.7637 49.661
      vertex 6.54806 49.7375 52.0307
      vertex 3.28106 50.0593 53.012
    endloop
  endfacet
  facet normal 0.230819 -0.436436 0.869624
    outer loop
      vertex 5.89326 44.7637 49.661
      vertex 3.28106 50.0593 53.012
      vertex 2.95295 45.0533 50.5867
    endloop
  endfacet
  facet normal 0.234357 -0.436254 0.868769
    outer loop
      vertex 2.95295 45.0533 50.5867
      vertex 3.28106 50.0593 53.012
      vertex 3.07182e-15 50.1667 53.951
    endloop
  endfacet
  facet normal 0.246584 -0.429259 0.868869
    outer loop
      vertex 2.95295 45.0533 50.5867
      vertex 3.07182e-15 50.1667 53.951
      vertex 2.76464e-15 45.15 51.4725
    endloop
  endfacet
  facet normal 0.250827 -0.428776 0.867892
    outer loop
      vertex 2.76464e-15 45.15 51.4725
      vertex 3.07182e-15 50.1667 53.951
      vertex -3.28106 50.0593 54.8462
    endloop
  endfacet
  facet normal 0.262024 -0.421476 0.86816
    outer loop
      vertex 2.76464e-15 45.15 51.4725
      vertex -3.28106 50.0593 54.8462
      vertex -2.95295 45.0533 52.3169
    endloop
  endfacet
  facet normal 0.266961 -0.420606 0.867077
    outer loop
      vertex -2.95295 45.0533 52.3169
      vertex -3.28106 50.0593 54.8462
      vertex -6.54806 49.7375 55.696
    endloop
  endfacet
  facet normal 0.277123 -0.413107 0.867494
    outer loop
      vertex -2.95295 45.0533 52.3169
      vertex -6.54806 49.7375 55.696
      vertex -5.89326 44.7637 53.1182
    endloop
  endfacet
  facet normal 0.282732 -0.411761 0.866323
    outer loop
      vertex -5.89326 44.7637 53.1182
      vertex -6.54806 49.7375 55.696
      vertex -9.78703 49.2027 56.4988
    endloop
  endfacet
  facet normal 0.291865 -0.404168 0.86687
    outer loop
      vertex -5.89326 44.7637 53.1182
      vertex -9.78703 49.2027 56.4988
      vertex -8.80833 44.2825 53.8753
    endloop
  endfacet
  facet normal 0.298117 -0.402262 0.865628
    outer loop
      vertex -8.80833 44.2825 53.8753
      vertex -9.78703 49.2027 56.4988
      vertex -12.9841 48.4573 57.2535
    endloop
  endfacet
  facet normal 0.306234 -0.394675 0.866286
    outer loop
      vertex -8.80833 44.2825 53.8753
      vertex -12.9841 48.4573 57.2535
      vertex -11.6857 43.6116 54.5868
    endloop
  endfacet
  facet normal 0.313091 -0.392126 0.864992
    outer loop
      vertex -11.6857 43.6116 54.5868
      vertex -12.9841 48.4573 57.2535
      vertex -16.1255 47.5043 57.9586
    endloop
  endfacet
  facet normal 0.320217 -0.384647 0.865741
    outer loop
      vertex -11.6857 43.6116 54.5868
      vertex -16.1255 47.5043 57.9586
      vertex -14.513 42.7539 55.2515
    endloop
  endfacet
  facet normal 0.327628 -0.381375 0.864415
    outer loop
      vertex -14.513 42.7539 55.2515
      vertex -16.1255 47.5043 57.9586
      vertex -19.198 46.348 58.6129
    endloop
  endfacet
  facet normal 0.333797 -0.3741 0.865233
    outer loop
      vertex -14.513 42.7539 55.2515
      vertex -19.198 46.348 58.6129
      vertex -17.2782 41.7132 55.8683
    endloop
  endfacet
  facet normal 0.341707 -0.370031 0.863895
    outer loop
      vertex -17.2782 41.7132 55.8683
      vertex -19.198 46.348 58.6129
      vertex -22.1881 44.9931 59.2153
    endloop
  endfacet
  facet normal 0.346961 -0.36305 0.864762
    outer loop
      vertex -17.2782 41.7132 55.8683
      vertex -22.1881 44.9931 59.2153
      vertex -19.9693 40.4938 56.4361
    endloop
  endfacet
  facet normal 0.355303 -0.358114 0.863431
    outer loop
      vertex -19.9693 40.4938 56.4361
      vertex -22.1881 44.9931 59.2153
      vertex -25.0833 43.4456 59.7648
    endloop
  endfacet
  facet normal 0.359695 -0.351513 0.864325
    outer loop
      vertex -19.9693 40.4938 56.4361
      vertex -25.0833 43.4456 59.7648
      vertex -22.575 39.101 56.9541
    endloop
  endfacet
  facet normal 0.368395 -0.345649 0.863025
    outer loop
      vertex -22.575 39.101 56.9541
      vertex -25.0833 43.4456 59.7648
      vertex -27.8711 41.7121 60.2605
    endloop
  endfacet
  facet normal 0.371984 -0.339508 0.863923
    outer loop
      vertex -22.575 39.101 56.9541
      vertex -27.8711 41.7121 60.2605
      vertex -25.084 37.5409 57.4213
    endloop
  endfacet
  facet normal 0.380962 -0.332658 0.862674
    outer loop
      vertex -25.084 37.5409 57.4213
      vertex -27.8711 41.7121 60.2605
      vertex -30.5395 39.7999 60.7016
    endloop
  endfacet
  facet normal 0.383814 -0.327049 0.863554
    outer loop
      vertex -25.084 37.5409 57.4213
      vertex -30.5395 39.7999 60.7016
      vertex -27.4856 35.8199 57.8369
    endloop
  endfacet
  facet normal 0.392984 -0.319167 0.862378
    outer loop
      vertex -27.4856 35.8199 57.8369
      vertex -30.5395 39.7999 60.7016
      vertex -33.0772 37.7173 61.0872
    endloop
  endfacet
  facet normal 0.395173 -0.314154 0.863218
    outer loop
      vertex -27.4856 35.8199 57.8369
      vertex -33.0772 37.7173 61.0872
      vertex -29.7695 33.9456 58.2003
    endloop
  endfacet
  facet normal 0.40444 -0.3052 0.862138
    outer loop
      vertex -29.7695 33.9456 58.2003
      vertex -33.0772 37.7173 61.0872
      vertex -35.4732 35.4732 61.4168
    endloop
  endfacet
  facet normal 0.406046 -0.30084 0.862915
    outer loop
      vertex -29.7695 33.9456 58.2003
      vertex -35.4732 35.4732 61.4168
      vertex -31.9259 31.9259 58.5109
    endloop
  endfacet
  facet normal 0.415312 -0.290784 0.861952
    outer loop
      vertex -31.9259 31.9259 58.5109
      vertex -35.4732 35.4732 61.4168
      vertex -37.7173 33.0772 61.6897
    endloop
  endfacet
  facet normal 0.41642 -0.287123 0.862644
    outer loop
      vertex -31.9259 31.9259 58.5109
      vertex -37.7173 33.0772 61.6897
      vertex -33.9456 29.7695 58.7681
    endloop
  endfacet
  facet normal 0.425584 -0.275945 0.861819
    outer loop
      vertex -33.9456 29.7695 58.7681
      vertex -37.7173 33.0772 61.6897
      vertex -39.7999 30.5395 61.9056
    endloop
  endfacet
  facet normal 0.426283 -0.273021 0.862405
    outer loop
      vertex -33.9456 29.7695 58.7681
      vertex -39.7999 30.5395 61.9056
      vertex -35.8199 27.4856 58.9715
    endloop
  endfacet
  facet normal 0.43524 -0.26071 0.861741
    outer loop
      vertex -35.8199 27.4856 58.9715
      vertex -39.7999 30.5395 61.9056
      vertex -41.7121 27.8711 62.0641
    endloop
  endfacet
  facet normal 0.435621 -0.258551 0.862198
    outer loop
      vertex -35.8199 27.4856 58.9715
      vertex -41.7121 27.8711 62.0641
      vertex -37.5409 25.084 59.1209
    endloop
  endfacet
  facet normal 0.444263 -0.245107 0.861715
    outer loop
      vertex -37.5409 25.084 59.1209
      vertex -41.7121 27.8711 62.0641
      vertex -43.4456 25.0833 62.1649
    endloop
  endfacet
  facet normal 0.444422 -0.243732 0.862023
    outer loop
      vertex -37.5409 25.084 59.1209
      vertex -43.4456 25.0833 62.1649
      vertex -39.101 22.575 59.2158
    endloop
  endfacet
  facet normal 0.452641 -0.229165 0.861742
    outer loop
      vertex -39.101 22.575 59.2158
      vertex -43.4456 25.0833 62.1649
      vertex -44.9931 22.1881 62.2078
    endloop
  endfacet
  facet normal 0.452673 -0.22858 0.861881
    outer loop
      vertex -39.101 22.575 59.2158
      vertex -44.9931 22.1881 62.2078
      vertex -40.4938 19.9693 59.2563
    endloop
  endfacet
  facet normal 0.460361 -0.212912 0.861821
    outer loop
      vertex -40.4938 19.9693 59.2563
      vertex -44.9931 22.1881 62.2078
      vertex -46.348 19.198 62.1928
    endloop
  endfacet
  facet normal 0.460363 -0.213115 0.86177
    outer loop
      vertex -40.4938 19.9693 59.2563
      vertex -46.348 19.198 62.1928
      vertex -41.7132 17.2782 59.2421
    endloop
  endfacet
  facet normal 0.467412 -0.196376 0.861953
    outer loop
      vertex -41.7132 17.2782 59.2421
      vertex -46.348 19.198 62.1928
      vertex -47.5043 16.1255 62.1199
    endloop
  endfacet
  facet normal 0.467478 -0.197355 0.861693
    outer loop
      vertex -41.7132 17.2782 59.2421
      vertex -47.5043 16.1255 62.1199
      vertex -42.7539 14.513 59.1734
    endloop
  endfacet
  facet normal 0.473783 -0.179588 0.862136
    outer loop
      vertex -42.7539 14.513 59.1734
      vertex -47.5043 16.1255 62.1199
      vertex -48.4573 12.9841 61.9892
    endloop
  endfacet
  facet normal 0.474007 -0.181319 0.86165
    outer loop
      vertex -42.7539 14.513 59.1734
      vertex -48.4573 12.9841 61.9892
      vertex -43.6116 11.6857 59.0503
    endloop
  endfacet
  facet normal 0.479466 -0.162577 0.86237
    outer loop
      vertex -43.6116 11.6857 59.0503
      vertex -48.4573 12.9841 61.9892
      vertex -49.2027 9.78703 61.801
    endloop
  endfacet
  facet normal 0.479939 -0.165027 0.86164
    outer loop
      vertex -43.6116 11.6857 59.0503
      vertex -49.2027 9.78703 61.801
      vertex -44.2825 8.80833 58.8729
    endloop
  endfacet
  facet normal 0.484453 -0.145372 0.862655
    outer loop
      vertex -44.2825 8.80833 58.8729
      vertex -49.2027 9.78703 61.801
      vertex -49.7375 6.54806 61.5555
    endloop
  endfacet
  facet normal 0.485262 -0.1485 0.861666
    outer loop
      vertex -44.2825 8.80833 58.8729
      vertex -49.7375 6.54806 61.5555
      vertex -44.7637 5.89326 58.6416
    endloop
  endfacet
  facet normal 0.488737 -0.128003 0.86299
    outer loop
      vertex -44.7637 5.89326 58.6416
      vertex -49.7375 6.54806 61.5555
      vertex -50.0593 3.28106 61.2531
    endloop
  endfacet
  facet normal 0.489966 -0.131757 0.861727
    outer loop
      vertex -44.7637 5.89326 58.6416
      vertex -50.0593 3.28106 61.2531
      vertex -45.0533 2.95295 58.3566
    endloop
  endfacet
  facet normal 0.492313 -0.110501 0.863376
    outer loop
      vertex -45.0533 2.95295 58.3566
      vertex -50.0593 3.28106 61.2531
      vertex -50.1667 6.14364e-15 60.8944
    endloop
  endfacet
  facet normal 0.494038 -0.114821 0.861825
    outer loop
      vertex -45.0533 2.95295 58.3566
      vertex -50.1667 6.14364e-15 60.8944
      vertex -45.15 5.52928e-15 58.0186
    endloop
  endfacet
  facet normal 0.495177 -0.0928938 0.863812
    outer loop
      vertex -45.15 5.52928e-15 58.0186
      vertex -50.1667 6.14364e-15 60.8944
      vertex -50.0593 -3.28106 60.48
    endloop
  endfacet
  facet normal 0.49747 -0.0977129 0.861961
    outer loop
      vertex -45.15 5.52928e-15 58.0186
      vertex -50.0593 -3.28106 60.48
      vertex -45.0533 -2.95295 57.6281
    endloop
  endfacet
  facet normal 0.497326 -0.0752123 0.864297
    outer loop
      vertex -45.0533 -2.95295 57.6281
      vertex -50.0593 -3.28106 60.48
      vertex -49.7375 -6.54806 60.0106
    endloop
  endfacet
  facet normal 0.50025 -0.080455 0.862135
    outer loop
      vertex -45.0533 -2.95295 57.6281
      vertex -49.7375 -6.54806 60.0106
      vertex -44.7637 -5.89326 57.1857
    endloop
  endfacet
  facet normal 0.498758 -0.0574857 0.864833
    outer loop
      vertex -44.7637 -5.89326 57.1857
      vertex -49.7375 -6.54806 60.0106
      vertex -49.2027 -9.78703 59.4869
    endloop
  endfacet
  facet normal 0.50237 -0.0630704 0.862349
    outer loop
      vertex -44.7637 -5.89326 57.1857
      vertex -49.2027 -9.78703 59.4869
      vertex -44.2825 -8.80833 56.6921
    endloop
  endfacet
  facet normal 0.499473 -0.0397432 0.865418
    outer loop
      vertex -44.2825 -8.80833 56.6921
      vertex -49.2027 -9.78703 59.4869
      vertex -48.4573 -12.9841 58.9098
    endloop
  endfacet
  facet normal 0.50382 -0.0455828 0.862605
    outer loop
      vertex -44.2825 -8.80833 56.6921
      vertex -48.4573 -12.9841 58.9098
      vertex -43.6116 -11.6857 56.1482
    endloop
  endfacet
  facet normal 0.499469 -0.0220138 0.866052
    outer loop
      vertex -43.6116 -11.6857 56.1482
      vertex -48.4573 -12.9841 58.9098
      vertex -47.5043 -16.1255 58.2804
    endloop
  endfacet
  facet normal 0.504591 -0.0280164 0.862904
    outer loop
      vertex -43.6116 -11.6857 56.1482
      vertex -47.5043 -16.1255 58.2804
      vertex -42.7539 -14.513 55.5549
    endloop
  endfacet
  facet normal 0.498748 -0.0043262 0.866736
    outer loop
      vertex -42.7539 -14.513 55.5549
      vertex -47.5043 -16.1255 58.2804
      vertex -46.348 -19.198 57.5996
    endloop
  endfacet
  facet normal 0.504675 -0.010396 0.863247
    outer loop
      vertex -42.7539 -14.513 55.5549
      vertex -46.348 -19.198 57.5996
      vertex -41.7132 -17.2782 54.9131
    endloop
  endfacet
  facet normal 0.497311 0.0132911 0.86747
    outer loop
      vertex -41.7132 -17.2782 54.9131
      vertex -46.348 -19.198 57.5996
      vertex -44.9931 -22.1881 56.8687
    endloop
  endfacet
  facet normal 0.504064 0.00725311 0.863636
    outer loop
      vertex -41.7132 -17.2782 54.9131
      vertex -44.9931 -22.1881 56.8687
      vertex -40.4938 -19.9693 54.224
    endloop
  endfacet
  facet normal 0.495161 0.0308103 0.868254
    outer loop
      vertex -40.4938 -19.9693 54.224
      vertex -44.9931 -22.1881 56.8687
      vertex -43.4456 -25.0833 56.0889
    endloop
  endfacet
  facet normal 0.502751 0.0249048 0.864073
    outer loop
      vertex -40.4938 -19.9693 54.224
      vertex -43.4456 -25.0833 56.0889
      vertex -39.101 -22.575 53.4888
    endloop
  endfacet
  facet normal 0.492301 0.0482035 0.869089
    outer loop
      vertex -39.101 -22.575 53.4888
      vertex -43.4456 -25.0833 56.0889
      vertex -41.7121 -27.8711 55.2616
    endloop
  endfacet
  facet normal 0.500729 0.0425324 0.864559
    outer loop
      vertex -39.101 -22.575 53.4888
      vertex -41.7121 -27.8711 55.2616
      vertex -37.5409 -25.084 52.7086
    endloop
  endfacet
  facet normal 0.488735 0.0654437 0.869975
    outer loop
      vertex -37.5409 -25.084 52.7086
      vertex -41.7121 -27.8711 55.2616
      vertex -39.7999 -30.5395 54.3881
    endloop
  endfacet
  facet normal 0.497991 0.0601088 0.865096
    outer loop
      vertex -37.5409 -25.084 52.7086
      vertex -39.7999 -30.5395 54.3881
      vertex -35.8199 -27.4856 51.8848
    endloop
  endfacet
  facet normal 0.484465 0.082504 0.870912
    outer loop
      vertex -35.8199 -27.4856 51.8848
      vertex -39.7999 -30.5395 54.3881
      vertex -37.7173 -33.0772 53.47
    endloop
  endfacet
  facet normal 0.494533 0.0776064 0.865687
    outer loop
      vertex -35.8199 -27.4856 51.8848
      vertex -37.7173 -33.0772 53.47
      vertex -33.9456 -29.7695 51.0188
    endloop
  endfacet
  facet normal 0.479496 0.0993579 0.871901
    outer loop
      vertex -33.9456 -29.7695 51.0188
      vertex -37.7173 -33.0772 53.47
      vertex -35.4732 -35.4732 52.5089
    endloop
  endfacet
  facet normal 0.490349 0.0949967 0.866334
    outer loop
      vertex -33.9456 -29.7695 51.0188
      vertex -35.4732 -35.4732 52.5089
      vertex -31.9259 -31.9259 50.1121
    endloop
  endfacet
  facet normal 0.473832 0.115979 0.872944
    outer loop
      vertex -31.9259 -31.9259 50.1121
      vertex -35.4732 -35.4732 52.5089
      vertex -33.0772 -37.7173 51.5065
    endloop
  endfacet
  facet normal 0.485433 0.112251 0.867038
    outer loop
      vertex -31.9259 -31.9259 50.1121
      vertex -33.0772 -37.7173 51.5065
      vertex -29.7695 -33.9456 49.1663
    endloop
  endfacet
  facet normal 0.467478 0.132343 0.874042
    outer loop
      vertex -29.7695 -33.9456 49.1663
      vertex -33.0772 -37.7173 51.5065
      vertex -30.5395 -39.7999 50.4646
    endloop
  endfacet
  facet normal 0.479781 0.129341 0.867802
    outer loop
      vertex -29.7695 -33.9456 49.1663
      vertex -30.5395 -39.7999 50.4646
      vertex -27.4856 -35.8199 48.1829
    endloop
  endfacet
  facet normal 0.460437 0.148423 0.875196
    outer loop
      vertex -27.4856 -35.8199 48.1829
      vertex -30.5395 -39.7999 50.4646
      vertex -27.8711 -41.7121 49.385
    endloop
  endfacet
  facet normal 0.473389 0.146235 0.86863
    outer loop
      vertex -27.4856 -35.8199 48.1829
      vertex -27.8711 -41.7121 49.385
      vertex -25.084 -37.5409 47.1638
    endloop
  endfacet
  facet normal 0.452712 0.164194 0.876409
    outer loop
      vertex -25.084 -37.5409 47.1638
      vertex -27.8711 -41.7121 49.385
      vertex -25.0833 -43.4456 48.2698
    endloop
  endfacet
  facet normal 0.466253 0.162906 0.869523
    outer loop
      vertex -25.084 -37.5409 47.1638
      vertex -25.0833 -43.4456 48.2698
      vertex -22.575 -39.101 46.1108
    endloop
  endfacet
  facet normal 0.444306 0.179631 0.877681
    outer loop
      vertex -22.575 -39.101 46.1108
      vertex -25.0833 -43.4456 48.2698
      vertex -22.1881 -44.9931 47.1209
    endloop
  endfacet
  facet normal 0.458369 0.179321 0.870484
    outer loop
      vertex -22.575 -39.101 46.1108
      vertex -22.1881 -44.9931 47.1209
      vertex -19.9693 -40.4938 45.0256
    endloop
  endfacet
  facet normal 0.43522 0.19471 0.879017
    outer loop
      vertex -19.9693 -40.4938 45.0256
      vertex -22.1881 -44.9931 47.1209
      vertex -19.198 -46.348 45.9405
    endloop
  endfacet
  facet normal 0.449731 0.19545 0.871516
    outer loop
      vertex -19.9693 -40.4938 45.0256
      vertex -19.198 -46.348 45.9405
      vertex -17.2782 -41.7132 43.9104
    endloop
  endfacet
  facet normal 0.425454 0.209406 0.880419
    outer loop
      vertex -17.2782 -41.7132 43.9104
      vertex -19.198 -46.348 45.9405
      vertex -16.1255 -47.5043 44.7308
    endloop
  endfacet
  facet normal 0.440336 0.211263 0.872624
    outer loop
      vertex -17.2782 -41.7132 43.9104
      vertex -16.1255 -47.5043 44.7308
      vertex -14.513 -42.7539 42.767
    endloop
  endfacet
  facet normal 0.415006 0.223692 0.881891
    outer loop
      vertex -14.513 -42.7539 42.767
      vertex -16.1255 -47.5043 44.7308
      vertex -12.9841 -48.4573 43.4942
    endloop
  endfacet
  facet normal 0.430175 0.226728 0.87381
    outer loop
      vertex -14.513 -42.7539 42.767
      vertex -12.9841 -48.4573 43.4942
      vertex -11.6857 -43.6116 41.5976
    endloop
  endfacet
  facet normal 0.403871 0.237544 0.883437
    outer loop
      vertex -11.6857 -43.6116 41.5976
      vertex -12.9841 -48.4573 43.4942
      vertex -9.78703 -49.2027 42.233
    endloop
  endfacet
  facet normal 0.419243 0.241814 0.875078
    outer loop
      vertex -11.6857 -43.6116 41.5976
      vertex -9.78703 -49.2027 42.233
      vertex -8.80833 -44.2825 40.4045
    endloop
  endfacet
  facet normal 0.392041 0.250936 0.885062
    outer loop
      vertex -8.80833 -44.2825 40.4045
      vertex -9.78703 -49.2027 42.233
      vertex -6.54806 -49.7375 40.95
    endloop
  endfacet
  facet normal 0.407528 0.25649 0.876432
    outer loop
      vertex -8.80833 -44.2825 40.4045
      vertex -6.54806 -49.7375 40.95
      vertex -5.89326 -44.7637 39.1899
    endloop
  endfacet
  facet normal 0.379504 0.263839 0.886773
    outer loop
      vertex -5.89326 -44.7637 39.1899
      vertex -6.54806 -49.7375 40.95
      vertex -3.28106 -50.0593 39.6475
    endloop
  endfacet
  facet normal 0.395019 0.270723 0.877878
    outer loop
      vertex -5.89326 -44.7637 39.1899
      vertex -3.28106 -50.0593 39.6475
      vertex -2.95295 -45.0533 37.9562
    endloop
  endfacet
  facet normal 0.366241 0.276224 0.888576
    outer loop
      vertex -2.95295 -45.0533 37.9562
      vertex -3.28106 -50.0593 39.6475
      vertex -9.21547e-15 -50.1667 38.3286
    endloop
  endfacet
  facet normal 0.381696 0.284483 0.879419
    outer loop
      vertex -2.95295 -45.0533 37.9562
      vertex -9.21547e-15 -50.1667 38.3286
      vertex -8.29392e-15 -45.15 36.7057
    endloop
  endfacet
  facet normal 0.352228 0.288061 0.890481
    outer loop
      vertex -8.29392e-15 -45.15 36.7057
      vertex -9.21547e-15 -50.1667 38.3286
      vertex 3.28106 -50.0593 36.996
    endloop
  endfacet
  facet normal 0.367538 0.297737 0.881061
    outer loop
      vertex -8.29392e-15 -45.15 36.7057
      vertex 3.28106 -50.0593 36.996
      vertex 2.95295 -45.0533 35.4412
    endloop
  endfacet
  facet normal 0.33743 0.299315 0.892497
    outer loop
      vertex 2.95295 -45.0533 35.4412
      vertex 3.28106 -50.0593 36.996
      vertex 6.54806 -49.7375 35.6529
    endloop
  endfacet
  facet normal 0.352512 0.310453 0.882811
    outer loop
      vertex 2.95295 -45.0533 35.4412
      vertex 6.54806 -49.7375 35.6529
      vertex 5.89326 -44.7637 34.1653
    endloop
  endfacet
  facet normal 0.3218 0.309947 0.894638
    outer loop
      vertex 5.89326 -44.7637 34.1653
      vertex 6.54806 -49.7375 35.6529
      vertex 9.78703 -49.2027 34.3026
    endloop
  endfacet
  facet normal 0.336575 0.322599 0.884673
    outer loop
      vertex 5.89326 -44.7637 34.1653
      vertex 9.78703 -49.2027 34.3026
      vertex 8.80833 -44.2825 32.8808
    endloop
  endfacet
  facet normal 0.305274 0.319912 0.896919
    outer loop
      vertex 8.80833 -44.2825 32.8808
      vertex 9.78703 -49.2027 34.3026
      vertex 12.9841 -48.4573 32.9486
    endloop
  endfacet
  facet normal 0.319669 0.334144 0.886656
    outer loop
      vertex 8.80833 -44.2825 32.8808
      vertex 12.9841 -48.4573 32.9486
      vertex 11.6857 -43.6116 31.5906
    endloop
  endfacet
  facet normal 0.287764 0.329155 0.89936
    outer loop
      vertex 11.6857 -43.6116 31.5906
      vertex 12.9841 -48.4573 32.9486
      vertex 16.1255 -47.5043 31.5947
    endloop
  endfacet
  facet normal 0.301713 0.345054 0.888767
    outer loop
      vertex 11.6857 -43.6116 31.5906
      vertex 16.1255 -47.5043 31.5947
      vertex 14.513 -42.7539 30.2978
    endloop
  endfacet
  facet normal 0.269151 0.337609 0.901985
    outer loop
      vertex 14.513 -42.7539 30.2978
      vertex 16.1255 -47.5043 31.5947
      vertex 19.198 -46.348 30.245
    endloop
  endfacet
  facet normal 0.282597 0.355297 0.891012
    outer loop
      vertex 14.513 -42.7539 30.2978
      vertex 19.198 -46.348 30.245
      vertex 17.2782 -41.7132 29.0058
    endloop
  endfacet
  facet normal 0.249271 0.345186 0.904826
    outer loop
      vertex 17.2782 -41.7132 29.0058
      vertex 19.198 -46.348 30.245
      vertex 22.1881 -44.9931 28.9044
    endloop
  endfacet
  facet normal 0.262164 0.364839 0.8934
    outer loop
      vertex 17.2782 -41.7132 29.0058
      vertex 22.1881 -44.9931 28.9044
      vertex 19.9693 -40.4938 27.7181
    endloop
  endfacet
  facet normal 0.227892 0.351767 0.907923
    outer loop
      vertex 19.9693 -40.4938 27.7181
      vertex 22.1881 -44.9931 28.9044
      vertex 25.0833 -43.4456 27.5781
    endloop
  endfacet
  facet normal 0.240191 0.373644 0.895934
    outer loop
      vertex 19.9693 -40.4938 27.7181
      vertex 25.0833 -43.4456 27.5781
      vertex 22.575 -39.101 26.4387
    endloop
  endfacet
  facet normal 0.204683 0.357182 0.911332
    outer loop
      vertex 22.575 -39.101 26.4387
      vertex 25.0833 -43.4456 27.5781
      vertex 27.8711 -41.7121 26.2726
    endloop
  endfacet
  facet normal 0.216359 0.381673 0.898618
    outer loop
      vertex 22.575 -39.101 26.4387
      vertex 27.8711 -41.7121 26.2726
      vertex 25.084 -37.5409 25.172
    endloop
  endfacet
  facet normal 0.17916 0.361173 0.915126
    outer loop
      vertex 25.084 -37.5409 25.172
      vertex 27.8711 -41.7121 26.2726
      vertex 30.5395 -39.7999 24.9955
    endloop
  endfacet
  facet normal 0.190189 0.388876 0.901445
    outer loop
      vertex 25.084 -37.5409 25.172
      vertex 30.5395 -39.7999 24.9955
      vertex 27.4856 -35.8199 23.9229
    endloop
  endfacet
  facet normal 0.150592 0.363334 0.919408
    outer loop
      vertex 27.4856 -35.8199 23.9229
      vertex 30.5395 -39.7999 24.9955
      vertex 33.0772 -37.7173 23.7568
    endloop
  endfacet
  facet normal 0.160953 0.39518 0.904393
    outer loop
      vertex 27.4856 -35.8199 23.9229
      vertex 33.0772 -37.7173 23.7568
      vertex 29.7695 -33.9456 22.6974
    endloop
  endfacet
  facet normal 0.117846 0.362973 0.924318
    outer loop
      vertex 29.7695 -33.9456 22.6974
      vertex 33.0772 -37.7173 23.7568
      vertex 35.4732 -35.4732 22.5701
    endloop
  endfacet
  facet normal 0.127505 0.400447 0.907405
    outer loop
      vertex 29.7695 -33.9456 22.6974
      vertex 35.4732 -35.4732 22.5701
      vertex 31.9259 -31.9259 21.5031
    endloop
  endfacet
  facet normal 0.0790939 0.358845 0.93004
    outer loop
      vertex 31.9259 -31.9259 21.5031
      vertex 35.4732 -35.4732 22.5701
      vertex 37.7173 -33.0772 21.4548
    endloop
  endfacet
  facet normal 0.0879779 0.40436 0.910359
    outer loop
      vertex 31.9259 -31.9259 21.5031
      vertex 37.7173 -33.0772 21.4548
      vertex 33.9456 -29.7695 20.3501
    endloop
  endfacet
  facet normal 0.0313248 0.348575 0.936757
    outer loop
      vertex 33.9456 -29.7695 20.3501
      vertex 37.7173 -33.0772 21.4548
      vertex 39.7999 -30.5395 20.4409
    endloop
  endfacet
  facet normal 0.0392504 0.40603 0.913016
    outer loop
      vertex 33.9456 -29.7695 20.3501
      vertex 39.7999 -30.5395 20.4409
      vertex 35.8199 -27.4856 19.2538
    endloop
  endfacet
  facet normal -0.0303605 0.327496 0.944365
    outer loop
      vertex 35.8199 -27.4856 19.2538
      vertex 39.7999 -30.5395 20.4409
      vertex 41.7121 -27.8711 19.577
    endloop
  endfacet
  facet normal -0.0238436 0.402555 0.915085
    outer loop
      vertex 35.8199 -27.4856 19.2538
      vertex 41.7121 -27.8711 19.577
      vertex 37.5409 -25.084 18.2422
    endloop
  endfacet
  facet normal -0.112666 0.286963 0.951293
    outer loop
      vertex 37.5409 -25.084 18.2422
      vertex 41.7121 -27.8711 19.577
      vertex 43.4456 -25.0833 18.9413
    endloop
  endfacet
  facet normal -0.108669 0.38275 0.917439
    outer loop
      vertex 37.5409 -25.084 18.2422
      vertex 43.4456 -25.0833 18.9413
      vertex 39.101 -22.575 17.3803
    endloop
  endfacet
  facet normal -0.217598 0.215551 0.95194
    outer loop
      vertex 39.101 -22.575 17.3803
      vertex 43.4456 -25.0833 18.9413
      vertex 44.9931 -22.1881 18.6395
    endloop
  endfacet
  facet normal -0.21817 0.299073 0.928955
    outer loop
      vertex 39.101 -22.575 17.3803
      vertex 44.9931 -22.1881 18.6395
      vertex 40.4938 -19.9693 16.8685
    endloop
  endfacet
  facet normal -0.316849 0.109491 0.942135
    outer loop
      vertex 40.4938 -19.9693 16.8685
      vertex 44.9931 -22.1881 18.6395
      vertex 46.348 -19.198 18.7476
    endloop
  endfacet
  facet normal -0.313456 0.0722525 0.94685
    outer loop
      vertex 40.4938 -19.9693 16.8685
      vertex 46.348 -19.198 18.7476
      vertex 41.7132 -17.2782 17.0668
    endloop
  endfacet
  facet normal -0.347525 -0.018189 0.937494
    outer loop
      vertex 41.7132 -17.2782 17.0668
      vertex 46.348 -19.198 18.7476
      vertex 47.5043 -16.1255 19.2359
    endloop
  endfacet
  facet normal -0.325846 -0.126129 0.936972
    outer loop
      vertex 41.7132 -17.2782 17.0668
      vertex 47.5043 -16.1255 19.2359
      vertex 42.7539 -14.513 17.8009
    endloop
  endfacet
  facet normal -0.32666 -0.129143 0.936278
    outer loop
      vertex 42.7539 -14.513 17.8009
      vertex 47.5043 -16.1255 19.2359
      vertex 48.4573 -12.9841 20.0017
    endloop
  endfacet
  facet normal -0.298656 -0.221967 0.928189
    outer loop
      vertex 42.7539 -14.513 17.8009
      vertex 48.4573 -12.9841 20.0017
      vertex 43.6116 -11.6857 18.753
    endloop
  endfacet
  facet normal -0.295931 -0.207821 0.932328
    outer loop
      vertex 43.6116 -11.6857 18.753
      vertex 48.4573 -12.9841 20.0017
      vertex 49.2027 -9.78703 20.9509
    endloop
  endfacet
  facet normal -0.268466 -0.27733 0.922504
    outer loop
      vertex 43.6116 -11.6857 18.753
      vertex 49.2027 -9.78703 20.9509
      vertex 44.2825 -8.80833 19.8133
    endloop
  endfacet
  facet normal -0.266655 -0.26263 0.927319
    outer loop
      vertex 44.2825 -8.80833 19.8133
      vertex 49.2027 -9.78703 20.9509
      vertex 49.7375 -6.54806 22.022
    endloop
  endfacet
  facet normal -0.240953 -0.315412 0.917854
    outer loop
      vertex 44.2825 -8.80833 19.8133
      vertex 49.7375 -6.54806 22.022
      vertex 44.7637 -5.89326 20.9414
    endloop
  endfacet
  facet normal -0.240236 -0.3025 0.922378
    outer loop
      vertex 44.7637 -5.89326 20.9414
      vertex 49.7375 -6.54806 22.022
      vertex 50.0593 -3.28106 23.1773
    endloop
  endfacet
  facet normal -0.216037 -0.344147 0.913724
    outer loop
      vertex 44.7637 -5.89326 20.9414
      vertex 50.0593 -3.28106 23.1773
      vertex 45.0533 -2.95295 22.1173
    endloop
  endfacet
  facet normal -0.216173 -0.332968 0.917824
    outer loop
      vertex 45.0533 -2.95295 22.1173
      vertex 50.0593 -3.28106 23.1773
      vertex 50.1667 0 24.3929
    endloop
  endfacet
  facet normal -0.193014 -0.367017 0.909969
    outer loop
      vertex 45.0533 -2.95295 22.1173
      vertex 50.1667 0 24.3929
      vertex 45.15 0 23.3288
    endloop
  endfacet
  facet normal -0.264116 -0.323209 0.908724
    outer loop
      vertex 50.1667 0 24.3929
      vertex 55.1833 0 25.8509
      vertex 55.0652 3.60916 27.1003
    endloop
  endfacet
  facet normal -0.238132 -0.354964 0.904043
    outer loop
      vertex 50.1667 0 24.3929
      vertex 55.0652 3.60916 27.1003
      vertex 50.0593 3.28106 25.6529
    endloop
  endfacet
  facet normal -0.238863 -0.350552 0.90557
    outer loop
      vertex 50.0593 3.28106 25.6529
      vertex 55.0652 3.60916 27.1003
      vertex 54.7112 7.20287 28.3981
    endloop
  endfacet
  facet normal -0.213385 -0.377606 0.901044
    outer loop
      vertex 50.0593 3.28106 25.6529
      vertex 54.7112 7.20287 28.3981
      vertex 49.7375 6.54806 26.9458
    endloop
  endfacet
  facet normal -0.214383 -0.373393 0.902562
    outer loop
      vertex 49.7375 6.54806 26.9458
      vertex 54.7112 7.20287 28.3981
      vertex 54.123 10.7657 29.7323
    endloop
  endfacet
  facet normal -0.189377 -0.396554 0.898265
    outer loop
      vertex 49.7375 6.54806 26.9458
      vertex 54.123 10.7657 29.7323
      vertex 49.2027 9.78703 28.2629
    endloop
  endfacet
  facet normal -0.19058 -0.392678 0.899713
    outer loop
      vertex 49.2027 9.78703 28.2629
      vertex 54.123 10.7657 29.7323
      vertex 53.303 14.2825 31.0935
    endloop
  endfacet
  facet normal -0.166 -0.412557 0.895679
    outer loop
      vertex 49.2027 9.78703 28.2629
      vertex 53.303 14.2825 31.0935
      vertex 48.4573 12.9841 29.5974
    endloop
  endfacet
  facet normal -0.167347 -0.40908 0.897022
    outer loop
      vertex 48.4573 12.9841 29.5974
      vertex 53.303 14.2825 31.0935
      vertex 52.2548 17.7381 32.4738
    endloop
  endfacet
  facet normal -0.143153 -0.426132 0.893263
    outer loop
      vertex 48.4573 12.9841 29.5974
      vertex 52.2548 17.7381 32.4738
      vertex 47.5043 16.1255 30.9433
    endloop
  endfacet
  facet normal -0.144582 -0.423078 0.894483
    outer loop
      vertex 47.5043 16.1255 30.9433
      vertex 52.2548 17.7381 32.4738
      vertex 50.9828 21.1177 33.8668
    endloop
  endfacet
  facet normal -0.120749 -0.437646 0.891002
    outer loop
      vertex 47.5043 16.1255 30.9433
      vertex 50.9828 21.1177 33.8668
      vertex 46.348 19.198 32.2957
    endloop
  endfacet
  facet normal -0.122203 -0.435025 0.892087
    outer loop
      vertex 46.348 19.198 32.2957
      vertex 50.9828 21.1177 33.8668
      vertex 49.4924 24.407 35.2666
    endloop
  endfacet
  facet normal -0.0987241 -0.447371 0.888883
    outer loop
      vertex 46.348 19.198 32.2957
      vertex 49.4924 24.407 35.2666
      vertex 44.9931 22.1881 33.6502
    endloop
  endfacet
  facet normal -0.100142 -0.44518 0.889824
    outer loop
      vertex 44.9931 22.1881 33.6502
      vertex 49.4924 24.407 35.2666
      vertex 47.7902 27.5917 36.6683
    endloop
  endfacet
  facet normal -0.0770277 -0.455508 0.886893
    outer loop
      vertex 44.9931 22.1881 33.6502
      vertex 47.7902 27.5917 36.6683
      vertex 43.4456 25.0833 35.0027
    endloop
  endfacet
  facet normal -0.0783522 -0.453739 0.887683
    outer loop
      vertex 43.4456 25.0833 35.0027
      vertex 47.7902 27.5917 36.6683
      vertex 45.8833 30.6582 38.0675
    endloop
  endfacet
  facet normal -0.0556245 -0.462214 0.885022
    outer loop
      vertex 43.4456 25.0833 35.0027
      vertex 45.8833 30.6582 38.0675
      vertex 41.7121 27.8711 36.3497
    endloop
  endfacet
  facet normal -0.0567964 -0.460852 0.885658
    outer loop
      vertex 41.7121 27.8711 36.3497
      vertex 45.8833 30.6582 38.0675
      vertex 43.7799 33.5935 39.46
    endloop
  endfacet
  facet normal -0.0344899 -0.46761 0.883262
    outer loop
      vertex 41.7121 27.8711 36.3497
      vertex 43.7799 33.5935 39.46
      vertex 39.7999 30.5395 37.6878
    endloop
  endfacet
  facet normal -0.035451 -0.466635 0.883739
    outer loop
      vertex 39.7999 30.5395 37.6878
      vertex 43.7799 33.5935 39.46
      vertex 41.489 36.3849 40.842
    endloop
  endfacet
  facet normal -0.0136085 -0.471794 0.881604
    outer loop
      vertex 39.7999 30.5395 37.6878
      vertex 41.489 36.3849 40.842
      vertex 37.7173 33.0772 39.0136
    endloop
  endfacet
  facet normal -0.014301 -0.47118 0.881921
    outer loop
      vertex 37.7173 33.0772 39.0136
      vertex 41.489 36.3849 40.842
      vertex 39.0205 39.0205 42.2101
    endloop
  endfacet
  facet normal 0.00702812 -0.474846 0.880041
    outer loop
      vertex 37.7173 33.0772 39.0136
      vertex 39.0205 39.0205 42.2101
      vertex 35.4732 35.4732 40.3244
    endloop
  endfacet
  facet normal 0.00666046 -0.474561 0.880197
    outer loop
      vertex 35.4732 35.4732 40.3244
      vertex 39.0205 39.0205 42.2101
      vertex 36.3849 41.489 43.5609
    endloop
  endfacet
  facet normal 0.027423 -0.476831 0.878567
    outer loop
      vertex 35.4732 35.4732 40.3244
      vertex 36.3849 41.489 43.5609
      vertex 33.0772 37.7173 41.6171
    endloop
  endfacet
  facet normal 0.0274343 -0.476838 0.878563
    outer loop
      vertex 33.0772 37.7173 41.6171
      vertex 36.3849 41.489 43.5609
      vertex 33.5935 43.7799 44.8915
    endloop
  endfacet
  facet normal 0.0475745 -0.477805 0.877177
    outer loop
      vertex 33.0772 37.7173 41.6171
      vertex 33.5935 43.7799 44.8915
      vertex 30.5395 39.7999 42.8892
    endloop
  endfacet
  facet normal 0.0480162 -0.478061 0.877013
    outer loop
      vertex 30.5395 39.7999 42.8892
      vertex 33.5935 43.7799 44.8915
      vertex 30.6582 45.8833 46.1987
    endloop
  endfacet
  facet normal 0.0674778 -0.477816 0.875864
    outer loop
      vertex 30.5395 39.7999 42.8892
      vertex 30.6582 45.8833 46.1987
      vertex 27.8711 41.7121 44.1379
    endloop
  endfacet
  facet normal 0.0683977 -0.478273 0.875544
    outer loop
      vertex 27.8711 41.7121 44.1379
      vertex 30.6582 45.8833 46.1987
      vertex 27.5917 47.7902 47.4799
    endloop
  endfacet
  facet normal 0.0871254 -0.476906 0.874625
    outer loop
      vertex 27.8711 41.7121 44.1379
      vertex 27.5917 47.7902 47.4799
      vertex 25.0833 43.4456 45.3609
    endloop
  endfacet
  facet normal 0.0885669 -0.477508 0.874152
    outer loop
      vertex 25.0833 43.4456 45.3609
      vertex 27.5917 47.7902 47.4799
      vertex 24.407 49.4924 48.7325
    endloop
  endfacet
  facet normal 0.106508 -0.475113 0.873455
    outer loop
      vertex 25.0833 43.4456 45.3609
      vertex 24.407 49.4924 48.7325
      vertex 22.1881 44.9931 46.5556
    endloop
  endfacet
  facet normal 0.108509 -0.475799 0.872835
    outer loop
      vertex 22.1881 44.9931 46.5556
      vertex 24.407 49.4924 48.7325
      vertex 21.1177 50.9828 49.9538
    endloop
  endfacet
  facet normal 0.125613 -0.472468 0.872351
    outer loop
      vertex 22.1881 44.9931 46.5556
      vertex 21.1177 50.9828 49.9538
      vertex 19.198 46.348 47.72
    endloop
  endfacet
  facet normal 0.128207 -0.473175 0.871589
    outer loop
      vertex 19.198 46.348 47.72
      vertex 21.1177 50.9828 49.9538
      vertex 17.7381 52.2548 51.1415
    endloop
  endfacet
  facet normal 0.14443 -0.469002 0.871307
    outer loop
      vertex 19.198 46.348 47.72
      vertex 17.7381 52.2548 51.1415
      vertex 16.1255 47.5043 48.8517
    endloop
  endfacet
  facet normal 0.147642 -0.469662 0.870413
    outer loop
      vertex 16.1255 47.5043 48.8517
      vertex 17.7381 52.2548 51.1415
      vertex 14.2825 53.303 52.2932
    endloop
  endfacet
  facet normal 0.162945 -0.464744 0.870323
    outer loop
      vertex 16.1255 47.5043 48.8517
      vertex 14.2825 53.303 52.2932
      vertex 12.9841 48.4573 49.9488
    endloop
  endfacet
  facet normal 0.166794 -0.465283 0.869305
    outer loop
      vertex 12.9841 48.4573 49.9488
      vertex 14.2825 53.303 52.2932
      vertex 10.7657 54.123 53.4069
    endloop
  endfacet
  facet normal 0.181143 -0.459719 0.869394
    outer loop
      vertex 12.9841 48.4573 49.9488
      vertex 10.7657 54.123 53.4069
      vertex 9.78703 49.2027 51.0091
    endloop
  endfacet
  facet normal 0.185642 -0.460063 0.868262
    outer loop
      vertex 9.78703 49.2027 51.0091
      vertex 10.7657 54.123 53.4069
      vertex 7.20287 54.7112 54.4804
    endloop
  endfacet
  facet normal 0.199011 -0.453952 0.868517
    outer loop
      vertex 9.78703 49.2027 51.0091
      vertex 7.20287 54.7112 54.4804
      vertex 6.54806 49.7375 52.0307
    endloop
  endfacet
  facet normal 0.204163 -0.454023 0.867283
    outer loop
      vertex 6.54806 49.7375 52.0307
      vertex 7.20287 54.7112 54.4804
      vertex 3.60916 55.0652 55.5116
    endloop
  endfacet
  facet normal 0.216533 -0.447466 0.867691
    outer loop
      vertex 6.54806 49.7375 52.0307
      vertex 3.60916 55.0652 55.5116
      vertex 3.28106 50.0593 53.012
    endloop
  endfacet
  facet normal 0.222334 -0.447185 0.866368
    outer loop
      vertex 3.28106 50.0593 53.012
      vertex 3.60916 55.0652 55.5116
      vertex 3.379e-15 55.1833 56.4988
    endloop
  endfacet
  facet normal 0.233694 -0.440283 0.866913
    outer loop
      vertex 3.28106 50.0593 53.012
      vertex 3.379e-15 55.1833 56.4988
      vertex 3.07182e-15 50.1667 53.951
    endloop
  endfacet
  facet normal 0.240132 -0.439572 0.865513
    outer loop
      vertex 3.07182e-15 50.1667 53.951
      vertex 3.379e-15 55.1833 56.4988
      vertex -3.60916 55.0652 57.4402
    endloop
  endfacet
  facet normal 0.25048 -0.432424 0.866181
    outer loop
      vertex 3.07182e-15 50.1667 53.951
      vertex -3.60916 55.0652 57.4402
      vertex -3.28106 50.0593 54.8462
    endloop
  endfacet
  facet normal 0.257534 -0.431204 0.864719
    outer loop
      vertex -3.28106 50.0593 54.8462
      vertex -3.60916 55.0652 57.4402
      vertex -7.20287 54.7112 58.334
    endloop
  endfacet
  facet normal 0.266874 -0.42391 0.865493
    outer loop
      vertex -3.28106 50.0593 54.8462
      vertex -7.20287 54.7112 58.334
      vertex -6.54806 49.7375 55.696
    endloop
  endfacet
  facet normal 0.274515 -0.422104 0.863985
    outer loop
      vertex -6.54806 49.7375 55.696
      vertex -7.20287 54.7112 58.334
      vertex -10.7657 54.123 59.1786
    endloop
  endfacet
  facet normal 0.282862 -0.414762 0.864848
    outer loop
      vertex -6.54806 49.7375 55.696
      vertex -10.7657 54.123 59.1786
      vertex -9.78703 49.2027 56.4988
    endloop
  endfacet
  facet normal 0.291052 -0.412295 0.863309
    outer loop
      vertex -9.78703 49.2027 56.4988
      vertex -10.7657 54.123 59.1786
      vertex -14.2825 53.303 59.9726
    endloop
  endfacet
  facet normal 0.298428 -0.404998 0.864243
    outer loop
      vertex -9.78703 49.2027 56.4988
      vertex -14.2825 53.303 59.9726
      vertex -12.9841 48.4573 57.2535
    endloop
  endfacet
  facet normal 0.307121 -0.401798 0.862691
    outer loop
      vertex -12.9841 48.4573 57.2535
      vertex -14.2825 53.303 59.9726
      vertex -17.7381 52.2548 60.7146
    endloop
  endfacet
  facet normal 0.313558 -0.39464 0.863679
    outer loop
      vertex -12.9841 48.4573 57.2535
      vertex -17.7381 52.2548 60.7146
      vertex -16.1255 47.5043 57.9586
    endloop
  endfacet
  facet normal 0.322699 -0.390638 0.862129
    outer loop
      vertex -16.1255 47.5043 57.9586
      vertex -17.7381 52.2548 60.7146
      vertex -21.1177 50.9828 61.4033
    endloop
  endfacet
  facet normal 0.328236 -0.383705 0.863152
    outer loop
      vertex -16.1255 47.5043 57.9586
      vertex -21.1177 50.9828 61.4033
      vertex -19.198 46.348 58.6129
    endloop
  endfacet
  facet normal 0.337764 -0.378838 0.861625
    outer loop
      vertex -19.198 46.348 58.6129
      vertex -21.1177 50.9828 61.4033
      vertex -24.407 49.4924 62.0374
    endloop
  endfacet
  facet normal 0.342447 -0.372212 0.862663
    outer loop
      vertex -19.198 46.348 58.6129
      vertex -24.407 49.4924 62.0374
      vertex -22.1881 44.9931 59.2153
    endloop
  endfacet
  facet normal 0.352294 -0.366423 0.861175
    outer loop
      vertex -22.1881 44.9931 59.2153
      vertex -24.407 49.4924 62.0374
      vertex -27.5917 47.7902 62.6159
    endloop
  endfacet
  facet normal 0.356176 -0.360182 0.862211
    outer loop
      vertex -22.1881 44.9931 59.2153
      vertex -27.5917 47.7902 62.6159
      vertex -25.0833 43.4456 59.7648
    endloop
  endfacet
  facet normal 0.366267 -0.353418 0.860781
    outer loop
      vertex -25.0833 43.4456 59.7648
      vertex -27.5917 47.7902 62.6159
      vertex -30.6582 45.8833 63.1378
    endloop
  endfacet
  facet normal 0.369409 -0.347631 0.861794
    outer loop
      vertex -25.0833 43.4456 59.7648
      vertex -30.6582 45.8833 63.1378
      vertex -27.8711 41.7121 60.2605
    endloop
  endfacet
  facet normal 0.379661 -0.339849 0.860442
    outer loop
      vertex -27.8711 41.7121 60.2605
      vertex -30.6582 45.8833 63.1378
      vertex -33.5935 43.7799 63.6022
    endloop
  endfacet
  facet normal 0.382132 -0.334581 0.861412
    outer loop
      vertex -27.8711 41.7121 60.2605
      vertex -33.5935 43.7799 63.6022
      vertex -30.5395 39.7999 60.7016
    endloop
  endfacet
  facet normal 0.392458 -0.325742 0.860156
    outer loop
      vertex -30.5395 39.7999 60.7016
      vertex -33.5935 43.7799 63.6022
      vertex -36.3849 41.489 64.0083
    endloop
  endfacet
  facet normal 0.394328 -0.321049 0.861065
    outer loop
      vertex -30.5395 39.7999 60.7016
      vertex -36.3849 41.489 64.0083
      vertex -33.0772 37.7173 61.0872
    endloop
  endfacet
  facet normal 0.404638 -0.311124 0.859924
    outer loop
      vertex -33.0772 37.7173 61.0872
      vertex -36.3849 41.489 64.0083
      vertex -39.0205 39.0205 64.3553
    endloop
  endfacet
  facet normal 0.405985 -0.307054 0.860752
    outer loop
      vertex -33.0772 37.7173 61.0872
      vertex -39.0205 39.0205 64.3553
      vertex -35.4732 35.4732 61.4168
    endloop
  endfacet
  facet normal 0.416182 -0.296023 0.859746
    outer loop
      vertex -35.4732 35.4732 61.4168
      vertex -39.0205 39.0205 64.3553
      vertex -41.489 36.3849 64.6428
    endloop
  endfacet
  facet normal 0.417088 -0.292616 0.860473
    outer loop
      vertex -35.4732 35.4732 61.4168
      vertex -41.489 36.3849 64.6428
      vertex -37.7173 33.0772 61.6897
    endloop
  endfacet
  facet normal 0.427074 -0.280468 0.859619
    outer loop
      vertex -37.7173 33.0772 61.6897
      vertex -41.489 36.3849 64.6428
      vertex -43.7799 33.5935 64.8702
    endloop
  endfacet
  facet normal 0.427624 -0.277754 0.860227
    outer loop
      vertex -37.7173 33.0772 61.6897
      vertex -43.7799 33.5935 64.8702
      vertex -39.7999 30.5395 61.9056
    endloop
  endfacet
  facet normal 0.437297 -0.264486 0.859546
    outer loop
      vertex -39.7999 30.5395 61.9056
      vertex -43.7799 33.5935 64.8702
      vertex -45.8833 30.6582 65.0371
    endloop
  endfacet
  facet normal 0.437577 -0.262488 0.860015
    outer loop
      vertex -39.7999 30.5395 61.9056
      vertex -45.8833 30.6582 65.0371
      vertex -41.7121 27.8711 62.0641
    endloop
  endfacet
  facet normal 0.446836 -0.248108 0.859523
    outer loop
      vertex -41.7121 27.8711 62.0641
      vertex -45.8833 30.6582 65.0371
      vertex -47.7902 27.5917 65.1433
    endloop
  endfacet
  facet normal 0.446936 -0.246837 0.859837
    outer loop
      vertex -41.7121 27.8711 62.0641
      vertex -47.7902 27.5917 65.1433
      vertex -43.4456 25.0833 62.1649
    endloop
  endfacet
  facet normal 0.455676 -0.231361 0.859553
    outer loop
      vertex -43.4456 25.0833 62.1649
      vertex -47.7902 27.5917 65.1433
      vertex -49.4924 24.407 65.1885
    endloop
  endfacet
  facet normal 0.455686 -0.230823 0.859693
    outer loop
      vertex -43.4456 25.0833 62.1649
      vertex -49.4924 24.407 65.1885
      vertex -44.9931 22.1881 62.2078
    endloop
  endfacet
  facet normal 0.463806 -0.214278 0.859633
    outer loop
      vertex -44.9931 22.1881 62.2078
      vertex -49.4924 24.407 65.1885
      vertex -50.9828 21.1177 65.1727
    endloop
  endfacet
  facet normal 0.463814 -0.214465 0.859582
    outer loop
      vertex -44.9931 22.1881 62.2078
      vertex -50.9828 21.1177 65.1727
      vertex -46.348 19.198 62.1928
    endloop
  endfacet
  facet normal 0.471212 -0.196887 0.859765
    outer loop
      vertex -46.348 19.198 62.1928
      vertex -50.9828 21.1177 65.1727
      vertex -52.2548 17.7381 65.0959
    endloop
  endfacet
  facet normal 0.471307 -0.197784 0.859507
    outer loop
      vertex -46.348 19.198 62.1928
      vertex -52.2548 17.7381 65.0959
      vertex -47.5043 16.1255 62.1199
    endloop
  endfacet
  facet normal 0.477884 -0.179219 0.859946
    outer loop
      vertex -47.5043 16.1255 62.1199
      vertex -52.2548 17.7381 65.0959
      vertex -53.303 14.2825 64.9582
    endloop
  endfacet
  facet normal 0.478152 -0.180802 0.859466
    outer loop
      vertex -47.5043 16.1255 62.1199
      vertex -53.303 14.2825 64.9582
      vertex -48.4573 12.9841 61.9892
    endloop
  endfacet
  facet normal 0.483812 -0.161306 0.860178
    outer loop
      vertex -48.4573 12.9841 61.9892
      vertex -53.303 14.2825 64.9582
      vertex -54.123 10.7657 64.7599
    endloop
  endfacet
  facet normal 0.484337 -0.163541 0.85946
    outer loop
      vertex -48.4573 12.9841 61.9892
      vertex -54.123 10.7657 64.7599
      vertex -49.2027 9.78703 61.801
    endloop
  endfacet
  facet normal 0.488989 -0.143176 0.86046
    outer loop
      vertex -49.2027 9.78703 61.801
      vertex -54.123 10.7657 64.7599
      vertex -54.7112 7.20287 64.5014
    endloop
  endfacet
  facet normal 0.489849 -0.146023 0.859491
    outer loop
      vertex -49.2027 9.78703 61.801
      vertex -54.7112 7.20287 64.5014
      vertex -49.7375 6.54806 61.5555
    endloop
  endfacet
  facet normal 0.493405 -0.124863 0.860791
    outer loop
      vertex -49.7375 6.54806 61.5555
      vertex -54.7112 7.20287 64.5014
      vertex -55.0652 3.60916 64.183
    endloop
  endfacet
  facet normal 0.494677 -0.128271 0.859559
    outer loop
      vertex -49.7375 6.54806 61.5555
      vertex -55.0652 3.60916 64.183
      vertex -50.0593 3.28106 61.2531
    endloop
  endfacet
  facet normal 0.497055 -0.106396 0.861172
    outer loop
      vertex -50.0593 3.28106 61.2531
      vertex -55.0652 3.60916 64.183
      vertex -55.1833 6.75801e-15 63.8053
    endloop
  endfacet
  facet normal 0.498808 -0.110308 0.859664
    outer loop
      vertex -50.0593 3.28106 61.2531
      vertex -55.1833 6.75801e-15 63.8053
      vertex -50.1667 6.14364e-15 60.8944
    endloop
  endfacet
  facet normal 0.499933 -0.0878066 0.861602
    outer loop
      vertex -50.1667 6.14364e-15 60.8944
      vertex -55.1833 6.75801e-15 63.8053
      vertex -55.0652 -3.60916 63.3689
    endloop
  endfacet
  facet normal 0.502232 -0.0921572 0.859808
    outer loop
      vertex -50.1667 6.14364e-15 60.8944
      vertex -55.0652 -3.60916 63.3689
      vertex -50.0593 -3.28106 60.48
    endloop
  endfacet
  facet normal 0.502034 -0.069125 0.862081
    outer loop
      vertex -50.0593 -3.28106 60.48
      vertex -55.0652 -3.60916 63.3689
      vertex -54.7112 -7.20287 62.8746
    endloop
  endfacet
  facet normal 0.504937 -0.0738441 0.859992
    outer loop
      vertex -50.0593 -3.28106 60.48
      vertex -54.7112 -7.20287 62.8746
      vertex -49.7375 -6.54806 60.0106
    endloop
  endfacet
  facet normal 0.503355 -0.0503822 0.862609
    outer loop
      vertex -49.7375 -6.54806 60.0106
      vertex -54.7112 -7.20287 62.8746
      vertex -54.123 -10.7657 62.3233
    endloop
  endfacet
  facet normal 0.506912 -0.055393 0.860216
    outer loop
      vertex -49.7375 -6.54806 60.0106
      vertex -54.123 -10.7657 62.3233
      vertex -49.2027 -9.78703 59.4869
    endloop
  endfacet
  facet normal 0.503894 -0.0316085 0.863187
    outer loop
      vertex -49.2027 -9.78703 59.4869
      vertex -54.123 -10.7657 62.3233
      vertex -53.303 -14.2825 61.7158
    endloop
  endfacet
  facet normal 0.508148 -0.0368296 0.860482
    outer loop
      vertex -49.2027 -9.78703 59.4869
      vertex -53.303 -14.2825 61.7158
      vertex -48.4573 -12.9841 58.9098
    endloop
  endfacet
  facet normal 0.503648 -0.012834 0.863814
    outer loop
      vertex -48.4573 -12.9841 58.9098
      vertex -53.303 -14.2825 61.7158
      vertex -52.2548 -17.7381 61.0533
    endloop
  endfacet
  facet normal 0.508634 -0.0181796 0.860791
    outer loop
      vertex -48.4573 -12.9841 58.9098
      vertex -52.2548 -17.7381 61.0533
      vertex -47.5043 -16.1255 58.2804
    endloop
  endfacet
  facet normal 0.502615 0.00591122 0.86449
    outer loop
      vertex -47.5043 -16.1255 58.2804
      vertex -52.2548 -17.7381 61.0533
      vertex -50.9828 -21.1177 60.3369
    endloop
  endfacet
  facet normal 0.50836 0.000530364 0.861145
    outer loop
      vertex -47.5043 -16.1255 58.2804
      vertex -50.9828 -21.1177 60.3369
      vertex -46.348 -19.198 57.5996
    endloop
  endfacet
  facet normal 0.500795 0.0245976 0.865216
    outer loop
      vertex -46.348 -19.198 57.5996
      vertex -50.9828 -21.1177 60.3369
      vertex -49.4924 -24.407 59.5678
    endloop
  endfacet
  facet normal 0.507317 0.0192733 0.861544
    outer loop
      vertex -46.348 -19.198 57.5996
      vertex -49.4924 -24.407 59.5678
      vertex -44.9931 -22.1881 56.8687
    endloop
  endfacet
  facet normal 0.498188 0.0431959 0.865992
    outer loop
      vertex -44.9931 -22.1881 56.8687
      vertex -49.4924 -24.407 59.5678
      vertex -47.7902 -27.5917 58.7473
    endloop
  endfacet
  facet normal 0.505496 0.0380216 0.861991
    outer loop
      vertex -44.9931 -22.1881 56.8687
      vertex -47.7902 -27.5917 58.7473
      vertex -43.4456 -25.0833 56.0889
    endloop
  endfacet
  facet normal 0.494793 0.061677 0.866819
    outer loop
      vertex -43.4456 -25.0833 56.0889
      vertex -47.7902 -27.5917 58.7473
      vertex -45.8833 -30.6582 57.877
    endloop
  endfacet
  facet normal 0.502889 0.0567472 0.862486
    outer loop
      vertex -43.4456 -25.0833 56.0889
      vertex -45.8833 -30.6582 57.877
      vertex -41.7121 -27.8711 55.2616
    endloop
  endfacet
  facet normal 0.490612 0.0800123 0.867697
    outer loop
      vertex -41.7121 -27.8711 55.2616
      vertex -45.8833 -30.6582 57.877
      vertex -43.7799 -33.5935 56.9584
    endloop
  endfacet
  facet normal 0.499487 0.0754217 0.863032
    outer loop
      vertex -41.7121 -27.8711 55.2616
      vertex -43.7799 -33.5935 56.9584
      vertex -39.7999 -30.5395 54.3881
    endloop
  endfacet
  facet normal 0.485643 0.0981736 0.868627
    outer loop
      vertex -39.7999 -30.5395 54.3881
      vertex -43.7799 -33.5935 56.9584
      vertex -41.489 -36.3849 55.9931
    endloop
  endfacet
  facet normal 0.495282 0.094016 0.86363
    outer loop
      vertex -39.7999 -30.5395 54.3881
      vertex -41.489 -36.3849 55.9931
      vertex -37.7173 -33.0772 53.47
    endloop
  endfacet
  facet normal 0.479887 0.116133 0.86961
    outer loop
      vertex -37.7173 -33.0772 53.47
      vertex -41.489 -36.3849 55.9931
      vertex -39.0205 -39.0205 54.9829
    endloop
  endfacet
  facet normal 0.490265 0.112501 0.864282
    outer loop
      vertex -37.7173 -33.0772 53.47
      vertex -39.0205 -39.0205 54.9829
      vertex -35.4732 -35.4732 52.5089
    endloop
  endfacet
  facet normal 0.473343 0.133862 0.870647
    outer loop
      vertex -35.4732 -35.4732 52.5089
      vertex -39.0205 -39.0205 54.9829
      vertex -36.3849 -41.489 53.9295
    endloop
  endfacet
  facet normal 0.484429 0.130846 0.86499
    outer loop
      vertex -35.4732 -35.4732 52.5089
      vertex -36.3849 -41.489 53.9295
      vertex -33.0772 -37.7173 51.5065
    endloop
  endfacet
  facet normal 0.466012 0.151334 0.87174
    outer loop
      vertex -33.0772 -37.7173 51.5065
      vertex -36.3849 -41.489 53.9295
      vertex -33.5935 -43.7799 52.835
    endloop
  endfacet
  facet normal 0.477764 0.149022 0.865756
    outer loop
      vertex -33.0772 -37.7173 51.5065
      vertex -33.5935 -43.7799 52.835
      vertex -30.5395 -39.7999 50.4646
    endloop
  endfacet
  facet normal 0.45789 0.168521 0.87289
    outer loop
      vertex -30.5395 -39.7999 50.4646
      vertex -33.5935 -43.7799 52.835
      vertex -30.6582 -45.8833 51.7013
    endloop
  endfacet
  facet normal 0.470263 0.166997 0.866582
    outer loop
      vertex -30.5395 -39.7999 50.4646
      vertex -30.6582 -45.8833 51.7013
      vertex -27.8711 -41.7121 49.385
    endloop
  endfacet
  facet normal 0.448974 0.185396 0.8741
    outer loop
      vertex -27.8711 -41.7121 49.385
      vertex -30.6582 -45.8833 51.7013
      vertex -27.5917 -47.7902 50.5306
    endloop
  endfacet
  facet normal 0.461914 0.184742 0.867471
    outer loop
      vertex -27.8711 -41.7121 49.385
      vertex -27.5917 -47.7902 50.5306
      vertex -25.0833 -43.4456 48.2698
    endloop
  endfacet
  facet normal 0.43926 0.201932 0.875371
    outer loop
      vertex -25.0833 -43.4456 48.2698
      vertex -27.5917 -47.7902 50.5306
      vertex -24.407 -49.4924 49.3252
    endloop
  endfacet
  facet normal 0.452709 0.202224 0.868424
    outer loop
      vertex -25.0833 -43.4456 48.2698
      vertex -24.407 -49.4924 49.3252
      vertex -22.1881 -44.9931 47.1209
    endloop
  endfacet
  facet normal 0.42874 0.218102 0.876706
    outer loop
      vertex -22.1881 -44.9931 47.1209
      vertex -24.407 -49.4924 49.3252
      vertex -21.1177 -50.9828 48.0875
    endloop
  endfacet
  facet normal 0.442634 0.219413 0.869444
    outer loop
      vertex -22.1881 -44.9931 47.1209
      vertex -21.1177 -50.9828 48.0875
      vertex -19.198 -46.348 45.9405
    endloop
  endfacet
  facet normal 0.417405 0.233876 0.878109
    outer loop
      vertex -19.198 -46.348 45.9405
      vertex -21.1177 -50.9828 48.0875
      vertex -17.7381 -52.2548 46.8197
    endloop
  endfacet
  facet normal 0.431676 0.236276 0.870534
    outer loop
      vertex -19.198 -46.348 45.9405
      vertex -17.7381 -52.2548 46.8197
      vertex -16.1255 -47.5043 44.7308
    endloop
  endfacet
  facet normal 0.405241 0.249228 0.879582
    outer loop
      vertex -16.1255 -47.5043 44.7308
      vertex -17.7381 -52.2548 46.8197
      vertex -14.2825 -53.303 45.5247
    endloop
  endfacet
  facet normal 0.419817 0.252781 0.871697
    outer loop
      vertex -16.1255 -47.5043 44.7308
      vertex -14.2825 -53.303 45.5247
      vertex -12.9841 -48.4573 43.4942
    endloop
  endfacet
  facet normal 0.392231 0.264126 0.881132
    outer loop
      vertex -12.9841 -48.4573 43.4942
      vertex -14.2825 -53.303 45.5247
      vertex -10.7657 -54.123 44.205
    endloop
  endfacet
  facet normal 0.407038 0.268895 0.872935
    outer loop
      vertex -12.9841 -48.4573 43.4942
      vertex -10.7657 -54.123 44.205
      vertex -9.78703 -49.2027 42.233
    endloop
  endfacet
  facet normal 0.378349 0.27854 0.882761
    outer loop
      vertex -9.78703 -49.2027 42.233
      vertex -10.7657 -54.123 44.205
      vertex -7.20287 -54.7112 42.8636
    endloop
  endfacet
  facet normal 0.393314 0.284586 0.874251
    outer loop
      vertex -9.78703 -49.2027 42.233
      vertex -7.20287 -54.7112 42.8636
      vertex -6.54806 -49.7375 40.95
    endloop
  endfacet
  facet normal 0.363567 0.292437 0.884477
    outer loop
      vertex -6.54806 -49.7375 40.95
      vertex -7.20287 -54.7112 42.8636
      vertex -3.60916 -55.0652 41.5034
    endloop
  endfacet
  facet normal 0.378613 0.29982 0.875649
    outer loop
      vertex -6.54806 -49.7375 40.95
      vertex -3.60916 -55.0652 41.5034
      vertex -3.28106 -50.0593 39.6475
    endloop
  endfacet
  facet normal 0.347843 0.30578 0.886286
    outer loop
      vertex -3.28106 -50.0593 39.6475
      vertex -3.60916 -55.0652 41.5034
      vertex -1.0137e-14 -55.1833 40.1277
    endloop
  endfacet
  facet normal 0.362895 0.314561 0.877131
    outer loop
      vertex -3.28106 -50.0593 39.6475
      vertex -1.0137e-14 -55.1833 40.1277
      vertex -9.21547e-15 -50.1667 38.3286
    endloop
  endfacet
  facet normal 0.331127 0.318529 0.888197
    outer loop
      vertex -9.21547e-15 -50.1667 38.3286
      vertex -1.0137e-14 -55.1833 40.1277
      vertex 3.60916 -55.0652 38.7398
    endloop
  endfacet
  facet normal 0.346111 0.328772 0.878701
    outer loop
      vertex -9.21547e-15 -50.1667 38.3286
      vertex 3.60916 -55.0652 38.7398
      vertex 3.28106 -50.0593 36.996
    endloop
  endfacet
  facet normal 0.313351 0.330637 0.890219
    outer loop
      vertex 3.28106 -50.0593 36.996
      vertex 3.60916 -55.0652 38.7398
      vertex 7.20287 -54.7112 37.3434
    endloop
  endfacet
  facet normal 0.328196 0.342416 0.880363
    outer loop
      vertex 3.28106 -50.0593 36.996
      vertex 7.20287 -54.7112 37.3434
      vertex 6.54806 -49.7375 35.6529
    endloop
  endfacet
  facet normal 0.294431 0.34205 0.892363
    outer loop
      vertex 6.54806 -49.7375 35.6529
      vertex 7.20287 -54.7112 37.3434
      vertex 10.7657 -54.123 35.9423
    endloop
  endfacet
  facet normal 0.309068 0.35545 0.882118
    outer loop
      vertex 6.54806 -49.7375 35.6529
      vertex 10.7657 -54.123 35.9423
      vertex 9.78703 -49.2027 34.3026
    endloop
  endfacet
  facet normal 0.274254 0.3527 0.894644
    outer loop
      vertex 9.78703 -49.2027 34.3026
      vertex 10.7657 -54.123 35.9423
      vertex 14.2825 -53.303 34.541
    endloop
  endfacet
  facet normal 0.288617 0.367826 0.88397
    outer loop
      vertex 9.78703 -49.2027 34.3026
      vertex 14.2825 -53.303 34.541
      vertex 12.9841 -48.4573 32.9486
    endloop
  endfacet
  facet normal 0.252676 0.362503 0.897077
    outer loop
      vertex 12.9841 -48.4573 32.9486
      vertex 14.2825 -53.303 34.541
      vertex 17.7381 -52.2548 33.1441
    endloop
  endfacet
  facet normal 0.266703 0.379489 0.885922
    outer loop
      vertex 12.9841 -48.4573 32.9486
      vertex 17.7381 -52.2548 33.1441
      vertex 16.1255 -47.5043 31.5947
    endloop
  endfacet
  facet normal 0.229505 0.37135 0.899681
    outer loop
      vertex 16.1255 -47.5043 31.5947
      vertex 17.7381 -52.2548 33.1441
      vertex 21.1177 -50.9828 31.7569
    endloop
  endfacet
  facet normal 0.243138 0.39037 0.887972
    outer loop
      vertex 16.1255 -47.5043 31.5947
      vertex 21.1177 -50.9828 31.7569
      vertex 19.198 -46.348 30.245
    endloop
  endfacet
  facet normal 0.204489 0.379094 0.902481
    outer loop
      vertex 19.198 -46.348 30.245
      vertex 21.1177 -50.9828 31.7569
      vertex 24.407 -49.4924 30.3856
    endloop
  endfacet
  facet normal 0.217671 0.400379 0.890121
    outer loop
      vertex 19.198 -46.348 30.245
      vertex 24.407 -49.4924 30.3856
      vertex 22.1881 -44.9931 28.9044
    endloop
  endfacet
  facet normal 0.177292 0.385529 0.905503
    outer loop
      vertex 22.1881 -44.9931 28.9044
      vertex 24.407 -49.4924 30.3856
      vertex 27.5917 -47.7902 29.0373
    endloop
  endfacet
  facet normal 0.189965 0.409389 0.892364
    outer loop
      vertex 22.1881 -44.9931 28.9044
      vertex 27.5917 -47.7902 29.0373
      vertex 25.0833 -43.4456 27.5781
    endloop
  endfacet
  facet normal 0.147459 0.39036 0.908776
    outer loop
      vertex 25.0833 -43.4456 27.5781
      vertex 27.5917 -47.7902 29.0373
      vertex 30.6582 -45.8833 27.7206
    endloop
  endfacet
  facet normal 0.159561 0.417213 0.894692
    outer loop
      vertex 25.0833 -43.4456 27.5781
      vertex 30.6582 -45.8833 27.7206
      vertex 27.8711 -41.7121 26.2726
    endloop
  endfacet
  facet normal 0.114377 0.393147 0.912334
    outer loop
      vertex 27.8711 -41.7121 26.2726
      vertex 30.6582 -45.8833 27.7206
      vertex 33.5935 -43.7799 26.4462
    endloop
  endfacet
  facet normal 0.125827 0.423553 0.89709
    outer loop
      vertex 27.8711 -41.7121 26.2726
      vertex 33.5935 -43.7799 26.4462
      vertex 30.5395 -39.7999 24.9955
    endloop
  endfacet
  facet normal 0.0772101 0.393214 0.916199
    outer loop
      vertex 30.5395 -39.7999 24.9955
      vertex 33.5935 -43.7799 26.4462
      vertex 36.3849 -41.489 25.2278
    endloop
  endfacet
  facet normal 0.0878982 0.427909 0.899538
    outer loop
      vertex 30.5395 -39.7999 24.9955
      vertex 36.3849 -41.489 25.2278
      vertex 33.0772 -37.7173 23.7568
    endloop
  endfacet
  facet normal 0.0348409 0.389502 0.920366
    outer loop
      vertex 33.0772 -37.7173 23.7568
      vertex 36.3849 -41.489 25.2278
      vertex 39.0205 -39.0205 24.0834
    endloop
  endfacet
  facet normal 0.0445951 0.429389 0.902018
    outer loop
      vertex 33.0772 -37.7173 23.7568
      vertex 39.0205 -39.0205 24.0834
      vertex 35.4732 -35.4732 22.5701
    endloop
  endfacet
  facet normal -0.0141629 0.380326 0.924744
    outer loop
      vertex 35.4732 -35.4732 22.5701
      vertex 39.0205 -39.0205 24.0834
      vertex 41.489 -36.3849 23.0372
    endloop
  endfacet
  facet normal -0.00562361 0.426327 0.904552
    outer loop
      vertex 35.4732 -35.4732 22.5701
      vertex 41.489 -36.3849 23.0372
      vertex 37.7173 -33.0772 21.4548
    endloop
  endfacet
  facet normal -0.0714053 0.363031 0.929037
    outer loop
      vertex 37.7173 -33.0772 21.4548
      vertex 41.489 -36.3849 23.0372
      vertex 43.7799 -33.5935 22.1225
    endloop
  endfacet
  facet normal -0.0645447 0.415487 0.907306
    outer loop
      vertex 37.7173 -33.0772 21.4548
      vertex 43.7799 -33.5935 22.1225
      vertex 39.7999 -30.5395 20.4409
    endloop
  endfacet
  facet normal -0.137964 0.333694 0.932531
    outer loop
      vertex 39.7999 -30.5395 20.4409
      vertex 43.7799 -33.5935 22.1225
      vertex 45.8833 -30.6582 21.3833
    endloop
  endfacet
  facet normal -0.133496 0.390551 0.91085
    outer loop
      vertex 39.7999 -30.5395 20.4409
      vertex 45.8833 -30.6582 21.3833
      vertex 41.7121 -27.8711 19.577
    endloop
  endfacet
  facet normal -0.212395 0.287443 0.933951
    outer loop
      vertex 41.7121 -27.8711 19.577
      vertex 45.8833 -30.6582 21.3833
      vertex 47.7902 -27.5917 20.8732
    endloop
  endfacet
  facet normal -0.211069 0.340189 0.916363
    outer loop
      vertex 41.7121 -27.8711 19.577
      vertex 47.7902 -27.5917 20.8732
      vertex 43.4456 -25.0833 18.9413
    endloop
  endfacet
  facet normal -0.287162 0.220548 0.932146
    outer loop
      vertex 43.4456 -25.0833 18.9413
      vertex 47.7902 -27.5917 20.8732
      vertex 49.4924 -24.407 20.6441
    endloop
  endfacet
  facet normal -0.288273 0.250438 0.924218
    outer loop
      vertex 43.4456 -25.0833 18.9413
      vertex 49.4924 -24.407 20.6441
      vertex 44.9931 -22.1881 18.6395
    endloop
  endfacet
  facet normal -0.347195 0.134464 0.928103
    outer loop
      vertex 44.9931 -22.1881 18.6395
      vertex 49.4924 -24.407 20.6441
      vertex 50.9828 -21.1177 20.7251
    endloop
  endfacet
  facet normal -0.345881 0.123078 0.930171
    outer loop
      vertex 44.9931 -22.1881 18.6395
      vertex 50.9828 -21.1177 20.7251
      vertex 46.348 -19.198 18.7476
    endloop
  endfacet
  facet normal -0.378626 0.0384424 0.924751
    outer loop
      vertex 46.348 -19.198 18.7476
      vertex 50.9828 -21.1177 20.7251
      vertex 52.2548 -17.7381 21.1054
    endloop
  endfacet
  facet normal -0.368805 -0.00890346 0.929464
    outer loop
      vertex 46.348 -19.198 18.7476
      vertex 52.2548 -17.7381 21.1054
      vertex 47.5043 -16.1255 19.2359
    endloop
  endfacet
  facet normal -0.381501 -0.0540441 0.922787
    outer loop
      vertex 47.5043 -16.1255 19.2359
      vertex 52.2548 -17.7381 21.1054
      vertex 53.303 -14.2825 21.7411
    endloop
  endfacet
  facet normal -0.362838 -0.115343 0.924686
    outer loop
      vertex 47.5043 -16.1255 19.2359
      vertex 53.303 -14.2825 21.7411
      vertex 48.4573 -12.9841 20.0017
    endloop
  endfacet
  facet normal -0.36634 -0.133557 0.920846
    outer loop
      vertex 48.4573 -12.9841 20.0017
      vertex 53.303 -14.2825 21.7411
      vertex 54.123 -10.7657 22.5774
    endloop
  endfacet
  facet normal -0.342378 -0.193179 0.919488
    outer loop
      vertex 48.4573 -12.9841 20.0017
      vertex 54.123 -10.7657 22.5774
      vertex 49.2027 -9.78703 20.9509
    endloop
  endfacet
  facet normal -0.342921 -0.197916 0.918278
    outer loop
      vertex 49.2027 -9.78703 20.9509
      vertex 54.123 -10.7657 22.5774
      vertex 54.7112 -7.20287 23.565
    endloop
  endfacet
  facet normal -0.316766 -0.250248 0.914896
    outer loop
      vertex 49.2027 -9.78703 20.9509
      vertex 54.7112 -7.20287 23.565
      vertex 49.7375 -6.54806 22.022
    endloop
  endfacet
  facet normal -0.316717 -0.249099 0.915227
    outer loop
      vertex 49.7375 -6.54806 22.022
      vertex 54.7112 -7.20287 23.565
      vertex 55.0652 -3.60916 24.6656
    endloop
  endfacet
  facet normal -0.290054 -0.293529 0.910884
    outer loop
      vertex 49.7375 -6.54806 22.022
      vertex 55.0652 -3.60916 24.6656
      vertex 50.0593 -3.28106 23.1773
    endloop
  endfacet
  facet normal -0.290149 -0.290021 0.911977
    outer loop
      vertex 50.0593 -3.28106 23.1773
      vertex 55.0652 -3.60916 24.6656
      vertex 55.1833 0 25.8509
    endloop
  endfacet
  facet normal -0.263703 -0.327514 0.907301
    outer loop
      vertex 50.0593 -3.28106 23.1773
      vertex 55.1833 0 25.8509
      vertex 50.1667 0 24.3929
    endloop
  endfacet
  facet normal -0.314811 -0.29138 0.903323
    outer loop
      vertex 55.1833 0 25.8509
      vertex 60.2 0 27.5993
      vertex 60.0711 3.93727 28.8244
    endloop
  endfacet
  facet normal -0.289432 -0.321562 0.901569
    outer loop
      vertex 55.1833 0 25.8509
      vertex 60.0711 3.93727 28.8244
      vertex 55.0652 3.60916 27.1003
    endloop
  endfacet
  facet normal -0.288968 -0.324289 0.900741
    outer loop
      vertex 55.0652 3.60916 27.1003
      vertex 60.0711 3.93727 28.8244
      vertex 59.685 7.85768 30.1119
    endloop
  endfacet
  facet normal -0.263538 -0.350507 0.898717
    outer loop
      vertex 55.0652 3.60916 27.1003
      vertex 59.685 7.85768 30.1119
      vertex 54.7112 7.20287 28.3981
    endloop
  endfacet
  facet normal -0.263135 -0.352172 0.898184
    outer loop
      vertex 54.7112 7.20287 28.3981
      vertex 59.685 7.85768 30.1119
      vertex 59.0433 11.7444 31.4479
    endloop
  endfacet
  facet normal -0.237877 -0.374835 0.896055
    outer loop
      vertex 54.7112 7.20287 28.3981
      vertex 59.0433 11.7444 31.4479
      vertex 54.123 10.7657 29.7323
    endloop
  endfacet
  facet normal -0.237534 -0.375921 0.89569
    outer loop
      vertex 54.123 10.7657 29.7323
      vertex 59.0433 11.7444 31.4479
      vertex 58.1487 15.5809 32.8209
    endloop
  endfacet
  facet normal -0.212572 -0.395425 0.893562
    outer loop
      vertex 54.123 10.7657 29.7323
      vertex 58.1487 15.5809 32.8209
      vertex 53.303 14.2825 31.0935
    endloop
  endfacet
  facet normal -0.212256 -0.396228 0.893281
    outer loop
      vertex 53.303 14.2825 31.0935
      vertex 58.1487 15.5809 32.8209
      vertex 57.0052 19.3507 34.2213
    endloop
  endfacet
  facet normal -0.18766 -0.412925 0.891222
    outer loop
      vertex 53.303 14.2825 31.0935
      vertex 57.0052 19.3507 34.2213
      vertex 52.2548 17.7381 32.4738
    endloop
  endfacet
  facet normal -0.187327 -0.413627 0.890966
    outer loop
      vertex 52.2548 17.7381 32.4738
      vertex 57.0052 19.3507 34.2213
      vertex 55.6175 23.0375 35.6411
    endloop
  endfacet
  facet normal -0.163141 -0.427813 0.889022
    outer loop
      vertex 52.2548 17.7381 32.4738
      vertex 55.6175 23.0375 35.6411
      vertex 50.9828 21.1177 33.8668
    endloop
  endfacet
  facet normal -0.162741 -0.428528 0.888751
    outer loop
      vertex 50.9828 21.1177 33.8668
      vertex 55.6175 23.0375 35.6411
      vertex 53.9917 26.6258 37.0736
    endloop
  endfacet
  facet normal -0.139 -0.44045 0.886951
    outer loop
      vertex 50.9828 21.1177 33.8668
      vertex 53.9917 26.6258 37.0736
      vertex 49.4924 24.407 35.2666
    endloop
  endfacet
  facet normal -0.13848 -0.441248 0.886636
    outer loop
      vertex 49.4924 24.407 35.2666
      vertex 53.9917 26.6258 37.0736
      vertex 52.1347 30.1 38.5125
    endloop
  endfacet
  facet normal -0.115215 -0.451113 0.884999
    outer loop
      vertex 49.4924 24.407 35.2666
      vertex 52.1347 30.1 38.5125
      vertex 47.7902 27.5917 36.6683
    endloop
  endfacet
  facet normal -0.114522 -0.452034 0.884619
    outer loop
      vertex 47.7902 27.5917 36.6683
      vertex 52.1347 30.1 38.5125
      vertex 50.0545 33.4453 39.9526
    endloop
  endfacet
  facet normal -0.0917666 -0.460015 0.883156
    outer loop
      vertex 47.7902 27.5917 36.6683
      vertex 50.0545 33.4453 39.9526
      vertex 45.8833 30.6582 38.0675
    endloop
  endfacet
  facet normal -0.0908489 -0.461078 0.882697
    outer loop
      vertex 45.8833 30.6582 38.0675
      vertex 50.0545 33.4453 39.9526
      vertex 47.7599 36.6474 41.3891
    endloop
  endfacet
  facet normal -0.0686399 -0.467326 0.881416
    outer loop
      vertex 45.8833 30.6582 38.0675
      vertex 47.7599 36.6474 41.3891
      vertex 43.7799 33.5935 39.46
    endloop
  endfacet
  facet normal -0.0674462 -0.468535 0.880867
    outer loop
      vertex 43.7799 33.5935 39.46
      vertex 47.7599 36.6474 41.3891
      vertex 45.2608 39.6926 42.8175
    endloop
  endfacet
  facet normal -0.0458229 -0.473182 0.879772
    outer loop
      vertex 43.7799 33.5935 39.46
      vertex 45.2608 39.6926 42.8175
      vertex 41.489 36.3849 40.842
    endloop
  endfacet
  facet normal -0.0443039 -0.474528 0.879125
    outer loop
      vertex 41.489 36.3849 40.842
      vertex 45.2608 39.6926 42.8175
      vertex 42.5678 42.5678 44.2337
    endloop
  endfacet
  facet normal -0.0233084 -0.477693 0.878217
    outer loop
      vertex 41.489 36.3849 40.842
      vertex 42.5678 42.5678 44.2337
      vertex 39.0205 39.0205 42.2101
    endloop
  endfacet
  facet normal -0.0214168 -0.479157 0.877468
    outer loop
      vertex 39.0205 39.0205 42.2101
      vertex 42.5678 42.5678 44.2337
      vertex 39.6926 45.2608 45.6341
    endloop
  endfacet
  facet normal -0.0010929 -0.480951 0.876747
    outer loop
      vertex 39.0205 39.0205 42.2101
      vertex 39.6926 45.2608 45.6341
      vertex 36.3849 41.489 43.5609
    endloop
  endfacet
  facet normal 0.00121569 -0.482506 0.875892
    outer loop
      vertex 36.3849 41.489 43.5609
      vertex 39.6926 45.2608 45.6341
      vertex 36.6474 47.7599 47.015
    endloop
  endfacet
  facet normal 0.0208233 -0.483031 0.875356
    outer loop
      vertex 36.3849 41.489 43.5609
      vertex 36.6474 47.7599 47.015
      vertex 33.5935 43.7799 44.8915
    endloop
  endfacet
  facet normal 0.0235899 -0.484641 0.874395
    outer loop
      vertex 33.5935 43.7799 44.8915
      vertex 36.6474 47.7599 47.015
      vertex 33.4453 50.0545 48.3732
    endloop
  endfacet
  facet normal 0.042437 -0.483999 0.874039
    outer loop
      vertex 33.5935 43.7799 44.8915
      vertex 33.4453 50.0545 48.3732
      vertex 30.6582 45.8833 46.1987
    endloop
  endfacet
  facet normal 0.0456988 -0.485623 0.872973
    outer loop
      vertex 30.6582 45.8833 46.1987
      vertex 33.4453 50.0545 48.3732
      vertex 30.1 52.1347 49.7055
    endloop
  endfacet
  facet normal 0.0637425 -0.48391 0.872793
    outer loop
      vertex 30.6582 45.8833 46.1987
      vertex 30.1 52.1347 49.7055
      vertex 27.5917 47.7902 47.4799
    endloop
  endfacet
  facet normal 0.0675319 -0.4855 0.871625
    outer loop
      vertex 27.5917 47.7902 47.4799
      vertex 30.1 52.1347 49.7055
      vertex 26.6258 53.9917 51.0091
    endloop
  endfacet
  facet normal 0.084732 -0.482815 0.871614
    outer loop
      vertex 27.5917 47.7902 47.4799
      vertex 26.6258 53.9917 51.0091
      vertex 24.407 49.4924 48.7325
    endloop
  endfacet
  facet normal 0.0890763 -0.484316 0.870347
    outer loop
      vertex 24.407 49.4924 48.7325
      vertex 26.6258 53.9917 51.0091
      vertex 23.0375 55.6175 52.281
    endloop
  endfacet
  facet normal 0.105396 -0.480755 0.870498
    outer loop
      vertex 24.407 49.4924 48.7325
      vertex 23.0375 55.6175 52.281
      vertex 21.1177 50.9828 49.9538
    endloop
  endfacet
  facet normal 0.110317 -0.48211 0.869138
    outer loop
      vertex 21.1177 50.9828 49.9538
      vertex 23.0375 55.6175 52.281
      vertex 19.3507 57.0052 53.5187
    endloop
  endfacet
  facet normal 0.125723 -0.47777 0.869442
    outer loop
      vertex 21.1177 50.9828 49.9538
      vertex 19.3507 57.0052 53.5187
      vertex 17.7381 52.2548 51.1415
    endloop
  endfacet
  facet normal 0.131236 -0.478917 0.867995
    outer loop
      vertex 17.7381 52.2548 51.1415
      vertex 19.3507 57.0052 53.5187
      vertex 15.5809 58.1487 54.7196
    endloop
  endfacet
  facet normal 0.145702 -0.473895 0.868444
    outer loop
      vertex 17.7381 52.2548 51.1415
      vertex 15.5809 58.1487 54.7196
      vertex 14.2825 53.303 52.2932
    endloop
  endfacet
  facet normal 0.151815 -0.474769 0.866918
    outer loop
      vertex 14.2825 53.303 52.2932
      vertex 15.5809 58.1487 54.7196
      vertex 11.7444 59.0433 55.8814
    endloop
  endfacet
  facet normal 0.165318 -0.469163 0.8675
    outer loop
      vertex 14.2825 53.303 52.2932
      vertex 11.7444 59.0433 55.8814
      vertex 10.7657 54.123 53.4069
    endloop
  endfacet
  facet normal 0.172035 -0.469696 0.865904
    outer loop
      vertex 10.7657 54.123 53.4069
      vertex 11.7444 59.0433 55.8814
      vertex 7.85768 59.685 57.0017
    endloop
  endfacet
  facet normal 0.18456 -0.463603 0.866608
    outer loop
      vertex 10.7657 54.123 53.4069
      vertex 7.85768 59.685 57.0017
      vertex 7.20287 54.7112 54.4804
    endloop
  endfacet
  facet normal 0.191874 -0.463726 0.864952
    outer loop
      vertex 7.20287 54.7112 54.4804
      vertex 7.85768 59.685 57.0017
      vertex 3.93727 60.0711 58.0784
    endloop
  endfacet
  facet normal 0.203411 -0.457244 0.865767
    outer loop
      vertex 7.20287 54.7112 54.4804
      vertex 3.93727 60.0711 58.0784
      vertex 3.60916 55.0652 55.5116
    endloop
  endfacet
  facet normal 0.211309 -0.456887 0.864062
    outer loop
      vertex 3.60916 55.0652 55.5116
      vertex 3.93727 60.0711 58.0784
      vertex 3.68619e-15 60.2 59.1094
    endloop
  endfacet
  facet normal 0.221857 -0.450112 0.864973
    outer loop
      vertex 3.60916 55.0652 55.5116
      vertex 3.68619e-15 60.2 59.1094
      vertex 3.379e-15 55.1833 56.4988
    endloop
  endfacet
  facet normal 0.23032 -0.449205 0.863231
    outer loop
      vertex 3.379e-15 55.1833 56.4988
      vertex 3.68619e-15 60.2 59.1094
      vertex -3.93727 60.0711 60.0928
    endloop
  endfacet
  facet normal 0.239884 -0.442233 0.864226
    outer loop
      vertex 3.379e-15 55.1833 56.4988
      vertex -3.93727 60.0711 60.0928
      vertex -3.60916 55.0652 57.4402
    endloop
  endfacet
  facet normal 0.248883 -0.440707 0.862459
    outer loop
      vertex -3.60916 55.0652 57.4402
      vertex -3.93727 60.0711 60.0928
      vertex -7.85768 59.685 61.0268
    endloop
  endfacet
  facet normal 0.257475 -0.43363 0.863523
    outer loop
      vertex -3.60916 55.0652 57.4402
      vertex -7.85768 59.685 61.0268
      vertex -7.20287 54.7112 58.334
    endloop
  endfacet
  facet normal 0.266974 -0.431417 0.861745
    outer loop
      vertex -7.20287 54.7112 58.334
      vertex -7.85768 59.685 61.0268
      vertex -11.7444 59.0433 61.9097
    endloop
  endfacet
  facet normal 0.274616 -0.424329 0.862862
    outer loop
      vertex -7.20287 54.7112 58.334
      vertex -11.7444 59.0433 61.9097
      vertex -10.7657 54.123 59.1786
    endloop
  endfacet
  facet normal 0.284572 -0.421363 0.861088
    outer loop
      vertex -10.7657 54.123 59.1786
      vertex -11.7444 59.0433 61.9097
      vertex -15.5809 58.1487 62.7399
    endloop
  endfacet
  facet normal 0.29129 -0.41435 0.862243
    outer loop
      vertex -10.7657 54.123 59.1786
      vertex -15.5809 58.1487 62.7399
      vertex -14.2825 53.303 59.9726
    endloop
  endfacet
  facet normal 0.301653 -0.41057 0.860487
    outer loop
      vertex -14.2825 53.303 59.9726
      vertex -15.5809 58.1487 62.7399
      vertex -19.3507 57.0052 63.5158
    endloop
  endfacet
  facet normal 0.307483 -0.403717 0.861665
    outer loop
      vertex -14.2825 53.303 59.9726
      vertex -19.3507 57.0052 63.5158
      vertex -17.7381 52.2548 60.7146
    endloop
  endfacet
  facet normal 0.318194 -0.399065 0.859942
    outer loop
      vertex -17.7381 52.2548 60.7146
      vertex -19.3507 57.0052 63.5158
      vertex -23.0375 55.6175 64.236
    endloop
  endfacet
  facet normal 0.323178 -0.392452 0.861126
    outer loop
      vertex -17.7381 52.2548 60.7146
      vertex -23.0375 55.6175 64.236
      vertex -21.1177 50.9828 61.4033
    endloop
  endfacet
  facet normal 0.334174 -0.386874 0.859451
    outer loop
      vertex -21.1177 50.9828 61.4033
      vertex -23.0375 55.6175 64.236
      vertex -26.6258 53.9917 64.8994
    endloop
  endfacet
  facet normal 0.338359 -0.380576 0.860625
    outer loop
      vertex -21.1177 50.9828 61.4033
      vertex -26.6258 53.9917 64.8994
      vertex -24.407 49.4924 62.0374
    endloop
  endfacet
  facet normal 0.349569 -0.374024 0.859015
    outer loop
      vertex -24.407 49.4924 62.0374
      vertex -26.6258 53.9917 64.8994
      vertex -30.1 52.1347 65.5046
    endloop
  endfacet
  facet normal 0.353012 -0.368111 0.860161
    outer loop
      vertex -24.407 49.4924 62.0374
      vertex -30.1 52.1347 65.5046
      vertex -27.5917 47.7902 62.6159
    endloop
  endfacet
  facet normal 0.36436 -0.360543 0.858633
    outer loop
      vertex -27.5917 47.7902 62.6159
      vertex -30.1 52.1347 65.5046
      vertex -33.4453 50.0545 66.0507
    endloop
  endfacet
  facet normal 0.36712 -0.355077 0.859734
    outer loop
      vertex -27.5917 47.7902 62.6159
      vertex -33.4453 50.0545 66.0507
      vertex -30.6582 45.8833 63.1378
    endloop
  endfacet
  facet normal 0.378524 -0.346459 0.858304
    outer loop
      vertex -30.6582 45.8833 63.1378
      vertex -33.4453 50.0545 66.0507
      vertex -36.6474 47.7599 66.5367
    endloop
  endfacet
  facet normal 0.380669 -0.341497 0.859343
    outer loop
      vertex -30.6582 45.8833 63.1378
      vertex -36.6474 47.7599 66.5367
      vertex -33.5935 43.7799 63.6022
    endloop
  endfacet
  facet normal 0.392042 -0.331799 0.858028
    outer loop
      vertex -33.5935 43.7799 63.6022
      vertex -36.6474 47.7599 66.5367
      vertex -39.6926 45.2608 66.9616
    endloop
  endfacet
  facet normal 0.393642 -0.327391 0.858988
    outer loop
      vertex -33.5935 43.7799 63.6022
      vertex -39.6926 45.2608 66.9616
      vertex -36.3849 41.489 64.0083
    endloop
  endfacet
  facet normal 0.404896 -0.316595 0.857804
    outer loop
      vertex -36.3849 41.489 64.0083
      vertex -39.6926 45.2608 66.9616
      vertex -42.5678 42.5678 67.3249
    endloop
  endfacet
  facet normal 0.406025 -0.312782 0.858669
    outer loop
      vertex -36.3849 41.489 64.0083
      vertex -42.5678 42.5678 67.3249
      vertex -39.0205 39.0205 64.3553
    endloop
  endfacet
  facet normal 0.417065 -0.300873 0.857632
    outer loop
      vertex -39.0205 39.0205 64.3553
      vertex -42.5678 42.5678 67.3249
      vertex -45.2608 39.6926 67.6258
    endloop
  endfacet
  facet normal 0.417802 -0.297689 0.858384
    outer loop
      vertex -39.0205 39.0205 64.3553
      vertex -45.2608 39.6926 67.6258
      vertex -41.489 36.3849 64.6428
    endloop
  endfacet
  facet normal 0.428533 -0.284666 0.857511
    outer loop
      vertex -41.489 36.3849 64.6428
      vertex -45.2608 39.6926 67.6258
      vertex -47.7599 36.6474 67.8638
    endloop
  endfacet
  facet normal 0.428959 -0.282136 0.858134
    outer loop
      vertex -41.489 36.3849 64.6428
      vertex -47.7599 36.6474 67.8638
      vertex -43.7799 33.5935 64.8702
    endloop
  endfacet
  facet normal 0.439283 -0.268002 0.857441
    outer loop
      vertex -43.7799 33.5935 64.8702
      vertex -47.7599 36.6474 67.8638
      vertex -50.0545 33.4453 68.0385
    endloop
  endfacet
  facet normal 0.43948 -0.266144 0.857919
    outer loop
      vertex -43.7799 33.5935 64.8702
      vertex -50.0545 33.4453 68.0385
      vertex -45.8833 30.6582 65.0371
    endloop
  endfacet
  facet normal 0.4493 -0.250913 0.857422
    outer loop
      vertex -45.8833 30.6582 65.0371
      vertex -50.0545 33.4453 68.0385
      vertex -52.1347 30.1 68.1496
    endloop
  endfacet
  facet normal 0.449352 -0.249734 0.857738
    outer loop
      vertex -45.8833 30.6582 65.0371
      vertex -52.1347 30.1 68.1496
      vertex -47.7902 27.5917 65.1433
    endloop
  endfacet
  facet normal 0.458569 -0.233429 0.857453
    outer loop
      vertex -47.7902 27.5917 65.1433
      vertex -52.1347 30.1 68.1496
      vertex -53.9917 26.6258 68.1969
    endloop
  endfacet
  facet normal 0.45856 -0.232931 0.857593
    outer loop
      vertex -47.7902 27.5917 65.1433
      vertex -53.9917 26.6258 68.1969
      vertex -49.4924 24.407 65.1885
    endloop
  endfacet
  facet normal 0.467075 -0.215583 0.857534
    outer loop
      vertex -49.4924 24.407 65.1885
      vertex -53.9917 26.6258 68.1969
      vertex -55.6175 23.0375 68.1804
    endloop
  endfacet
  facet normal 0.467089 -0.215755 0.857483
    outer loop
      vertex -49.4924 24.407 65.1885
      vertex -55.6175 23.0375 68.1804
      vertex -50.9828 21.1177 65.1727
    endloop
  endfacet
  facet normal 0.474808 -0.197405 0.857665
    outer loop
      vertex -50.9828 21.1177 65.1727
      vertex -55.6175 23.0375 68.1804
      vertex -57.0052 19.3507 68.1
    endloop
  endfacet
  facet normal 0.474926 -0.198231 0.857409
    outer loop
      vertex -50.9828 21.1177 65.1727
      vertex -57.0052 19.3507 68.1
      vertex -52.2548 17.7381 65.0959
    endloop
  endfacet
  facet normal 0.481754 -0.178928 0.857845
    outer loop
      vertex -52.2548 17.7381 65.0959
      vertex -57.0052 19.3507 68.1
      vertex -58.1487 15.5809 67.9559
    endloop
  endfacet
  facet normal 0.482057 -0.180382 0.85737
    outer loop
      vertex -52.2548 17.7381 65.0959
      vertex -58.1487 15.5809 67.9559
      vertex -53.303 14.2825 64.9582
    endloop
  endfacet
  facet normal 0.487904 -0.160183 0.858074
    outer loop
      vertex -53.303 14.2825 64.9582
      vertex -58.1487 15.5809 67.9559
      vertex -59.0433 11.7444 67.7484
    endloop
  endfacet
  facet normal 0.488468 -0.162232 0.857368
    outer loop
      vertex -53.303 14.2825 64.9582
      vertex -59.0433 11.7444 67.7484
      vertex -54.123 10.7657 64.7599
    endloop
  endfacet
  facet normal 0.493248 -0.141203 0.858352
    outer loop
      vertex -54.123 10.7657 64.7599
      vertex -59.0433 11.7444 67.7484
      vertex -59.685 7.85768 67.4777
    endloop
  endfacet
  facet normal 0.494146 -0.143806 0.857403
    outer loop
      vertex -54.123 10.7657 64.7599
      vertex -59.685 7.85768 67.4777
      vertex -54.7112 7.20287 64.5014
    endloop
  endfacet
  facet normal 0.497777 -0.12202 0.858679
    outer loop
      vertex -54.7112 7.20287 64.5014
      vertex -59.685 7.85768 67.4777
      vertex -60.0711 3.93727 67.1445
    endloop
  endfacet
  facet normal 0.499078 -0.125128 0.857476
    outer loop
      vertex -54.7112 7.20287 64.5014
      vertex -60.0711 3.93727 67.1445
      vertex -55.0652 3.60916 64.183
    endloop
  endfacet
  facet normal 0.501484 -0.102666 0.859054
    outer loop
      vertex -55.0652 3.60916 64.183
      vertex -60.0711 3.93727 67.1445
      vertex -60.2 7.37237e-15 66.7492
    endloop
  endfacet
  facet normal 0.503251 -0.106224 0.857587
    outer loop
      vertex -55.0652 3.60916 64.183
      vertex -60.2 7.37237e-15 66.7492
      vertex -55.1833 6.75801e-15 63.8053
    endloop
  endfacet
  facet normal 0.504361 -0.0831733 0.859478
    outer loop
      vertex -55.1833 6.75801e-15 63.8053
      vertex -60.2 7.37237e-15 66.7492
      vertex -60.0711 -3.93727 66.2925
    endloop
  endfacet
  facet normal 0.506654 -0.0871193 0.857737
    outer loop
      vertex -55.1833 6.75801e-15 63.8053
      vertex -60.0711 -3.93727 66.2925
      vertex -55.0652 -3.60916 63.3689
    endloop
  endfacet
  facet normal 0.506403 -0.0635742 0.85995
    outer loop
      vertex -55.0652 -3.60916 63.3689
      vertex -60.0711 -3.93727 66.2925
      vertex -59.685 -7.85768 65.7753
    endloop
  endfacet
  facet normal 0.509273 -0.0678408 0.857927
    outer loop
      vertex -55.0652 -3.60916 63.3689
      vertex -59.685 -7.85768 65.7753
      vertex -54.7112 -7.20287 62.8746
    endloop
  endfacet
  facet normal 0.507605 -0.0439005 0.860471
    outer loop
      vertex -54.7112 -7.20287 62.8746
      vertex -59.685 -7.85768 65.7753
      vertex -59.0433 -11.7444 65.1985
    endloop
  endfacet
  facet normal 0.511097 -0.0484152 0.858158
    outer loop
      vertex -54.7112 -7.20287 62.8746
      vertex -59.0433 -11.7444 65.1985
      vertex -54.123 -10.7657 62.3233
    endloop
  endfacet
  facet normal 0.507961 -0.0241841 0.86104
    outer loop
      vertex -54.123 -10.7657 62.3233
      vertex -59.0433 -11.7444 65.1985
      vertex -58.1487 -15.5809 64.563
    endloop
  endfacet
  facet normal 0.512115 -0.0288702 0.858432
    outer loop
      vertex -54.123 -10.7657 62.3233
      vertex -58.1487 -15.5809 64.563
      vertex -53.303 -14.2825 61.7158
    endloop
  endfacet
  facet normal 0.507469 -0.00445679 0.861658
    outer loop
      vertex -53.303 -14.2825 61.7158
      vertex -58.1487 -15.5809 64.563
      vertex -57.0052 -19.3507 63.87
    endloop
  endfacet
  facet normal 0.512315 -0.00923351 0.858748
    outer loop
      vertex -53.303 -14.2825 61.7158
      vertex -57.0052 -19.3507 63.87
      vertex -52.2548 -17.7381 61.0533
    endloop
  endfacet
  facet normal 0.506125 0.0152501 0.862325
    outer loop
      vertex -52.2548 -17.7381 61.0533
      vertex -57.0052 -19.3507 63.87
      vertex -55.6175 -23.0375 63.1207
    endloop
  endfacet
  facet normal 0.511686 0.0104663 0.859109
    outer loop
      vertex -52.2548 -17.7381 61.0533
      vertex -55.6175 -23.0375 63.1207
      vertex -50.9828 -21.1177 60.3369
    endloop
  endfacet
  facet normal 0.503926 0.0349053 0.863041
    outer loop
      vertex -50.9828 -21.1177 60.3369
      vertex -55.6175 -23.0375 63.1207
      vertex -53.9917 -26.6258 62.3166
    endloop
  endfacet
  facet normal 0.510218 0.0302002 0.859515
    outer loop
      vertex -50.9828 -21.1177 60.3369
      vertex -53.9917 -26.6258 62.3166
      vertex -49.4924 -24.407 59.5678
    endloop
  endfacet
  facet normal 0.500868 0.0544777 0.863807
    outer loop
      vertex -49.4924 -24.407 59.5678
      vertex -53.9917 -26.6258 62.3166
      vertex -52.1347 -30.1 61.4589
    endloop
  endfacet
  facet normal 0.507899 0.0499388 0.859968
    outer loop
      vertex -49.4924 -24.407 59.5678
      vertex -52.1347 -30.1 61.4589
      vertex -47.7902 -27.5917 58.7473
    endloop
  endfacet
  facet normal 0.49695 0.0739366 0.864624
    outer loop
      vertex -47.7902 -27.5917 58.7473
      vertex -52.1347 -30.1 61.4589
      vertex -50.0545 -33.4453 60.5493
    endloop
  endfacet
  facet normal 0.50472 0.069652 0.860469
    outer loop
      vertex -47.7902 -27.5917 58.7473
      vertex -50.0545 -33.4453 60.5493
      vertex -45.8833 -30.6582 57.877
    endloop
  endfacet
  facet normal 0.492169 0.0932514 0.865491
    outer loop
      vertex -45.8833 -30.6582 57.877
      vertex -50.0545 -33.4453 60.5493
      vertex -47.7599 -36.6474 59.5895
    endloop
  endfacet
  facet normal 0.500669 0.0893095 0.861019
    outer loop
      vertex -45.8833 -30.6582 57.877
      vertex -47.7599 -36.6474 59.5895
      vertex -43.7799 -33.5935 56.9584
    endloop
  endfacet
  facet normal 0.486521 0.112392 0.86641
    outer loop
      vertex -43.7799 -33.5935 56.9584
      vertex -47.7599 -36.6474 59.5895
      vertex -45.2608 -39.6926 58.5812
    endloop
  endfacet
  facet normal 0.495736 0.10888 0.861621
    outer loop
      vertex -43.7799 -33.5935 56.9584
      vertex -45.2608 -39.6926 58.5812
      vertex -41.489 -36.3849 55.9931
    endloop
  endfacet
  facet normal 0.480003 0.131327 0.867381
    outer loop
      vertex -41.489 -36.3849 55.9931
      vertex -45.2608 -39.6926 58.5812
      vertex -42.5678 -42.5678 57.5262
    endloop
  endfacet
  facet normal 0.48991 0.128333 0.862275
    outer loop
      vertex -41.489 -36.3849 55.9931
      vertex -42.5678 -42.5678 57.5262
      vertex -39.0205 -39.0205 54.9829
    endloop
  endfacet
  facet normal 0.472611 0.150028 0.868407
    outer loop
      vertex -39.0205 -39.0205 54.9829
      vertex -42.5678 -42.5678 57.5262
      vertex -39.6926 -45.2608 56.4267
    endloop
  endfacet
  facet normal 0.48318 0.147635 0.862984
    outer loop
      vertex -39.0205 -39.0205 54.9829
      vertex -39.6926 -45.2608 56.4267
      vertex -36.3849 -41.489 53.9295
    endloop
  endfacet
  facet normal 0.46434 0.168464 0.869488
    outer loop
      vertex -36.3849 -41.489 53.9295
      vertex -39.6926 -45.2608 56.4267
      vertex -36.6474 -47.7599 55.2847
    endloop
  endfacet
  facet normal 0.475533 0.166755 0.863748
    outer loop
      vertex -36.3849 -41.489 53.9295
      vertex -36.6474 -47.7599 55.2847
      vertex -33.5935 -43.7799 52.835
    endloop
  endfacet
  facet normal 0.455182 0.186604 0.870625
    outer loop
      vertex -33.5935 -43.7799 52.835
      vertex -36.6474 -47.7599 55.2847
      vertex -33.4453 -50.0545 54.1024
    endloop
  endfacet
  facet normal 0.466957 0.185659 0.86457
    outer loop
      vertex -33.5935 -43.7799 52.835
      vertex -33.4453 -50.0545 54.1024
      vertex -30.6582 -45.8833 51.7013
    endloop
  endfacet
  facet normal 0.445129 0.204418 0.871822
    outer loop
      vertex -30.6582 -45.8833 51.7013
      vertex -33.4453 -50.0545 54.1024
      vertex -30.1 -52.1347 52.8821
    endloop
  endfacet
  facet normal 0.457437 0.204314 0.865452
    outer loop
      vertex -30.6582 -45.8833 51.7013
      vertex -30.1 -52.1347 52.8821
      vertex -27.5917 -47.7902 50.5306
    endloop
  endfacet
  facet normal 0.434169 0.221876 0.87308
    outer loop
      vertex -27.5917 -47.7902 50.5306
      vertex -30.1 -52.1347 52.8821
      vertex -26.6258 -53.9917 51.6263
    endloop
  endfacet
  facet normal 0.446956 0.222686 0.866395
    outer loop
      vertex -27.5917 -47.7902 50.5306
      vertex -26.6258 -53.9917 51.6263
      vertex -24.407 -49.4924 49.3252
    endloop
  endfacet
  facet normal 0.42229 0.238945 0.874401
    outer loop
      vertex -24.407 -49.4924 49.3252
      vertex -26.6258 -53.9917 51.6263
      vertex -23.0375 -55.6175 50.3377
    endloop
  endfacet
  facet normal 0.435497 0.240741 0.867402
    outer loop
      vertex -24.407 -49.4924 49.3252
      vertex -23.0375 -55.6175 50.3377
      vertex -21.1177 -50.9828 48.0875
    endloop
  endfacet
  facet normal 0.409472 0.255592 0.875788
    outer loop
      vertex -21.1177 -50.9828 48.0875
      vertex -23.0375 -55.6175 50.3377
      vertex -19.3507 -57.0052 49.0189
    endloop
  endfacet
  facet normal 0.423037 0.258441 0.868474
    outer loop
      vertex -21.1177 -50.9828 48.0875
      vertex -19.3507 -57.0052 49.0189
      vertex -17.7381 -52.2548 46.8197
    endloop
  endfacet
  facet normal 0.395693 0.271784 0.877246
    outer loop
      vertex -17.7381 -52.2548 46.8197
      vertex -19.3507 -57.0052 49.0189
      vertex -15.5809 -58.1487 47.6728
    endloop
  endfacet
  facet normal 0.409552 0.275752 0.869614
    outer loop
      vertex -17.7381 -52.2548 46.8197
      vertex -15.5809 -58.1487 47.6728
      vertex -14.2825 -53.303 45.5247
    endloop
  endfacet
  facet normal 0.380926 0.287483 0.878777
    outer loop
      vertex -14.2825 -53.303 45.5247
      vertex -15.5809 -58.1487 47.6728
      vertex -11.7444 -59.0433 46.3024
    endloop
  endfacet
  facet normal 0.395009 0.292633 0.870823
    outer loop
      vertex -14.2825 -53.303 45.5247
      vertex -11.7444 -59.0433 46.3024
      vertex -10.7657 -54.123 44.205
    endloop
  endfacet
  facet normal 0.365134 0.302651 0.880386
    outer loop
      vertex -10.7657 -54.123 44.205
      vertex -11.7444 -59.0433 46.3024
      vertex -7.85768 -59.685 44.911
    endloop
  endfacet
  facet normal 0.379374 0.309045 0.872105
    outer loop
      vertex -10.7657 -54.123 44.205
      vertex -7.85768 -59.685 44.911
      vertex -7.20287 -54.7112 42.8636
    endloop
  endfacet
  facet normal 0.348274 0.317245 0.882078
    outer loop
      vertex -7.20287 -54.7112 42.8636
      vertex -7.85768 -59.685 44.911
      vertex -3.93727 -60.0711 43.5019
    endloop
  endfacet
  facet normal 0.362599 0.324946 0.87346
    outer loop
      vertex -7.20287 -54.7112 42.8636
      vertex -3.93727 -60.0711 43.5019
      vertex -3.60916 -55.0652 41.5034
    endloop
  endfacet
  facet normal 0.33029 0.331215 0.883858
    outer loop
      vertex -3.60916 -55.0652 41.5034
      vertex -3.93727 -60.0711 43.5019
      vertex -1.10586e-14 -60.2 42.0789
    endloop
  endfacet
  facet normal 0.344629 0.340288 0.874891
    outer loop
      vertex -3.60916 -55.0652 41.5034
      vertex -1.10586e-14 -60.2 42.0789
      vertex -1.0137e-14 -55.1833 40.1277
    endloop
  endfacet
  facet normal 0.311113 0.344505 0.885734
    outer loop
      vertex -1.0137e-14 -55.1833 40.1277
      vertex -1.10586e-14 -60.2 42.0789
      vertex 3.93727 -60.0711 40.6458
    endloop
  endfacet
  facet normal 0.325396 0.355021 0.8764
    outer loop
      vertex -1.0137e-14 -55.1833 40.1277
      vertex 3.93727 -60.0711 40.6458
      vertex 3.60916 -55.0652 38.7398
    endloop
  endfacet
  facet normal 0.290657 0.357051 0.887712
    outer loop
      vertex 3.60916 -55.0652 38.7398
      vertex 3.93727 -60.0711 40.6458
      vertex 7.85768 -59.685 39.2069
    endloop
  endfacet
  facet normal 0.304812 0.369086 0.877989
    outer loop
      vertex 3.60916 -55.0652 38.7398
      vertex 7.85768 -59.685 39.2069
      vertex 7.20287 -54.7112 37.3434
    endloop
  endfacet
  facet normal 0.268813 0.368772 0.889802
    outer loop
      vertex 7.20287 -54.7112 37.3434
      vertex 7.85768 -59.685 39.2069
      vertex 11.7444 -59.0433 37.7667
    endloop
  endfacet
  facet normal 0.282771 0.382414 0.879659
    outer loop
      vertex 7.20287 -54.7112 37.3434
      vertex 11.7444 -59.0433 37.7667
      vertex 10.7657 -54.123 35.9423
    endloop
  endfacet
  facet normal 0.245446 0.379569 0.892011
    outer loop
      vertex 10.7657 -54.123 35.9423
      vertex 11.7444 -59.0433 37.7667
      vertex 15.5809 -58.1487 36.3304
    endloop
  endfacet
  facet normal 0.259136 0.394923 0.881411
    outer loop
      vertex 10.7657 -54.123 35.9423
      vertex 15.5809 -58.1487 36.3304
      vertex 14.2825 -53.303 34.541
    endloop
  endfacet
  facet normal 0.220384 0.389317 0.894351
    outer loop
      vertex 14.2825 -53.303 34.541
      vertex 15.5809 -58.1487 36.3304
      vertex 19.3507 -57.0052 34.9037
    endloop
  endfacet
  facet normal 0.233735 0.406507 0.883244
    outer loop
      vertex 14.2825 -53.303 34.541
      vertex 19.3507 -57.0052 34.9037
      vertex 17.7381 -52.2548 33.1441
    endloop
  endfacet
  facet normal 0.193413 0.397852 0.896831
    outer loop
      vertex 17.7381 -52.2548 33.1441
      vertex 19.3507 -57.0052 34.9037
      vertex 23.0375 -55.6175 33.493
    endloop
  endfacet
  facet normal 0.206351 0.41703 0.885158
    outer loop
      vertex 17.7381 -52.2548 33.1441
      vertex 23.0375 -55.6175 33.493
      vertex 21.1177 -50.9828 31.7569
    endloop
  endfacet
  facet normal 0.164262 0.404954 0.899461
    outer loop
      vertex 21.1177 -50.9828 31.7569
      vertex 23.0375 -55.6175 33.493
      vertex 26.6258 -53.9917 32.1057
    endloop
  endfacet
  facet normal 0.176706 0.426307 0.887151
    outer loop
      vertex 21.1177 -50.9828 31.7569
      vertex 26.6258 -53.9917 32.1057
      vertex 24.407 -49.4924 30.3856
    endloop
  endfacet
  facet normal 0.132591 0.410324 0.902249
    outer loop
      vertex 24.407 -49.4924 30.3856
      vertex 26.6258 -53.9917 32.1057
      vertex 30.1 -52.1347 30.7506
    endloop
  endfacet
  facet normal 0.14445 0.434075 0.889221
    outer loop
      vertex 24.407 -49.4924 30.3856
      vertex 30.1 -52.1347 30.7506
      vertex 27.5917 -47.7902 29.0373
    endloop
  endfacet
  facet normal 0.097979 0.413545 0.905197
    outer loop
      vertex 27.5917 -47.7902 29.0373
      vertex 30.1 -52.1347 30.7506
      vertex 33.4453 -50.0545 29.4382
    endloop
  endfacet
  facet normal 0.109142 0.439955 0.891363
    outer loop
      vertex 27.5917 -47.7902 29.0373
      vertex 33.4453 -50.0545 29.4382
      vertex 30.6582 -45.8833 27.7206
    endloop
  endfacet
  facet normal 0.0599103 0.414029 0.90829
    outer loop
      vertex 30.6582 -45.8833 27.7206
      vertex 33.4453 -50.0545 29.4382
      vertex 36.6474 -47.7599 28.181
    endloop
  endfacet
  facet normal 0.0702374 0.443379 0.893578
    outer loop
      vertex 30.6582 -45.8833 27.7206
      vertex 36.6474 -47.7599 28.181
      vertex 33.5935 -43.7799 26.4462
    endloop
  endfacet
  facet normal 0.0177855 0.410939 0.91149
    outer loop
      vertex 33.5935 -43.7799 26.4462
      vertex 36.6474 -47.7599 28.181
      vertex 39.6926 -45.2608 26.9949
    endloop
  endfacet
  facet normal 0.0270901 0.443476 0.895877
    outer loop
      vertex 33.5935 -43.7799 26.4462
      vertex 39.6926 -45.2608 26.9949
      vertex 36.3849 -41.489 25.2278
    endloop
  endfacet
  facet normal -0.0290298 0.403081 0.914704
    outer loop
      vertex 36.3849 -41.489 25.2278
      vertex 39.6926 -45.2608 26.9949
      vertex 42.5678 -42.5678 25.8994
    endloop
  endfacet
  facet normal -0.0209995 0.43889 0.898295
    outer loop
      vertex 36.3849 -41.489 25.2278
      vertex 42.5678 -42.5678 25.8994
      vertex 39.0205 -39.0205 24.0834
    endloop
  endfacet
  facet normal -0.0810543 0.388796 0.917752
    outer loop
      vertex 39.0205 -39.0205 24.0834
      vertex 42.5678 -42.5678 25.8994
      vertex 45.2608 -39.6926 24.9192
    endloop
  endfacet
  facet normal -0.0746313 0.427506 0.900926
    outer loop
      vertex 39.0205 -39.0205 24.0834
      vertex 45.2608 -39.6926 24.9192
      vertex 41.489 -36.3849 23.0372
    endloop
  endfacet
  facet normal -0.138341 0.365892 0.920318
    outer loop
      vertex 41.489 -36.3849 23.0372
      vertex 45.2608 -39.6926 24.9192
      vertex 47.7599 -36.6474 24.0842
    endloop
  endfacet
  facet normal -0.133925 0.40612 0.903953
    outer loop
      vertex 41.489 -36.3849 23.0372
      vertex 47.7599 -36.6474 24.0842
      vertex 43.7799 -33.5935 22.1225
    endloop
  endfacet
  facet normal -0.19982 0.331801 0.921944
    outer loop
      vertex 43.7799 -33.5935 22.1225
      vertex 47.7599 -36.6474 24.0842
      vertex 50.0545 -33.4453 23.4291
    endloop
  endfacet
  facet normal -0.197748 0.370265 0.907634
    outer loop
      vertex 43.7799 -33.5935 22.1225
      vertex 50.0545 -33.4453 23.4291
      vertex 45.8833 -30.6582 21.3833
    endloop
  endfacet
  facet normal -0.262369 0.284216 0.922162
    outer loop
      vertex 45.8833 -30.6582 21.3833
      vertex 50.0545 -33.4453 23.4291
      vertex 52.1347 -30.1 22.9899
    endloop
  endfacet
  facet normal -0.262523 0.314974 0.912071
    outer loop
      vertex 45.8833 -30.6582 21.3833
      vertex 52.1347 -30.1 22.9899
      vertex 47.7902 -27.5917 20.8732
    endloop
  endfacet
  facet normal -0.320259 0.222386 0.920857
    outer loop
      vertex 47.7902 -27.5917 20.8732
      vertex 52.1347 -30.1 22.9899
      vertex 53.9917 -26.6258 22.7968
    endloop
  endfacet
  facet normal -0.321338 0.237701 0.916646
    outer loop
      vertex 47.7902 -27.5917 20.8732
      vertex 53.9917 -26.6258 22.7968
      vertex 49.4924 -24.407 20.6441
    endloop
  endfacet
  facet normal -0.366237 0.14854 0.918589
    outer loop
      vertex 49.4924 -24.407 20.6441
      vertex 53.9917 -26.6258 22.7968
      vertex 55.6175 -23.0375 22.8647
    endloop
  endfacet
  facet normal -0.365422 0.142927 0.919803
    outer loop
      vertex 49.4924 -24.407 20.6441
      vertex 55.6175 -23.0375 22.8647
      vertex 50.9828 -21.1177 20.7251
    endloop
  endfacet
  facet normal -0.394759 0.0681465 0.916254
    outer loop
      vertex 50.9828 -21.1177 20.7251
      vertex 55.6175 -23.0375 22.8647
      vertex 57.0052 -19.3507 23.1884
    endloop
  endfacet
  facet normal -0.38897 0.042842 0.920254
    outer loop
      vertex 50.9828 -21.1177 20.7251
      vertex 57.0052 -19.3507 23.1884
      vertex 52.2548 -17.7381 21.1054
    endloop
  endfacet
  facet normal -0.404918 -0.011859 0.914276
    outer loop
      vertex 52.2548 -17.7381 21.1054
      vertex 57.0052 -19.3507 23.1884
      vertex 58.1487 -15.5809 23.7437
    endloop
  endfacet
  facet normal -0.392825 -0.0497769 0.918265
    outer loop
      vertex 52.2548 -17.7381 21.1054
      vertex 58.1487 -15.5809 23.7437
      vertex 53.303 -14.2825 21.7411
    endloop
  endfacet
  facet normal -0.400071 -0.085766 0.912462
    outer loop
      vertex 53.303 -14.2825 21.7411
      vertex 58.1487 -15.5809 23.7437
      vertex 59.0433 -11.7444 24.4965
    endloop
  endfacet
  facet normal -0.382437 -0.128417 0.915014
    outer loop
      vertex 53.303 -14.2825 21.7411
      vertex 59.0433 -11.7444 24.4965
      vertex 54.123 -10.7657 22.5774
    endloop
  endfacet
  facet normal -0.385093 -0.150603 0.910507
    outer loop
      vertex 54.123 -10.7657 22.5774
      vertex 59.0433 -11.7444 24.4965
      vertex 59.685 -7.85768 25.4108
    endloop
  endfacet
  facet normal -0.363602 -0.192603 0.911426
    outer loop
      vertex 54.123 -10.7657 22.5774
      vertex 59.685 -7.85768 25.4108
      vertex 54.7112 -7.20287 23.565
    endloop
  endfacet
  facet normal -0.364183 -0.205845 0.908294
    outer loop
      vertex 54.7112 -7.20287 23.565
      vertex 59.685 -7.85768 25.4108
      vertex 60.0711 -3.93727 26.4541
    endloop
  endfacet
  facet normal -0.340414 -0.244529 0.907923
    outer loop
      vertex 54.7112 -7.20287 23.565
      vertex 60.0711 -3.93727 26.4541
      vertex 55.0652 -3.60916 24.6656
    endloop
  endfacet
  facet normal -0.340191 -0.252333 0.905869
    outer loop
      vertex 55.0652 -3.60916 24.6656
      vertex 60.0711 -3.93727 26.4541
      vertex 60.2 0 27.5993
    endloop
  endfacet
  facet normal -0.315268 -0.286787 0.904632
    outer loop
      vertex 55.0652 -3.60916 24.6656
      vertex 60.2 0 27.5993
      vertex 55.1833 0 25.8509
    endloop
  endfacet
  facet normal -0.35156 -0.263667 0.898268
    outer loop
      vertex 60.2 0 27.5993
      vertex 65.2167 0 29.5627
      vertex 65.077 4.26537 30.76
    endloop
  endfacet
  facet normal -0.328489 -0.290406 0.898754
    outer loop
      vertex 60.2 0 27.5993
      vertex 65.077 4.26537 30.76
      vertex 60.0711 3.93727 28.8244
    endloop
  endfacet
  facet normal -0.326807 -0.300362 0.896091
    outer loop
      vertex 60.0711 3.93727 28.8244
      vertex 65.077 4.26537 30.76
      vertex 64.6587 8.51248 32.0311
    endloop
  endfacet
  facet normal -0.303095 -0.324166 0.896131
    outer loop
      vertex 60.0711 3.93727 28.8244
      vertex 64.6587 8.51248 32.0311
      vertex 59.685 7.85768 30.1119
    endloop
  endfacet
  facet normal -0.301197 -0.332021 0.893892
    outer loop
      vertex 59.685 7.85768 30.1119
      vertex 64.6587 8.51248 32.0311
      vertex 63.9635 12.7231 33.3608
    endloop
  endfacet
  facet normal -0.277221 -0.352934 0.893636
    outer loop
      vertex 59.685 7.85768 30.1119
      vertex 63.9635 12.7231 33.3608
      vertex 59.0433 11.7444 31.4479
    endloop
  endfacet
  facet normal -0.275193 -0.359352 0.891703
    outer loop
      vertex 59.0433 11.7444 31.4479
      vertex 63.9635 12.7231 33.3608
      vertex 62.9945 16.8793 34.7366
    endloop
  endfacet
  facet normal -0.251212 -0.377529 0.891271
    outer loop
      vertex 59.0433 11.7444 31.4479
      vertex 62.9945 16.8793 34.7366
      vertex 58.1487 15.5809 32.8209
    endloop
  endfacet
  facet normal -0.249077 -0.382959 0.889552
    outer loop
      vertex 58.1487 15.5809 32.8209
      vertex 62.9945 16.8793 34.7366
      vertex 61.7556 20.9632 36.1479
    endloop
  endfacet
  facet normal -0.225264 -0.398596 0.889032
    outer loop
      vertex 58.1487 15.5809 32.8209
      vertex 61.7556 20.9632 36.1479
      vertex 57.0052 19.3507 34.2213
    endloop
  endfacet
  facet normal -0.223011 -0.403348 0.887455
    outer loop
      vertex 57.0052 19.3507 34.2213
      vertex 61.7556 20.9632 36.1479
      vertex 60.2523 24.9573 37.5855
    endloop
  endfacet
  facet normal -0.199491 -0.416644 0.886911
    outer loop
      vertex 57.0052 19.3507 34.2213
      vertex 60.2523 24.9573 37.5855
      vertex 55.6175 23.0375 35.6411
    endloop
  endfacet
  facet normal -0.197092 -0.420929 0.885423
    outer loop
      vertex 55.6175 23.0375 35.6411
      vertex 60.2523 24.9573 37.5855
      vertex 58.4911 28.8446 39.0414
    endloop
  endfacet
  facet normal -0.173955 -0.432073 0.884902
    outer loop
      vertex 55.6175 23.0375 35.6411
      vertex 58.4911 28.8446 39.0414
      vertex 53.9917 26.6258 37.0736
    endloop
  endfacet
  facet normal -0.171372 -0.436035 0.883462
    outer loop
      vertex 53.9917 26.6258 37.0736
      vertex 58.4911 28.8446 39.0414
      vertex 56.4793 32.6083 40.5088
    endloop
  endfacet
  facet normal -0.148691 -0.4452 0.882999
    outer loop
      vertex 53.9917 26.6258 37.0736
      vertex 56.4793 32.6083 40.5088
      vertex 52.1347 30.1 38.5125
    endloop
  endfacet
  facet normal -0.145881 -0.448934 0.881576
    outer loop
      vertex 52.1347 30.1 38.5125
      vertex 56.4793 32.6083 40.5088
      vertex 54.2257 36.2324 41.9814
    endloop
  endfacet
  facet normal -0.123715 -0.456277 0.881196
    outer loop
      vertex 52.1347 30.1 38.5125
      vertex 54.2257 36.2324 41.9814
      vertex 50.0545 33.4453 39.9526
    endloop
  endfacet
  facet normal -0.120636 -0.459844 0.879767
    outer loop
      vertex 50.0545 33.4453 39.9526
      vertex 54.2257 36.2324 41.9814
      vertex 51.7399 39.7014 43.4537
    endloop
  endfacet
  facet normal -0.0990377 -0.465506 0.879486
    outer loop
      vertex 50.0545 33.4453 39.9526
      vertex 51.7399 39.7014 43.4537
      vertex 47.7599 36.6474 41.3891
    endloop
  endfacet
  facet normal -0.0956469 -0.468943 0.878034
    outer loop
      vertex 47.7599 36.6474 41.3891
      vertex 51.7399 39.7014 43.4537
      vertex 49.0325 43.0003 44.9207
    endloop
  endfacet
  facet normal -0.0746658 -0.473052 0.877865
    outer loop
      vertex 47.7599 36.6474 41.3891
      vertex 49.0325 43.0003 44.9207
      vertex 45.2608 39.6926 42.8175
    endloop
  endfacet
  facet normal -0.0709214 -0.476375 0.876377
    outer loop
      vertex 45.2608 39.6926 42.8175
      vertex 49.0325 43.0003 44.9207
      vertex 46.1151 46.1151 46.3778
    endloop
  endfacet
  facet normal -0.0506039 -0.479051 0.876327
    outer loop
      vertex 45.2608 39.6926 42.8175
      vertex 46.1151 46.1151 46.3778
      vertex 42.5678 42.5678 44.2337
    endloop
  endfacet
  facet normal -0.0464665 -0.482261 0.874794
    outer loop
      vertex 42.5678 42.5678 44.2337
      vertex 46.1151 46.1151 46.3778
      vertex 43.0003 49.0325 47.8206
    endloop
  endfacet
  facet normal -0.0268571 -0.483615 0.874869
    outer loop
      vertex 42.5678 42.5678 44.2337
      vertex 43.0003 49.0325 47.8206
      vertex 39.6926 45.2608 45.6341
    endloop
  endfacet
  facet normal -0.0222905 -0.486701 0.873284
    outer loop
      vertex 39.6926 45.2608 45.6341
      vertex 43.0003 49.0325 47.8206
      vertex 39.7014 51.7399 49.2453
    endloop
  endfacet
  facet normal -0.0034316 -0.486838 0.873485
    outer loop
      vertex 39.6926 45.2608 45.6341
      vertex 39.7014 51.7399 49.2453
      vertex 36.6474 47.7599 47.015
    endloop
  endfacet
  facet normal 0.00159725 -0.489778 0.871846
    outer loop
      vertex 36.6474 47.7599 47.015
      vertex 39.7014 51.7399 49.2453
      vertex 36.2324 54.2257 50.6481
    endloop
  endfacet
  facet normal 0.0196655 -0.488803 0.872173
    outer loop
      vertex 36.6474 47.7599 47.015
      vertex 36.2324 54.2257 50.6481
      vertex 33.4453 50.0545 48.3732
    endloop
  endfacet
  facet normal 0.0251853 -0.491566 0.870476
    outer loop
      vertex 33.4453 50.0545 48.3732
      vertex 36.2324 54.2257 50.6481
      vertex 32.6083 56.4793 52.0256
    endloop
  endfacet
  facet normal 0.0424257 -0.489576 0.870928
    outer loop
      vertex 33.4453 50.0545 48.3732
      vertex 32.6083 56.4793 52.0256
      vertex 30.1 52.1347 49.7055
    endloop
  endfacet
  facet normal 0.0484603 -0.492124 0.869175
    outer loop
      vertex 30.1 52.1347 49.7055
      vertex 32.6083 56.4793 52.0256
      vertex 28.8446 58.4911 53.3745
    endloop
  endfacet
  facet normal 0.064839 -0.48922 0.869747
    outer loop
      vertex 30.1 52.1347 49.7055
      vertex 28.8446 58.4911 53.3745
      vertex 26.6258 53.9917 51.0091
    endloop
  endfacet
  facet normal 0.0714075 -0.491509 0.86794
    outer loop
      vertex 26.6258 53.9917 51.0091
      vertex 28.8446 58.4911 53.3745
      vertex 24.9573 60.2523 54.6917
    endloop
  endfacet
  facet normal 0.0868946 -0.487786 0.868628
    outer loop
      vertex 26.6258 53.9917 51.0091
      vertex 24.9573 60.2523 54.6917
      vertex 23.0375 55.6175 52.281
    endloop
  endfacet
  facet normal 0.0940102 -0.489767 0.86677
    outer loop
      vertex 23.0375 55.6175 52.281
      vertex 24.9573 60.2523 54.6917
      vertex 20.9632 61.7556 55.9743
    endloop
  endfacet
  facet normal 0.10858 -0.485323 0.867567
    outer loop
      vertex 23.0375 55.6175 52.281
      vertex 20.9632 61.7556 55.9743
      vertex 19.3507 57.0052 53.5187
    endloop
  endfacet
  facet normal 0.11625 -0.486942 0.865663
    outer loop
      vertex 19.3507 57.0052 53.5187
      vertex 20.9632 61.7556 55.9743
      vertex 16.8793 62.9945 57.2196
    endloop
  endfacet
  facet normal 0.129883 -0.481873 0.866562
    outer loop
      vertex 19.3507 57.0052 53.5187
      vertex 16.8793 62.9945 57.2196
      vertex 15.5809 58.1487 54.7196
    endloop
  endfacet
  facet normal 0.138108 -0.483074 0.864619
    outer loop
      vertex 15.5809 58.1487 54.7196
      vertex 16.8793 62.9945 57.2196
      vertex 12.7231 63.9635 58.4249
    endloop
  endfacet
  facet normal 0.150789 -0.477474 0.86561
    outer loop
      vertex 15.5809 58.1487 54.7196
      vertex 12.7231 63.9635 58.4249
      vertex 11.7444 59.0433 55.8814
    endloop
  endfacet
  facet normal 0.159564 -0.478198 0.863635
    outer loop
      vertex 11.7444 59.0433 55.8814
      vertex 12.7231 63.9635 58.4249
      vertex 8.51248 64.6587 59.5878
    endloop
  endfacet
  facet normal 0.171284 -0.472163 0.86471
    outer loop
      vertex 11.7444 59.0433 55.8814
      vertex 8.51248 64.6587 59.5878
      vertex 7.85768 59.685 57.0017
    endloop
  endfacet
  facet normal 0.180596 -0.47235 0.862711
    outer loop
      vertex 7.85768 59.685 57.0017
      vertex 8.51248 64.6587 59.5878
      vertex 4.26537 65.077 60.7059
    endloop
  endfacet
  facet normal 0.191352 -0.465973 0.86386
    outer loop
      vertex 7.85768 59.685 57.0017
      vertex 4.26537 65.077 60.7059
      vertex 3.93727 60.0711 58.0784
    endloop
  endfacet
  facet normal 0.201183 -0.46556 0.861846
    outer loop
      vertex 3.93727 60.0711 58.0784
      vertex 4.26537 65.077 60.7059
      vertex 3.99337e-15 65.2167 61.777
    endloop
  endfacet
  facet normal 0.210979 -0.458935 0.863057
    outer loop
      vertex 3.93727 60.0711 58.0784
      vertex 3.99337e-15 65.2167 61.777
      vertex 3.68619e-15 60.2 59.1094
    endloop
  endfacet
  facet normal 0.221302 -0.457862 0.861039
    outer loop
      vertex 3.68619e-15 60.2 59.1094
      vertex 3.99337e-15 65.2167 61.777
      vertex -4.26537 65.077 62.799
    endloop
  endfacet
  facet normal 0.230149 -0.451078 0.862299
    outer loop
      vertex 3.68619e-15 60.2 59.1094
      vertex -4.26537 65.077 62.799
      vertex -3.93727 60.0711 60.0928
    endloop
  endfacet
  facet normal 0.240929 -0.449284 0.860289
    outer loop
      vertex -3.93727 60.0711 60.0928
      vertex -4.26537 65.077 62.799
      vertex -8.51248 64.6587 63.77
    endloop
  endfacet
  facet normal 0.248845 -0.442431 0.861587
    outer loop
      vertex -3.93727 60.0711 60.0928
      vertex -8.51248 64.6587 63.77
      vertex -7.85768 59.685 61.0268
    endloop
  endfacet
  facet normal 0.260043 -0.439858 0.859595
    outer loop
      vertex -7.85768 59.685 61.0268
      vertex -8.51248 64.6587 63.77
      vertex -12.7231 63.9635 64.6881
    endloop
  endfacet
  facet normal 0.267051 -0.43302 0.860917
    outer loop
      vertex -7.85768 59.685 61.0268
      vertex -12.7231 63.9635 64.6881
      vertex -11.7444 59.0433 61.9097
    endloop
  endfacet
  facet normal 0.278619 -0.429611 0.858956
    outer loop
      vertex -11.7444 59.0433 61.9097
      vertex -12.7231 63.9635 64.6881
      vertex -16.8793 62.9945 65.5515
    endloop
  endfacet
  facet normal 0.284751 -0.422871 0.860289
    outer loop
      vertex -11.7444 59.0433 61.9097
      vertex -16.8793 62.9945 65.5515
      vertex -15.5809 58.1487 62.7399
    endloop
  endfacet
  facet normal 0.296636 -0.418574 0.858372
    outer loop
      vertex -15.5809 58.1487 62.7399
      vertex -16.8793 62.9945 65.5515
      vertex -20.9632 61.7556 66.3587
    endloop
  endfacet
  facet normal 0.301928 -0.412011 0.859701
    outer loop
      vertex -15.5809 58.1487 62.7399
      vertex -20.9632 61.7556 66.3587
      vertex -19.3507 57.0052 63.5158
    endloop
  endfacet
  facet normal 0.314069 -0.406777 0.857842
    outer loop
      vertex -19.3507 57.0052 63.5158
      vertex -20.9632 61.7556 66.3587
      vertex -24.9573 60.2523 67.1082
    endloop
  endfacet
  facet normal 0.318567 -0.400462 0.859154
    outer loop
      vertex -19.3507 57.0052 63.5158
      vertex -24.9573 60.2523 67.1082
      vertex -23.0375 55.6175 64.236
    endloop
  endfacet
  facet normal 0.330898 -0.394247 0.857366
    outer loop
      vertex -23.0375 55.6175 64.236
      vertex -24.9573 60.2523 67.1082
      vertex -28.8446 58.4911 67.7986
    endloop
  endfacet
  facet normal 0.334649 -0.388251 0.858645
    outer loop
      vertex -23.0375 55.6175 64.236
      vertex -28.8446 58.4911 67.7986
      vertex -26.6258 53.9917 64.8994
    endloop
  endfacet
  facet normal 0.347098 -0.381015 0.856942
    outer loop
      vertex -26.6258 53.9917 64.8994
      vertex -28.8446 58.4911 67.7986
      vertex -32.6083 56.4793 68.4286
    endloop
  endfacet
  facet normal 0.350159 -0.375401 0.858174
    outer loop
      vertex -26.6258 53.9917 64.8994
      vertex -32.6083 56.4793 68.4286
      vertex -30.1 52.1347 65.5046
    endloop
  endfacet
  facet normal 0.36265 -0.367111 0.856571
    outer loop
      vertex -30.1 52.1347 65.5046
      vertex -32.6083 56.4793 68.4286
      vertex -36.2324 54.2257 68.9971
    endloop
  endfacet
  facet normal 0.36508 -0.361936 0.85774
    outer loop
      vertex -30.1 52.1347 65.5046
      vertex -36.2324 54.2257 68.9971
      vertex -33.4453 50.0545 66.0507
    endloop
  endfacet
  facet normal 0.377532 -0.352565 0.856252
    outer loop
      vertex -33.4453 50.0545 66.0507
      vertex -36.2324 54.2257 68.9971
      vertex -39.7014 51.7399 69.503
    endloop
  endfacet
  facet normal 0.379397 -0.347879 0.857344
    outer loop
      vertex -33.4453 50.0545 66.0507
      vertex -39.7014 51.7399 69.503
      vertex -36.6474 47.7599 66.5367
    endloop
  endfacet
  facet normal 0.391723 -0.337408 0.855984
    outer loop
      vertex -36.6474 47.7599 66.5367
      vertex -39.7014 51.7399 69.503
      vertex -43.0003 49.0325 69.9456
    endloop
  endfacet
  facet normal 0.393091 -0.333255 0.856984
    outer loop
      vertex -36.6474 47.7599 66.5367
      vertex -43.0003 49.0325 69.9456
      vertex -39.6926 45.2608 66.9616
    endloop
  endfacet
  facet normal 0.405204 -0.32167 0.855768
    outer loop
      vertex -39.6926 45.2608 66.9616
      vertex -43.0003 49.0325 69.9456
      vertex -46.1151 46.1151 70.3238
    endloop
  endfacet
  facet normal 0.406148 -0.318086 0.856659
    outer loop
      vertex -39.6926 45.2608 66.9616
      vertex -46.1151 46.1151 70.3238
      vertex -42.5678 42.5678 67.3249
    endloop
  endfacet
  facet normal 0.417957 -0.305383 0.855601
    outer loop
      vertex -42.5678 42.5678 67.3249
      vertex -46.1151 46.1151 70.3238
      vertex -49.0325 43.0003 70.6372
    endloop
  endfacet
  facet normal 0.418551 -0.302397 0.856371
    outer loop
      vertex -42.5678 42.5678 67.3249
      vertex -49.0325 43.0003 70.6372
      vertex -45.2608 39.6926 67.6258
    endloop
  endfacet
  facet normal 0.429962 -0.288578 0.855485
    outer loop
      vertex -45.2608 39.6926 67.6258
      vertex -49.0325 43.0003 70.6372
      vertex -51.7399 39.7014 70.8851
    endloop
  endfacet
  facet normal 0.430284 -0.286211 0.856118
    outer loop
      vertex -45.2608 39.6926 67.6258
      vertex -51.7399 39.7014 70.8851
      vertex -47.7599 36.6474 67.8638
    endloop
  endfacet
  facet normal 0.441204 -0.271288 0.855419
    outer loop
      vertex -47.7599 36.6474 67.8638
      vertex -51.7399 39.7014 70.8851
      vertex -54.2257 36.2324 71.067
    endloop
  endfacet
  facet normal 0.441331 -0.269554 0.855902
    outer loop
      vertex -47.7599 36.6474 67.8638
      vertex -54.2257 36.2324 71.067
      vertex -50.0545 33.4453 68.0385
    endloop
  endfacet
  facet normal 0.451665 -0.253546 0.855402
    outer loop
      vertex -50.0545 33.4453 68.0385
      vertex -54.2257 36.2324 71.067
      vertex -56.4793 32.6083 71.1828
    endloop
  endfacet
  facet normal 0.451678 -0.252448 0.85572
    outer loop
      vertex -50.0545 33.4453 68.0385
      vertex -56.4793 32.6083 71.1828
      vertex -52.1347 30.1 68.1496
    endloop
  endfacet
  facet normal 0.461331 -0.235382 0.855435
    outer loop
      vertex -52.1347 30.1 68.1496
      vertex -56.4793 32.6083 71.1828
      vertex -58.4911 28.8446 71.2321
    endloop
  endfacet
  facet normal 0.461308 -0.234919 0.855575
    outer loop
      vertex -52.1347 30.1 68.1496
      vertex -58.4911 28.8446 71.2321
      vertex -53.9917 26.6258 68.1969
    endloop
  endfacet
  facet normal 0.470188 -0.216832 0.855516
    outer loop
      vertex -53.9917 26.6258 68.1969
      vertex -58.4911 28.8446 71.2321
      vertex -60.2523 24.9573 71.2149
    endloop
  endfacet
  facet normal 0.470206 -0.216992 0.855465
    outer loop
      vertex -53.9917 26.6258 68.1969
      vertex -60.2523 24.9573 71.2149
      vertex -55.6175 23.0375 68.1804
    endloop
  endfacet
  facet normal 0.478221 -0.197927 0.855646
    outer loop
      vertex -55.6175 23.0375 68.1804
      vertex -60.2523 24.9573 71.2149
      vertex -61.7556 20.9632 71.1311
    endloop
  endfacet
  facet normal 0.478357 -0.198691 0.855392
    outer loop
      vertex -55.6175 23.0375 68.1804
      vertex -61.7556 20.9632 71.1311
      vertex -57.0052 19.3507 68.1
    endloop
  endfacet
  facet normal 0.485419 -0.178701 0.855824
    outer loop
      vertex -57.0052 19.3507 68.1
      vertex -61.7556 20.9632 71.1311
      vertex -62.9945 16.8793 70.981
    endloop
  endfacet
  facet normal 0.485748 -0.180044 0.855356
    outer loop
      vertex -57.0052 19.3507 68.1
      vertex -62.9945 16.8793 70.981
      vertex -58.1487 15.5809 67.9559
    endloop
  endfacet
  facet normal 0.49177 -0.159188 0.85605
    outer loop
      vertex -58.1487 15.5809 67.9559
      vertex -62.9945 16.8793 70.981
      vertex -63.9635 12.7231 70.7649
    endloop
  endfacet
  facet normal 0.492362 -0.161075 0.855356
    outer loop
      vertex -58.1487 15.5809 67.9559
      vertex -63.9635 12.7231 70.7649
      vertex -59.0433 11.7444 67.7484
    endloop
  endfacet
  facet normal 0.497263 -0.139421 0.856324
    outer loop
      vertex -59.0433 11.7444 67.7484
      vertex -63.9635 12.7231 70.7649
      vertex -64.6587 8.51248 70.483
    endloop
  endfacet
  facet normal 0.498186 -0.141812 0.855395
    outer loop
      vertex -59.0433 11.7444 67.7484
      vertex -64.6587 8.51248 70.483
      vertex -59.685 7.85768 67.4777
    endloop
  endfacet
  facet normal 0.501889 -0.119434 0.856646
    outer loop
      vertex -59.685 7.85768 67.4777
      vertex -64.6587 8.51248 70.483
      vertex -65.077 4.26537 70.136
    endloop
  endfacet
  facet normal 0.503207 -0.122282 0.855471
    outer loop
      vertex -59.685 7.85768 67.4777
      vertex -65.077 4.26537 70.136
      vertex -60.0711 3.93727 67.1445
    endloop
  endfacet
  facet normal 0.505639 -0.099261 0.857016
    outer loop
      vertex -60.0711 3.93727 67.1445
      vertex -65.077 4.26537 70.136
      vertex -65.2167 7.98674e-15 69.7243
    endloop
  endfacet
  facet normal 0.507409 -0.102512 0.855586
    outer loop
      vertex -60.0711 3.93727 67.1445
      vertex -65.2167 7.98674e-15 69.7243
      vertex -60.2 7.37237e-15 66.7492
    endloop
  endfacet
  facet normal 0.508505 -0.0789354 0.857433
    outer loop
      vertex -60.2 7.37237e-15 66.7492
      vertex -65.2167 7.98674e-15 69.7243
      vertex -65.077 -4.26537 69.2488
    endloop
  endfacet
  facet normal 0.510781 -0.0825297 0.855741
    outer loop
      vertex -60.2 7.37237e-15 66.7492
      vertex -65.077 -4.26537 69.2488
      vertex -60.0711 -3.93727 66.2925
    endloop
  endfacet
  facet normal 0.510479 -0.058491 0.857898
    outer loop
      vertex -60.0711 -3.93727 66.2925
      vertex -65.077 -4.26537 69.2488
      vertex -64.6587 -8.51248 68.7104
    endloop
  endfacet
  facet normal 0.513308 -0.0623645 0.855936
    outer loop
      vertex -60.0711 -3.93727 66.2925
      vertex -64.6587 -8.51248 68.7104
      vertex -59.685 -7.85768 65.7753
    endloop
  endfacet
  facet normal 0.511556 -0.0379613 0.858411
    outer loop
      vertex -59.685 -7.85768 65.7753
      vertex -64.6587 -8.51248 68.7104
      vertex -63.9635 -12.7231 68.1099
    endloop
  endfacet
  facet normal 0.514978 -0.0420451 0.856172
    outer loop
      vertex -59.685 -7.85768 65.7753
      vertex -63.9635 -12.7231 68.1099
      vertex -59.0433 -11.7444 65.1985
    endloop
  endfacet
  facet normal 0.511728 -0.01738 0.858971
    outer loop
      vertex -59.0433 -11.7444 65.1985
      vertex -63.9635 -12.7231 68.1099
      vertex -62.9945 -16.8793 67.4485
    endloop
  endfacet
  facet normal 0.515778 -0.0216011 0.85645
    outer loop
      vertex -59.0433 -11.7444 65.1985
      vertex -62.9945 -16.8793 67.4485
      vertex -58.1487 -15.5809 64.563
    endloop
  endfacet
  facet normal 0.510991 0.00321962 0.85958
    outer loop
      vertex -58.1487 -15.5809 64.563
      vertex -62.9945 -16.8793 67.4485
      vertex -61.7556 -20.9632 66.7273
    endloop
  endfacet
  facet normal 0.515696 -0.00106278 0.856771
    outer loop
      vertex -58.1487 -15.5809 64.563
      vertex -61.7556 -20.9632 66.7273
      vertex -57.0052 -19.3507 63.87
    endloop
  endfacet
  facet normal 0.509339 0.0238042 0.860236
    outer loop
      vertex -57.0052 -19.3507 63.87
      vertex -61.7556 -20.9632 66.7273
      vertex -60.2523 -24.9573 65.9477
    endloop
  endfacet
  facet normal 0.514719 0.0195393 0.857136
    outer loop
      vertex -57.0052 -19.3507 63.87
      vertex -60.2523 -24.9573 65.9477
      vertex -55.6175 -23.0375 63.1207
    endloop
  endfacet
  facet normal 0.506768 0.0443405 0.860942
    outer loop
      vertex -55.6175 -23.0375 63.1207
      vertex -60.2523 -24.9573 65.9477
      vertex -58.4911 -28.8446 65.1112
    endloop
  endfacet
  facet normal 0.512836 0.040174 0.857546
    outer loop
      vertex -55.6175 -23.0375 63.1207
      vertex -58.4911 -28.8446 65.1112
      vertex -53.9917 -26.6258 62.3166
    endloop
  endfacet
  facet normal 0.503271 0.0647955 0.861696
    outer loop
      vertex -53.9917 -26.6258 62.3166
      vertex -58.4911 -28.8446 65.1112
      vertex -56.4793 -32.6083 64.2193
    endloop
  endfacet
  facet normal 0.510033 0.0608094 0.858003
    outer loop
      vertex -53.9917 -26.6258 62.3166
      vertex -56.4793 -32.6083 64.2193
      vertex -52.1347 -30.1 61.4589
    endloop
  endfacet
  facet normal 0.498845 0.0851363 0.8625
    outer loop
      vertex -52.1347 -30.1 61.4589
      vertex -56.4793 -32.6083 64.2193
      vertex -54.2257 -36.2324 63.2736
    endloop
  endfacet
  facet normal 0.506299 0.0814132 0.858506
    outer loop
      vertex -52.1347 -30.1 61.4589
      vertex -54.2257 -36.2324 63.2736
      vertex -50.0545 -33.4453 60.5493
    endloop
  endfacet
  facet normal 0.493484 0.10533 0.863353
    outer loop
      vertex -50.0545 -33.4453 60.5493
      vertex -54.2257 -36.2324 63.2736
      vertex -51.7399 -39.7014 62.2759
    endloop
  endfacet
  facet normal 0.501621 0.101953 0.859059
    outer loop
      vertex -50.0545 -33.4453 60.5493
      vertex -51.7399 -39.7014 62.2759
      vertex -47.7599 -36.6474 59.5895
    endloop
  endfacet
  facet normal 0.487182 0.125344 0.864258
    outer loop
      vertex -47.7599 -36.6474 59.5895
      vertex -51.7399 -39.7014 62.2759
      vertex -49.0325 -43.0003 61.2282
    endloop
  endfacet
  facet normal 0.495986 0.122394 0.859661
    outer loop
      vertex -47.7599 -36.6474 59.5895
      vertex -49.0325 -43.0003 61.2282
      vertex -45.2608 -39.6926 58.5812
    endloop
  endfacet
  facet normal 0.479933 0.145144 0.865215
    outer loop
      vertex -45.2608 -39.6926 58.5812
      vertex -49.0325 -43.0003 61.2282
      vertex -46.1151 -46.1151 60.1325
    endloop
  endfacet
  facet normal 0.489381 0.142703 0.860315
    outer loop
      vertex -45.2608 -39.6926 58.5812
      vertex -46.1151 -46.1151 60.1325
      vertex -42.5678 -42.5678 57.5262
    endloop
  endfacet
  facet normal 0.471729 0.164698 0.866225
    outer loop
      vertex -42.5678 -42.5678 57.5262
      vertex -46.1151 -46.1151 60.1325
      vertex -43.0003 -49.0325 58.9909
    endloop
  endfacet
  facet normal 0.481792 0.162846 0.861021
    outer loop
      vertex -42.5678 -42.5678 57.5262
      vertex -43.0003 -49.0325 58.9909
      vertex -39.6926 -45.2608 56.4267
    endloop
  endfacet
  facet normal 0.462561 0.183973 0.86729
    outer loop
      vertex -39.6926 -45.2608 56.4267
      vertex -43.0003 -49.0325 58.9909
      vertex -39.7014 -51.7399 57.8058
    endloop
  endfacet
  facet normal 0.473204 0.182786 0.861781
    outer loop
      vertex -39.6926 -45.2608 56.4267
      vertex -39.7014 -51.7399 57.8058
      vertex -36.6474 -47.7599 55.2847
    endloop
  endfacet
  facet normal 0.452419 0.202934 0.86841
    outer loop
      vertex -36.6474 -47.7599 55.2847
      vertex -39.7014 -51.7399 57.8058
      vertex -36.2324 -54.2257 56.5794
    endloop
  endfacet
  facet normal 0.4636 0.202488 0.862597
    outer loop
      vertex -36.6474 -47.7599 55.2847
      vertex -36.2324 -54.2257 56.5794
      vertex -33.4453 -50.0545 54.1024
    endloop
  endfacet
  facet normal 0.441289 0.221546 0.869587
    outer loop
      vertex -33.4453 -50.0545 54.1024
      vertex -36.2324 -54.2257 56.5794
      vertex -32.6083 -56.4793 55.3145
    endloop
  endfacet
  facet normal 0.452961 0.221913 0.86347
    outer loop
      vertex -33.4453 -50.0545 54.1024
      vertex -32.6083 -56.4793 55.3145
      vertex -30.1 -52.1347 52.8821
    endloop
  endfacet
  facet normal 0.429155 0.239775 0.870824
    outer loop
      vertex -30.1 -52.1347 52.8821
      vertex -32.6083 -56.4793 55.3145
      vertex -28.8446 -58.4911 54.0136
    endloop
  endfacet
  facet normal 0.441267 0.241024 0.864402
    outer loop
      vertex -30.1 -52.1347 52.8821
      vertex -28.8446 -58.4911 54.0136
      vertex -26.6258 -53.9917 51.6263
    endloop
  endfacet
  facet normal 0.415998 0.257582 0.872122
    outer loop
      vertex -26.6258 -53.9917 51.6263
      vertex -28.8446 -58.4911 54.0136
      vertex -24.9573 -60.2523 52.6796
    endloop
  endfacet
  facet normal 0.428495 0.25978 0.865394
    outer loop
      vertex -26.6258 -53.9917 51.6263
      vertex -24.9573 -60.2523 52.6796
      vertex -23.0375 -55.6175 50.3377
    endloop
  endfacet
  facet normal 0.401795 0.274928 0.873485
    outer loop
      vertex -23.0375 -55.6175 50.3377
      vertex -24.9573 -60.2523 52.6796
      vertex -20.9632 -61.7556 51.3155
    endloop
  endfacet
  facet normal 0.414617 0.27814 0.866447
    outer loop
      vertex -23.0375 -55.6175 50.3377
      vertex -20.9632 -61.7556 51.3155
      vertex -19.3507 -57.0052 49.0189
    endloop
  endfacet
  facet normal 0.386516 0.291773 0.874914
    outer loop
      vertex -19.3507 -57.0052 49.0189
      vertex -20.9632 -61.7556 51.3155
      vertex -16.8793 -62.9945 49.9244
    endloop
  endfacet
  facet normal 0.3996 0.296061 0.867564
    outer loop
      vertex -19.3507 -57.0052 49.0189
      vertex -16.8793 -62.9945 49.9244
      vertex -15.5809 -58.1487 47.6728
    endloop
  endfacet
  facet normal 0.370126 0.30807 0.876413
    outer loop
      vertex -15.5809 -58.1487 47.6728
      vertex -16.8793 -62.9945 49.9244
      vertex -12.7231 -63.9635 48.5098
    endloop
  endfacet
  facet normal 0.383408 0.313494 0.868746
    outer loop
      vertex -15.5809 -58.1487 47.6728
      vertex -12.7231 -63.9635 48.5098
      vertex -11.7444 -59.0433 46.3024
    endloop
  endfacet
  facet normal 0.352582 0.323771 0.877985
    outer loop
      vertex -11.7444 -59.0433 46.3024
      vertex -12.7231 -63.9635 48.5098
      vertex -8.51248 -64.6587 47.0753
    endloop
  endfacet
  facet normal 0.365994 0.330391 0.869994
    outer loop
      vertex -11.7444 -59.0433 46.3024
      vertex -8.51248 -64.6587 47.0753
      vertex -7.85768 -59.685 44.911
    endloop
  endfacet
  facet normal 0.333832 0.33882 0.879635
    outer loop
      vertex -7.85768 -59.685 44.911
      vertex -8.51248 -64.6587 47.0753
      vertex -4.26537 -65.077 45.6246
    endloop
  endfacet
  facet normal 0.347305 0.346694 0.871311
    outer loop
      vertex -7.85768 -59.685 44.911
      vertex -4.26537 -65.077 45.6246
      vertex -3.93727 -60.0711 43.5019
    endloop
  endfacet
  facet normal 0.313812 0.353153 0.881365
    outer loop
      vertex -3.93727 -60.0711 43.5019
      vertex -4.26537 -65.077 45.6246
      vertex -1.19801e-14 -65.2167 44.1618
    endloop
  endfacet
  facet normal 0.327275 0.362343 0.872696
    outer loop
      vertex -3.93727 -60.0711 43.5019
      vertex -1.19801e-14 -65.2167 44.1618
      vertex -1.10586e-14 -60.2 42.0789
    endloop
  endfacet
  facet normal 0.292444 0.366697 0.883182
    outer loop
      vertex -1.10586e-14 -60.2 42.0789
      vertex -1.19801e-14 -65.2167 44.1618
      vertex 4.26537 -65.077 42.6915
    endloop
  endfacet
  facet normal 0.305825 0.377265 0.874152
    outer loop
      vertex -1.10586e-14 -60.2 42.0789
      vertex 4.26537 -65.077 42.6915
      vertex 3.93727 -60.0711 40.6458
    endloop
  endfacet
  facet normal 0.269634 0.379363 0.885089
    outer loop
      vertex 3.93727 -60.0711 40.6458
      vertex 4.26537 -65.077 42.6915
      vertex 8.51248 -64.6587 41.2183
    endloop
  endfacet
  facet normal 0.28286 0.391378 0.875679
    outer loop
      vertex 3.93727 -60.0711 40.6458
      vertex 8.51248 -64.6587 41.2183
      vertex 7.85768 -59.685 39.2069
    endloop
  endfacet
  facet normal 0.245266 0.391044 0.88709
    outer loop
      vertex 7.85768 -59.685 39.2069
      vertex 8.51248 -64.6587 41.2183
      vertex 12.7231 -63.9635 39.7477
    endloop
  endfacet
  facet normal 0.258261 0.404581 0.877278
    outer loop
      vertex 7.85768 -59.685 39.2069
      vertex 12.7231 -63.9635 39.7477
      vertex 11.7444 -59.0433 37.7667
    endloop
  endfacet
  facet normal 0.219202 0.401608 0.889191
    outer loop
      vertex 11.7444 -59.0433 37.7667
      vertex 12.7231 -63.9635 39.7477
      vertex 16.8793 -62.9945 38.2855
    endloop
  endfacet
  facet normal 0.231886 0.416748 0.878948
    outer loop
      vertex 11.7444 -59.0433 37.7667
      vertex 16.8793 -62.9945 38.2855
      vertex 15.5809 -58.1487 36.3304
    endloop
  endfacet
  facet normal 0.191273 0.410888 0.891396
    outer loop
      vertex 15.5809 -58.1487 36.3304
      vertex 16.8793 -62.9945 38.2855
      vertex 20.9632 -61.7556 36.8381
    endloop
  endfacet
  facet normal 0.203564 0.427722 0.88069
    outer loop
      vertex 15.5809 -58.1487 36.3304
      vertex 20.9632 -61.7556 36.8381
      vertex 19.3507 -57.0052 34.9037
    endloop
  endfacet
  facet normal 0.161277 0.418667 0.893704
    outer loop
      vertex 19.3507 -57.0052 34.9037
      vertex 20.9632 -61.7556 36.8381
      vertex 24.9573 -60.2523 35.4131
    endloop
  endfacet
  facet normal 0.173084 0.437298 0.882503
    outer loop
      vertex 19.3507 -57.0052 34.9037
      vertex 24.9573 -60.2523 35.4131
      vertex 23.0375 -55.6175 33.493
    endloop
  endfacet
  facet normal 0.128975 0.424667 0.896116
    outer loop
      vertex 23.0375 -55.6175 33.493
      vertex 24.9573 -60.2523 35.4131
      vertex 28.8446 -58.4911 34.019
    endloop
  endfacet
  facet normal 0.140198 0.445201 0.884387
    outer loop
      vertex 23.0375 -55.6175 33.493
      vertex 28.8446 -58.4911 34.019
      vertex 26.6258 -53.9917 32.1057
    endloop
  endfacet
  facet normal 0.0940897 0.428516 0.898622
    outer loop
      vertex 26.6258 -53.9917 32.1057
      vertex 28.8446 -58.4911 34.019
      vertex 32.6083 -56.4793 32.6655
    endloop
  endfacet
  facet normal 0.104613 0.45106 0.886341
    outer loop
      vertex 26.6258 -53.9917 32.1057
      vertex 32.6083 -56.4793 32.6655
      vertex 30.1 -52.1347 30.7506
    endloop
  endfacet
  facet normal 0.0563107 0.429723 0.901203
    outer loop
      vertex 30.1 -52.1347 30.7506
      vertex 32.6083 -56.4793 32.6655
      vertex 36.2324 -54.2257 31.3645
    endloop
  endfacet
  facet normal 0.065996 0.454361 0.88837
    outer loop
      vertex 30.1 -52.1347 30.7506
      vertex 36.2324 -54.2257 31.3645
      vertex 33.4453 -50.0545 29.4382
    endloop
  endfacet
  facet normal 0.0153144 0.427633 0.903823
    outer loop
      vertex 33.4453 -50.0545 29.4382
      vertex 36.2324 -54.2257 31.3645
      vertex 39.7014 -51.7399 30.1296
    endloop
  endfacet
  facet normal 0.023997 0.454389 0.89048
    outer loop
      vertex 33.4453 -50.0545 29.4382
      vertex 39.7014 -51.7399 30.1296
      vertex 36.6474 -47.7599 28.181
    endloop
  endfacet
  facet normal -0.0291888 0.421379 0.906415
    outer loop
      vertex 36.6474 -47.7599 28.181
      vertex 39.7014 -51.7399 30.1296
      vertex 43.0003 -49.0325 28.9772
    endloop
  endfacet
  facet normal -0.0217078 0.45014 0.892694
    outer loop
      vertex 36.6474 -47.7599 28.181
      vertex 43.0003 -49.0325 28.9772
      vertex 39.6926 -45.2608 26.9949
    endloop
  endfacet
  facet normal -0.0773593 0.409838 0.908872
    outer loop
      vertex 39.6926 -45.2608 26.9949
      vertex 43.0003 -49.0325 28.9772
      vertex 46.1151 -46.1151 27.9268
    endloop
  endfacet
  facet normal -0.0713107 0.440229 0.895049
    outer loop
      vertex 39.6926 -45.2608 26.9949
      vertex 46.1151 -46.1151 27.9268
      vertex 42.5678 -42.5678 25.8994
    endloop
  endfacet
  facet normal -0.129055 0.391619 0.911032
    outer loop
      vertex 42.5678 -42.5678 25.8994
      vertex 46.1151 -46.1151 27.9268
      vertex 49.0325 -43.0003 27.0011
    endloop
  endfacet
  facet normal -0.124682 0.422791 0.897609
    outer loop
      vertex 42.5678 -42.5678 25.8994
      vertex 49.0325 -43.0003 27.0011
      vertex 45.2608 -39.6926 24.9192
    endloop
  endfacet
  facet normal -0.183557 0.36514 0.912677
    outer loop
      vertex 45.2608 -39.6926 24.9192
      vertex 49.0325 -43.0003 27.0011
      vertex 51.7399 -39.7014 26.2258
    endloop
  endfacet
  facet normal -0.18105 0.395493 0.900448
    outer loop
      vertex 45.2608 -39.6926 24.9192
      vertex 51.7399 -39.7014 26.2258
      vertex 47.7599 -36.6474 24.0842
    endloop
  endfacet
  facet normal -0.239227 0.328877 0.91357
    outer loop
      vertex 47.7599 -36.6474 24.0842
      vertex 51.7399 -39.7014 26.2258
      vertex 54.2257 -36.2324 25.6279
    endloop
  endfacet
  facet normal -0.238574 0.355817 0.903591
    outer loop
      vertex 47.7599 -36.6474 24.0842
      vertex 54.2257 -36.2324 25.6279
      vertex 50.0545 -33.4453 23.4291
    endloop
  endfacet
  facet normal -0.293237 0.28186 0.913546
    outer loop
      vertex 50.0545 -33.4453 23.4291
      vertex 54.2257 -36.2324 25.6279
      vertex 56.4793 -32.6083 25.2332
    endloop
  endfacet
  facet normal -0.293975 0.301865 0.906894
    outer loop
      vertex 50.0545 -33.4453 23.4291
      vertex 56.4793 -32.6083 25.2332
      vertex 52.1347 -30.1 22.9899
    endloop
  endfacet
  facet normal -0.341705 0.224335 0.91264
    outer loop
      vertex 52.1347 -30.1 22.9899
      vertex 56.4793 -32.6083 25.2332
      vertex 58.4911 -28.8446 25.0612
    endloop
  endfacet
  facet normal -0.342675 0.233759 0.909907
    outer loop
      vertex 52.1347 -30.1 22.9899
      vertex 58.4911 -28.8446 25.0612
      vertex 53.9917 -26.6258 22.7968
    endloop
  endfacet
  facet normal -0.380521 0.158263 0.911129
    outer loop
      vertex 53.9917 -26.6258 22.7968
      vertex 58.4911 -28.8446 25.0612
      vertex 60.2523 -24.9573 25.1216
    endloop
  endfacet
  facet normal -0.379925 0.154867 0.911961
    outer loop
      vertex 53.9917 -26.6258 22.7968
      vertex 60.2523 -24.9573 25.1216
      vertex 55.6175 -23.0375 22.8647
    endloop
  endfacet
  facet normal -0.406699 0.0872067 0.90939
    outer loop
      vertex 55.6175 -23.0375 22.8647
      vertex 60.2523 -24.9573 25.1216
      vertex 61.7556 -20.9632 25.4109
    endloop
  endfacet
  facet normal -0.402685 0.0714549 0.912546
    outer loop
      vertex 55.6175 -23.0375 22.8647
      vertex 61.7556 -20.9632 25.4109
      vertex 57.0052 -19.3507 23.1884
    endloop
  endfacet
  facet normal -0.419411 0.0154518 0.907665
    outer loop
      vertex 57.0052 -19.3507 23.1884
      vertex 61.7556 -20.9632 25.4109
      vertex 62.9945 -16.8793 25.9138
    endloop
  endfacet
  facet normal -0.410858 -0.00966976 0.911648
    outer loop
      vertex 57.0052 -19.3507 23.1884
      vertex 62.9945 -16.8793 25.9138
      vertex 58.1487 -15.5809 23.7437
    endloop
  endfacet
  facet normal -0.419975 -0.0531725 0.905977
    outer loop
      vertex 58.1487 -15.5809 23.7437
      vertex 62.9945 -16.8793 25.9138
      vertex 63.9635 -12.7231 26.607
    endloop
  endfacet
  facet normal -0.406818 -0.0836451 0.909672
    outer loop
      vertex 58.1487 -15.5809 23.7437
      vertex 63.9635 -12.7231 26.607
      vertex 59.0433 -11.7444 24.4965
    endloop
  endfacet
  facet normal -0.410943 -0.116096 0.904239
    outer loop
      vertex 59.0433 -11.7444 24.4965
      vertex 63.9635 -12.7231 26.607
      vertex 64.6587 -8.51248 27.4635
    endloop
  endfacet
  facet normal -0.393893 -0.14835 0.907105
    outer loop
      vertex 59.0433 -11.7444 24.4965
      vertex 64.6587 -8.51248 27.4635
      vertex 59.685 -7.85768 25.4108
    endloop
  endfacet
  facet normal -0.395074 -0.172137 0.902378
    outer loop
      vertex 59.685 -7.85768 25.4108
      vertex 64.6587 -8.51248 27.4635
      vertex 65.077 -4.26537 28.4568
    endloop
  endfacet
  facet normal -0.375134 -0.203706 0.904311
    outer loop
      vertex 59.685 -7.85768 25.4108
      vertex 65.077 -4.26537 28.4568
      vertex 60.0711 -3.93727 26.4541
    endloop
  endfacet
  facet normal -0.374705 -0.221168 0.900378
    outer loop
      vertex 60.0711 -3.93727 26.4541
      vertex 65.077 -4.26537 28.4568
      vertex 65.2167 0 29.5627
    endloop
  endfacet
  facet normal -0.352823 -0.250647 0.901494
    outer loop
      vertex 60.0711 -3.93727 26.4541
      vertex 65.2167 0 29.5627
      vertex 60.2 0 27.5993
    endloop
  endfacet
  facet normal -0.37896 -0.24016 0.893707
    outer loop
      vertex 65.2167 0 29.5627
      vertex 70.2333 0 31.6899
      vertex 70.083 4.59348 32.8605
    endloop
  endfacet
  facet normal -0.358563 -0.26316 0.895645
    outer loop
      vertex 65.2167 0 29.5627
      vertex 70.083 4.59348 32.8605
      vertex 65.077 4.26537 30.76
    endloop
  endfacet
  facet normal -0.355892 -0.279331 0.891804
    outer loop
      vertex 65.077 4.26537 30.76
      vertex 70.083 4.59348 32.8605
      vertex 69.6325 9.16729 34.1133
    endloop
  endfacet
  facet normal -0.33445 -0.300278 0.893295
    outer loop
      vertex 65.077 4.26537 30.76
      vertex 69.6325 9.16729 34.1133
      vertex 64.6587 8.51248 32.0311
    endloop
  endfacet
  facet normal -0.331245 -0.313714 0.889865
    outer loop
      vertex 64.6587 8.51248 32.0311
      vertex 69.6325 9.16729 34.1133
      vertex 68.8838 13.7018 35.4333
    endloop
  endfacet
  facet normal -0.30918 -0.332429 0.89101
    outer loop
      vertex 64.6587 8.51248 32.0311
      vertex 68.8838 13.7018 35.4333
      vertex 63.9635 12.7231 33.3608
    endloop
  endfacet
  facet normal -0.305613 -0.343812 0.887916
    outer loop
      vertex 63.9635 12.7231 33.3608
      vertex 68.8838 13.7018 35.4333
      vertex 67.8402 18.1777 36.8072
    endloop
  endfacet
  facet normal -0.283247 -0.36027 0.888806
    outer loop
      vertex 63.9635 12.7231 33.3608
      vertex 67.8402 18.1777 36.8072
      vertex 62.9945 16.8793 34.7366
    endloop
  endfacet
  facet normal -0.279403 -0.370106 0.885977
    outer loop
      vertex 62.9945 16.8793 34.7366
      vertex 67.8402 18.1777 36.8072
      vertex 66.5061 22.5758 38.2237
    endloop
  endfacet
  facet normal -0.256977 -0.384368 0.886693
    outer loop
      vertex 62.9945 16.8793 34.7366
      vertex 66.5061 22.5758 38.2237
      vertex 61.7556 20.9632 36.1479
    endloop
  endfacet
  facet normal -0.252891 -0.393027 0.884068
    outer loop
      vertex 61.7556 20.9632 36.1479
      vertex 66.5061 22.5758 38.2237
      vertex 64.8871 26.8771 39.6728
    endloop
  endfacet
  facet normal -0.230586 -0.405198 0.884672
    outer loop
      vertex 61.7556 20.9632 36.1479
      vertex 64.8871 26.8771 39.6728
      vertex 60.2523 24.9573 37.5855
    endloop
  endfacet
  facet normal -0.226261 -0.412952 0.8822
    outer loop
      vertex 60.2523 24.9573 37.5855
      vertex 64.8871 26.8771 39.6728
      vertex 62.9904 31.0634 41.1459
    endloop
  endfacet
  facet normal -0.204217 -0.423154 0.882744
    outer loop
      vertex 60.2523 24.9573 37.5855
      vertex 62.9904 31.0634 41.1459
      vertex 58.4911 28.8446 39.0414
    endloop
  endfacet
  facet normal -0.199638 -0.4302 0.880382
    outer loop
      vertex 58.4911 28.8446 39.0414
      vertex 62.9904 31.0634 41.1459
      vertex 60.8239 35.1167 42.6353
    endloop
  endfacet
  facet normal -0.177963 -0.438561 0.880905
    outer loop
      vertex 58.4911 28.8446 39.0414
      vertex 60.8239 35.1167 42.6353
      vertex 56.4793 32.6083 40.5088
    endloop
  endfacet
  facet normal -0.173106 -0.445038 0.878621
    outer loop
      vertex 56.4793 32.6083 40.5088
      vertex 60.8239 35.1167 42.6353
      vertex 58.3969 39.0195 44.134
    endloop
  endfacet
  facet normal -0.151889 -0.451685 0.879153
    outer loop
      vertex 56.4793 32.6083 40.5088
      vertex 58.3969 39.0195 44.134
      vertex 54.2257 36.2324 41.9814
    endloop
  endfacet
  facet normal -0.146723 -0.457692 0.876921
    outer loop
      vertex 54.2257 36.2324 41.9814
      vertex 58.3969 39.0195 44.134
      vertex 55.7198 42.7553 45.6359
    endloop
  endfacet
  facet normal -0.126038 -0.462746 0.877485
    outer loop
      vertex 54.2257 36.2324 41.9814
      vertex 55.7198 42.7553 45.6359
      vertex 51.7399 39.7014 43.4537
    endloop
  endfacet
  facet normal -0.120532 -0.468349 0.875284
    outer loop
      vertex 51.7399 39.7014 43.4537
      vertex 55.7198 42.7553 45.6359
      vertex 52.8042 46.3081 47.1354
    endloop
  endfacet
  facet normal -0.100442 -0.471927 0.875897
    outer loop
      vertex 51.7399 39.7014 43.4537
      vertex 52.8042 46.3081 47.1354
      vertex 49.0325 43.0003 44.9207
    endloop
  endfacet
  facet normal -0.0945633 -0.477166 0.873711
    outer loop
      vertex 49.0325 43.0003 44.9207
      vertex 52.8042 46.3081 47.1354
      vertex 49.6625 49.6625 48.6273
    endloop
  endfacet
  facet normal -0.0751241 -0.47938 0.874386
    outer loop
      vertex 49.0325 43.0003 44.9207
      vertex 49.6625 49.6625 48.6273
      vertex 46.1151 46.1151 46.3778
    endloop
  endfacet
  facet normal -0.0688428 -0.484277 0.872202
    outer loop
      vertex 46.1151 46.1151 46.3778
      vertex 49.6625 49.6625 48.6273
      vertex 46.3081 52.8042 50.107
    endloop
  endfacet
  facet normal -0.0501049 -0.485233 0.872948
    outer loop
      vertex 46.1151 46.1151 46.3778
      vertex 46.3081 52.8042 50.107
      vertex 43.0003 49.0325 47.8206
    endloop
  endfacet
  facet normal -0.0433922 -0.489792 0.870759
    outer loop
      vertex 43.0003 49.0325 47.8206
      vertex 46.3081 52.8042 50.107
      vertex 42.7553 55.7198 51.57
    endloop
  endfacet
  facet normal -0.0254007 -0.489594 0.87158
    outer loop
      vertex 43.0003 49.0325 47.8206
      vertex 42.7553 55.7198 51.57
      vertex 39.7014 51.7399 49.2453
    endloop
  endfacet
  facet normal -0.0182316 -0.493809 0.869379
    outer loop
      vertex 39.7014 51.7399 49.2453
      vertex 42.7553 55.7198 51.57
      vertex 39.0195 58.3969 53.0122
    endloop
  endfacet
  facet normal -0.00102697 -0.492557 0.87028
    outer loop
      vertex 39.7014 51.7399 49.2453
      vertex 39.0195 58.3969 53.0122
      vertex 36.2324 54.2257 50.6481
    endloop
  endfacet
  facet normal 0.00661971 -0.49641 0.868063
    outer loop
      vertex 36.2324 54.2257 50.6481
      vertex 39.0195 58.3969 53.0122
      vertex 35.1167 60.8239 54.4298
    endloop
  endfacet
  facet normal 0.0230014 -0.494201 0.869043
    outer loop
      vertex 36.2324 54.2257 50.6481
      vertex 35.1167 60.8239 54.4298
      vertex 32.6083 56.4793 52.0256
    endloop
  endfacet
  facet normal 0.0311424 -0.497666 0.86681
    outer loop
      vertex 32.6083 56.4793 52.0256
      vertex 35.1167 60.8239 54.4298
      vertex 31.0634 62.9904 55.8193
    endloop
  endfacet
  facet normal 0.0466697 -0.494598 0.867868
    outer loop
      vertex 32.6083 56.4793 52.0256
      vertex 31.0634 62.9904 55.8193
      vertex 28.8446 58.4911 53.3745
    endloop
  endfacet
  facet normal 0.0553166 -0.49764 0.865618
    outer loop
      vertex 28.8446 58.4911 53.3745
      vertex 31.0634 62.9904 55.8193
      vertex 26.8771 64.8871 57.1773
    endloop
  endfacet
  facet normal 0.069963 -0.493808 0.866752
    outer loop
      vertex 28.8446 58.4911 53.3745
      vertex 26.8771 64.8871 57.1773
      vertex 24.9573 60.2523 54.6917
    endloop
  endfacet
  facet normal 0.0791222 -0.496388 0.864488
    outer loop
      vertex 24.9573 60.2523 54.6917
      vertex 26.8771 64.8871 57.1773
      vertex 22.5758 66.5061 58.5005
    endloop
  endfacet
  facet normal 0.092866 -0.491888 0.865692
    outer loop
      vertex 24.9573 60.2523 54.6917
      vertex 22.5758 66.5061 58.5005
      vertex 20.9632 61.7556 55.9743
    endloop
  endfacet
  facet normal 0.102538 -0.493961 0.863417
    outer loop
      vertex 20.9632 61.7556 55.9743
      vertex 22.5758 66.5061 58.5005
      vertex 18.1777 67.8402 59.7861
    endloop
  endfacet
  facet normal 0.115363 -0.488885 0.864686
    outer loop
      vertex 20.9632 61.7556 55.9743
      vertex 18.1777 67.8402 59.7861
      vertex 16.8793 62.9945 57.2196
    endloop
  endfacet
  facet normal 0.125543 -0.490404 0.862405
    outer loop
      vertex 16.8793 62.9945 57.2196
      vertex 18.1777 67.8402 59.7861
      vertex 13.7018 68.8838 61.0311
    endloop
  endfacet
  facet normal 0.137439 -0.484846 0.863733
    outer loop
      vertex 16.8793 62.9945 57.2196
      vertex 13.7018 68.8838 61.0311
      vertex 12.7231 63.9635 58.4249
    endloop
  endfacet
  facet normal 0.148114 -0.485761 0.861452
    outer loop
      vertex 12.7231 63.9635 58.4249
      vertex 13.7018 68.8838 61.0311
      vertex 9.16729 69.6325 62.2329
    endloop
  endfacet
  facet normal 0.159076 -0.479811 0.86283
    outer loop
      vertex 12.7231 63.9635 58.4249
      vertex 9.16729 69.6325 62.2329
      vertex 8.51248 64.6587 59.5878
    endloop
  endfacet
  facet normal 0.170229 -0.48007 0.860555
    outer loop
      vertex 8.51248 64.6587 59.5878
      vertex 9.16729 69.6325 62.2329
      vertex 4.59348 70.083 63.389
    endloop
  endfacet
  facet normal 0.180258 -0.473819 0.861976
    outer loop
      vertex 8.51248 64.6587 59.5878
      vertex 4.59348 70.083 63.389
      vertex 4.26537 65.077 60.7059
    endloop
  endfacet
  facet normal 0.191864 -0.473368 0.859716
    outer loop
      vertex 4.26537 65.077 60.7059
      vertex 4.59348 70.083 63.389
      vertex 4.30055e-15 70.2333 64.4969
    endloop
  endfacet
  facet normal 0.200969 -0.466905 0.861169
    outer loop
      vertex 4.26537 65.077 60.7059
      vertex 4.30055e-15 70.2333 64.4969
      vertex 3.99337e-15 65.2167 61.777
    endloop
  endfacet
  facet normal 0.212997 -0.465692 0.858932
    outer loop
      vertex 3.99337e-15 65.2167 61.777
      vertex 4.30055e-15 70.2333 64.4969
      vertex -4.59348 70.083 65.5545
    endloop
  endfacet
  facet normal 0.221191 -0.459102 0.860407
    outer loop
      vertex 3.99337e-15 65.2167 61.777
      vertex -4.59348 70.083 65.5545
      vertex -4.26537 65.077 62.799
    endloop
  endfacet
  facet normal 0.233603 -0.457076 0.858203
    outer loop
      vertex -4.26537 65.077 62.799
      vertex -4.59348 70.083 65.5545
      vertex -9.16729 69.6325 66.5596
    endloop
  endfacet
  facet normal 0.240906 -0.450444 0.859689
    outer loop
      vertex -4.26537 65.077 62.799
      vertex -9.16729 69.6325 66.5596
      vertex -8.51248 64.6587 63.77
    endloop
  endfacet
  facet normal 0.253658 -0.447553 0.857528
    outer loop
      vertex -8.51248 64.6587 63.77
      vertex -9.16729 69.6325 66.5596
      vertex -13.7018 68.8838 67.5102
    endloop
  endfacet
  facet normal 0.260098 -0.440958 0.859014
    outer loop
      vertex -8.51248 64.6587 63.77
      vertex -13.7018 68.8838 67.5102
      vertex -12.7231 63.9635 64.6881
    endloop
  endfacet
  facet normal 0.273139 -0.437156 0.856907
    outer loop
      vertex -12.7231 63.9635 64.6881
      vertex -13.7018 68.8838 67.5102
      vertex -18.1777 67.8402 68.4044
    endloop
  endfacet
  facet normal 0.278748 -0.430676 0.858381
    outer loop
      vertex -12.7231 63.9635 64.6881
      vertex -18.1777 67.8402 68.4044
      vertex -16.8793 62.9945 65.5515
    endloop
  endfacet
  facet normal 0.292022 -0.425918 0.856339
    outer loop
      vertex -16.8793 62.9945 65.5515
      vertex -18.1777 67.8402 68.4044
      vertex -22.5758 66.5061 69.2407
    endloop
  endfacet
  facet normal 0.296839 -0.419626 0.857788
    outer loop
      vertex -16.8793 62.9945 65.5515
      vertex -22.5758 66.5061 69.2407
      vertex -20.9632 61.7556 66.3587
    endloop
  endfacet
  facet normal 0.310285 -0.41387 0.855824
    outer loop
      vertex -20.9632 61.7556 66.3587
      vertex -22.5758 66.5061 69.2407
      vertex -26.8771 64.8871 70.0172
    endloop
  endfacet
  facet normal 0.314354 -0.407835 0.857235
    outer loop
      vertex -20.9632 61.7556 66.3587
      vertex -26.8771 64.8871 70.0172
      vertex -24.9573 60.2523 67.1082
    endloop
  endfacet
  facet normal 0.327903 -0.401046 0.855361
    outer loop
      vertex -24.9573 60.2523 67.1082
      vertex -26.8771 64.8871 70.0172
      vertex -31.0634 62.9904 70.7327
    endloop
  endfacet
  facet normal 0.331274 -0.395329 0.856722
    outer loop
      vertex -24.9573 60.2523 67.1082
      vertex -31.0634 62.9904 70.7327
      vertex -28.8446 58.4911 67.7986
    endloop
  endfacet
  facet normal 0.344854 -0.387477 0.854949
    outer loop
      vertex -28.8446 58.4911 67.7986
      vertex -31.0634 62.9904 70.7327
      vertex -35.1167 60.8239 71.3858
    endloop
  endfacet
  facet normal 0.347582 -0.382137 0.856247
    outer loop
      vertex -28.8446 58.4911 67.7986
      vertex -35.1167 60.8239 71.3858
      vertex -32.6083 56.4793 68.4286
    endloop
  endfacet
  facet normal 0.361116 -0.373194 0.854588
    outer loop
      vertex -32.6083 56.4793 68.4286
      vertex -35.1167 60.8239 71.3858
      vertex -39.0195 58.3969 71.9751
    endloop
  endfacet
  facet normal 0.36326 -0.368284 0.855809
    outer loop
      vertex -32.6083 56.4793 68.4286
      vertex -39.0195 58.3969 71.9751
      vertex -36.2324 54.2257 68.9971
    endloop
  endfacet
  facet normal 0.376667 -0.358232 0.854278
    outer loop
      vertex -36.2324 54.2257 68.9971
      vertex -39.0195 58.3969 71.9751
      vertex -42.7553 55.7198 72.4997
    endloop
  endfacet
  facet normal 0.378291 -0.353796 0.855409
    outer loop
      vertex -36.2324 54.2257 68.9971
      vertex -42.7553 55.7198 72.4997
      vertex -39.7014 51.7399 69.503
    endloop
  endfacet
  facet normal 0.391487 -0.342622 0.854018
    outer loop
      vertex -39.7014 51.7399 69.503
      vertex -42.7553 55.7198 72.4997
      vertex -46.3081 52.8042 72.9586
    endloop
  endfacet
  facet normal 0.392657 -0.338699 0.855046
    outer loop
      vertex -39.7014 51.7399 69.503
      vertex -46.3081 52.8042 72.9586
      vertex -43.0003 49.0325 69.9456
    endloop
  endfacet
  facet normal 0.405556 -0.326398 0.853808
    outer loop
      vertex -43.0003 49.0325 69.9456
      vertex -46.3081 52.8042 72.9586
      vertex -49.6625 49.6625 73.3509
    endloop
  endfacet
  facet normal 0.406341 -0.32302 0.854719
    outer loop
      vertex -43.0003 49.0325 69.9456
      vertex -49.6625 49.6625 73.3509
      vertex -46.1151 46.1151 70.3238
    endloop
  endfacet
  facet normal 0.418854 -0.309593 0.853648
    outer loop
      vertex -46.1151 46.1151 70.3238
      vertex -49.6625 49.6625 73.3509
      vertex -52.8042 46.3081 73.6759
    endloop
  endfacet
  facet normal 0.419326 -0.306784 0.854429
    outer loop
      vertex -46.1151 46.1151 70.3238
      vertex -52.8042 46.3081 73.6759
      vertex -49.0325 43.0003 70.6372
    endloop
  endfacet
  facet normal 0.431362 -0.292239 0.853536
    outer loop
      vertex -49.0325 43.0003 70.6372
      vertex -52.8042 46.3081 73.6759
      vertex -55.7198 42.7553 73.933
    endloop
  endfacet
  facet normal 0.431595 -0.290017 0.854175
    outer loop
      vertex -49.0325 43.0003 70.6372
      vertex -55.7198 42.7553 73.933
      vertex -51.7399 39.7014 70.8851
    endloop
  endfacet
  facet normal 0.443062 -0.274372 0.853473
    outer loop
      vertex -51.7399 39.7014 70.8851
      vertex -55.7198 42.7553 73.933
      vertex -58.3969 39.0195 74.1217
    endloop
  endfacet
  facet normal 0.443132 -0.272747 0.853958
    outer loop
      vertex -51.7399 39.7014 70.8851
      vertex -58.3969 39.0195 74.1217
      vertex -54.2257 36.2324 71.067
    endloop
  endfacet
  facet normal 0.453939 -0.256025 0.853458
    outer loop
      vertex -54.2257 36.2324 71.067
      vertex -58.3969 39.0195 74.1217
      vertex -60.8239 35.1167 74.2418
    endloop
  endfacet
  facet normal 0.453919 -0.254999 0.853776
    outer loop
      vertex -54.2257 36.2324 71.067
      vertex -60.8239 35.1167 74.2418
      vertex -56.4793 32.6083 71.1828
    endloop
  endfacet
  facet normal 0.463975 -0.237232 0.853491
    outer loop
      vertex -56.4793 32.6083 71.1828
      vertex -60.8239 35.1167 74.2418
      vertex -62.9904 31.0634 74.2929
    endloop
  endfacet
  facet normal 0.46394 -0.2368 0.853631
    outer loop
      vertex -56.4793 32.6083 71.1828
      vertex -62.9904 31.0634 74.2929
      vertex -58.4911 28.8446 71.2321
    endloop
  endfacet
  facet normal 0.473157 -0.218029 0.853573
    outer loop
      vertex -58.4911 28.8446 71.2321
      vertex -62.9904 31.0634 74.2929
      vertex -64.8871 26.8771 74.275
    endloop
  endfacet
  facet normal 0.473179 -0.218178 0.853522
    outer loop
      vertex -58.4911 28.8446 71.2321
      vertex -64.8871 26.8771 74.275
      vertex -60.2523 24.9573 71.2149
    endloop
  endfacet
  facet normal 0.481468 -0.19845 0.853701
    outer loop
      vertex -60.2523 24.9573 71.2149
      vertex -64.8871 26.8771 74.275
      vertex -66.5061 22.5758 74.1882
    endloop
  endfacet
  facet normal 0.48162 -0.19916 0.853451
    outer loop
      vertex -60.2523 24.9573 71.2149
      vertex -66.5061 22.5758 74.1882
      vertex -61.7556 20.9632 71.1311
    endloop
  endfacet
  facet normal 0.488898 -0.178529 0.853877
    outer loop
      vertex -61.7556 20.9632 71.1311
      vertex -66.5061 22.5758 74.1882
      vertex -67.8402 18.1777 74.0325
    endloop
  endfacet
  facet normal 0.489247 -0.179774 0.853416
    outer loop
      vertex -61.7556 20.9632 71.1311
      vertex -67.8402 18.1777 74.0325
      vertex -62.9945 16.8793 70.981
    endloop
  endfacet
  facet normal 0.495432 -0.158303 0.854101
    outer loop
      vertex -62.9945 16.8793 70.981
      vertex -67.8402 18.1777 74.0325
      vertex -68.8838 13.7018 73.8083
    endloop
  endfacet
  facet normal 0.496046 -0.160048 0.853418
    outer loop
      vertex -62.9945 16.8793 70.981
      vertex -68.8838 13.7018 73.8083
      vertex -63.9635 12.7231 70.7649
    endloop
  endfacet
  facet normal 0.501059 -0.137806 0.854371
    outer loop
      vertex -63.9635 12.7231 70.7649
      vertex -68.8838 13.7018 73.8083
      vertex -69.6325 9.16729 73.516
    endloop
  endfacet
  facet normal 0.502 -0.140011 0.853459
    outer loop
      vertex -63.9635 12.7231 70.7649
      vertex -69.6325 9.16729 73.516
      vertex -64.6587 8.51248 70.483
    endloop
  endfacet
  facet normal 0.505769 -0.117073 0.854688
    outer loop
      vertex -64.6587 8.51248 70.483
      vertex -69.6325 9.16729 73.516
      vertex -70.083 4.59348 73.156
    endloop
  endfacet
  facet normal 0.507096 -0.119693 0.853538
    outer loop
      vertex -64.6587 8.51248 70.483
      vertex -70.083 4.59348 73.156
      vertex -65.077 4.26537 70.136
    endloop
  endfacet
  facet normal 0.509552 -0.0961408 0.855052
    outer loop
      vertex -65.077 4.26537 70.136
      vertex -70.083 4.59348 73.156
      vertex -70.2333 8.6011e-15 72.7292
    endloop
  endfacet
  facet normal 0.511317 -0.0991227 0.853656
    outer loop
      vertex -65.077 4.26537 70.136
      vertex -70.2333 8.6011e-15 72.7292
      vertex -65.2167 7.98674e-15 69.7243
    endloop
  endfacet
  facet normal 0.512399 -0.0750439 0.855462
    outer loop
      vertex -65.2167 7.98674e-15 69.7243
      vertex -70.2333 8.6011e-15 72.7292
      vertex -70.083 -4.59348 72.2361
    endloop
  endfacet
  facet normal 0.514651 -0.0783308 0.853814
    outer loop
      vertex -65.2167 7.98674e-15 69.7243
      vertex -70.083 -4.59348 72.2361
      vertex -65.077 -4.26537 69.2488
    endloop
  endfacet
  facet normal 0.514301 -0.0538179 0.85592
    outer loop
      vertex -65.077 -4.26537 69.2488
      vertex -70.083 -4.59348 72.2361
      vertex -69.6325 -9.16729 71.6779
    endloop
  endfacet
  facet normal 0.517082 -0.0573479 0.854012
    outer loop
      vertex -65.077 -4.26537 69.2488
      vertex -69.6325 -9.16729 71.6779
      vertex -64.6587 -8.51248 68.7104
    endloop
  endfacet
  facet normal 0.515249 -0.0324981 0.856424
    outer loop
      vertex -64.6587 -8.51248 68.7104
      vertex -69.6325 -9.16729 71.6779
      vertex -68.8838 -13.7018 71.0554
    endloop
  endfacet
  facet normal 0.518597 -0.0362056 0.854252
    outer loop
      vertex -64.6587 -8.51248 68.7104
      vertex -68.8838 -13.7018 71.0554
      vertex -63.9635 -12.7231 68.1099
    endloop
  endfacet
  facet normal 0.515238 -0.0111201 0.856975
    outer loop
      vertex -63.9635 -12.7231 68.1099
      vertex -68.8838 -13.7018 71.0554
      vertex -67.8402 -18.1777 70.3699
    endloop
  endfacet
  facet normal 0.519183 -0.0149355 0.854533
    outer loop
      vertex -63.9635 -12.7231 68.1099
      vertex -67.8402 -18.1777 70.3699
      vertex -62.9945 -16.8793 67.4485
    endloop
  endfacet
  facet normal 0.514259 0.0102809 0.857573
    outer loop
      vertex -62.9945 -16.8793 67.4485
      vertex -67.8402 -18.1777 70.3699
      vertex -66.5061 -22.5758 69.6225
    endloop
  endfacet
  facet normal 0.518824 0.00642975 0.854857
    outer loop
      vertex -62.9945 -16.8793 67.4485
      vertex -66.5061 -22.5758 69.6225
      vertex -61.7556 -20.9632 66.7273
    endloop
  endfacet
  facet normal 0.512306 0.0316695 0.858219
    outer loop
      vertex -61.7556 -20.9632 66.7273
      vertex -66.5061 -22.5758 69.6225
      vertex -64.8871 -26.8771 68.8149
    endloop
  endfacet
  facet normal 0.517509 0.0278572 0.855224
    outer loop
      vertex -61.7556 -20.9632 66.7273
      vertex -64.8871 -26.8771 68.8149
      vertex -60.2523 -24.9573 65.9477
    endloop
  endfacet
  facet normal 0.509372 0.0530103 0.858912
    outer loop
      vertex -60.2523 -24.9573 65.9477
      vertex -64.8871 -26.8771 68.8149
      vertex -62.9904 -31.0634 67.9484
    endloop
  endfacet
  facet normal 0.515223 0.0493132 0.855636
    outer loop
      vertex -60.2523 -24.9573 65.9477
      vertex -62.9904 -31.0634 67.9484
      vertex -58.4911 -28.8446 65.1112
    endloop
  endfacet
  facet normal 0.50545 0.074268 0.859654
    outer loop
      vertex -58.4911 -28.8446 65.1112
      vertex -62.9904 -31.0634 67.9484
      vertex -60.8239 -35.1167 67.0247
    endloop
  endfacet
  facet normal 0.511953 0.0707634 0.856094
    outer loop
      vertex -58.4911 -28.8446 65.1112
      vertex -60.8239 -35.1167 67.0247
      vertex -56.4793 -32.6083 64.2193
    endloop
  endfacet
  facet normal 0.500533 0.0954073 0.860444
    outer loop
      vertex -56.4793 -32.6083 64.2193
      vertex -60.8239 -35.1167 67.0247
      vertex -58.3969 -39.0195 66.0456
    endloop
  endfacet
  facet normal 0.507684 0.0921729 0.856598
    outer loop
      vertex -56.4793 -32.6083 64.2193
      vertex -58.3969 -39.0195 66.0456
      vertex -54.2257 -36.2324 63.2736
    endloop
  endfacet
  facet normal 0.494615 0.116392 0.861283
    outer loop
      vertex -54.2257 -36.2324 63.2736
      vertex -58.3969 -39.0195 66.0456
      vertex -55.7198 -42.7553 65.0131
    endloop
  endfacet
  facet normal 0.502404 0.113506 0.85715
    outer loop
      vertex -54.2257 -36.2324 63.2736
      vertex -55.7198 -42.7553 65.0131
      vertex -51.7399 -39.7014 62.2759
    endloop
  endfacet
  facet normal 0.487686 0.137188 0.862173
    outer loop
      vertex -51.7399 -39.7014 62.2759
      vertex -55.7198 -42.7553 65.0131
      vertex -52.8042 -46.3081 63.9292
    endloop
  endfacet
  facet normal 0.496097 0.134726 0.857751
    outer loop
      vertex -51.7399 -39.7014 62.2759
      vertex -52.8042 -46.3081 63.9292
      vertex -49.0325 -43.0003 61.2282
    endloop
  endfacet
  facet normal 0.479739 0.157757 0.863113
    outer loop
      vertex -49.0325 -43.0003 61.2282
      vertex -52.8042 -46.3081 63.9292
      vertex -49.6625 -49.6625 62.7961
    endloop
  endfacet
  facet normal 0.488747 0.155796 0.858402
    outer loop
      vertex -49.0325 -43.0003 61.2282
      vertex -49.6625 -49.6625 62.7961
      vertex -46.1151 -46.1151 60.1325
    endloop
  endfacet
  facet normal 0.470762 0.178064 0.864104
    outer loop
      vertex -46.1151 -46.1151 60.1325
      vertex -49.6625 -49.6625 62.7961
      vertex -46.3081 -52.8042 61.616
    endloop
  endfacet
  facet normal 0.480339 0.176678 0.859104
    outer loop
      vertex -46.1151 -46.1151 60.1325
      vertex -46.3081 -52.8042 61.616
      vertex -43.0003 -49.0325 58.9909
    endloop
  endfacet
  facet normal 0.460744 0.19807 0.865149
    outer loop
      vertex -43.0003 -49.0325 58.9909
      vertex -46.3081 -52.8042 61.616
      vertex -42.7553 -55.7198 60.3915
    endloop
  endfacet
  facet normal 0.470855 0.197333 0.859858
    outer loop
      vertex -43.0003 -49.0325 58.9909
      vertex -42.7553 -55.7198 60.3915
      vertex -39.7014 -51.7399 57.8058
    endloop
  endfacet
  facet normal 0.449671 0.217739 0.866248
    outer loop
      vertex -39.7014 -51.7399 57.8058
      vertex -42.7553 -55.7198 60.3915
      vertex -39.0195 -58.3969 59.1251
    endloop
  endfacet
  facet normal 0.460276 0.217719 0.860665
    outer loop
      vertex -39.7014 -51.7399 57.8058
      vertex -39.0195 -58.3969 59.1251
      vertex -36.2324 -54.2257 56.5794
    endloop
  endfacet
  facet normal 0.437528 0.23703 0.867402
    outer loop
      vertex -36.2324 -54.2257 56.5794
      vertex -39.0195 -58.3969 59.1251
      vertex -35.1167 -60.8239 57.8197
    endloop
  endfacet
  facet normal 0.448579 0.237795 0.861528
    outer loop
      vertex -36.2324 -54.2257 56.5794
      vertex -35.1167 -60.8239 57.8197
      vertex -32.6083 -56.4793 55.3145
    endloop
  endfacet
  facet normal 0.424293 0.255902 0.868613
    outer loop
      vertex -32.6083 -56.4793 55.3145
      vertex -35.1167 -60.8239 57.8197
      vertex -31.0634 -62.9904 56.478
    endloop
  endfacet
  facet normal 0.435743 0.257517 0.862446
    outer loop
      vertex -32.6083 -56.4793 55.3145
      vertex -31.0634 -62.9904 56.478
      vertex -28.8446 -58.4911 54.0136
    endloop
  endfacet
  facet normal 0.409945 0.274313 0.869884
    outer loop
      vertex -28.8446 -58.4911 54.0136
      vertex -31.0634 -62.9904 56.478
      vertex -26.8771 -64.8871 55.1033
    endloop
  endfacet
  facet normal 0.421738 0.276839 0.863422
    outer loop
      vertex -28.8446 -58.4911 54.0136
      vertex -26.8771 -64.8871 55.1033
      vertex -24.9573 -60.2523 52.6796
    endloop
  endfacet
  facet normal 0.394456 0.292215 0.871215
    outer loop
      vertex -24.9573 -60.2523 52.6796
      vertex -26.8771 -64.8871 55.1033
      vertex -22.5758 -66.5061 53.6988
    endloop
  endfacet
  facet normal 0.406534 0.295713 0.864456
    outer loop
      vertex -24.9573 -60.2523 52.6796
      vertex -22.5758 -66.5061 53.6988
      vertex -20.9632 -61.7556 51.3155
    endloop
  endfacet
  facet normal 0.377793 0.309559 0.872608
    outer loop
      vertex -20.9632 -61.7556 51.3155
      vertex -22.5758 -66.5061 53.6988
      vertex -18.1777 -67.8402 52.268
    endloop
  endfacet
  facet normal 0.390094 0.314085 0.86555
    outer loop
      vertex -20.9632 -61.7556 51.3155
      vertex -18.1777 -67.8402 52.268
      vertex -16.8793 -62.9945 49.9244
    endloop
  endfacet
  facet normal 0.359918 0.32629 0.874067
    outer loop
      vertex -16.8793 -62.9945 49.9244
      vertex -18.1777 -67.8402 52.268
      vertex -13.7018 -68.8838 50.8145
    endloop
  endfacet
  facet normal 0.372378 0.3319 0.866705
    outer loop
      vertex -16.8793 -62.9945 49.9244
      vertex -13.7018 -68.8838 50.8145
      vertex -12.7231 -63.9635 48.5098
    endloop
  endfacet
  facet normal 0.340782 0.342349 0.875594
    outer loop
      vertex -12.7231 -63.9635 48.5098
      vertex -13.7018 -68.8838 50.8145
      vertex -9.16729 -69.6325 49.3424
    endloop
  endfacet
  facet normal 0.353334 0.349095 0.867921
    outer loop
      vertex -12.7231 -63.9635 48.5098
      vertex -9.16729 -69.6325 49.3424
      vertex -8.51248 -64.6587 47.0753
    endloop
  endfacet
  facet normal 0.320331 0.357665 0.877191
    outer loop
      vertex -8.51248 -64.6587 47.0753
      vertex -9.16729 -69.6325 49.3424
      vertex -4.59348 -70.083 47.8558
    endloop
  endfacet
  facet normal 0.332906 0.365601 0.869201
    outer loop
      vertex -8.51248 -64.6587 47.0753
      vertex -4.59348 -70.083 47.8558
      vertex -4.26537 -65.077 45.6246
    endloop
  endfacet
  facet normal 0.298498 0.372161 0.87886
    outer loop
      vertex -4.26537 -65.077 45.6246
      vertex -4.59348 -70.083 47.8558
      vertex -1.29017e-14 -70.2333 46.3594
    endloop
  endfacet
  facet normal 0.311023 0.381337 0.870544
    outer loop
      vertex -4.26537 -65.077 45.6246
      vertex -1.29017e-14 -70.2333 46.3594
      vertex -1.19801e-14 -65.2167 44.1618
    endloop
  endfacet
  facet normal 0.275205 0.385744 0.880604
    outer loop
      vertex -1.19801e-14 -65.2167 44.1618
      vertex -1.29017e-14 -70.2333 46.3594
      vertex 4.59348 -70.083 44.8579
    endloop
  endfacet
  facet normal 0.287606 0.396212 0.871951
    outer loop
      vertex -1.19801e-14 -65.2167 44.1618
      vertex 4.59348 -70.083 44.8579
      vertex 4.26537 -65.077 42.6915
    endloop
  endfacet
  facet normal 0.250358 0.398304 0.882425
    outer loop
      vertex 4.26537 -65.077 42.6915
      vertex 4.59348 -70.083 44.8579
      vertex 9.16729 -69.6325 43.3569
    endloop
  endfacet
  facet normal 0.262558 0.410117 0.873423
    outer loop
      vertex 4.26537 -65.077 42.6915
      vertex 9.16729 -69.6325 43.3569
      vertex 8.51248 -64.6587 41.2183
    endloop
  endfacet
  facet normal 0.223848 0.409709 0.884325
    outer loop
      vertex 8.51248 -64.6587 41.2183
      vertex 9.16729 -69.6325 43.3569
      vertex 13.7018 -68.8838 41.8623
    endloop
  endfacet
  facet normal 0.235766 0.42292 0.874959
    outer loop
      vertex 8.51248 -64.6587 41.2183
      vertex 13.7018 -68.8838 41.8623
      vertex 12.7231 -63.9635 39.7477
    endloop
  endfacet
  facet normal 0.195547 0.419795 0.886303
    outer loop
      vertex 12.7231 -63.9635 39.7477
      vertex 13.7018 -68.8838 41.8623
      vertex 18.1777 -67.8402 40.3804
    endloop
  endfacet
  facet normal 0.207098 0.434457 0.87656
    outer loop
      vertex 12.7231 -63.9635 39.7477
      vertex 18.1777 -67.8402 40.3804
      vertex 16.8793 -62.9945 38.2855
    endloop
  endfacet
  facet normal 0.165309 0.428361 0.888358
    outer loop
      vertex 16.8793 -62.9945 38.2855
      vertex 18.1777 -67.8402 40.3804
      vertex 22.5758 -66.5061 38.9187
    endloop
  endfacet
  facet normal 0.176401 0.444526 0.878225
    outer loop
      vertex 16.8793 -62.9945 38.2855
      vertex 22.5758 -66.5061 38.9187
      vertex 20.9632 -61.7556 36.8381
    endloop
  endfacet
  facet normal 0.132966 0.435152 0.890485
    outer loop
      vertex 20.9632 -61.7556 36.8381
      vertex 22.5758 -66.5061 38.9187
      vertex 26.8771 -64.8871 37.4853
    endloop
  endfacet
  facet normal 0.143499 0.452867 0.879954
    outer loop
      vertex 20.9632 -61.7556 36.8381
      vertex 26.8771 -64.8871 37.4853
      vertex 24.9573 -60.2523 35.4131
    endloop
  endfacet
  facet normal 0.0983372 0.439847 0.892673
    outer loop
      vertex 24.9573 -60.2523 35.4131
      vertex 26.8771 -64.8871 37.4853
      vertex 31.0634 -62.9904 36.0896
    endloop
  endfacet
  facet normal 0.108201 0.459144 0.881748
    outer loop
      vertex 24.9573 -60.2523 35.4131
      vertex 31.0634 -62.9904 36.0896
      vertex 28.8446 -58.4911 34.019
    endloop
  endfacet
  facet normal 0.061232 0.442036 0.894905
    outer loop
      vertex 28.8446 -58.4911 34.019
      vertex 31.0634 -62.9904 36.0896
      vertex 35.1167 -60.8239 34.7421
    endloop
  endfacet
  facet normal 0.0703017 0.46292 0.883608
    outer loop
      vertex 28.8446 -58.4911 34.019
      vertex 35.1167 -60.8239 34.7421
      vertex 32.6083 -56.4793 32.6655
    endloop
  endfacet
  facet normal 0.0214716 0.441201 0.897151
    outer loop
      vertex 32.6083 -56.4793 32.6655
      vertex 35.1167 -60.8239 34.7421
      vertex 39.0195 -58.3969 33.4551
    endloop
  endfacet
  facet normal 0.0296078 0.463621 0.885539
    outer loop
      vertex 32.6083 -56.4793 32.6655
      vertex 39.0195 -58.3969 33.4551
      vertex 36.2324 -54.2257 31.3645
    endloop
  endfacet
  facet normal -0.0210781 0.436685 0.899367
    outer loop
      vertex 36.2324 -54.2257 31.3645
      vertex 39.0195 -58.3969 33.4551
      vertex 42.7553 -55.7198 32.2429
    endloop
  endfacet
  facet normal -0.0140313 0.460501 0.887549
    outer loop
      vertex 36.2324 -54.2257 31.3645
      vertex 42.7553 -55.7198 32.2429
      vertex 39.7014 -51.7399 30.1296
    endloop
  endfacet
  facet normal -0.0664475 0.42768 0.901485
    outer loop
      vertex 39.7014 -51.7399 30.1296
      vertex 42.7553 -55.7198 32.2429
      vertex 46.3081 -52.8042 31.1215
    endloop
  endfacet
  facet normal -0.060658 0.45259 0.889653
    outer loop
      vertex 39.7014 -51.7399 30.1296
      vertex 46.3081 -52.8042 31.1215
      vertex 43.0003 -49.0325 28.9772
    endloop
  endfacet
  facet normal -0.11447 0.413219 0.903409
    outer loop
      vertex 43.0003 -49.0325 28.9772
      vertex 46.3081 -52.8042 31.1215
      vertex 49.6625 -49.6625 30.1095
    endloop
  endfacet
  facet normal -0.110102 0.438677 0.891874
    outer loop
      vertex 43.0003 -49.0325 28.9772
      vertex 49.6625 -49.6625 30.1095
      vertex 46.1151 -46.1151 27.9268
    endloop
  endfacet
  facet normal -0.164647 0.392219 0.905017
    outer loop
      vertex 46.1151 -46.1151 27.9268
      vertex 49.6625 -49.6625 30.1095
      vertex 52.8042 -46.3081 29.2273
    endloop
  endfacet
  facet normal -0.161826 0.417321 0.894234
    outer loop
      vertex 46.1151 -46.1151 27.9268
      vertex 52.8042 -46.3081 29.2273
      vertex 49.0325 -43.0003 27.0011
    endloop
  endfacet
  facet normal -0.215985 0.363599 0.906171
    outer loop
      vertex 49.0325 -43.0003 27.0011
      vertex 52.8042 -46.3081 29.2273
      vertex 55.7198 -42.7553 28.4967
    endloop
  endfacet
  facet normal -0.214732 0.386978 0.896738
    outer loop
      vertex 49.0325 -43.0003 27.0011
      vertex 55.7198 -42.7553 28.4967
      vertex 51.7399 -39.7014 26.2258
    endloop
  endfacet
  facet normal -0.266853 0.326495 0.906747
    outer loop
      vertex 51.7399 -39.7014 26.2258
      vertex 55.7198 -42.7553 28.4967
      vertex 58.3969 -39.0195 27.9394
    endloop
  endfacet
  facet normal -0.266973 0.346306 0.899332
    outer loop
      vertex 51.7399 -39.7014 26.2258
      vertex 58.3969 -39.0195 27.9394
      vertex 54.2257 -36.2324 25.6279
    endloop
  endfacet
  facet normal -0.314958 0.280588 0.906682
    outer loop
      vertex 54.2257 -36.2324 25.6279
      vertex 58.3969 -39.0195 27.9394
      vertex 60.8239 -35.1167 27.5747
    endloop
  endfacet
  facet normal -0.31592 0.294693 0.901859
    outer loop
      vertex 54.2257 -36.2324 25.6279
      vertex 60.8239 -35.1167 27.5747
      vertex 56.4793 -32.6083 25.2332
    endloop
  endfacet
  facet normal -0.357571 0.226436 0.906019
    outer loop
      vertex 56.4793 -32.6083 25.2332
      vertex 60.8239 -35.1167 27.5747
      vertex 62.9904 -31.0634 27.4167
    endloop
  endfacet
  facet normal -0.358437 0.232886 0.904039
    outer loop
      vertex 56.4793 -32.6083 25.2332
      vertex 62.9904 -31.0634 27.4167
      vertex 58.4911 -28.8446 25.0612
    endloop
  endfacet
  facet normal -0.392045 0.165658 0.904908
    outer loop
      vertex 58.4911 -28.8446 25.0612
      vertex 62.9904 -31.0634 27.4167
      vertex 64.8871 -26.8771 27.4721
    endloop
  endfacet
  facet normal -0.391572 0.163357 0.905531
    outer loop
      vertex 58.4911 -28.8446 25.0612
      vertex 64.8871 -26.8771 27.4721
      vertex 60.2523 -24.9573 25.1216
    endloop
  endfacet
  facet normal -0.41648 0.100787 0.903541
    outer loop
      vertex 60.2523 -24.9573 25.1216
      vertex 64.8871 -26.8771 27.4721
      vertex 66.5061 -22.5758 27.7385
    endloop
  endfacet
  facet normal -0.413426 0.0899784 0.906081
    outer loop
      vertex 60.2523 -24.9573 25.1216
      vertex 66.5061 -22.5758 27.7385
      vertex 61.7556 -20.9632 25.4109
    endloop
  endfacet
  facet normal -0.430195 0.034785 0.902066
    outer loop
      vertex 61.7556 -20.9632 25.4109
      vertex 66.5061 -22.5758 27.7385
      vertex 67.8402 -18.1777 28.2052
    endloop
  endfacet
  facet normal -0.423696 0.0170004 0.905645
    outer loop
      vertex 61.7556 -20.9632 25.4109
      vertex 67.8402 -18.1777 28.2052
      vertex 62.9945 -16.8793 25.9138
    endloop
  endfacet
  facet normal -0.433763 -0.0295752 0.900541
    outer loop
      vertex 62.9945 -16.8793 25.9138
      vertex 67.8402 -18.1777 28.2052
      vertex 68.8838 -13.7018 28.8549
    endloop
  endfacet
  facet normal -0.423541 -0.0520746 0.904379
    outer loop
      vertex 62.9945 -16.8793 25.9138
      vertex 68.8838 -13.7018 28.8549
      vertex 63.9635 -12.7231 26.607
    endloop
  endfacet
  facet normal -0.428645 -0.0901784 0.898961
    outer loop
      vertex 63.9635 -12.7231 26.607
      vertex 68.8838 -13.7018 28.8549
      vertex 69.6325 -9.16729 29.6667
    endloop
  endfacet
  facet normal -0.41495 -0.115088 0.902536
    outer loop
      vertex 63.9635 -12.7231 26.607
      vertex 69.6325 -9.16729 29.6667
      vertex 64.6587 -8.51248 27.4635
    endloop
  endfacet
  facet normal -0.416666 -0.145743 0.8973
    outer loop
      vertex 64.6587 -8.51248 27.4635
      vertex 69.6325 -9.16729 29.6667
      vertex 70.083 -4.59348 30.6188
    endloop
  endfacet
  facet normal -0.400072 -0.171172 0.900357
    outer loop
      vertex 64.6587 -8.51248 27.4635
      vertex 70.083 -4.59348 30.6188
      vertex 65.077 -4.26537 28.4568
    endloop
  endfacet
  facet normal -0.399605 -0.195737 0.895546
    outer loop
      vertex 65.077 -4.26537 28.4568
      vertex 70.083 -4.59348 30.6188
      vertex 70.2333 0 31.6899
    endloop
  endfacet
  facet normal -0.380789 -0.220358 0.898021
    outer loop
      vertex 65.077 -4.26537 28.4568
      vertex 70.2333 0 31.6899
      vertex 65.2167 0 29.5627
    endloop
  endfacet
  facet normal -0.400097 -0.220337 0.889592
    outer loop
      vertex 70.2333 0 31.6899
      vertex 75.25 0 33.9462
      vertex 75.0889 4.92159 35.0927
    endloop
  endfacet
  facet normal -0.382198 -0.23993 0.892389
    outer loop
      vertex 70.2333 0 31.6899
      vertex 75.0889 4.92159 35.0927
      vertex 70.083 4.59348 32.8605
    endloop
  endfacet
  facet normal -0.378801 -0.261102 0.887883
    outer loop
      vertex 70.083 4.59348 32.8605
      vertex 75.0889 4.92159 35.0927
      vertex 74.6062 9.8221 36.3279
    endloop
  endfacet
  facet normal -0.359637 -0.279292 0.890313
    outer loop
      vertex 70.083 4.59348 32.8605
      vertex 74.6062 9.8221 36.3279
      vertex 69.6325 9.16729 34.1133
    endloop
  endfacet
  facet normal -0.35539 -0.297424 0.886136
    outer loop
      vertex 69.6325 9.16729 34.1133
      vertex 74.6062 9.8221 36.3279
      vertex 73.8041 14.6805 37.6369
    endloop
  endfacet
  facet normal -0.335366 -0.313924 0.888246
    outer loop
      vertex 69.6325 9.16729 34.1133
      vertex 73.8041 14.6805 37.6369
      vertex 68.8838 13.7018 35.4333
    endloop
  endfacet
  facet normal -0.330506 -0.329629 0.88437
    outer loop
      vertex 68.8838 13.7018 35.4333
      vertex 73.8041 14.6805 37.6369
      vertex 72.6859 19.4761 39.0064
    endloop
  endfacet
  facet normal -0.309956 -0.344304 0.886218
    outer loop
      vertex 68.8838 13.7018 35.4333
      vertex 72.6859 19.4761 39.0064
      vertex 67.8402 18.1777 36.8072
    endloop
  endfacet
  facet normal -0.304626 -0.358071 0.882603
    outer loop
      vertex 67.8402 18.1777 36.8072
      vertex 72.6859 19.4761 39.0064
      vertex 71.2565 24.1883 40.4248
    endloop
  endfacet
  facet normal -0.283818 -0.370887 0.884246
    outer loop
      vertex 67.8402 18.1777 36.8072
      vertex 71.2565 24.1883 40.4248
      vertex 66.5061 22.5758 38.2237
    endloop
  endfacet
  facet normal -0.278099 -0.3831 0.880849
    outer loop
      vertex 66.5061 22.5758 38.2237
      vertex 71.2565 24.1883 40.4248
      vertex 69.5219 28.7969 41.8816
    endloop
  endfacet
  facet normal -0.257247 -0.394084 0.882339
    outer loop
      vertex 66.5061 22.5758 38.2237
      vertex 69.5219 28.7969 41.8816
      vertex 64.8871 26.8771 39.6728
    endloop
  endfacet
  facet normal -0.251177 -0.405036 0.879122
    outer loop
      vertex 64.8871 26.8771 39.6728
      vertex 69.5219 28.7969 41.8816
      vertex 67.4897 33.2822 43.3674
    endloop
  endfacet
  facet normal -0.230452 -0.414254 0.880503
    outer loop
      vertex 64.8871 26.8771 39.6728
      vertex 67.4897 33.2822 43.3674
      vertex 62.9904 31.0634 41.1459
    endloop
  endfacet
  facet normal -0.224045 -0.424169 0.87743
    outer loop
      vertex 62.9904 31.0634 41.1459
      vertex 67.4897 33.2822 43.3674
      vertex 65.1684 37.625 44.8741
    endloop
  endfacet
  facet normal -0.203583 -0.431706 0.87874
    outer loop
      vertex 62.9904 31.0634 41.1459
      vertex 65.1684 37.625 44.8741
      vertex 60.8239 35.1167 42.6353
    endloop
  endfacet
  facet normal -0.196836 -0.440751 0.875782
    outer loop
      vertex 60.8239 35.1167 42.6353
      vertex 65.1684 37.625 44.8741
      vertex 62.5681 41.8067 46.3941
    endloop
  endfacet
  facet normal -0.176749 -0.446701 0.877051
    outer loop
      vertex 60.8239 35.1167 42.6353
      vertex 62.5681 41.8067 46.3941
      vertex 58.3969 39.0195 44.134
    endloop
  endfacet
  facet normal -0.169649 -0.455001 0.874182
    outer loop
      vertex 58.3969 39.0195 44.134
      vertex 62.5681 41.8067 46.3941
      vertex 59.6998 45.8093 47.9208
    endloop
  endfacet
  facet normal -0.15003 -0.459464 0.875434
    outer loop
      vertex 58.3969 39.0195 44.134
      vertex 59.6998 45.8093 47.9208
      vertex 55.7198 42.7553 45.6359
    endloop
  endfacet
  facet normal -0.142558 -0.467106 0.872634
    outer loop
      vertex 55.7198 42.7553 45.6359
      vertex 59.6998 45.8093 47.9208
      vertex 56.5759 49.6158 49.448
    endloop
  endfacet
  facet normal -0.123484 -0.470183 0.873888
    outer loop
      vertex 55.7198 42.7553 45.6359
      vertex 56.5759 49.6158 49.448
      vertex 52.8042 46.3081 47.1354
    endloop
  endfacet
  facet normal -0.115621 -0.477228 0.87114
    outer loop
      vertex 52.8042 46.3081 47.1354
      vertex 56.5759 49.6158 49.448
      vertex 53.2098 53.2098 50.9701
    endloop
  endfacet
  facet normal -0.097159 -0.479019 0.872411
    outer loop
      vertex 52.8042 46.3081 47.1354
      vertex 53.2098 53.2098 50.9701
      vertex 49.6625 49.6625 48.6273
    endloop
  endfacet
  facet normal -0.0888829 -0.485507 0.869703
    outer loop
      vertex 49.6625 49.6625 48.6273
      vertex 53.2098 53.2098 50.9701
      vertex 49.6158 56.5759 52.482
    endloop
  endfacet
  facet normal -0.0710902 -0.486111 0.871001
    outer loop
      vertex 49.6625 49.6625 48.6273
      vertex 49.6158 56.5759 52.482
      vertex 46.3081 52.8042 50.107
    endloop
  endfacet
  facet normal -0.0623821 -0.492061 0.868323
    outer loop
      vertex 46.3081 52.8042 50.107
      vertex 49.6158 56.5759 52.482
      vertex 45.8093 59.6998 53.9788
    endloop
  endfacet
  facet normal -0.0453088 -0.491575 0.869656
    outer loop
      vertex 46.3081 52.8042 50.107
      vertex 45.8093 59.6998 53.9788
      vertex 42.7553 55.7198 51.57
    endloop
  endfacet
  facet normal -0.0361517 -0.496994 0.867001
    outer loop
      vertex 42.7553 55.7198 51.57
      vertex 45.8093 59.6998 53.9788
      vertex 41.8067 62.5681 55.456
    endloop
  endfacet
  facet normal -0.019841 -0.495514 0.868374
    outer loop
      vertex 42.7553 55.7198 51.57
      vertex 41.8067 62.5681 55.456
      vertex 39.0195 58.3969 53.0122
    endloop
  endfacet
  facet normal -0.0102212 -0.500396 0.865736
    outer loop
      vertex 39.0195 58.3969 53.0122
      vertex 41.8067 62.5681 55.456
      vertex 37.625 65.1684 56.9097
    endloop
  endfacet
  facet normal 0.0052897 -0.498016 0.867152
    outer loop
      vertex 39.0195 58.3969 53.0122
      vertex 37.625 65.1684 56.9097
      vertex 35.1167 60.8239 54.4298
    endloop
  endfacet
  facet normal 0.0153816 -0.502346 0.86453
    outer loop
      vertex 35.1167 60.8239 54.4298
      vertex 37.625 65.1684 56.9097
      vertex 33.2822 67.4897 58.3357
    endloop
  endfacet
  facet normal 0.0300614 -0.499161 0.865988
    outer loop
      vertex 35.1167 60.8239 54.4298
      vertex 33.2822 67.4897 58.3357
      vertex 31.0634 62.9904 55.8193
    endloop
  endfacet
  facet normal 0.0406305 -0.502915 0.863381
    outer loop
      vertex 31.0634 62.9904 55.8193
      vertex 33.2822 67.4897 58.3357
      vertex 28.7969 69.5219 59.7306
    endloop
  endfacet
  facet normal 0.0544536 -0.499016 0.86488
    outer loop
      vertex 31.0634 62.9904 55.8193
      vertex 28.7969 69.5219 59.7306
      vertex 26.8771 64.8871 57.1773
    endloop
  endfacet
  facet normal 0.0654999 -0.502164 0.862288
    outer loop
      vertex 26.8771 64.8871 57.1773
      vertex 28.7969 69.5219 59.7306
      vertex 24.1883 71.2565 61.0908
    endloop
  endfacet
  facet normal 0.0784463 -0.497644 0.863827
    outer loop
      vertex 26.8771 64.8871 57.1773
      vertex 24.1883 71.2565 61.0908
      vertex 22.5758 66.5061 58.5005
    endloop
  endfacet
  facet normal 0.0899644 -0.50015 0.861253
    outer loop
      vertex 22.5758 66.5061 58.5005
      vertex 24.1883 71.2565 61.0908
      vertex 19.4761 72.6859 62.4131
    endloop
  endfacet
  facet normal 0.10202 -0.495099 0.862826
    outer loop
      vertex 22.5758 66.5061 58.5005
      vertex 19.4761 72.6859 62.4131
      vertex 18.1777 67.8402 59.7861
    endloop
  endfacet
  facet normal 0.113999 -0.496925 0.860273
    outer loop
      vertex 18.1777 67.8402 59.7861
      vertex 19.4761 72.6859 62.4131
      vertex 14.6805 73.8041 63.6945
    endloop
  endfacet
  facet normal 0.125156 -0.491433 0.861876
    outer loop
      vertex 18.1777 67.8402 59.7861
      vertex 14.6805 73.8041 63.6945
      vertex 13.7018 68.8838 61.0311
    endloop
  endfacet
  facet normal 0.137578 -0.492536 0.859349
    outer loop
      vertex 13.7018 68.8838 61.0311
      vertex 14.6805 73.8041 63.6945
      vertex 9.8221 74.6062 64.9321
    endloop
  endfacet
  facet normal 0.147834 -0.486691 0.860974
    outer loop
      vertex 13.7018 68.8838 61.0311
      vertex 9.8221 74.6062 64.9321
      vertex 9.16729 69.6325 62.2329
    endloop
  endfacet
  facet normal 0.160677 -0.487028 0.858479
    outer loop
      vertex 9.16729 69.6325 62.2329
      vertex 9.8221 74.6062 64.9321
      vertex 4.92159 75.0889 66.1231
    endloop
  endfacet
  facet normal 0.170036 -0.480916 0.860121
    outer loop
      vertex 9.16729 69.6325 62.2329
      vertex 4.92159 75.0889 66.1231
      vertex 4.59348 70.083 63.389
    endloop
  endfacet
  facet normal 0.18327 -0.480442 0.857664
    outer loop
      vertex 4.59348 70.083 63.389
      vertex 4.92159 75.0889 66.1231
      vertex 4.60773e-15 75.25 67.265
    endloop
  endfacet
  facet normal 0.191742 -0.474148 0.859313
    outer loop
      vertex 4.59348 70.083 63.389
      vertex 4.60773e-15 75.25 67.265
      vertex 4.30055e-15 70.2333 64.4969
    endloop
  endfacet
  facet normal 0.205333 -0.472818 0.856903
    outer loop
      vertex 4.30055e-15 70.2333 64.4969
      vertex 4.60773e-15 75.25 67.265
      vertex -4.92159 75.0889 68.3554
    endloop
  endfacet
  facet normal 0.212933 -0.466424 0.85855
    outer loop
      vertex 4.30055e-15 70.2333 64.4969
      vertex -4.92159 75.0889 68.3554
      vertex -4.59348 70.083 65.5545
    endloop
  endfacet
  facet normal 0.226839 -0.464194 0.856194
    outer loop
      vertex -4.59348 70.083 65.5545
      vertex -4.92159 75.0889 68.3554
      vertex -9.8221 74.6062 69.3921
    endloop
  endfacet
  facet normal 0.23359 -0.457779 0.857831
    outer loop
      vertex -4.59348 70.083 65.5545
      vertex -9.8221 74.6062 69.3921
      vertex -9.16729 69.6325 66.5596
    endloop
  endfacet
  facet normal 0.247764 -0.454607 0.855538
    outer loop
      vertex -9.16729 69.6325 66.5596
      vertex -9.8221 74.6062 69.3921
      vertex -14.6805 73.8041 70.3729
    endloop
  endfacet
  facet normal 0.253694 -0.448247 0.857154
    outer loop
      vertex -9.16729 69.6325 66.5596
      vertex -14.6805 73.8041 70.3729
      vertex -13.7018 68.8838 67.5102
    endloop
  endfacet
  facet normal 0.268083 -0.444093 0.854934
    outer loop
      vertex -13.7018 68.8838 67.5102
      vertex -14.6805 73.8041 70.3729
      vertex -19.4761 72.6859 71.2958
    endloop
  endfacet
  facet normal 0.273226 -0.437861 0.856519
    outer loop
      vertex -13.7018 68.8838 67.5102
      vertex -19.4761 72.6859 71.2958
      vertex -18.1777 67.8402 68.4044
    endloop
  endfacet
  facet normal 0.287772 -0.432689 0.854382
    outer loop
      vertex -18.1777 67.8402 68.4044
      vertex -19.4761 72.6859 71.2958
      vertex -24.1883 71.2565 72.159
    endloop
  endfacet
  facet normal 0.292166 -0.426652 0.855924
    outer loop
      vertex -18.1777 67.8402 68.4044
      vertex -24.1883 71.2565 72.159
      vertex -22.5758 66.5061 69.2407
    endloop
  endfacet
  facet normal 0.306805 -0.420427 0.85388
    outer loop
      vertex -22.5758 66.5061 69.2407
      vertex -24.1883 71.2565 72.159
      vertex -28.7969 69.5219 72.9609
    endloop
  endfacet
  facet normal 0.310496 -0.41465 0.85537
    outer loop
      vertex -22.5758 66.5061 69.2407
      vertex -28.7969 69.5219 72.9609
      vertex -26.8771 64.8871 70.0172
    endloop
  endfacet
  facet normal 0.325159 -0.407344 0.85343
    outer loop
      vertex -26.8771 64.8871 70.0172
      vertex -28.7969 69.5219 72.9609
      vertex -33.2822 67.4897 73.6998
    endloop
  endfacet
  facet normal 0.328196 -0.401885 0.854854
    outer loop
      vertex -26.8771 64.8871 70.0172
      vertex -33.2822 67.4897 73.6998
      vertex -31.0634 62.9904 70.7327
    endloop
  endfacet
  facet normal 0.342811 -0.393475 0.853029
    outer loop
      vertex -31.0634 62.9904 70.7327
      vertex -33.2822 67.4897 73.6998
      vertex -37.625 65.1684 74.3743
    endloop
  endfacet
  facet normal 0.345248 -0.388387 0.854377
    outer loop
      vertex -31.0634 62.9904 70.7327
      vertex -37.625 65.1684 74.3743
      vertex -35.1167 60.8239 71.3858
    endloop
  endfacet
  facet normal 0.359737 -0.378853 0.852678
    outer loop
      vertex -35.1167 60.8239 71.3858
      vertex -37.625 65.1684 74.3743
      vertex -41.8067 62.5681 74.9832
    endloop
  endfacet
  facet normal 0.361632 -0.374183 0.853938
    outer loop
      vertex -35.1167 60.8239 71.3858
      vertex -41.8067 62.5681 74.9832
      vertex -39.0195 58.3969 71.9751
    endloop
  endfacet
  facet normal 0.375916 -0.363513 0.852376
    outer loop
      vertex -39.0195 58.3969 71.9751
      vertex -41.8067 62.5681 74.9832
      vertex -45.8093 59.6998 75.5252
    endloop
  endfacet
  facet normal 0.37733 -0.359303 0.853536
    outer loop
      vertex -39.0195 58.3969 71.9751
      vertex -45.8093 59.6998 75.5252
      vertex -42.7553 55.7198 72.4997
    endloop
  endfacet
  facet normal 0.391325 -0.34749 0.852124
    outer loop
      vertex -42.7553 55.7198 72.4997
      vertex -45.8093 59.6998 75.5252
      vertex -49.6158 56.5759 75.9994
    endloop
  endfacet
  facet normal 0.392323 -0.343774 0.853172
    outer loop
      vertex -42.7553 55.7198 72.4997
      vertex -49.6158 56.5759 75.9994
      vertex -46.3081 52.8042 72.9586
    endloop
  endfacet
  facet normal 0.405944 -0.33082 0.85192
    outer loop
      vertex -46.3081 52.8042 72.9586
      vertex -49.6158 56.5759 75.9994
      vertex -53.2098 53.2098 76.4048
    endloop
  endfacet
  facet normal 0.406593 -0.327626 0.852844
    outer loop
      vertex -46.3081 52.8042 72.9586
      vertex -53.2098 53.2098 76.4048
      vertex -49.6625 49.6625 73.3509
    endloop
  endfacet
  facet normal 0.419753 -0.313537 0.851764
    outer loop
      vertex -49.6625 49.6625 73.3509
      vertex -53.2098 53.2098 76.4048
      vertex -56.5759 49.6158 76.7407
    endloop
  endfacet
  facet normal 0.420122 -0.310887 0.852553
    outer loop
      vertex -49.6625 49.6625 73.3509
      vertex -56.5759 49.6158 76.7407
      vertex -52.8042 46.3081 73.6759
    endloop
  endfacet
  facet normal 0.432732 -0.295676 0.851656
    outer loop
      vertex -52.8042 46.3081 73.6759
      vertex -56.5759 49.6158 76.7407
      vertex -59.6998 45.8093 77.0064
    endloop
  endfacet
  facet normal 0.432891 -0.293584 0.852299
    outer loop
      vertex -52.8042 46.3081 73.6759
      vertex -59.6998 45.8093 77.0064
      vertex -55.7198 42.7553 73.933
    endloop
  endfacet
  facet normal 0.444863 -0.277275 0.851596
    outer loop
      vertex -55.7198 42.7553 73.933
      vertex -59.6998 45.8093 77.0064
      vertex -62.5681 41.8067 77.2015
    endloop
  endfacet
  facet normal 0.444883 -0.275747 0.852081
    outer loop
      vertex -55.7198 42.7553 73.933
      vertex -62.5681 41.8067 77.2015
      vertex -58.3969 39.0195 74.1217
    endloop
  endfacet
  facet normal 0.456128 -0.258367 0.851583
    outer loop
      vertex -58.3969 39.0195 74.1217
      vertex -62.5681 41.8067 77.2015
      vertex -65.1684 37.625 77.3256
    endloop
  endfacet
  facet normal 0.45608 -0.257404 0.8519
    outer loop
      vertex -58.3969 39.0195 74.1217
      vertex -65.1684 37.625 77.3256
      vertex -60.8239 35.1167 74.2418
    endloop
  endfacet
  facet normal 0.466511 -0.23899 0.851617
    outer loop
      vertex -60.8239 35.1167 74.2418
      vertex -65.1684 37.625 77.3256
      vertex -67.4897 33.2822 77.3785
    endloop
  endfacet
  facet normal 0.466465 -0.238585 0.851756
    outer loop
      vertex -60.8239 35.1167 74.2418
      vertex -67.4897 33.2822 77.3785
      vertex -62.9904 31.0634 74.2929
    endloop
  endfacet
  facet normal 0.475995 -0.219179 0.851698
    outer loop
      vertex -62.9904 31.0634 74.2929
      vertex -67.4897 33.2822 77.3785
      vertex -69.5219 28.7969 77.36
    endloop
  endfacet
  facet normal 0.47602 -0.219318 0.851648
    outer loop
      vertex -62.9904 31.0634 74.2929
      vertex -69.5219 28.7969 77.36
      vertex -64.8871 26.8771 74.275
    endloop
  endfacet
  facet normal 0.484566 -0.198972 0.851825
    outer loop
      vertex -64.8871 26.8771 74.275
      vertex -69.5219 28.7969 77.36
      vertex -71.2565 24.1883 77.2702
    endloop
  endfacet
  facet normal 0.484729 -0.199634 0.851578
    outer loop
      vertex -64.8871 26.8771 74.275
      vertex -71.2565 24.1883 77.2702
      vertex -66.5061 22.5758 74.1882
    endloop
  endfacet
  facet normal 0.492209 -0.178404 0.851999
    outer loop
      vertex -66.5061 22.5758 74.1882
      vertex -71.2565 24.1883 77.2702
      vertex -72.6859 19.4761 77.1093
    endloop
  endfacet
  facet normal 0.492575 -0.179562 0.851544
    outer loop
      vertex -66.5061 22.5758 74.1882
      vertex -72.6859 19.4761 77.1093
      vertex -67.8402 18.1777 74.0325
    endloop
  endfacet
  facet normal 0.498911 -0.157513 0.852219
    outer loop
      vertex -67.8402 18.1777 74.0325
      vertex -72.6859 19.4761 77.1093
      vertex -73.8041 14.6805 76.8776
    endloop
  endfacet
  facet normal 0.499541 -0.159133 0.851549
    outer loop
      vertex -67.8402 18.1777 74.0325
      vertex -73.8041 14.6805 76.8776
      vertex -68.8838 13.7018 73.8083
    endloop
  endfacet
  facet normal 0.50466 -0.136336 0.852485
    outer loop
      vertex -68.8838 13.7018 73.8083
      vertex -73.8041 14.6805 76.8776
      vertex -74.6062 9.8221 76.5754
    endloop
  endfacet
  facet normal 0.505612 -0.138378 0.851591
    outer loop
      vertex -68.8838 13.7018 73.8083
      vertex -74.6062 9.8221 76.5754
      vertex -69.6325 9.16729 73.516
    endloop
  endfacet
  facet normal 0.509443 -0.11491 0.852797
    outer loop
      vertex -69.6325 9.16729 73.516
      vertex -74.6062 9.8221 76.5754
      vertex -75.0889 4.92159 76.2034
    endloop
  endfacet
  facet normal 0.510772 -0.117329 0.851673
    outer loop
      vertex -69.6325 9.16729 73.516
      vertex -75.0889 4.92159 76.2034
      vertex -70.083 4.59348 73.156
    endloop
  endfacet
  facet normal 0.513251 -0.0932711 0.853155
    outer loop
      vertex -70.083 4.59348 73.156
      vertex -75.0889 4.92159 76.2034
      vertex -75.25 9.21547e-15 75.7623
    endloop
  endfacet
  facet normal 0.515005 -0.0960165 0.851793
    outer loop
      vertex -70.083 4.59348 73.156
      vertex -75.25 9.21547e-15 75.7623
      vertex -70.2333 8.6011e-15 72.7292
    endloop
  endfacet
  facet normal 0.516072 -0.0714575 0.853559
    outer loop
      vertex -70.2333 8.6011e-15 72.7292
      vertex -75.25 9.21547e-15 75.7623
      vertex -75.0889 -4.92159 75.2529
    endloop
  endfacet
  facet normal 0.518295 -0.0744742 0.851953
    outer loop
      vertex -70.2333 8.6011e-15 72.7292
      vertex -75.0889 -4.92159 75.2529
      vertex -70.083 -4.59348 72.2361
    endloop
  endfacet
  facet normal 0.517898 -0.0495063 0.854009
    outer loop
      vertex -70.083 -4.59348 72.2361
      vertex -75.0889 -4.92159 75.2529
      vertex -74.6062 -9.8221 74.6761
    endloop
  endfacet
  facet normal 0.520629 -0.0527348 0.852153
    outer loop
      vertex -70.083 -4.59348 72.2361
      vertex -74.6062 -9.8221 74.6761
      vertex -69.6325 -9.16729 71.6779
    endloop
  endfacet
  facet normal 0.518718 -0.0274548 0.854504
    outer loop
      vertex -69.6325 -9.16729 71.6779
      vertex -74.6062 -9.8221 74.6761
      vertex -73.8041 -14.6805 74.0331
    endloop
  endfacet
  facet normal 0.52199 -0.0308321 0.852394
    outer loop
      vertex -69.6325 -9.16729 71.6779
      vertex -73.8041 -14.6805 74.0331
      vertex -68.8838 -13.7018 71.0554
    endloop
  endfacet
  facet normal 0.518524 -0.00534031 0.855046
    outer loop
      vertex -68.8838 -13.7018 71.0554
      vertex -73.8041 -14.6805 74.0331
      vertex -72.6859 -19.4761 73.325
    endloop
  endfacet
  facet normal 0.522364 -0.0088001 0.852677
    outer loop
      vertex -68.8838 -13.7018 71.0554
      vertex -72.6859 -19.4761 73.325
      vertex -67.8402 -18.1777 70.3699
    endloop
  endfacet
  facet normal 0.517309 0.0167996 0.855634
    outer loop
      vertex -67.8402 -18.1777 70.3699
      vertex -72.6859 -19.4761 73.325
      vertex -71.2565 -24.1883 72.5533
    endloop
  endfacet
  facet normal 0.521737 0.0133262 0.853002
    outer loop
      vertex -67.8402 -18.1777 70.3699
      vertex -71.2565 -24.1883 72.5533
      vertex -66.5061 -22.5758 69.6225
    endloop
  endfacet
  facet normal 0.515062 0.0389274 0.856268
    outer loop
      vertex -66.5061 -22.5758 69.6225
      vertex -71.2565 -24.1883 72.5533
      vertex -69.5219 -28.7969 71.7195
    endloop
  endfacet
  facet normal 0.520094 0.0355112 0.85337
    outer loop
      vertex -66.5061 -22.5758 69.6225
      vertex -69.5219 -28.7969 71.7195
      vertex -64.8871 -26.8771 68.8149
    endloop
  endfacet
  facet normal 0.511777 0.0610055 0.85695
    outer loop
      vertex -64.8871 -26.8771 68.8149
      vertex -69.5219 -28.7969 71.7195
      vertex -67.4897 -33.2822 70.8251
    endloop
  endfacet
  facet normal 0.51742 0.0577187 0.853783
    outer loop
      vertex -64.8871 -26.8771 68.8149
      vertex -67.4897 -33.2822 70.8251
      vertex -62.9904 -31.0634 67.9484
    endloop
  endfacet
  facet normal 0.507445 0.082996 0.857678
    outer loop
      vertex -62.9904 -31.0634 67.9484
      vertex -67.4897 -33.2822 70.8251
      vertex -65.1684 -37.625 69.872
    endloop
  endfacet
  facet normal 0.5137 0.0799118 0.85424
    outer loop
      vertex -62.9904 -31.0634 67.9484
      vertex -65.1684 -37.625 69.872
      vertex -60.8239 -35.1167 67.0247
    endloop
  endfacet
  facet normal 0.502058 0.104861 0.858454
    outer loop
      vertex -60.8239 -35.1167 67.0247
      vertex -65.1684 -37.625 69.872
      vertex -62.5681 -41.8067 68.862
    endloop
  endfacet
  facet normal 0.50892 0.102053 0.854743
    outer loop
      vertex -60.8239 -35.1167 67.0247
      vertex -62.5681 -41.8067 68.862
      vertex -58.3969 -39.0195 66.0456
    endloop
  endfacet
  facet normal 0.495605 0.126562 0.859277
    outer loop
      vertex -58.3969 -39.0195 66.0456
      vertex -62.5681 -41.8067 68.862
      vertex -59.6998 -45.8093 67.7972
    endloop
  endfacet
  facet normal 0.503064 0.124102 0.855293
    outer loop
      vertex -58.3969 -39.0195 66.0456
      vertex -59.6998 -45.8093 67.7972
      vertex -55.7198 -42.7553 65.0131
    endloop
  endfacet
  facet normal 0.488079 0.148059 0.86015
    outer loop
      vertex -55.7198 -42.7553 65.0131
      vertex -59.6998 -45.8093 67.7972
      vertex -56.5759 -49.6158 66.6798
    endloop
  endfacet
  facet normal 0.496115 0.146021 0.85589
    outer loop
      vertex -55.7198 -42.7553 65.0131
      vertex -56.5759 -49.6158 66.6798
      vertex -52.8042 -46.3081 63.9292
    endloop
  endfacet
  facet normal 0.479466 0.169314 0.861072
    outer loop
      vertex -52.8042 -46.3081 63.9292
      vertex -56.5759 -49.6158 66.6798
      vertex -53.2098 -53.2098 65.5122
    endloop
  endfacet
  facet normal 0.488057 0.167769 0.856536
    outer loop
      vertex -52.8042 -46.3081 63.9292
      vertex -53.2098 -53.2098 65.5122
      vertex -49.6625 -49.6625 62.7961
    endloop
  endfacet
  facet normal 0.469757 0.190286 0.862044
    outer loop
      vertex -49.6625 -49.6625 62.7961
      vertex -53.2098 -53.2098 65.5122
      vertex -49.6158 -56.5759 64.2967
    endloop
  endfacet
  facet normal 0.478872 0.189304 0.857232
    outer loop
      vertex -49.6625 -49.6625 62.7961
      vertex -49.6158 -56.5759 64.2967
      vertex -46.3081 -52.8042 61.616
    endloop
  endfacet
  facet normal 0.458935 0.210934 0.863067
    outer loop
      vertex -46.3081 -52.8042 61.616
      vertex -49.6158 -56.5759 64.2967
      vertex -45.8093 -59.6998 63.0361
    endloop
  endfacet
  facet normal 0.46854 0.210581 0.857978
    outer loop
      vertex -46.3081 -52.8042 61.616
      vertex -45.8093 -59.6998 63.0361
      vertex -42.7553 -55.7198 60.3915
    endloop
  endfacet
  facet normal 0.446987 0.231215 0.864142
    outer loop
      vertex -42.7553 -55.7198 60.3915
      vertex -45.8093 -59.6998 63.0361
      vertex -41.8067 -62.5681 61.7331
    endloop
  endfacet
  facet normal 0.45704 0.231557 0.858776
    outer loop
      vertex -42.7553 -55.7198 60.3915
      vertex -41.8067 -62.5681 61.7331
      vertex -39.0195 -58.3969 59.1251
    endloop
  endfacet
  facet normal 0.433892 0.251084 0.865271
    outer loop
      vertex -39.0195 -58.3969 59.1251
      vertex -41.8067 -62.5681 61.7331
      vertex -37.625 -65.1684 60.3908
    endloop
  endfacet
  facet normal 0.444349 0.252183 0.859626
    outer loop
      vertex -39.0195 -58.3969 59.1251
      vertex -37.625 -65.1684 60.3908
      vertex -35.1167 -60.8239 57.8197
    endloop
  endfacet
  facet normal 0.41963 0.270495 0.866454
    outer loop
      vertex -35.1167 -60.8239 57.8197
      vertex -37.625 -65.1684 60.3908
      vertex -33.2822 -67.4897 59.0122
    endloop
  endfacet
  facet normal 0.430441 0.27241 0.860531
    outer loop
      vertex -35.1167 -60.8239 57.8197
      vertex -33.2822 -67.4897 59.0122
      vertex -31.0634 -62.9904 56.478
    endloop
  endfacet
  facet normal 0.404176 0.289397 0.867693
    outer loop
      vertex -31.0634 -62.9904 56.478
      vertex -33.2822 -67.4897 59.0122
      vertex -28.7969 -69.5219 57.6007
    endloop
  endfacet
  facet normal 0.415287 0.292186 0.861489
    outer loop
      vertex -31.0634 -62.9904 56.478
      vertex -28.7969 -69.5219 57.6007
      vertex -26.8771 -64.8871 55.1033
    endloop
  endfacet
  facet normal 0.3875 0.307737 0.868989
    outer loop
      vertex -26.8771 -64.8871 55.1033
      vertex -28.7969 -69.5219 57.6007
      vertex -24.1883 -71.2565 56.1599
    endloop
  endfacet
  facet normal 0.398853 0.311455 0.862503
    outer loop
      vertex -26.8771 -64.8871 55.1033
      vertex -24.1883 -71.2565 56.1599
      vertex -22.5758 -66.5061 53.6988
    endloop
  endfacet
  facet normal 0.369567 0.325458 0.870343
    outer loop
      vertex -22.5758 -66.5061 53.6988
      vertex -24.1883 -71.2565 56.1599
      vertex -19.4761 -72.6859 54.6936
    endloop
  endfacet
  facet normal 0.381102 0.330154 0.863574
    outer loop
      vertex -22.5758 -66.5061 53.6988
      vertex -19.4761 -72.6859 54.6936
      vertex -18.1777 -67.8402 52.268
    endloop
  endfacet
  facet normal 0.350337 0.342494 0.871758
    outer loop
      vertex -18.1777 -67.8402 52.268
      vertex -19.4761 -72.6859 54.6936
      vertex -14.6805 -73.8041 53.2056
    endloop
  endfacet
  facet normal 0.361989 0.348217 0.864702
    outer loop
      vertex -18.1777 -67.8402 52.268
      vertex -14.6805 -73.8041 53.2056
      vertex -13.7018 -68.8838 50.8145
    endloop
  endfacet
  facet normal 0.329763 0.358774 0.873234
    outer loop
      vertex -13.7018 -68.8838 50.8145
      vertex -14.6805 -73.8041 53.2056
      vertex -9.8221 -74.6062 51.7005
    endloop
  endfacet
  facet normal 0.341465 0.36557 0.865887
    outer loop
      vertex -13.7018 -68.8838 50.8145
      vertex -9.8221 -74.6062 51.7005
      vertex -9.16729 -69.6325 49.3424
    endloop
  endfacet
  facet normal 0.30779 0.374216 0.874773
    outer loop
      vertex -9.16729 -69.6325 49.3424
      vertex -9.8221 -74.6062 51.7005
      vertex -4.92159 -75.0889 50.1827
    endloop
  endfacet
  facet normal 0.319471 0.382128 0.867131
    outer loop
      vertex -9.16729 -69.6325 49.3424
      vertex -4.92159 -75.0889 50.1827
      vertex -4.59348 -70.083 47.8558
    endloop
  endfacet
  facet normal 0.284353 0.388727 0.876376
    outer loop
      vertex -4.59348 -70.083 47.8558
      vertex -4.92159 -75.0889 50.1827
      vertex -1.38232e-14 -75.25 48.6573
    endloop
  endfacet
  facet normal 0.295941 0.397797 0.868434
    outer loop
      vertex -4.59348 -70.083 47.8558
      vertex -1.38232e-14 -75.25 48.6573
      vertex -1.29017e-14 -70.2333 46.3594
    endloop
  endfacet
  facet normal 0.25938 0.402198 0.878043
    outer loop
      vertex -1.29017e-14 -70.2333 46.3594
      vertex -1.38232e-14 -75.25 48.6573
      vertex 4.92159 -75.0889 47.1296
    endloop
  endfacet
  facet normal 0.270797 0.412463 0.869795
    outer loop
      vertex -1.29017e-14 -70.2333 46.3594
      vertex 4.92159 -75.0889 47.1296
      vertex 4.59348 -70.083 44.8579
    endloop
  endfacet
  facet normal 0.232784 0.414499 0.879774
    outer loop
      vertex 4.59348 -70.083 44.8579
      vertex 4.92159 -75.0889 47.1296
      vertex 9.8221 -74.6062 45.6056
    endloop
  endfacet
  facet normal 0.243952 0.425994 0.871216
    outer loop
      vertex 4.59348 -70.083 44.8579
      vertex 9.8221 -74.6062 45.6056
      vertex 9.16729 -69.6325 43.3569
    endloop
  endfacet
  facet normal 0.204471 0.425477 0.881568
    outer loop
      vertex 9.16729 -69.6325 43.3569
      vertex 9.8221 -74.6062 45.6056
      vertex 14.6805 -73.8041 44.0916
    endloop
  endfacet
  facet normal 0.215305 0.438233 0.872695
    outer loop
      vertex 9.16729 -69.6325 43.3569
      vertex 14.6805 -73.8041 44.0916
      vertex 13.7018 -68.8838 41.8623
    endloop
  endfacet
  facet normal 0.174333 0.434943 0.883421
    outer loop
      vertex 13.7018 -68.8838 41.8623
      vertex 14.6805 -73.8041 44.0916
      vertex 19.4761 -72.6859 42.5947
    endloop
  endfacet
  facet normal 0.184745 0.448985 0.874232
    outer loop
      vertex 13.7018 -68.8838 41.8623
      vertex 19.4761 -72.6859 42.5947
      vertex 18.1777 -67.8402 40.3804
    endloop
  endfacet
  facet normal 0.142254 0.442671 0.885328
    outer loop
      vertex 18.1777 -67.8402 40.3804
      vertex 19.4761 -72.6859 42.5947
      vertex 24.1883 -71.2565 41.1228
    endloop
  endfacet
  facet normal 0.152149 0.458014 0.875827
    outer loop
      vertex 18.1777 -67.8402 40.3804
      vertex 24.1883 -71.2565 41.1228
      vertex 22.5758 -66.5061 38.9187
    endloop
  endfacet
  facet normal 0.108114 0.448381 0.88728
    outer loop
      vertex 22.5758 -66.5061 38.9187
      vertex 24.1883 -71.2565 41.1228
      vertex 28.7969 -69.5219 39.6847
    endloop
  endfacet
  facet normal 0.117389 0.465025 0.87748
    outer loop
      vertex 22.5758 -66.5061 38.9187
      vertex 28.7969 -69.5219 39.6847
      vertex 26.8771 -64.8871 37.4853
    endloop
  endfacet
  facet normal 0.0717944 0.451729 0.889262
    outer loop
      vertex 26.8771 -64.8871 37.4853
      vertex 28.7969 -69.5219 39.6847
      vertex 33.2822 -67.4897 38.2902
    endloop
  endfacet
  facet normal 0.0803402 0.469647 0.879191
    outer loop
      vertex 26.8771 -64.8871 37.4853
      vertex 33.2822 -67.4897 38.2902
      vertex 31.0634 -62.9904 36.0896
    endloop
  endfacet
  facet normal 0.0331947 0.452295 0.89125
    outer loop
      vertex 31.0634 -62.9904 36.0896
      vertex 33.2822 -67.4897 38.2902
      vertex 37.625 -65.1684 36.9505
    endloop
  endfacet
  facet normal 0.0408921 0.471418 0.880962
    outer loop
      vertex 31.0634 -62.9904 36.0896
      vertex 37.625 -65.1684 36.9505
      vertex 35.1167 -60.8239 34.7421
    endloop
  endfacet
  facet normal -0.00774435 0.449565 0.893214
    outer loop
      vertex 35.1167 -60.8239 34.7421
      vertex 37.625 -65.1684 36.9505
      vertex 41.8067 -62.5681 35.678
    endloop
  endfacet
  facet normal -0.00102157 0.469759 0.882794
    outer loop
      vertex 35.1167 -60.8239 34.7421
      vertex 41.8067 -62.5681 35.678
      vertex 39.0195 -58.3969 33.4551
    endloop
  endfacet
  facet normal -0.0510032 0.442924 0.895107
    outer loop
      vertex 39.0195 -58.3969 33.4551
      vertex 41.8067 -62.5681 35.678
      vertex 45.8093 -59.6998 34.4868
    endloop
  endfacet
  facet normal -0.0453843 0.463959 0.884693
    outer loop
      vertex 39.0195 -58.3969 33.4551
      vertex 45.8093 -59.6998 34.4868
      vertex 42.7553 -55.7198 32.2429
    endloop
  endfacet
  facet normal -0.0964286 0.431657 0.896869
    outer loop
      vertex 42.7553 -55.7198 32.2429
      vertex 45.8093 -59.6998 34.4868
      vertex 49.6158 -56.5759 33.3925
    endloop
  endfacet
  facet normal -0.0920354 0.45316 0.886666
    outer loop
      vertex 42.7553 -55.7198 32.2429
      vertex 49.6158 -56.5759 33.3925
      vertex 46.3081 -52.8042 31.1215
    endloop
  endfacet
  facet normal -0.143659 0.414967 0.898424
    outer loop
      vertex 46.3081 -52.8042 31.1215
      vertex 49.6158 -56.5759 33.3925
      vertex 53.2098 -53.2098 32.4124
    endloop
  endfacet
  facet normal -0.140585 0.43637 0.888717
    outer loop
      vertex 46.3081 -52.8042 31.1215
      vertex 53.2098 -53.2098 32.4124
      vertex 49.6625 -49.6625 30.1095
    endloop
  endfacet
  facet normal -0.192034 0.39204 0.899682
    outer loop
      vertex 49.6625 -49.6625 30.1095
      vertex 53.2098 -53.2098 32.4124
      vertex 56.5759 -49.6158 31.5648
    endloop
  endfacet
  facet normal -0.190312 0.41253 0.890843
    outer loop
      vertex 49.6625 -49.6625 30.1095
      vertex 56.5759 -49.6158 31.5648
      vertex 52.8042 -46.3081 29.2273
    endloop
  endfacet
  facet normal -0.240511 0.362152 0.900556
    outer loop
      vertex 52.8042 -46.3081 29.2273
      vertex 56.5759 -49.6158 31.5648
      vertex 59.6998 -45.8093 30.8684
    endloop
  endfacet
  facet normal -0.240055 0.380648 0.893018
    outer loop
      vertex 52.8042 -46.3081 29.2273
      vertex 59.6998 -45.8093 30.8684
      vertex 55.7198 -42.7553 28.4967
    endloop
  endfacet
  facet normal -0.287618 0.32484 0.900974
    outer loop
      vertex 55.7198 -42.7553 28.4967
      vertex 59.6998 -45.8093 30.8684
      vertex 62.5681 -41.8067 30.3409
    endloop
  endfacet
  facet normal -0.288162 0.340038 0.895174
    outer loop
      vertex 55.7198 -42.7553 28.4967
      vertex 62.5681 -41.8067 30.3409
      vertex 58.3969 -39.0195 27.9394
    endloop
  endfacet
  facet normal -0.331513 0.280102 0.900912
    outer loop
      vertex 58.3969 -39.0195 27.9394
      vertex 62.5681 -41.8067 30.3409
      vertex 65.1684 -37.625 29.9976
    endloop
  endfacet
  facet normal -0.33255 0.290639 0.897184
    outer loop
      vertex 58.3969 -39.0195 27.9394
      vertex 65.1684 -37.625 29.9976
      vertex 60.8239 -35.1167 27.5747
    endloop
  endfacet
  facet normal -0.370175 0.228579 0.900401
    outer loop
      vertex 60.8239 -35.1167 27.5747
      vertex 65.1684 -37.625 29.9976
      vertex 67.4897 -33.2822 29.8495
    endloop
  endfacet
  facet normal -0.370953 0.23331 0.898866
    outer loop
      vertex 60.8239 -35.1167 27.5747
      vertex 67.4897 -33.2822 29.8495
      vertex 62.9904 -31.0634 27.4167
    endloop
  endfacet
  facet normal -0.401738 0.171613 0.899531
    outer loop
      vertex 62.9904 -31.0634 27.4167
      vertex 67.4897 -33.2822 29.8495
      vertex 69.5219 -28.7969 29.9014
    endloop
  endfacet
  facet normal -0.401344 0.169936 0.900025
    outer loop
      vertex 62.9904 -31.0634 27.4167
      vertex 69.5219 -28.7969 29.9014
      vertex 64.8871 -26.8771 27.4721
    endloop
  endfacet
  facet normal -0.42486 0.111125 0.898413
    outer loop
      vertex 64.8871 -26.8771 27.4721
      vertex 69.5219 -28.7969 29.9014
      vertex 71.2565 -24.1883 30.1516
    endloop
  endfacet
  facet normal -0.4224 0.103203 0.900515
    outer loop
      vertex 64.8871 -26.8771 27.4721
      vertex 71.2565 -24.1883 30.1516
      vertex 66.5061 -22.5758 27.7385
    endloop
  endfacet
  facet normal -0.438978 0.0493223 0.897143
    outer loop
      vertex 66.5061 -22.5758 27.7385
      vertex 71.2565 -24.1883 30.1516
      vertex 72.6859 -19.4761 30.592
    endloop
  endfacet
  facet normal -0.433782 0.036061 0.900296
    outer loop
      vertex 66.5061 -22.5758 27.7385
      vertex 72.6859 -19.4761 30.592
      vertex 67.8402 -18.1777 28.2052
    endloop
  endfacet
  facet normal -0.444346 -0.0116656 0.895779
    outer loop
      vertex 67.8402 -18.1777 28.2052
      vertex 72.6859 -19.4761 30.592
      vertex 73.8041 -14.6805 31.2091
    endloop
  endfacet
  facet normal -0.436099 -0.0288702 0.899436
    outer loop
      vertex 67.8402 -18.1777 28.2052
      vertex 73.8041 -14.6805 31.2091
      vertex 68.8838 -13.7018 28.8549
    endloop
  endfacet
  facet normal -0.44186 -0.0700892 0.894342
    outer loop
      vertex 68.8838 -13.7018 28.8549
      vertex 73.8041 -14.6805 31.2091
      vertex 74.6062 -9.8221 31.9861
    endloop
  endfacet
  facet normal -0.430608 -0.0896948 0.898071
    outer loop
      vertex 68.8838 -13.7018 28.8549
      vertex 74.6062 -9.8221 31.9861
      vertex 69.6325 -9.16729 29.6667
    endloop
  endfacet
  facet normal -0.432777 -0.124729 0.892831
    outer loop
      vertex 69.6325 -9.16729 29.6667
      vertex 74.6062 -9.8221 31.9861
      vertex 75.0889 -4.92159 32.9047
    endloop
  endfacet
  facet normal -0.418837 -0.145333 0.896356
    outer loop
      vertex 69.6325 -9.16729 29.6667
      vertex 75.0889 -4.92159 32.9047
      vertex 70.083 -4.59348 30.6188
    endloop
  endfacet
  facet normal -0.418441 -0.174896 0.891246
    outer loop
      vertex 70.083 -4.59348 30.6188
      vertex 75.0889 -4.92159 32.9047
      vertex 75.25 0 33.9462
    endloop
  endfacet
  facet normal -0.402272 -0.195389 0.894428
    outer loop
      vertex 70.083 -4.59348 30.6188
      vertex 75.25 0 33.9462
      vertex 70.2333 0 31.6899
    endloop
  endfacet
  facet normal -0.416942 -0.203569 0.885844
    outer loop
      vertex 75.25 0 33.9462
      vertex 80.2667 0 36.3074
      vertex 80.0948 5.24969 37.4329
    endloop
  endfacet
  facet normal -0.401207 -0.220261 0.889111
    outer loop
      vertex 75.25 0 33.9462
      vertex 80.0948 5.24969 37.4329
      vertex 75.0889 4.92159 35.0927
    endloop
  endfacet
  facet normal -0.397304 -0.24535 0.884281
    outer loop
      vertex 75.0889 4.92159 35.0927
      vertex 80.0948 5.24969 37.4329
      vertex 79.58 10.4769 38.6519
    endloop
  endfacet
  facet normal -0.380214 -0.261089 0.887282
    outer loop
      vertex 75.0889 4.92159 35.0927
      vertex 79.58 10.4769 38.6519
      vertex 74.6062 9.8221 36.3279
    endloop
  endfacet
  facet normal -0.375173 -0.283052 0.882682
    outer loop
      vertex 74.6062 9.8221 36.3279
      vertex 79.58 10.4769 38.6519
      vertex 78.7244 15.6592 39.9501
    endloop
  endfacet
  facet normal -0.357088 -0.297512 0.885423
    outer loop
      vertex 74.6062 9.8221 36.3279
      vertex 78.7244 15.6592 39.9501
      vertex 73.8041 14.6805 37.6369
    endloop
  endfacet
  facet normal -0.351189 -0.316858 0.88106
    outer loop
      vertex 73.8041 14.6805 37.6369
      vertex 78.7244 15.6592 39.9501
      vertex 77.5316 20.7745 41.3143
    endloop
  endfacet
  facet normal -0.332427 -0.329848 0.883568
    outer loop
      vertex 73.8041 14.6805 37.6369
      vertex 77.5316 20.7745 41.3143
      vertex 72.6859 19.4761 39.0064
    endloop
  endfacet
  facet normal -0.325857 -0.347013 0.879431
    outer loop
      vertex 72.6859 19.4761 39.0064
      vertex 77.5316 20.7745 41.3143
      vertex 76.0069 25.8009 42.7326
    endloop
  endfacet
  facet normal -0.30669 -0.358438 0.881739
    outer loop
      vertex 72.6859 19.4761 39.0064
      vertex 76.0069 25.8009 42.7326
      vertex 71.2565 24.1883 40.4248
    endloop
  endfacet
  facet normal -0.29957 -0.373782 0.877807
    outer loop
      vertex 71.2565 24.1883 40.4248
      vertex 76.0069 25.8009 42.7326
      vertex 74.1567 30.7167 44.1945
    endloop
  endfacet
  facet normal -0.280222 -0.383615 0.879952
    outer loop
      vertex 71.2565 24.1883 40.4248
      vertex 74.1567 30.7167 44.1945
      vertex 69.5219 28.7969 41.8816
    endloop
  endfacet
  facet normal -0.272628 -0.397429 0.876199
    outer loop
      vertex 69.5219 28.7969 41.8816
      vertex 74.1567 30.7167 44.1945
      vertex 71.989 35.501 45.69
    endloop
  endfacet
  facet normal -0.253286 -0.405691 0.878215
    outer loop
      vertex 69.5219 28.7969 41.8816
      vertex 71.989 35.501 45.69
      vertex 67.4897 33.2822 43.3674
    endloop
  endfacet
  facet normal -0.245258 -0.418204 0.874617
    outer loop
      vertex 67.4897 33.2822 43.3674
      vertex 71.989 35.501 45.69
      vertex 69.513 40.1333 47.2107
    endloop
  endfacet
  facet normal -0.226077 -0.424944 0.876534
    outer loop
      vertex 67.4897 33.2822 43.3674
      vertex 69.513 40.1333 47.2107
      vertex 65.1684 37.625 44.8741
    endloop
  endfacet
  facet normal -0.217635 -0.436335 0.873067
    outer loop
      vertex 65.1684 37.625 44.8741
      vertex 69.513 40.1333 47.2107
      vertex 66.7393 44.5938 48.7485
    endloop
  endfacet
  facet normal -0.198742 -0.44162 0.874913
    outer loop
      vertex 65.1684 37.625 44.8741
      vertex 66.7393 44.5938 48.7485
      vertex 62.5681 41.8067 46.3941
    endloop
  endfacet
  facet normal -0.189894 -0.452028 0.871557
    outer loop
      vertex 62.5681 41.8067 46.3941
      vertex 66.7393 44.5938 48.7485
      vertex 63.6798 48.8633 50.2962
    endloop
  endfacet
  facet normal -0.171395 -0.455936 0.873354
    outer loop
      vertex 62.5681 41.8067 46.3941
      vertex 63.6798 48.8633 50.2962
      vertex 59.6998 45.8093 47.9208
    endloop
  endfacet
  facet normal -0.162137 -0.465462 0.87009
    outer loop
      vertex 59.6998 45.8093 47.9208
      vertex 63.6798 48.8633 50.2962
      vertex 60.3477 52.9235 51.8474
    endloop
  endfacet
  facet normal -0.144123 -0.468077 0.871856
    outer loop
      vertex 59.6998 45.8093 47.9208
      vertex 60.3477 52.9235 51.8474
      vertex 56.5759 49.6158 49.448
    endloop
  endfacet
  facet normal -0.134448 -0.476799 0.86867
    outer loop
      vertex 56.5759 49.6158 49.448
      vertex 60.3477 52.9235 51.8474
      vertex 56.7571 56.7571 53.3958
    endloop
  endfacet
  facet normal -0.116994 -0.478208 0.870419
    outer loop
      vertex 56.5759 49.6158 49.448
      vertex 56.7571 56.7571 53.3958
      vertex 53.2098 53.2098 50.9701
    endloop
  endfacet
  facet normal -0.106892 -0.486176 0.867299
    outer loop
      vertex 53.2098 53.2098 50.9701
      vertex 56.7571 56.7571 53.3958
      vertex 52.9235 60.3477 54.9361
    endloop
  endfacet
  facet normal -0.0900629 -0.48647 0.869043
    outer loop
      vertex 53.2098 53.2098 50.9701
      vertex 52.9235 60.3477 54.9361
      vertex 49.6158 56.5759 52.482
    endloop
  endfacet
  facet normal -0.0795253 -0.493718 0.865978
    outer loop
      vertex 49.6158 56.5759 52.482
      vertex 52.9235 60.3477 54.9361
      vertex 48.8633 63.6798 56.463
    endloop
  endfacet
  facet normal -0.0633762 -0.492986 0.867726
    outer loop
      vertex 49.6158 56.5759 52.482
      vertex 48.8633 63.6798 56.463
      vertex 45.8093 59.6998 53.9788
    endloop
  endfacet
  facet normal -0.0523943 -0.499531 0.86471
    outer loop
      vertex 45.8093 59.6998 53.9788
      vertex 48.8633 63.6798 56.463
      vertex 44.5938 66.7393 57.9717
    endloop
  endfacet
  facet normal -0.0369721 -0.497864 0.866467
    outer loop
      vertex 45.8093 59.6998 53.9788
      vertex 44.5938 66.7393 57.9717
      vertex 41.8067 62.5681 55.456
    endloop
  endfacet
  facet normal -0.0255403 -0.50371 0.863495
    outer loop
      vertex 41.8067 62.5681 55.456
      vertex 44.5938 66.7393 57.9717
      vertex 40.1333 69.513 59.4578
    endloop
  endfacet
  facet normal -0.0108842 -0.501198 0.865264
    outer loop
      vertex 41.8067 62.5681 55.456
      vertex 40.1333 69.513 59.4578
      vertex 37.625 65.1684 56.9097
    endloop
  endfacet
  facet normal 0.00100002 -0.506341 0.862333
    outer loop
      vertex 37.625 65.1684 56.9097
      vertex 40.1333 69.513 59.4578
      vertex 35.501 71.989 60.917
    endloop
  endfacet
  facet normal 0.0148574 -0.503073 0.864116
    outer loop
      vertex 37.625 65.1684 56.9097
      vertex 35.501 71.989 60.917
      vertex 33.2822 67.4897 58.3357
    endloop
  endfacet
  facet normal 0.0271924 -0.507497 0.861224
    outer loop
      vertex 33.2822 67.4897 58.3357
      vertex 35.501 71.989 60.917
      vertex 30.7167 74.1567 62.3454
    endloop
  endfacet
  facet normal 0.0402253 -0.503563 0.863022
    outer loop
      vertex 33.2822 67.4897 58.3357
      vertex 30.7167 74.1567 62.3454
      vertex 28.7969 69.5219 59.7306
    endloop
  endfacet
  facet normal 0.0530049 -0.507247 0.860169
    outer loop
      vertex 28.7969 69.5219 59.7306
      vertex 30.7167 74.1567 62.3454
      vertex 25.8009 76.0069 63.7394
    endloop
  endfacet
  facet normal 0.0651937 -0.502735 0.861979
    outer loop
      vertex 28.7969 69.5219 59.7306
      vertex 25.8009 76.0069 63.7394
      vertex 24.1883 71.2565 61.0908
    endloop
  endfacet
  facet normal 0.0784069 -0.505652 0.859167
    outer loop
      vertex 24.1883 71.2565 61.0908
      vertex 25.8009 76.0069 63.7394
      vertex 20.7745 77.5316 65.0955
    endloop
  endfacet
  facet normal 0.0897384 -0.500649 0.860987
    outer loop
      vertex 24.1883 71.2565 61.0908
      vertex 20.7745 77.5316 65.0955
      vertex 19.4761 72.6859 62.4131
    endloop
  endfacet
  facet normal 0.103369 -0.502769 0.858218
    outer loop
      vertex 19.4761 72.6859 62.4131
      vertex 20.7745 77.5316 65.0955
      vertex 15.6592 78.7244 66.4103
    endloop
  endfacet
  facet normal 0.113836 -0.49736 0.860043
    outer loop
      vertex 19.4761 72.6859 62.4131
      vertex 15.6592 78.7244 66.4103
      vertex 14.6805 73.8041 63.6945
    endloop
  endfacet
  facet normal 0.127862 -0.498648 0.857322
    outer loop
      vertex 14.6805 73.8041 63.6945
      vertex 15.6592 78.7244 66.4103
      vertex 10.4769 79.58 67.6809
    endloop
  endfacet
  facet normal 0.137463 -0.49292 0.859147
    outer loop
      vertex 14.6805 73.8041 63.6945
      vertex 10.4769 79.58 67.6809
      vertex 9.8221 74.6062 64.9321
    endloop
  endfacet
  facet normal 0.151857 -0.49334 0.856478
    outer loop
      vertex 9.8221 74.6062 64.9321
      vertex 10.4769 79.58 67.6809
      vertex 5.24969 80.0948 68.9042
    endloop
  endfacet
  facet normal 0.160599 -0.487374 0.858297
    outer loop
      vertex 9.8221 74.6062 64.9321
      vertex 5.24969 80.0948 68.9042
      vertex 4.92159 75.0889 66.1231
    endloop
  endfacet
  facet normal 0.175327 -0.486889 0.855687
    outer loop
      vertex 4.92159 75.0889 66.1231
      vertex 5.24969 80.0948 68.9042
      vertex 4.91492e-15 80.2667 70.0777
    endloop
  endfacet
  facet normal 0.18322 -0.480767 0.857493
    outer loop
      vertex 4.92159 75.0889 66.1231
      vertex 4.91492e-15 80.2667 70.0777
      vertex 4.60773e-15 75.25 67.265
    endloop
  endfacet
  facet normal 0.198245 -0.479339 0.854946
    outer loop
      vertex 4.60773e-15 75.25 67.265
      vertex 4.91492e-15 80.2667 70.0777
      vertex -5.24969 80.0948 71.1986
    endloop
  endfacet
  facet normal 0.205306 -0.473138 0.856732
    outer loop
      vertex 4.60773e-15 75.25 67.265
      vertex -5.24969 80.0948 71.1986
      vertex -4.92159 75.0889 68.3554
    endloop
  endfacet
  facet normal 0.220582 -0.470731 0.854257
    outer loop
      vertex -4.92159 75.0889 68.3554
      vertex -5.24969 80.0948 71.1986
      vertex -10.4769 79.58 72.2647
    endloop
  endfacet
  facet normal 0.226834 -0.464527 0.856014
    outer loop
      vertex -4.92159 75.0889 68.3554
      vertex -10.4769 79.58 72.2647
      vertex -9.8221 74.6062 69.3921
    endloop
  endfacet
  facet normal 0.242313 -0.461106 0.853619
    outer loop
      vertex -9.8221 74.6062 69.3921
      vertex -10.4769 79.58 72.2647
      vertex -15.6592 78.7244 73.2736
    endloop
  endfacet
  facet normal 0.247784 -0.454971 0.855339
    outer loop
      vertex -9.8221 74.6062 69.3921
      vertex -15.6592 78.7244 73.2736
      vertex -14.6805 73.8041 70.3729
    endloop
  endfacet
  facet normal 0.26341 -0.450503 0.853031
    outer loop
      vertex -14.6805 73.8041 70.3729
      vertex -15.6592 78.7244 73.2736
      vertex -20.7745 77.5316 74.2232
    endloop
  endfacet
  facet normal 0.268135 -0.444505 0.854704
    outer loop
      vertex -14.6805 73.8041 70.3729
      vertex -20.7745 77.5316 74.2232
      vertex -19.4761 72.6859 71.2958
    endloop
  endfacet
  facet normal 0.283847 -0.43896 0.852494
    outer loop
      vertex -19.4761 72.6859 71.2958
      vertex -20.7745 77.5316 74.2232
      vertex -25.8009 76.0069 75.1117
    endloop
  endfacet
  facet normal 0.287866 -0.433163 0.85411
    outer loop
      vertex -19.4761 72.6859 71.2958
      vertex -25.8009 76.0069 75.1117
      vertex -24.1883 71.2565 72.159
    endloop
  endfacet
  facet normal 0.303599 -0.426514 0.852005
    outer loop
      vertex -24.1883 71.2565 72.159
      vertex -25.8009 76.0069 75.1117
      vertex -30.7167 74.1567 75.9372
    endloop
  endfacet
  facet normal 0.306956 -0.420978 0.853555
    outer loop
      vertex -24.1883 71.2565 72.159
      vertex -30.7167 74.1567 75.9372
      vertex -28.7969 69.5219 72.9609
    endloop
  endfacet
  facet normal 0.322642 -0.413204 0.851566
    outer loop
      vertex -28.7969 69.5219 72.9609
      vertex -30.7167 74.1567 75.9372
      vertex -35.501 71.989 76.698
    endloop
  endfacet
  facet normal 0.325384 -0.407982 0.853039
    outer loop
      vertex -28.7969 69.5219 72.9609
      vertex -35.501 71.989 76.698
      vertex -33.2822 67.4897 73.6998
    endloop
  endfacet
  facet normal 0.340949 -0.399065 0.851176
    outer loop
      vertex -33.2822 67.4897 73.6998
      vertex -35.501 71.989 76.698
      vertex -40.1333 69.513 77.3927
    endloop
  endfacet
  facet normal 0.34313 -0.394208 0.852562
    outer loop
      vertex -33.2822 67.4897 73.6998
      vertex -40.1333 69.513 77.3927
      vertex -37.625 65.1684 74.3743
    endloop
  endfacet
  facet normal 0.355848 -0.385888 0.851154
    outer loop
      vertex -37.625 65.1684 74.3743
      vertex -40.1333 69.513 77.3927
      vertex -44.5938 66.7393 78
    endloop
  endfacet
  facet normal 0.359013 -0.377474 0.853594
    outer loop
      vertex -37.625 65.1684 74.3743
      vertex -44.5938 66.7393 78
      vertex -41.8067 62.5681 74.9832
    endloop
  endfacet
  facet normal 0.300299 -0.419066 0.856857
    outer loop
      vertex -41.8067 62.5681 74.9832
      vertex -44.5938 66.7393 78
      vertex -48.8633 63.6798 78
    endloop
  endfacet
  facet normal 0.335002 -0.298619 0.893644
    outer loop
      vertex -41.8067 62.5681 74.9832
      vertex -48.8633 63.6798 78
      vertex -45.8093 59.6998 75.5252
    endloop
  endfacet
  facet normal 0.280783 -0.342135 0.896719
    outer loop
      vertex -45.8093 59.6998 75.5252
      vertex -48.8633 63.6798 78
      vertex -52.9235 60.3477 78
    endloop
  endfacet
  facet normal 0.301503 -0.226814 0.926095
    outer loop
      vertex -45.8093 59.6998 75.5252
      vertex -52.9235 60.3477 78
      vertex -49.6158 56.5759 75.9994
    endloop
  endfacet
  facet normal 0.253337 -0.270485 0.928794
    outer loop
      vertex -49.6158 56.5759 75.9994
      vertex -52.9235 60.3477 78
      vertex -56.7571 56.7571 78
    endloop
  endfacet
  facet normal 0.262153 -0.165393 0.950747
    outer loop
      vertex -49.6158 56.5759 75.9994
      vertex -56.7571 56.7571 78
      vertex -53.2098 53.2098 76.4048
    endloop
  endfacet
  facet normal 0.221279 -0.207251 0.952934
    outer loop
      vertex -53.2098 53.2098 76.4048
      vertex -56.7571 56.7571 78
      vertex -60.3477 52.9235 78
    endloop
  endfacet
  facet normal 0.221069 -0.11656 0.968268
    outer loop
      vertex -53.2098 53.2098 76.4048
      vertex -60.3477 52.9235 78
      vertex -56.5759 49.6158 76.7407
    endloop
  endfacet
  facet normal 0.188302 -0.154536 0.969877
    outer loop
      vertex -56.5759 49.6158 76.7407
      vertex -60.3477 52.9235 78
      vertex -63.6798 48.8633 78
    endloop
  endfacet
  facet normal 0.182308 -0.0812068 0.979882
    outer loop
      vertex -56.5759 49.6158 76.7407
      vertex -63.6798 48.8633 78
      vertex -59.6998 45.8093 77.0064
    endloop
  endfacet
  facet normal 0.158002 -0.113223 0.980926
    outer loop
      vertex -59.6998 45.8093 77.0064
      vertex -63.6798 48.8633 78
      vertex -66.7393 44.5938 78
    endloop
  endfacet
  facet normal 0.1495 -0.0590201 0.986999
    outer loop
      vertex -59.6998 45.8093 77.0064
      vertex -66.7393 44.5938 78
      vertex -62.5681 41.8067 77.2015
    endloop
  endfacet
  facet normal 0.133552 -0.0830478 0.987556
    outer loop
      vertex -62.5681 41.8067 77.2015
      vertex -66.7393 44.5938 78
      vertex -69.513 40.1333 78
    endloop
  endfacet
  facet normal 0.125667 -0.048739 0.990875
    outer loop
      vertex -62.5681 41.8067 77.2015
      vertex -69.513 40.1333 78
      vertex -65.1684 37.625 77.3256
    endloop
  endfacet
  facet normal 0.117559 -0.0628365 0.991076
    outer loop
      vertex -65.1684 37.625 77.3256
      vertex -69.513 40.1333 78
      vertex -71.989 35.501 78
    endloop
  endfacet
  facet normal 0.113202 -0.0484287 0.992391
    outer loop
      vertex -65.1684 37.625 77.3256
      vertex -71.989 35.501 78
      vertex -67.4897 33.2822 77.3785
    endloop
  endfacet
  facet normal 0.11205 -0.0507692 0.992405
    outer loop
      vertex -67.4897 33.2822 77.3785
      vertex -71.989 35.501 78
      vertex -74.1567 30.7167 78
    endloop
  endfacet
  facet normal 0.113901 -0.0556939 0.99193
    outer loop
      vertex -67.4897 33.2822 77.3785
      vertex -74.1567 30.7167 78
      vertex -69.5219 28.7969 77.36
    endloop
  endfacet
  facet normal 0.118499 -0.0445999 0.991952
    outer loop
      vertex -69.5219 28.7969 77.36
      vertex -74.1567 30.7167 78
      vertex -76.0069 25.8009 78
    endloop
  endfacet
  facet normal 0.128964 -0.0678111 0.989328
    outer loop
      vertex -69.5219 28.7969 77.36
      vertex -76.0069 25.8009 78
      vertex -71.2565 24.1883 77.2702
    endloop
  endfacet
  facet normal 0.137828 -0.0418096 0.989573
    outer loop
      vertex -71.2565 24.1883 77.2702
      vertex -76.0069 25.8009 78
      vertex -77.5316 20.7745 78
    endloop
  endfacet
  facet normal 0.158927 -0.0818083 0.983895
    outer loop
      vertex -71.2565 24.1883 77.2702
      vertex -77.5316 20.7745 78
      vertex -72.6859 19.4761 77.1093
    endloop
  endfacet
  facet normal 0.170333 -0.039716 0.984586
    outer loop
      vertex -72.6859 19.4761 77.1093
      vertex -77.5316 20.7745 78
      vertex -78.7244 15.6592 78
    endloop
  endfacet
  facet normal 0.203501 -0.0945425 0.974499
    outer loop
      vertex -72.6859 19.4761 77.1093
      vertex -78.7244 15.6592 78
      vertex -73.8041 14.6805 76.8776
    endloop
  endfacet
  facet normal 0.215536 -0.0355851 0.975847
    outer loop
      vertex -73.8041 14.6805 76.8776
      vertex -78.7244 15.6592 78
      vertex -79.58 10.4769 78
    endloop
  endfacet
  facet normal 0.261353 -0.102837 0.95975
    outer loop
      vertex -73.8041 14.6805 76.8776
      vertex -79.58 10.4769 78
      vertex -74.6062 9.8221 76.5754
    endloop
  endfacet
  facet normal 0.271988 -0.0267885 0.961928
    outer loop
      vertex -74.6062 9.8221 76.5754
      vertex -79.58 10.4769 78
      vertex -80.0948 5.24969 78
    endloop
  endfacet
  facet normal 0.329942 -0.10372 0.938286
    outer loop
      vertex -74.6062 9.8221 76.5754
      vertex -80.0948 5.24969 78
      vertex -75.0889 4.92159 76.2034
    endloop
  endfacet
  facet normal 0.337131 -0.0110365 0.941393
    outer loop
      vertex -75.0889 4.92159 76.2034
      vertex -80.0948 5.24969 78
      vertex -80.2667 9.82983e-15 78
    endloop
  endfacet
  facet normal 0.405531 -0.094764 0.909156
    outer loop
      vertex -75.0889 4.92159 76.2034
      vertex -80.2667 9.82983e-15 78
      vertex -75.25 9.21547e-15 75.7623
    endloop
  endfacet
  facet normal 0.407328 0.0133345 0.913185
    outer loop
      vertex -75.25 9.21547e-15 75.7623
      vertex -80.2667 9.82983e-15 78
      vertex -80.0948 -5.24969 78
    endloop
  endfacet
  facet normal 0.483505 -0.0744501 0.87217
    outer loop
      vertex -75.25 9.21547e-15 75.7623
      vertex -80.0948 -5.24969 78
      vertex -75.0889 -4.92159 75.2529
    endloop
  endfacet
  facet normal 0.48121 -0.00232593 0.876602
    outer loop
      vertex -75.0889 -4.92159 75.2529
      vertex -80.0948 -5.24969 78
      vertex -79.58 -10.4769 77.7035
    endloop
  endfacet
  facet normal 0.523974 -0.0484775 0.850353
    outer loop
      vertex -75.0889 -4.92159 75.2529
      vertex -79.58 -10.4769 77.7035
      vertex -74.6062 -9.8221 74.6761
    endloop
  endfacet
  facet normal 0.521989 -0.0227834 0.852648
    outer loop
      vertex -74.6062 -9.8221 74.6761
      vertex -79.58 -10.4769 77.7035
      vertex -78.7244 -15.6592 77.0412
    endloop
  endfacet
  facet normal 0.525184 -0.0258698 0.850595
    outer loop
      vertex -74.6062 -9.8221 74.6761
      vertex -78.7244 -15.6592 77.0412
      vertex -73.8041 -14.6805 74.0331
    endloop
  endfacet
  facet normal 0.521616 1.39722e-05 0.85318
    outer loop
      vertex -73.8041 -14.6805 74.0331
      vertex -78.7244 -15.6592 77.0412
      vertex -77.5316 -20.7745 76.3121
    endloop
  endfacet
  facet normal 0.525353 -0.00313274 0.850879
    outer loop
      vertex -73.8041 -14.6805 74.0331
      vertex -77.5316 -20.7745 76.3121
      vertex -72.6859 -19.4761 73.325
    endloop
  endfacet
  facet normal 0.520169 0.0228376 0.853758
    outer loop
      vertex -72.6859 -19.4761 73.325
      vertex -77.5316 -20.7745 76.3121
      vertex -76.0069 -25.8009 75.5176
    endloop
  endfacet
  facet normal 0.524466 0.0196962 0.851204
    outer loop
      vertex -72.6859 -19.4761 73.325
      vertex -76.0069 -25.8009 75.5176
      vertex -71.2565 -24.1883 72.5533
    endloop
  endfacet
  facet normal 0.517639 0.0456475 0.854381
    outer loop
      vertex -71.2565 -24.1883 72.5533
      vertex -76.0069 -25.8009 75.5176
      vertex -74.1567 -30.7167 74.6593
    endloop
  endfacet
  facet normal 0.522506 0.042579 0.851572
    outer loop
      vertex -71.2565 -24.1883 72.5533
      vertex -74.1567 -30.7167 74.6593
      vertex -69.5219 -28.7969 71.7195
    endloop
  endfacet
  facet normal 0.514015 0.0684036 0.855049
    outer loop
      vertex -69.5219 -28.7969 71.7195
      vertex -74.1567 -30.7167 74.6593
      vertex -71.989 -35.501 73.7389
    endloop
  endfacet
  facet normal 0.519459 0.0654766 0.851983
    outer loop
      vertex -69.5219 -28.7969 71.7195
      vertex -71.989 -35.501 73.7389
      vertex -67.4897 -33.2822 70.8251
    endloop
  endfacet
  facet normal 0.509289 0.0910655 0.855764
    outer loop
      vertex -67.4897 -33.2822 70.8251
      vertex -71.989 -35.501 73.7389
      vertex -69.513 -40.1333 72.7583
    endloop
  endfacet
  facet normal 0.515309 0.0883492 0.852438
    outer loop
      vertex -67.4897 -33.2822 70.8251
      vertex -69.513 -40.1333 72.7583
      vertex -65.1684 -37.625 69.872
    endloop
  endfacet
  facet normal 0.50345 0.113592 0.856525
    outer loop
      vertex -65.1684 -37.625 69.872
      vertex -69.513 -40.1333 72.7583
      vertex -66.7393 -44.5938 71.7195
    endloop
  endfacet
  facet normal 0.510039 0.111156 0.852939
    outer loop
      vertex -65.1684 -37.625 69.872
      vertex -66.7393 -44.5938 71.7195
      vertex -62.5681 -41.8067 68.862
    endloop
  endfacet
  facet normal 0.496488 0.135942 0.857333
    outer loop
      vertex -62.5681 -41.8067 68.862
      vertex -66.7393 -44.5938 71.7195
      vertex -63.6798 -48.8633 70.6247
    endloop
  endfacet
  facet normal 0.503633 0.133855 0.853485
    outer loop
      vertex -62.5681 -41.8067 68.862
      vertex -63.6798 -48.8633 70.6247
      vertex -59.6998 -45.8093 67.7972
    endloop
  endfacet
  facet normal 0.488391 0.158073 0.858188
    outer loop
      vertex -59.6998 -45.8093 67.7972
      vertex -63.6798 -48.8633 70.6247
      vertex -60.3477 -52.9235 69.4763
    endloop
  endfacet
  facet normal 0.496074 0.156404 0.854077
    outer loop
      vertex -59.6998 -45.8093 67.7972
      vertex -60.3477 -52.9235 69.4763
      vertex -56.5759 -49.6158 66.6798
    endloop
  endfacet
  facet normal 0.479148 0.179943 0.859091
    outer loop
      vertex -56.5759 -49.6158 66.6798
      vertex -60.3477 -52.9235 69.4763
      vertex -56.7571 -56.7571 68.2767
    endloop
  endfacet
  facet normal 0.487344 0.178757 0.854717
    outer loop
      vertex -56.5759 -49.6158 66.6798
      vertex -56.7571 -56.7571 68.2767
      vertex -53.2098 -53.2098 65.5122
    endloop
  endfacet
  facet normal 0.468745 0.201506 0.860043
    outer loop
      vertex -53.2098 -53.2098 65.5122
      vertex -56.7571 -56.7571 68.2767
      vertex -52.9235 -60.3477 67.0285
    endloop
  endfacet
  facet normal 0.477423 0.200869 0.855406
    outer loop
      vertex -53.2098 -53.2098 65.5122
      vertex -52.9235 -60.3477 67.0285
      vertex -49.6158 -56.5759 64.2967
    endloop
  endfacet
  facet normal 0.457166 0.222718 0.861044
    outer loop
      vertex -49.6158 -56.5759 64.2967
      vertex -52.9235 -60.3477 67.0285
      vertex -48.8633 -63.6798 65.7346
    endloop
  endfacet
  facet normal 0.466292 0.222692 0.856143
    outer loop
      vertex -49.6158 -56.5759 64.2967
      vertex -48.8633 -63.6798 65.7346
      vertex -45.8093 -59.6998 63.0361
    endloop
  endfacet
  facet normal 0.444395 0.24353 0.862094
    outer loop
      vertex -45.8093 -59.6998 63.0361
      vertex -48.8633 -63.6798 65.7346
      vertex -44.5938 -66.7393 64.3981
    endloop
  endfacet
  facet normal 0.453927 0.244176 0.85693
    outer loop
      vertex -45.8093 -59.6998 63.0361
      vertex -44.5938 -66.7393 64.3981
      vertex -41.8067 -62.5681 61.7331
    endloop
  endfacet
  facet normal 0.430411 0.263893 0.863196
    outer loop
      vertex -41.8067 -62.5681 61.7331
      vertex -44.5938 -66.7393 64.3981
      vertex -40.1333 -69.513 63.0219
    endloop
  endfacet
  facet normal 0.440304 0.265269 0.857767
    outer loop
      vertex -41.8067 -62.5681 61.7331
      vertex -40.1333 -69.513 63.0219
      vertex -37.625 -65.1684 60.3908
    endloop
  endfacet
  facet normal 0.415192 0.283754 0.864349
    outer loop
      vertex -37.625 -65.1684 60.3908
      vertex -40.1333 -69.513 63.0219
      vertex -35.501 -71.989 61.6096
    endloop
  endfacet
  facet normal 0.425397 0.285914 0.858656
    outer loop
      vertex -37.625 -65.1684 60.3908
      vertex -35.501 -71.989 61.6096
      vertex -33.2822 -67.4897 59.0122
    endloop
  endfacet
  facet normal 0.398712 0.303057 0.865555
    outer loop
      vertex -33.2822 -67.4897 59.0122
      vertex -35.501 -71.989 61.6096
      vertex -30.7167 -74.1567 60.1648
    endloop
  endfacet
  facet normal 0.409175 0.306053 0.859597
    outer loop
      vertex -33.2822 -67.4897 59.0122
      vertex -30.7167 -74.1567 60.1648
      vertex -28.7969 -69.5219 57.6007
    endloop
  endfacet
  facet normal 0.380941 0.321741 0.866814
    outer loop
      vertex -28.7969 -69.5219 57.6007
      vertex -30.7167 -74.1567 60.1648
      vertex -25.8009 -76.0069 58.6911
    endloop
  endfacet
  facet normal 0.391605 0.325621 0.860591
    outer loop
      vertex -28.7969 -69.5219 57.6007
      vertex -25.8009 -76.0069 58.6911
      vertex -24.1883 -71.2565 56.1599
    endloop
  endfacet
  facet normal 0.361845 0.339739 0.868128
    outer loop
      vertex -24.1883 -71.2565 56.1599
      vertex -25.8009 -76.0069 58.6911
      vertex -20.7745 -77.5316 57.1928
    endloop
  endfacet
  facet normal 0.372649 0.344548 0.861638
    outer loop
      vertex -24.1883 -71.2565 56.1599
      vertex -20.7745 -77.5316 57.1928
      vertex -19.4761 -72.6859 54.6936
    endloop
  endfacet
  facet normal 0.341385 0.356978 0.869496
    outer loop
      vertex -19.4761 -72.6859 54.6936
      vertex -20.7745 -77.5316 57.1928
      vertex -15.6592 -78.7244 55.6741
    endloop
  endfacet
  facet normal 0.352263 0.362757 0.862739
    outer loop
      vertex -19.4761 -72.6859 54.6936
      vertex -15.6592 -78.7244 55.6741
      vertex -14.6805 -73.8041 53.2056
    endloop
  endfacet
  facet normal 0.319514 0.373375 0.87092
    outer loop
      vertex -14.6805 -73.8041 53.2056
      vertex -15.6592 -78.7244 55.6741
      vertex -10.4769 -79.58 54.1397
    endloop
  endfacet
  facet normal 0.330401 0.380162 0.863894
    outer loop
      vertex -14.6805 -73.8041 53.2056
      vertex -10.4769 -79.58 54.1397
      vertex -9.8221 -74.6062 51.7005
    endloop
  endfacet
  facet normal 0.296182 0.388838 0.872399
    outer loop
      vertex -9.8221 -74.6062 51.7005
      vertex -10.4769 -79.58 54.1397
      vertex -5.24969 -80.0948 52.5945
    endloop
  endfacet
  facet normal 0.307006 0.396667 0.865103
    outer loop
      vertex -9.8221 -74.6062 51.7005
      vertex -5.24969 -80.0948 52.5945
      vertex -4.92159 -75.0889 50.1827
    endloop
  endfacet
  facet normal 0.271331 0.40326 0.873934
    outer loop
      vertex -4.92159 -75.0889 50.1827
      vertex -5.24969 -80.0948 52.5945
      vertex -1.47447e-14 -80.2667 51.0439
    endloop
  endfacet
  facet normal 0.282018 0.412159 0.866366
    outer loop
      vertex -4.92159 -75.0889 50.1827
      vertex -1.47447e-14 -80.2667 51.0439
      vertex -1.38232e-14 -75.25 48.6573
    endloop
  endfacet
  facet normal 0.244895 0.416515 0.875523
    outer loop
      vertex -1.38232e-14 -75.25 48.6573
      vertex -1.47447e-14 -80.2667 51.0439
      vertex 5.24969 -80.0948 49.4937
    endloop
  endfacet
  facet normal 0.255368 0.42651 0.867684
    outer loop
      vertex -1.38232e-14 -75.25 48.6573
      vertex 5.24969 -80.0948 49.4937
      vertex 4.92159 -75.0889 47.1296
    endloop
  endfacet
  facet normal 0.216802 0.42846 0.877165
    outer loop
      vertex 4.92159 -75.0889 47.1296
      vertex 5.24969 -80.0948 49.4937
      vertex 10.4769 -79.58 47.9503
    endloop
  endfacet
  facet normal 0.226982 0.439569 0.869056
    outer loop
      vertex 4.92159 -75.0889 47.1296
      vertex 10.4769 -79.58 47.9503
      vertex 9.8221 -74.6062 45.6056
    endloop
  endfacet
  facet normal 0.186975 0.438922 0.878856
    outer loop
      vertex 9.8221 -74.6062 45.6056
      vertex 10.4769 -79.58 47.9503
      vertex 15.6592 -78.7244 46.4204
    endloop
  endfacet
  facet normal 0.196776 0.451157 0.870481
    outer loop
      vertex 9.8221 -74.6062 45.6056
      vertex 15.6592 -78.7244 46.4204
      vertex 14.6805 -73.8041 44.0916
    endloop
  endfacet
  facet normal 0.155333 0.447698 0.88059
    outer loop
      vertex 14.6805 -73.8041 44.0916
      vertex 15.6592 -78.7244 46.4204
      vertex 20.7745 -77.5316 44.9117
    endloop
  endfacet
  facet normal 0.164666 0.461057 0.871958
    outer loop
      vertex 14.6805 -73.8041 44.0916
      vertex 20.7745 -77.5316 44.9117
      vertex 19.4761 -72.6859 42.5947
    endloop
  endfacet
  facet normal 0.121793 0.454543 0.882359
    outer loop
      vertex 19.4761 -72.6859 42.5947
      vertex 20.7745 -77.5316 44.9117
      vertex 25.8009 -76.0069 43.4325
    endloop
  endfacet
  facet normal 0.130565 0.469011 0.873488
    outer loop
      vertex 19.4761 -72.6859 42.5947
      vertex 25.8009 -76.0069 43.4325
      vertex 24.1883 -71.2565 41.1228
    endloop
  endfacet
  facet normal 0.0862823 0.459164 0.884151
    outer loop
      vertex 24.1883 -71.2565 41.1228
      vertex 25.8009 -76.0069 43.4325
      vertex 30.7167 -74.1567 41.9919
    endloop
  endfacet
  facet normal 0.0943956 0.474705 0.875068
    outer loop
      vertex 24.1883 -71.2565 41.1228
      vertex 30.7167 -74.1567 41.9919
      vertex 28.7969 -69.5219 39.6847
    endloop
  endfacet
  facet normal 0.0487449 0.461213 0.88595
    outer loop
      vertex 28.7969 -69.5219 39.6847
      vertex 30.7167 -74.1567 41.9919
      vertex 35.501 -71.989 40.6002
    endloop
  endfacet
  facet normal 0.056096 0.477757 0.876699
    outer loop
      vertex 28.7969 -69.5219 39.6847
      vertex 35.501 -71.989 40.6002
      vertex 33.2822 -67.4897 38.2902
    endloop
  endfacet
  facet normal 0.0091595 0.460273 0.88773
    outer loop
      vertex 33.2822 -67.4897 38.2902
      vertex 35.501 -71.989 40.6002
      vertex 40.1333 -69.513 39.2686
    endloop
  endfacet
  facet normal 0.0156427 0.477705 0.878381
    outer loop
      vertex 33.2822 -67.4897 38.2902
      vertex 40.1333 -69.513 39.2686
      vertex 37.625 -65.1684 36.9505
    endloop
  endfacet
  facet normal -0.0324352 0.455859 0.889461
    outer loop
      vertex 37.625 -65.1684 36.9505
      vertex 40.1333 -69.513 39.2686
      vertex 44.5938 -66.7393 38.0097
    endloop
  endfacet
  facet normal -0.0269253 0.474 0.880113
    outer loop
      vertex 37.625 -65.1684 36.9505
      vertex 44.5938 -66.7393 38.0097
      vertex 41.8067 -62.5681 35.678
    endloop
  endfacet
  facet normal -0.0759062 0.447413 0.8911
    outer loop
      vertex 41.8067 -62.5681 35.678
      vertex 44.5938 -66.7393 38.0097
      vertex 48.8633 -63.6798 36.8373
    endloop
  endfacet
  facet normal -0.0714667 0.465995 0.881896
    outer loop
      vertex 41.8067 -62.5681 35.678
      vertex 48.8633 -63.6798 36.8373
      vertex 45.8093 -59.6998 34.4868
    endloop
  endfacet
  facet normal -0.12098 0.434321 0.892597
    outer loop
      vertex 45.8093 -59.6998 34.4868
      vertex 48.8633 -63.6798 36.8373
      vertex 52.9235 -60.3477 35.7662
    endloop
  endfacet
  facet normal -0.117688 0.452959 0.883729
    outer loop
      vertex 45.8093 -59.6998 34.4868
      vertex 52.9235 -60.3477 35.7662
      vertex 49.6158 -56.5759 33.3925
    endloop
  endfacet
  facet normal -0.16719 0.415942 0.89389
    outer loop
      vertex 49.6158 -56.5759 33.3925
      vertex 52.9235 -60.3477 35.7662
      vertex 56.7571 -56.7571 34.8125
    endloop
  endfacet
  facet normal -0.165082 0.434108 0.885606
    outer loop
      vertex 49.6158 -56.5759 33.3925
      vertex 56.7571 -56.7571 34.8125
      vertex 53.2098 -53.2098 32.4124
    endloop
  endfacet
  facet normal -0.213818 0.391671 0.894917
    outer loop
      vertex 53.2098 -53.2098 32.4124
      vertex 56.7571 -56.7571 34.8125
      vertex 60.3477 -52.9235 33.9925
    endloop
  endfacet
  facet normal -0.212861 0.408676 0.88751
    outer loop
      vertex 53.2098 -53.2098 32.4124
      vertex 60.3477 -52.9235 33.9925
      vertex 56.5759 -49.6158 31.5648
    endloop
  endfacet
  facet normal -0.259861 0.361032 0.895616
    outer loop
      vertex 56.5759 -49.6158 31.5648
      vertex 60.3477 -52.9235 33.9925
      vertex 63.6798 -48.8633 33.3226
    endloop
  endfacet
  facet normal -0.259913 0.376036 0.889406
    outer loop
      vertex 56.5759 -49.6158 31.5648
      vertex 63.6798 -48.8633 33.3226
      vertex 59.6998 -45.8093 30.8684
    endloop
  endfacet
  facet normal -0.304026 0.323804 0.895946
    outer loop
      vertex 59.6998 -45.8093 30.8684
      vertex 63.6798 -48.8633 33.3226
      vertex 66.7393 -44.5938 32.8178
    endloop
  endfacet
  facet normal -0.304802 0.335869 0.891228
    outer loop
      vertex 59.6998 -45.8093 30.8684
      vertex 66.7393 -44.5938 32.8178
      vertex 62.5681 -41.8067 30.3409
    endloop
  endfacet
  facet normal -0.344807 0.280146 0.895894
    outer loop
      vertex 62.5681 -41.8067 30.3409
      vertex 66.7393 -44.5938 32.8178
      vertex 69.513 -40.1333 32.4905
    endloop
  endfacet
  facet normal -0.345853 0.28836 0.89288
    outer loop
      vertex 62.5681 -41.8067 30.3409
      vertex 69.513 -40.1333 32.4905
      vertex 65.1684 -37.625 29.9976
    endloop
  endfacet
  facet normal -0.380639 0.230697 0.895485
    outer loop
      vertex 65.1684 -37.625 29.9976
      vertex 69.513 -40.1333 32.4905
      vertex 71.989 -35.501 32.3496
    endloop
  endfacet
  facet normal -0.381344 0.234339 0.894238
    outer loop
      vertex 65.1684 -37.625 29.9976
      vertex 71.989 -35.501 32.3496
      vertex 67.4897 -33.2822 29.8495
    endloop
  endfacet
  facet normal -0.410119 0.176591 0.894773
    outer loop
      vertex 67.4897 -33.2822 29.8495
      vertex 71.989 -35.501 32.3496
      vertex 74.1567 -30.7167 32.399
    endloop
  endfacet
  facet normal -0.409781 0.175307 0.89518
    outer loop
      vertex 67.4897 -33.2822 29.8495
      vertex 74.1567 -30.7167 32.399
      vertex 69.5219 -28.7969 29.9014
    endloop
  endfacet
  facet normal -0.432228 0.119359 0.89383
    outer loop
      vertex 69.5219 -28.7969 29.9014
      vertex 74.1567 -30.7167 32.399
      vertex 76.0069 -25.8009 32.6372
    endloop
  endfacet
  facet normal -0.430169 0.113275 0.895614
    outer loop
      vertex 69.5219 -28.7969 29.9014
      vertex 76.0069 -25.8009 32.6372
      vertex 71.2565 -24.1883 30.1516
    endloop
  endfacet
  facet normal -0.446491 0.0607383 0.892724
    outer loop
      vertex 71.2565 -24.1883 30.1516
      vertex 76.0069 -25.8009 32.6372
      vertex 77.5316 -20.7745 33.0578
    endloop
  endfacet
  facet normal -0.442181 0.0504469 0.895506
    outer loop
      vertex 71.2565 -24.1883 30.1516
      vertex 77.5316 -20.7745 33.0578
      vertex 72.6859 -19.4761 30.592
    endloop
  endfacet
  facet normal -0.453008 0.00243484 0.891503
    outer loop
      vertex 72.6859 -19.4761 30.592
      vertex 77.5316 -20.7745 33.0578
      vertex 78.7244 -15.6592 33.6499
    endloop
  endfacet
  facet normal -0.446149 -0.0111307 0.89489
    outer loop
      vertex 72.6859 -19.4761 30.592
      vertex 78.7244 -15.6592 33.6499
      vertex 73.8041 -14.6805 31.2091
    endloop
  endfacet
  facet normal -0.452362 -0.0540774 0.890194
    outer loop
      vertex 73.8041 -14.6805 31.2091
      vertex 78.7244 -15.6592 33.6499
      vertex 79.58 -10.4769 34.3995
    endloop
  endfacet
  facet normal -0.442908 -0.0698365 0.893843
    outer loop
      vertex 73.8041 -14.6805 31.2091
      vertex 79.58 -10.4769 34.3995
      vertex 74.6062 -9.8221 31.9861
    endloop
  endfacet
  facet normal -0.445448 -0.10768 0.888809
    outer loop
      vertex 74.6062 -9.8221 31.9861
      vertex 79.58 -10.4769 34.3995
      vertex 80.0948 -5.24969 35.2908
    endloop
  endfacet
  facet normal -0.433569 -0.124583 0.892467
    outer loop
      vertex 74.6062 -9.8221 31.9861
      vertex 80.0948 -5.24969 35.2908
      vertex 75.0889 -4.92159 32.9047
    endloop
  endfacet
  facet normal -0.433299 -0.15764 0.887356
    outer loop
      vertex 75.0889 -4.92159 32.9047
      vertex 80.0948 -5.24969 35.2908
      vertex 80.2667 0 36.3074
    endloop
  endfacet
  facet normal -0.419304 -0.174786 0.890861
    outer loop
      vertex 75.0889 -4.92159 32.9047
      vertex 80.2667 0 36.3074
      vertex 75.25 0 33.9462
    endloop
  endfacet
  facet normal -0.430758 -0.189289 0.882393
    outer loop
      vertex 80.2667 0 36.3074
      vertex 85.2833 0 38.7563
      vertex 85.1007 5.5778 39.8637
    endloop
  endfacet
  facet normal -0.416845 -0.203575 0.885888
    outer loop
      vertex 80.2667 0 36.3074
      vertex 85.1007 5.5778 39.8637
      vertex 80.0948 5.24969 37.4329
    endloop
  endfacet
  facet normal -0.412602 -0.231712 0.880948
    outer loop
      vertex 80.0948 5.24969 37.4329
      vertex 85.1007 5.5778 39.8637
      vertex 84.5537 11.1317 41.0684
    endloop
  endfacet
  facet normal -0.397323 -0.24535 0.884273
    outer loop
      vertex 80.0948 5.24969 37.4329
      vertex 84.5537 11.1317 41.0684
      vertex 79.58 10.4769 38.6519
    endloop
  endfacet
  facet normal -0.39169 -0.2704 0.879467
    outer loop
      vertex 79.58 10.4769 38.6519
      vertex 84.5537 11.1317 41.0684
      vertex 83.6446 16.638 42.3564
    endloop
  endfacet
  facet normal -0.375355 -0.283062 0.882601
    outer loop
      vertex 79.58 10.4769 38.6519
      vertex 83.6446 16.638 42.3564
      vertex 78.7244 15.6592 39.9501
    endloop
  endfacet
  facet normal -0.368637 -0.30543 0.877963
    outer loop
      vertex 78.7244 15.6592 39.9501
      vertex 83.6446 16.638 42.3564
      vertex 82.3774 22.073 43.7151
    endloop
  endfacet
  facet normal -0.351535 -0.316899 0.880908
    outer loop
      vertex 78.7244 15.6592 39.9501
      vertex 82.3774 22.073 43.7151
      vertex 77.5316 20.7745 41.3143
    endloop
  endfacet
  facet normal -0.343953 -0.336951 0.876448
    outer loop
      vertex 77.5316 20.7745 41.3143
      vertex 82.3774 22.073 43.7151
      vertex 80.7574 27.4134 45.1325
    endloop
  endfacet
  facet normal -0.326343 -0.3471 0.879217
    outer loop
      vertex 77.5316 20.7745 41.3143
      vertex 80.7574 27.4134 45.1325
      vertex 76.0069 25.8009 42.7326
    endloop
  endfacet
  facet normal -0.318049 -0.365157 0.874932
    outer loop
      vertex 76.0069 25.8009 42.7326
      vertex 80.7574 27.4134 45.1325
      vertex 78.7915 32.6365 46.5978
    endloop
  endfacet
  facet normal -0.300155 -0.373924 0.877546
    outer loop
      vertex 76.0069 25.8009 42.7326
      vertex 78.7915 32.6365 46.5978
      vertex 74.1567 30.7167 44.1945
    endloop
  endfacet
  facet normal -0.291254 -0.390255 0.873426
    outer loop
      vertex 74.1567 30.7167 44.1945
      vertex 78.7915 32.6365 46.5978
      vertex 76.4883 37.7199 48.101
    endloop
  endfacet
  facet normal -0.273269 -0.397628 0.875909
    outer loop
      vertex 74.1567 30.7167 44.1945
      vertex 76.4883 37.7199 48.101
      vertex 71.989 35.501 45.69
    endloop
  endfacet
  facet normal -0.263829 -0.412455 0.871938
    outer loop
      vertex 71.989 35.501 45.69
      vertex 76.4883 37.7199 48.101
      vertex 73.8575 42.6417 49.6332
    endloop
  endfacet
  facet normal -0.245914 -0.418454 0.874313
    outer loop
      vertex 71.989 35.501 45.69
      vertex 73.8575 42.6417 49.6332
      vertex 69.513 40.1333 47.2107
    endloop
  endfacet
  facet normal -0.235979 -0.431956 0.870476
    outer loop
      vertex 69.513 40.1333 47.2107
      vertex 73.8575 42.6417 49.6332
      vertex 70.9105 47.3809 51.186
    endloop
  endfacet
  facet normal -0.218271 -0.436626 0.872763
    outer loop
      vertex 69.513 40.1333 47.2107
      vertex 70.9105 47.3809 51.186
      vertex 66.7393 44.5938 48.7485
    endloop
  endfacet
  facet normal -0.207866 -0.448945 0.869045
    outer loop
      vertex 66.7393 44.5938 48.7485
      vertex 70.9105 47.3809 51.186
      vertex 67.6598 51.9172 52.7519
    endloop
  endfacet
  facet normal -0.190482 -0.452343 0.871265
    outer loop
      vertex 66.7393 44.5938 48.7485
      vertex 67.6598 51.9172 52.7519
      vertex 63.6798 48.8633 50.2962
    endloop
  endfacet
  facet normal -0.179622 -0.463591 0.867652
    outer loop
      vertex 63.6798 48.8633 50.2962
      vertex 67.6598 51.9172 52.7519
      vertex 64.1194 56.2312 54.324
    endloop
  endfacet
  facet normal -0.16266 -0.465787 0.869818
    outer loop
      vertex 63.6798 48.8633 50.2962
      vertex 64.1194 56.2312 54.324
      vertex 60.3477 52.9235 51.8474
    endloop
  endfacet
  facet normal -0.151351 -0.476047 0.866298
    outer loop
      vertex 60.3477 52.9235 51.8474
      vertex 64.1194 56.2312 54.324
      vertex 60.3044 60.3044 55.8958
    endloop
  endfacet
  facet normal -0.134893 -0.477117 0.868426
    outer loop
      vertex 60.3477 52.9235 51.8474
      vertex 60.3044 60.3044 55.8958
      vertex 56.7571 56.7571 53.3958
    endloop
  endfacet
  facet normal -0.123138 -0.486449 0.864988
    outer loop
      vertex 56.7571 56.7571 53.3958
      vertex 60.3044 60.3044 55.8958
      vertex 56.2312 64.1194 57.4614
    endloop
  endfacet
  facet normal -0.107256 -0.486474 0.867087
    outer loop
      vertex 56.7571 56.7571 53.3958
      vertex 56.2312 64.1194 57.4614
      vertex 52.9235 60.3477 54.9361
    endloop
  endfacet
  facet normal -0.0950559 -0.494921 0.863723
    outer loop
      vertex 52.9235 60.3477 54.9361
      vertex 56.2312 64.1194 57.4614
      vertex 51.9172 67.6598 59.0153
    endloop
  endfacet
  facet normal -0.0798089 -0.493982 0.865801
    outer loop
      vertex 52.9235 60.3477 54.9361
      vertex 51.9172 67.6598 59.0153
      vertex 48.8633 63.6798 56.463
    endloop
  endfacet
  facet normal -0.0671647 -0.501571 0.862505
    outer loop
      vertex 48.8633 63.6798 56.463
      vertex 51.9172 67.6598 59.0153
      vertex 47.3809 70.9105 60.5524
    endloop
  endfacet
  facet normal -0.0526033 -0.499753 0.864569
    outer loop
      vertex 48.8633 63.6798 56.463
      vertex 47.3809 70.9105 60.5524
      vertex 44.5938 66.7393 57.9717
    endloop
  endfacet
  facet normal -0.0395174 -0.506496 0.861336
    outer loop
      vertex 44.5938 66.7393 57.9717
      vertex 47.3809 70.9105 60.5524
      vertex 42.6417 73.8575 62.0679
    endloop
  endfacet
  facet normal -0.0256834 -0.503884 0.863389
    outer loop
      vertex 44.5938 66.7393 57.9717
      vertex 42.6417 73.8575 62.0679
      vertex 40.1333 69.513 59.4578
    endloop
  endfacet
  facet normal -0.0121608 -0.509785 0.860216
    outer loop
      vertex 40.1333 69.513 59.4578
      vertex 42.6417 73.8575 62.0679
      vertex 37.7199 76.4883 63.5574
    endloop
  endfacet
  facet normal 0.000911733 -0.506463 0.862261
    outer loop
      vertex 40.1333 69.513 59.4578
      vertex 37.7199 76.4883 63.5574
      vertex 35.501 71.989 60.917
    endloop
  endfacet
  facet normal 0.0148627 -0.511515 0.859146
    outer loop
      vertex 35.501 71.989 60.917
      vertex 37.7199 76.4883 63.5574
      vertex 32.6365 78.7915 65.0166
    endloop
  endfacet
  facet normal 0.027147 -0.50757 0.861183
    outer loop
      vertex 35.501 71.989 60.917
      vertex 32.6365 78.7915 65.0166
      vertex 30.7167 74.1567 62.3454
    endloop
  endfacet
  facet normal 0.0415141 -0.511759 0.858126
    outer loop
      vertex 30.7167 74.1567 62.3454
      vertex 32.6365 78.7915 65.0166
      vertex 27.4134 80.7574 66.4417
    endloop
  endfacet
  facet normal 0.0529903 -0.507274 0.860154
    outer loop
      vertex 30.7167 74.1567 62.3454
      vertex 27.4134 80.7574 66.4417
      vertex 25.8009 76.0069 63.7394
    endloop
  endfacet
  facet normal 0.0677569 -0.510581 0.857156
    outer loop
      vertex 25.8009 76.0069 63.7394
      vertex 27.4134 80.7574 66.4417
      vertex 22.073 82.3774 67.8288
    endloop
  endfacet
  facet normal 0.0784118 -0.505641 0.859173
    outer loop
      vertex 25.8009 76.0069 63.7394
      vertex 22.073 82.3774 67.8288
      vertex 20.7745 77.5316 65.0955
    endloop
  endfacet
  facet normal 0.0935565 -0.508043 0.856236
    outer loop
      vertex 20.7745 77.5316 65.0955
      vertex 22.073 82.3774 67.8288
      vertex 16.638 83.6446 69.1746
    endloop
  endfacet
  facet normal 0.103383 -0.50273 0.858239
    outer loop
      vertex 20.7745 77.5316 65.0955
      vertex 16.638 83.6446 69.1746
      vertex 15.6592 78.7244 66.4103
    endloop
  endfacet
  facet normal 0.11888 -0.504198 0.855366
    outer loop
      vertex 15.6592 78.7244 66.4103
      vertex 16.638 83.6446 69.1746
      vertex 11.1317 84.5537 70.4757
    endloop
  endfacet
  facet normal 0.127878 -0.498594 0.857351
    outer loop
      vertex 15.6592 78.7244 66.4103
      vertex 11.1317 84.5537 70.4757
      vertex 10.4769 79.58 67.6809
    endloop
  endfacet
  facet normal 0.143694 -0.4991 0.854547
    outer loop
      vertex 10.4769 79.58 67.6809
      vertex 11.1317 84.5537 70.4757
      vertex 5.5778 85.1007 71.7291
    endloop
  endfacet
  facet normal 0.15187 -0.493284 0.856508
    outer loop
      vertex 10.4769 79.58 67.6809
      vertex 5.5778 85.1007 71.7291
      vertex 5.24969 80.0948 68.9042
    endloop
  endfacet
  facet normal 0.16797 -0.492798 0.853778
    outer loop
      vertex 5.24969 80.0948 68.9042
      vertex 5.5778 85.1007 71.7291
      vertex 5.2221e-15 85.2833 72.9319
    endloop
  endfacet
  facet normal 0.175334 -0.486846 0.855709
    outer loop
      vertex 5.24969 80.0948 68.9042
      vertex 5.2221e-15 85.2833 72.9319
      vertex 4.91492e-15 80.2667 70.0777
    endloop
  endfacet
  facet normal 0.191675 -0.485338 0.853058
    outer loop
      vertex 4.91492e-15 80.2667 70.0777
      vertex 5.2221e-15 85.2833 72.9319
      vertex -5.5778 85.1007 74.0813
    endloop
  endfacet
  facet normal 0.198246 -0.479326 0.854953
    outer loop
      vertex 4.91492e-15 80.2667 70.0777
      vertex -5.5778 85.1007 74.0813
      vertex -5.24969 80.0948 71.1986
    endloop
  endfacet
  facet normal 0.214781 -0.476765 0.852387
    outer loop
      vertex -5.24969 80.0948 71.1986
      vertex -5.5778 85.1007 74.0813
      vertex -11.1317 84.5537 75.1747
    endloop
  endfacet
  facet normal 0.220582 -0.470764 0.854239
    outer loop
      vertex -5.24969 80.0948 71.1986
      vertex -11.1317 84.5537 75.1747
      vertex -10.4769 79.58 72.2647
    endloop
  endfacet
  facet normal 0.237259 -0.467122 0.851766
    outer loop
      vertex -10.4769 79.58 72.2647
      vertex -11.1317 84.5537 75.1747
      vertex -16.638 83.6446 76.21
    endloop
  endfacet
  facet normal 0.242318 -0.461201 0.853567
    outer loop
      vertex -10.4769 79.58 72.2647
      vertex -16.638 83.6446 76.21
      vertex -15.6592 78.7244 73.2736
    endloop
  endfacet
  facet normal 0.25908 -0.45645 0.851194
    outer loop
      vertex -15.6592 78.7244 73.2736
      vertex -16.638 83.6446 76.21
      vertex -22.073 82.3774 77.1846
    endloop
  endfacet
  facet normal 0.263431 -0.450674 0.852934
    outer loop
      vertex -15.6592 78.7244 73.2736
      vertex -22.073 82.3774 77.1846
      vertex -20.7745 77.5316 74.2232
    endloop
  endfacet
  facet normal 0.266544 -0.449596 0.852536
    outer loop
      vertex -20.7745 77.5316 74.2232
      vertex -22.073 82.3774 77.1846
      vertex -27.4134 80.7574 78
    endloop
  endfacet
  facet normal 0.281423 -0.426965 0.859361
    outer loop
      vertex -20.7745 77.5316 74.2232
      vertex -27.4134 80.7574 78
      vertex -25.8009 76.0069 75.1117
    endloop
  endfacet
  facet normal 0.175826 -0.467159 0.866514
    outer loop
      vertex -25.8009 76.0069 75.1117
      vertex -27.4134 80.7574 78
      vertex -32.6365 78.7915 78
    endloop
  endfacet
  facet normal 0.266048 -0.297836 0.916795
    outer loop
      vertex -25.8009 76.0069 75.1117
      vertex -32.6365 78.7915 78
      vertex -30.7167 74.1567 75.9372
    endloop
  endfacet
  facet normal 0.157022 -0.346556 0.924793
    outer loop
      vertex -30.7167 74.1567 75.9372
      vertex -32.6365 78.7915 78
      vertex -37.7199 76.4883 78
    endloop
  endfacet
  facet normal 0.227569 -0.165456 0.959602
    outer loop
      vertex -30.7167 74.1567 75.9372
      vertex -37.7199 76.4883 78
      vertex -35.501 71.989 76.698
    endloop
  endfacet
  facet normal 0.118478 -0.221656 0.967901
    outer loop
      vertex -35.501 71.989 76.698
      vertex -37.7199 76.4883 78
      vertex -42.6417 73.8575 78
    endloop
  endfacet
  facet normal 0.169082 -0.0400385 0.984788
    outer loop
      vertex -35.501 71.989 76.698
      vertex -42.6417 73.8575 78
      vertex -40.1333 69.513 77.3927
    endloop
  endfacet
  facet normal 0.0634964 -0.102111 0.992745
    outer loop
      vertex -40.1333 69.513 77.3927
      vertex -42.6417 73.8575 78
      vertex -47.3809 70.9105 78
    endloop
  endfacet
  facet normal 0.09555 0.0638444 0.993375
    outer loop
      vertex -40.1333 69.513 77.3927
      vertex -47.3809 70.9105 78
      vertex -44.5938 66.7393 78
    endloop
  endfacet
  facet normal 0 0 1
    outer loop
      vertex -44.5938 66.7393 78
      vertex -47.3809 70.9105 78
      vertex -51.9172 67.6598 78
    endloop
  endfacet
  facet normal 0 0 1
    outer loop
      vertex -44.5938 66.7393 78
      vertex -51.9172 67.6598 78
      vertex -48.8633 63.6798 78
    endloop
  endfacet
  facet normal 0 0 1
    outer loop
      vertex -48.8633 63.6798 78
      vertex -51.9172 67.6598 78
      vertex -56.2312 64.1194 78
    endloop
  endfacet
  facet normal 0 0 1
    outer loop
      vertex -48.8633 63.6798 78
      vertex -56.2312 64.1194 78
      vertex -52.9235 60.3477 78
    endloop
  endfacet
  facet normal 0 0 1
    outer loop
      vertex -52.9235 60.3477 78
      vertex -56.2312 64.1194 78
      vertex -60.3044 60.3044 78
    endloop
  endfacet
  facet normal 0 0 1
    outer loop
      vertex -52.9235 60.3477 78
      vertex -60.3044 60.3044 78
      vertex -56.7571 56.7571 78
    endloop
  endfacet
  facet normal 0 0 1
    outer loop
      vertex -56.7571 56.7571 78
      vertex -60.3044 60.3044 78
      vertex -64.1194 56.2312 78
    endloop
  endfacet
  facet normal 0 0 1
    outer loop
      vertex -56.7571 56.7571 78
      vertex -64.1194 56.2312 78
      vertex -60.3477 52.9235 78
    endloop
  endfacet
  facet normal 0 0 1
    outer loop
      vertex -60.3477 52.9235 78
      vertex -64.1194 56.2312 78
      vertex -67.6598 51.9172 78
    endloop
  endfacet
  facet normal 0 0 1
    outer loop
      vertex -60.3477 52.9235 78
      vertex -67.6598 51.9172 78
      vertex -63.6798 48.8633 78
    endloop
  endfacet
  facet normal 0 0 1
    outer loop
      vertex -63.6798 48.8633 78
      vertex -67.6598 51.9172 78
      vertex -70.9105 47.3809 78
    endloop
  endfacet
  facet normal 0 0 1
    outer loop
      vertex -63.6798 48.8633 78
      vertex -70.9105 47.3809 78
      vertex -66.7393 44.5938 78
    endloop
  endfacet
  facet normal 0 0 1
    outer loop
      vertex -66.7393 44.5938 78
      vertex -70.9105 47.3809 78
      vertex -73.8575 42.6417 78
    endloop
  endfacet
  facet normal 0 0 1
    outer loop
      vertex -66.7393 44.5938 78
      vertex -73.8575 42.6417 78
      vertex -69.513 40.1333 78
    endloop
  endfacet
  facet normal 0 0 1
    outer loop
      vertex -69.513 40.1333 78
      vertex -73.8575 42.6417 78
      vertex -76.4883 37.7199 78
    endloop
  endfacet
  facet normal 0 0 1
    outer loop
      vertex -69.513 40.1333 78
      vertex -76.4883 37.7199 78
      vertex -71.989 35.501 78
    endloop
  endfacet
  facet normal 0 0 1
    outer loop
      vertex -71.989 35.501 78
      vertex -76.4883 37.7199 78
      vertex -78.7915 32.6365 78
    endloop
  endfacet
  facet normal 0 0 1
    outer loop
      vertex -71.989 35.501 78
      vertex -78.7915 32.6365 78
      vertex -74.1567 30.7167 78
    endloop
  endfacet
  facet normal 0 0 1
    outer loop
      vertex -74.1567 30.7167 78
      vertex -78.7915 32.6365 78
      vertex -80.7574 27.4134 78
    endloop
  endfacet
  facet normal 0 0 1
    outer loop
      vertex -74.1567 30.7167 78
      vertex -80.7574 27.4134 78
      vertex -76.0069 25.8009 78
    endloop
  endfacet
  facet normal 0 0 1
    outer loop
      vertex -76.0069 25.8009 78
      vertex -80.7574 27.4134 78
      vertex -82.3774 22.073 78
    endloop
  endfacet
  facet normal 0 0 1
    outer loop
      vertex -76.0069 25.8009 78
      vertex -82.3774 22.073 78
      vertex -77.5316 20.7745 78
    endloop
  endfacet
  facet normal 0 0 1
    outer loop
      vertex -77.5316 20.7745 78
      vertex -82.3774 22.073 78
      vertex -83.6446 16.638 78
    endloop
  endfacet
  facet normal 0 0 1
    outer loop
      vertex -77.5316 20.7745 78
      vertex -83.6446 16.638 78
      vertex -78.7244 15.6592 78
    endloop
  endfacet
  facet normal 0 0 1
    outer loop
      vertex -78.7244 15.6592 78
      vertex -83.6446 16.638 78
      vertex -84.5537 11.1317 78
    endloop
  endfacet
  facet normal 0 0 1
    outer loop
      vertex -78.7244 15.6592 78
      vertex -84.5537 11.1317 78
      vertex -79.58 10.4769 78
    endloop
  endfacet
  facet normal 0 0 1
    outer loop
      vertex -79.58 10.4769 78
      vertex -84.5537 11.1317 78
      vertex -85.1007 5.5778 78
    endloop
  endfacet
  facet normal 0 0 1
    outer loop
      vertex -79.58 10.4769 78
      vertex -85.1007 5.5778 78
      vertex -80.0948 5.24969 78
    endloop
  endfacet
  facet normal 0 0 1
    outer loop
      vertex -80.0948 5.24969 78
      vertex -85.1007 5.5778 78
      vertex -85.2833 1.04442e-14 78
    endloop
  endfacet
  facet normal 0 0 1
    outer loop
      vertex -80.0948 5.24969 78
      vertex -85.2833 1.04442e-14 78
      vertex -80.2667 9.82983e-15 78
    endloop
  endfacet
  facet normal 0 0 1
    outer loop
      vertex -80.2667 9.82983e-15 78
      vertex -85.2833 1.04442e-14 78
      vertex -85.1007 -5.5778 78
    endloop
  endfacet
  facet normal 0 0 1
    outer loop
      vertex -80.2667 9.82983e-15 78
      vertex -85.1007 -5.5778 78
      vertex -80.0948 -5.24969 78
    endloop
  endfacet
  facet normal 0 0 1
    outer loop
      vertex -80.0948 -5.24969 78
      vertex -85.1007 -5.5778 78
      vertex -84.5537 -11.1317 78
    endloop
  endfacet
  facet normal 0.0659918 -0.0500256 0.996565
    outer loop
      vertex -80.0948 -5.24969 78
      vertex -84.5537 -11.1317 78
      vertex -79.58 -10.4769 77.7035
    endloop
  endfacet
  facet normal 0.0582407 0.00961558 0.998256
    outer loop
      vertex -79.58 -10.4769 77.7035
      vertex -84.5537 -11.1317 78
      vertex -83.6446 -16.638 78
    endloop
  endfacet
  facet normal 0.207735 -0.0901775 0.97402
    outer loop
      vertex -79.58 -10.4769 77.7035
      vertex -83.6446 -16.638 78
      vertex -78.7244 -15.6592 77.0412
    endloop
  endfacet
  facet normal 0.182909 0.0426485 0.982204
    outer loop
      vertex -78.7244 -15.6592 77.0412
      vertex -83.6446 -16.638 78
      vertex -82.3774 -22.073 78
    endloop
  endfacet
  facet normal 0.341368 -0.0541565 0.938368
    outer loop
      vertex -78.7244 -15.6592 77.0412
      vertex -82.3774 -22.073 78
      vertex -77.5316 -20.7745 76.3121
    endloop
  endfacet
  facet normal 0.305305 0.0926133 0.94774
    outer loop
      vertex -77.5316 -20.7745 76.3121
      vertex -82.3774 -22.073 78
      vertex -80.7574 -27.4134 78
    endloop
  endfacet
  facet normal 0.463044 0.00035926 0.886335
    outer loop
      vertex -77.5316 -20.7745 76.3121
      vertex -80.7574 -27.4134 78
      vertex -76.0069 -25.8009 75.5176
    endloop
  endfacet
  facet normal 0.433863 0.100253 0.895384
    outer loop
      vertex -76.0069 -25.8009 75.5176
      vertex -80.7574 -27.4134 78
      vertex -78.7915 -32.6365 77.6323
    endloop
  endfacet
  facet normal 0.52477 0.0491269 0.849825
    outer loop
      vertex -76.0069 -25.8009 75.5176
      vertex -78.7915 -32.6365 77.6323
      vertex -74.1567 -30.7167 74.6593
    endloop
  endfacet
  facet normal 0.516111 0.0752709 0.853208
    outer loop
      vertex -74.1567 -30.7167 74.6593
      vertex -78.7915 -32.6365 77.6323
      vertex -76.4883 -37.7199 76.6875
    endloop
  endfacet
  facet normal 0.521365 0.0726603 0.850234
    outer loop
      vertex -74.1567 -30.7167 74.6593
      vertex -76.4883 -37.7199 76.6875
      vertex -71.989 -35.501 73.7389
    endloop
  endfacet
  facet normal 0.511006 0.0985501 0.853909
    outer loop
      vertex -71.989 -35.501 73.7389
      vertex -76.4883 -37.7199 76.6875
      vertex -73.8575 -42.6417 75.6812
    endloop
  endfacet
  facet normal 0.516803 0.0961567 0.850687
    outer loop
      vertex -71.989 -35.501 73.7389
      vertex -73.8575 -42.6417 75.6812
      vertex -69.513 -40.1333 72.7583
    endloop
  endfacet
  facet normal 0.504735 0.121683 0.854655
    outer loop
      vertex -69.513 -40.1333 72.7583
      vertex -73.8575 -42.6417 75.6812
      vertex -70.9105 -47.3809 74.6155
    endloop
  endfacet
  facet normal 0.511066 0.119572 0.851184
    outer loop
      vertex -69.513 -40.1333 72.7583
      vertex -70.9105 -47.3809 74.6155
      vertex -66.7393 -44.5938 71.7195
    endloop
  endfacet
  facet normal 0.497287 0.144624 0.855447
    outer loop
      vertex -66.7393 -44.5938 71.7195
      vertex -70.9105 -47.3809 74.6155
      vertex -67.6598 -51.9172 73.4927
    endloop
  endfacet
  facet normal 0.504138 0.142862 0.851725
    outer loop
      vertex -66.7393 -44.5938 71.7195
      vertex -67.6598 -51.9172 73.4927
      vertex -63.6798 -48.8633 70.6247
    endloop
  endfacet
  facet normal 0.488649 0.167329 0.856284
    outer loop
      vertex -63.6798 -48.8633 70.6247
      vertex -67.6598 -51.9172 73.4927
      vertex -64.1194 -56.2312 72.3154
    endloop
  endfacet
  facet normal 0.495999 0.165979 0.852312
    outer loop
      vertex -63.6798 -48.8633 70.6247
      vertex -64.1194 -56.2312 72.3154
      vertex -60.3477 -52.9235 69.4763
    endloop
  endfacet
  facet normal 0.478808 0.189751 0.857168
    outer loop
      vertex -60.3477 -52.9235 69.4763
      vertex -64.1194 -56.2312 72.3154
      vertex -60.3044 -60.3044 71.086
    endloop
  endfacet
  facet normal 0.486633 0.188876 0.852945
    outer loop
      vertex -60.3477 -52.9235 69.4763
      vertex -60.3044 -60.3044 71.086
      vertex -56.7571 -56.7571 68.2767
    endloop
  endfacet
  facet normal 0.467749 0.211842 0.858099
    outer loop
      vertex -56.7571 -56.7571 68.2767
      vertex -60.3044 -60.3044 71.086
      vertex -56.2312 -64.1194 69.8075
    endloop
  endfacet
  facet normal 0.476017 0.211502 0.853624
    outer loop
      vertex -56.7571 -56.7571 68.2767
      vertex -56.2312 -64.1194 69.8075
      vertex -52.9235 -60.3477 67.0285
    endloop
  endfacet
  facet normal 0.455457 0.23355 0.859077
    outer loop
      vertex -52.9235 -60.3477 67.0285
      vertex -56.2312 -64.1194 69.8075
      vertex -51.9172 -67.6598 68.4829
    endloop
  endfacet
  facet normal 0.464133 0.233805 0.854351
    outer loop
      vertex -52.9235 -60.3477 67.0285
      vertex -51.9172 -67.6598 68.4829
      vertex -48.8633 -63.6798 65.7346
    endloop
  endfacet
  facet normal 0.441913 0.254826 0.860103
    outer loop
      vertex -48.8633 -63.6798 65.7346
      vertex -51.9172 -67.6598 68.4829
      vertex -47.3809 -70.9105 67.1153
    endloop
  endfacet
  facet normal 0.450956 0.255729 0.855127
    outer loop
      vertex -48.8633 -63.6798 65.7346
      vertex -47.3809 -70.9105 67.1153
      vertex -44.5938 -66.7393 64.3981
    endloop
  endfacet
  facet normal 0.427098 0.275612 0.861177
    outer loop
      vertex -44.5938 -66.7393 64.3981
      vertex -47.3809 -70.9105 67.1153
      vertex -42.6417 -73.8575 65.708
    endloop
  endfacet
  facet normal 0.436462 0.277218 0.855951
    outer loop
      vertex -44.5938 -66.7393 64.3981
      vertex -42.6417 -73.8575 65.708
      vertex -40.1333 -69.513 63.0219
    endloop
  endfacet
  facet normal 0.410988 0.295851 0.8623
    outer loop
      vertex -40.1333 -69.513 63.0219
      vertex -42.6417 -73.8575 65.708
      vertex -37.7199 -76.4883 64.2648
    endloop
  endfacet
  facet normal 0.420624 0.298209 0.856824
    outer loop
      vertex -40.1333 -69.513 63.0219
      vertex -37.7199 -76.4883 64.2648
      vertex -35.501 -71.989 61.6096
    endloop
  endfacet
  facet normal 0.393559 0.31548 0.863472
    outer loop
      vertex -35.501 -71.989 61.6096
      vertex -37.7199 -76.4883 64.2648
      vertex -32.6365 -78.7915 62.7894
    endloop
  endfacet
  facet normal 0.403413 0.318636 0.857746
    outer loop
      vertex -35.501 -71.989 61.6096
      vertex -32.6365 -78.7915 62.7894
      vertex -30.7167 -74.1567 60.1648
    endloop
  endfacet
  facet normal 0.37478 0.334431 0.864694
    outer loop
      vertex -30.7167 -74.1567 60.1648
      vertex -32.6365 -78.7915 62.7894
      vertex -27.4134 -80.7574 61.2859
    endloop
  endfacet
  facet normal 0.384795 0.338428 0.858719
    outer loop
      vertex -30.7167 -74.1567 60.1648
      vertex -27.4134 -80.7574 61.2859
      vertex -25.8009 -76.0069 58.6911
    endloop
  endfacet
  facet normal 0.35462 0.352629 0.865966
    outer loop
      vertex -25.8009 -76.0069 58.6911
      vertex -27.4134 -80.7574 61.2859
      vertex -22.073 -82.3774 59.7586
    endloop
  endfacet
  facet normal 0.364735 0.357506 0.859743
    outer loop
      vertex -25.8009 -76.0069 58.6911
      vertex -22.073 -82.3774 59.7586
      vertex -20.7745 -77.5316 57.1928
    endloop
  endfacet
  facet normal 0.333042 0.369993 0.867288
    outer loop
      vertex -20.7745 -77.5316 57.1928
      vertex -22.073 -82.3774 59.7586
      vertex -16.638 -83.6446 58.2122
    endloop
  endfacet
  facet normal 0.343193 0.375783 0.860817
    outer loop
      vertex -20.7745 -77.5316 57.1928
      vertex -16.638 -83.6446 58.2122
      vertex -15.6592 -78.7244 55.6741
    endloop
  endfacet
  facet normal 0.310003 0.38643 0.86866
    outer loop
      vertex -15.6592 -78.7244 55.6741
      vertex -16.638 -83.6446 58.2122
      vertex -11.1317 -84.5537 56.6516
    endloop
  endfacet
  facet normal 0.320123 0.393164 0.861942
    outer loop
      vertex -15.6592 -78.7244 55.6741
      vertex -11.1317 -84.5537 56.6516
      vertex -10.4769 -79.58 54.1397
    endloop
  endfacet
  facet normal 0.28546 0.401837 0.87008
    outer loop
      vertex -10.4769 -79.58 54.1397
      vertex -11.1317 -84.5537 56.6516
      vertex -5.5778 -85.1007 55.082
    endloop
  endfacet
  facet normal 0.295477 0.409538 0.863117
    outer loop
      vertex -10.4769 -79.58 54.1397
      vertex -5.5778 -85.1007 55.082
      vertex -5.24969 -80.0948 52.5945
    endloop
  endfacet
  facet normal 0.25936 0.416095 0.871549
    outer loop
      vertex -5.24969 -80.0948 52.5945
      vertex -5.5778 -85.1007 55.082
      vertex -1.56663e-14 -85.2833 53.5093
    endloop
  endfacet
  facet normal 0.269203 0.424783 0.864343
    outer loop
      vertex -5.24969 -80.0948 52.5945
      vertex -1.56663e-14 -85.2833 53.5093
      vertex -1.47447e-14 -80.2667 51.0439
    endloop
  endfacet
  facet normal 0.231652 0.429068 0.873062
    outer loop
      vertex -1.47447e-14 -80.2667 51.0439
      vertex -1.56663e-14 -85.2833 53.5093
      vertex 5.5778 -85.1007 51.9396
    endloop
  endfacet
  facet normal 0.241242 0.438755 0.865619
    outer loop
      vertex -1.47447e-14 -80.2667 51.0439
      vertex 5.5778 -85.1007 51.9396
      vertex 5.24969 -80.0948 49.4937
    endloop
  endfacet
  facet normal 0.202277 0.440599 0.874618
    outer loop
      vertex 5.24969 -80.0948 49.4937
      vertex 5.5778 -85.1007 51.9396
      vertex 11.1317 -84.5537 50.3796
    endloop
  endfacet
  facet normal 0.211536 0.451288 0.866944
    outer loop
      vertex 5.24969 -80.0948 49.4937
      vertex 11.1317 -84.5537 50.3796
      vertex 10.4769 -79.58 47.9503
    endloop
  endfacet
  facet normal 0.171178 0.450502 0.876211
    outer loop
      vertex 10.4769 -79.58 47.9503
      vertex 11.1317 -84.5537 50.3796
      vertex 16.638 -83.6446 48.8365
    endloop
  endfacet
  facet normal 0.180023 0.462188 0.868317
    outer loop
      vertex 10.4769 -79.58 47.9503
      vertex 16.638 -83.6446 48.8365
      vertex 15.6592 -78.7244 46.4204
    endloop
  endfacet
  facet normal 0.138301 0.458562 0.877835
    outer loop
      vertex 15.6592 -78.7244 46.4204
      vertex 16.638 -83.6446 48.8365
      vertex 22.073 -82.3774 47.3182
    endloop
  endfacet
  facet normal 0.146646 0.471224 0.869737
    outer loop
      vertex 15.6592 -78.7244 46.4204
      vertex 22.073 -82.3774 47.3182
      vertex 20.7745 -77.5316 44.9117
    endloop
  endfacet
  facet normal 0.103599 0.464527 0.879478
    outer loop
      vertex 20.7745 -77.5316 44.9117
      vertex 22.073 -82.3774 47.3182
      vertex 27.4134 -80.7574 45.8335
    endloop
  endfacet
  facet normal 0.111356 0.478126 0.871203
    outer loop
      vertex 20.7745 -77.5316 44.9117
      vertex 27.4134 -80.7574 45.8335
      vertex 25.8009 -76.0069 43.4325
    endloop
  endfacet
  facet normal 0.0670439 0.468101 0.881128
    outer loop
      vertex 25.8009 -76.0069 43.4325
      vertex 27.4134 -80.7574 45.8335
      vertex 32.6365 -78.7915 44.3917
    endloop
  endfacet
  facet normal 0.0741201 0.482573 0.872714
    outer loop
      vertex 25.8009 -76.0069 43.4325
      vertex 32.6365 -78.7915 44.3917
      vertex 30.7167 -74.1567 41.9919
    endloop
  endfacet
  facet normal 0.0286333 0.468937 0.882767
    outer loop
      vertex 30.7167 -74.1567 41.9919
      vertex 32.6365 -78.7915 44.3917
      vertex 37.7199 -76.4883 43.0033
    endloop
  endfacet
  facet normal 0.0349376 0.484186 0.874267
    outer loop
      vertex 30.7167 -74.1567 41.9919
      vertex 37.7199 -76.4883 43.0033
      vertex 35.501 -71.989 40.6002
    endloop
  endfacet
  facet normal -0.0115872 0.466639 0.884372
    outer loop
      vertex 35.501 -71.989 40.6002
      vertex 37.7199 -76.4883 43.0033
      vertex 42.6417 -73.8575 41.6797
    endloop
  endfacet
  facet normal -0.00614444 0.482522 0.875862
    outer loop
      vertex 35.501 -71.989 40.6002
      vertex 42.6417 -73.8575 41.6797
      vertex 40.1333 -69.513 39.2686
    endloop
  endfacet
  facet normal -0.0535037 0.460757 0.885912
    outer loop
      vertex 40.1333 -69.513 39.2686
      vertex 42.6417 -73.8575 41.6797
      vertex 47.3809 -70.9105 40.4332
    endloop
  endfacet
  facet normal -0.0490048 0.477074 0.877496
    outer loop
      vertex 40.1333 -69.513 39.2686
      vertex 47.3809 -70.9105 40.4332
      vertex 44.5938 -66.7393 38.0097
    endloop
  endfacet
  facet normal -0.0969029 0.450796 0.887351
    outer loop
      vertex 44.5938 -66.7393 38.0097
      vertex 47.3809 -70.9105 40.4332
      vertex 51.9172 -67.6598 39.2771
    endloop
  endfacet
  facet normal -0.093415 0.467273 0.879164
    outer loop
      vertex 44.5938 -66.7393 38.0097
      vertex 51.9172 -67.6598 39.2771
      vertex 48.8633 -63.6798 36.8373
    endloop
  endfacet
  facet normal -0.141438 0.436237 0.888647
    outer loop
      vertex 48.8633 -63.6798 36.8373
      vertex 51.9172 -67.6598 39.2771
      vertex 56.2312 -64.1194 38.2258
    endloop
  endfacet
  facet normal -0.139 0.452506 0.880862
    outer loop
      vertex 48.8633 -63.6798 36.8373
      vertex 56.2312 -64.1194 38.2258
      vertex 52.9235 -60.3477 35.7662
    endloop
  endfacet
  facet normal -0.186589 0.416568 0.88975
    outer loop
      vertex 52.9235 -60.3477 35.7662
      vertex 56.2312 -64.1194 38.2258
      vertex 60.3044 -60.3044 37.2938
    endloop
  endfacet
  facet normal -0.185196 0.432161 0.882575
    outer loop
      vertex 52.9235 -60.3477 35.7662
      vertex 60.3044 -60.3044 37.2938
      vertex 56.7571 -56.7571 34.8125
    endloop
  endfacet
  facet normal -0.231636 0.391344 0.890615
    outer loop
      vertex 56.7571 -56.7571 34.8125
      vertex 60.3044 -60.3044 37.2938
      vertex 64.1194 -56.2312 36.4962
    endloop
  endfacet
  facet normal -0.231213 0.405688 0.884284
    outer loop
      vertex 56.7571 -56.7571 34.8125
      vertex 64.1194 -56.2312 36.4962
      vertex 60.3477 -52.9235 33.9925
    endloop
  endfacet
  facet normal -0.275641 0.360261 0.891198
    outer loop
      vertex 60.3477 -52.9235 33.9925
      vertex 64.1194 -56.2312 36.4962
      vertex 67.6598 -51.9172 35.8474
    endloop
  endfacet
  facet normal -0.276021 0.3727 0.88595
    outer loop
      vertex 60.3477 -52.9235 33.9925
      vertex 67.6598 -51.9172 35.8474
      vertex 63.6798 -48.8633 33.3226
    endloop
  endfacet
  facet normal -0.317473 0.323246 0.891473
    outer loop
      vertex 63.6798 -48.8633 33.3226
      vertex 67.6598 -51.9172 35.8474
      vertex 70.9105 -47.3809 35.3601
    endloop
  endfacet
  facet normal -0.318376 0.333091 0.887517
    outer loop
      vertex 63.6798 -48.8633 33.3226
      vertex 70.9105 -47.3809 35.3601
      vertex 66.7393 -44.5938 32.8178
    endloop
  endfacet
  facet normal -0.355876 0.28054 0.891431
    outer loop
      vertex 66.7393 -44.5938 32.8178
      vertex 70.9105 -47.3809 35.3601
      vertex 73.8575 -42.6417 35.0452
    endloop
  endfacet
  facet normal -0.356901 0.287154 0.888912
    outer loop
      vertex 66.7393 -44.5938 32.8178
      vertex 73.8575 -42.6417 35.0452
      vertex 69.513 -40.1333 32.4905
    endloop
  endfacet
  facet normal -0.389591 0.232754 0.891092
    outer loop
      vertex 69.513 -40.1333 32.4905
      vertex 73.8575 -42.6417 35.0452
      vertex 76.4883 -37.7199 34.9098
    endloop
  endfacet
  facet normal -0.390234 0.23566 0.890046
    outer loop
      vertex 69.513 -40.1333 32.4905
      vertex 76.4883 -37.7199 34.9098
      vertex 71.989 -35.501 32.3496
    endloop
  endfacet
  facet normal -0.417509 0.180865 0.890491
    outer loop
      vertex 71.989 -35.501 32.3496
      vertex 76.4883 -37.7199 34.9098
      vertex 78.7915 -32.6365 34.9572
    endloop
  endfacet
  facet normal -0.417212 0.179845 0.890837
    outer loop
      vertex 71.989 -35.501 32.3496
      vertex 78.7915 -32.6365 34.9572
      vertex 74.1567 -30.7167 32.399
    endloop
  endfacet
  facet normal -0.438818 0.12614 0.889678
    outer loop
      vertex 74.1567 -30.7167 32.399
      vertex 78.7915 -32.6365 34.9572
      vertex 80.7574 -27.4134 35.1863
    endloop
  endfacet
  facet normal -0.437047 0.1213 0.891222
    outer loop
      vertex 74.1567 -30.7167 32.399
      vertex 80.7574 -27.4134 35.1863
      vertex 76.0069 -25.8009 32.6372
    endloop
  endfacet
  facet normal -0.453109 0.0700001 0.888703
    outer loop
      vertex 76.0069 -25.8009 32.6372
      vertex 80.7574 -27.4134 35.1863
      vertex 82.3774 -22.073 35.5916
    endloop
  endfacet
  facet normal -0.449434 0.0617608 0.891176
    outer loop
      vertex 76.0069 -25.8009 32.6372
      vertex 82.3774 -22.073 35.5916
      vertex 77.5316 -20.7745 33.0578
    endloop
  endfacet
  facet normal -0.460401 0.0138616 0.887603
    outer loop
      vertex 77.5316 -20.7745 33.0578
      vertex 82.3774 -22.073 35.5916
      vertex 83.6446 -16.638 36.164
    endloop
  endfacet
  facet normal -0.454555 0.00288686 0.890714
    outer loop
      vertex 77.5316 -20.7745 33.0578
      vertex 83.6446 -16.638 36.164
      vertex 78.7244 -15.6592 33.6499
    endloop
  endfacet
  facet normal -0.461086 -0.0410106 0.886407
    outer loop
      vertex 78.7244 -15.6592 33.6499
      vertex 83.6446 -16.638 36.164
      vertex 84.5537 -11.1317 36.8917
    endloop
  endfacet
  facet normal -0.452986 -0.0539296 0.889885
    outer loop
      vertex 78.7244 -15.6592 33.6499
      vertex 84.5537 -11.1317 36.8917
      vertex 79.58 -10.4769 34.3995
    endloop
  endfacet
  facet normal -0.455828 -0.0936003 0.885133
    outer loop
      vertex 79.58 -10.4769 34.3995
      vertex 84.5537 -11.1317 36.8917
      vertex 85.1007 -5.5778 37.7607
    endloop
  endfacet
  facet normal -0.445557 -0.10766 0.888756
    outer loop
      vertex 79.58 -10.4769 34.3995
      vertex 85.1007 -5.5778 37.7607
      vertex 80.0948 -5.24969 35.2908
    endloop
  endfacet
  facet normal -0.445436 -0.143178 0.883791
    outer loop
      vertex 80.0948 -5.24969 35.2908
      vertex 85.1007 -5.5778 37.7607
      vertex 85.2833 0 38.7563
    endloop
  endfacet
  facet normal -0.433203 -0.157651 0.887401
    outer loop
      vertex 80.0948 -5.24969 35.2908
      vertex 85.2833 0 38.7563
      vertex 80.2667 0 36.3074
    endloop
  endfacet
  facet normal -0.442368 -0.17703 0.879188
    outer loop
      vertex 85.2833 0 38.7563
      vertex 90.3 0 41.2805
      vertex 90.1067 5.9059 42.3724
    endloop
  endfacet
  facet normal -0.429979 -0.189337 0.882763
    outer loop
      vertex 85.2833 0 38.7563
      vertex 90.1067 5.9059 42.3724
      vertex 85.1007 5.5778 39.8637
    endloop
  endfacet
  facet normal -0.425512 -0.219851 0.877841
    outer loop
      vertex 85.1007 5.5778 39.8637
      vertex 90.1067 5.9059 42.3724
      vertex 89.5275 11.7865 43.5644
    endloop
  endfacet
  facet normal -0.411788 -0.231714 0.881328
    outer loop
      vertex 85.1007 5.5778 39.8637
      vertex 89.5275 11.7865 43.5644
      vertex 84.5537 11.1317 41.0684
    endloop
  endfacet
  facet normal -0.40572 -0.25925 0.876459
    outer loop
      vertex 84.5537 11.1317 41.0684
      vertex 89.5275 11.7865 43.5644
      vertex 88.5649 17.6167 44.8434
    endloop
  endfacet
  facet normal -0.390926 -0.270357 0.879821
    outer loop
      vertex 84.5537 11.1317 41.0684
      vertex 88.5649 17.6167 44.8434
      vertex 83.6446 16.638 42.3564
    endloop
  endfacet
  facet normal -0.38357 -0.29522 0.875054
    outer loop
      vertex 83.6446 16.638 42.3564
      vertex 88.5649 17.6167 44.8434
      vertex 87.2231 23.3714 46.1967
    endloop
  endfacet
  facet normal -0.367964 -0.30535 0.878273
    outer loop
      vertex 83.6446 16.638 42.3564
      vertex 87.2231 23.3714 46.1967
      vertex 82.3774 22.073 43.7151
    endloop
  endfacet
  facet normal -0.359562 -0.32784 0.873634
    outer loop
      vertex 82.3774 22.073 43.7151
      vertex 87.2231 23.3714 46.1967
      vertex 85.5078 29.026 47.6127
    endloop
  endfacet
  facet normal -0.343384 -0.336848 0.87671
    outer loop
      vertex 82.3774 22.073 43.7151
      vertex 85.5078 29.026 47.6127
      vertex 80.7574 27.4134 45.1325
    endloop
  endfacet
  facet normal -0.334114 -0.357236 0.87221
    outer loop
      vertex 80.7574 27.4134 45.1325
      vertex 85.5078 29.026 47.6127
      vertex 83.4263 34.5563 49.0804
    endloop
  endfacet
  facet normal -0.317578 -0.365041 0.875151
    outer loop
      vertex 80.7574 27.4134 45.1325
      vertex 83.4263 34.5563 49.0804
      vertex 78.7915 32.6365 46.5978
    endloop
  endfacet
  facet normal -0.307568 -0.383568 0.870791
    outer loop
      vertex 78.7915 32.6365 46.5978
      vertex 83.4263 34.5563 49.0804
      vertex 80.9876 39.9387 50.5899
    endloop
  endfacet
  facet normal -0.290864 -0.390133 0.87361
    outer loop
      vertex 78.7915 32.6365 46.5978
      vertex 80.9876 39.9387 50.5899
      vertex 76.4883 37.7199 48.101
    endloop
  endfacet
  facet normal -0.280207 -0.407003 0.869386
    outer loop
      vertex 76.4883 37.7199 48.101
      vertex 80.9876 39.9387 50.5899
      vertex 78.2021 45.15 52.1318
    endloop
  endfacet
  facet normal -0.263499 -0.412328 0.872097
    outer loop
      vertex 76.4883 37.7199 48.101
      vertex 78.2021 45.15 52.1318
      vertex 73.8575 42.6417 49.6332
    endloop
  endfacet
  facet normal -0.25226 -0.427714 0.868001
    outer loop
      vertex 73.8575 42.6417 49.6332
      vertex 78.2021 45.15 52.1318
      vertex 75.0817 50.168 53.6976
    endloop
  endfacet
  facet normal -0.23569 -0.431824 0.87062
    outer loop
      vertex 73.8575 42.6417 49.6332
      vertex 75.0817 50.168 53.6976
      vertex 70.9105 47.3809 51.186
    endloop
  endfacet
  facet normal -0.223913 -0.445864 0.866642
    outer loop
      vertex 70.9105 47.3809 51.186
      vertex 75.0817 50.168 53.6976
      vertex 71.6398 54.9712 55.2794
    endloop
  endfacet
  facet normal -0.207601 -0.448802 0.869183
    outer loop
      vertex 70.9105 47.3809 51.186
      vertex 71.6398 54.9712 55.2794
      vertex 67.6598 51.9172 52.7519
    endloop
  endfacet
  facet normal -0.195316 -0.46161 0.865314
    outer loop
      vertex 67.6598 51.9172 52.7519
      vertex 71.6398 54.9712 55.2794
      vertex 67.8911 59.5389 56.87
    endloop
  endfacet
  facet normal -0.179366 -0.463431 0.86779
    outer loop
      vertex 67.6598 51.9172 52.7519
      vertex 67.8911 59.5389 56.87
      vertex 64.1194 56.2312 54.324
    endloop
  endfacet
  facet normal -0.166595 -0.475093 0.864021
    outer loop
      vertex 64.1194 56.2312 54.324
      vertex 67.8911 59.5389 56.87
      vertex 63.8517 63.8517 58.4626
    endloop
  endfacet
  facet normal -0.151096 -0.475864 0.866443
    outer loop
      vertex 64.1194 56.2312 54.324
      vertex 63.8517 63.8517 58.4626
      vertex 60.3044 60.3044 55.8958
    endloop
  endfacet
  facet normal -0.137854 -0.486447 0.862766
    outer loop
      vertex 60.3044 60.3044 55.8958
      vertex 63.8517 63.8517 58.4626
      vertex 59.5389 67.8911 60.051
    endloop
  endfacet
  facet normal -0.12288 -0.486238 0.865143
    outer loop
      vertex 60.3044 60.3044 55.8958
      vertex 59.5389 67.8911 60.051
      vertex 56.2312 64.1194 57.4614
    endloop
  endfacet
  facet normal -0.109178 -0.495789 0.861553
    outer loop
      vertex 56.2312 64.1194 57.4614
      vertex 59.5389 67.8911 60.051
      vertex 54.9712 71.6398 61.6294
    endloop
  endfacet
  facet normal -0.0947938 -0.494676 0.863892
    outer loop
      vertex 56.2312 64.1194 57.4614
      vertex 54.9712 71.6398 61.6294
      vertex 51.9172 67.6598 59.0153
    endloop
  endfacet
  facet normal -0.080642 -0.503229 0.860382
    outer loop
      vertex 51.9172 67.6598 59.0153
      vertex 54.9712 71.6398 61.6294
      vertex 50.168 75.0817 63.1923
    endloop
  endfacet
  facet normal -0.0669008 -0.501289 0.86269
    outer loop
      vertex 51.9172 67.6598 59.0153
      vertex 50.168 75.0817 63.1923
      vertex 47.3809 70.9105 60.5524
    endloop
  endfacet
  facet normal -0.0523107 -0.508865 0.859256
    outer loop
      vertex 47.3809 70.9105 60.5524
      vertex 50.168 75.0817 63.1923
      vertex 45.15 78.2021 64.7348
    endloop
  endfacet
  facet normal -0.0392562 -0.506178 0.861535
    outer loop
      vertex 47.3809 70.9105 60.5524
      vertex 45.15 78.2021 64.7348
      vertex 42.6417 73.8575 62.0679
    endloop
  endfacet
  facet normal -0.0242404 -0.512785 0.858175
    outer loop
      vertex 42.6417 73.8575 62.0679
      vertex 45.15 78.2021 64.7348
      vertex 39.9387 80.9876 66.252
    endloop
  endfacet
  facet normal -0.0119084 -0.509432 0.860428
    outer loop
      vertex 42.6417 73.8575 62.0679
      vertex 39.9387 80.9876 66.252
      vertex 37.7199 76.4883 63.5574
    endloop
  endfacet
  facet normal 0.00351812 -0.515071 0.85714
    outer loop
      vertex 37.7199 76.4883 63.5574
      vertex 39.9387 80.9876 66.252
      vertex 34.5563 83.4263 67.7396
    endloop
  endfacet
  facet normal 0.0150997 -0.511133 0.859369
    outer loop
      vertex 37.7199 76.4883 63.5574
      vertex 34.5563 83.4263 67.7396
      vertex 32.6365 78.7915 65.0166
    endloop
  endfacet
  facet normal 0.0309185 -0.515796 0.856153
    outer loop
      vertex 32.6365 78.7915 65.0166
      vertex 34.5563 83.4263 67.7396
      vertex 29.026 85.5078 69.1933
    endloop
  endfacet
  facet normal 0.0417291 -0.511355 0.858356
    outer loop
      vertex 32.6365 78.7915 65.0166
      vertex 29.026 85.5078 69.1933
      vertex 27.4134 80.7574 66.4417
    endloop
  endfacet
  facet normal 0.057918 -0.51503 0.855213
    outer loop
      vertex 27.4134 80.7574 66.4417
      vertex 29.026 85.5078 69.1933
      vertex 23.3714 87.2231 70.6092
    endloop
  endfacet
  facet normal 0.0679441 -0.510164 0.857389
    outer loop
      vertex 27.4134 80.7574 66.4417
      vertex 23.3714 87.2231 70.6092
      vertex 22.073 82.3774 67.8288
    endloop
  endfacet
  facet normal 0.0844768 -0.512834 0.854321
    outer loop
      vertex 22.073 82.3774 67.8288
      vertex 23.3714 87.2231 70.6092
      vertex 17.6167 88.5649 71.9837
    endloop
  endfacet
  facet normal 0.0937113 -0.507624 0.856467
    outer loop
      vertex 22.073 82.3774 67.8288
      vertex 17.6167 88.5649 71.9837
      vertex 16.638 83.6446 69.1746
    endloop
  endfacet
  facet normal 0.110557 -0.509268 0.853477
    outer loop
      vertex 16.638 83.6446 69.1746
      vertex 17.6167 88.5649 71.9837
      vertex 11.7865 89.5275 73.3133
    endloop
  endfacet
  facet normal 0.119 -0.503792 0.855589
    outer loop
      vertex 16.638 83.6446 69.1746
      vertex 11.7865 89.5275 73.3133
      vertex 11.1317 84.5537 70.4757
    endloop
  endfacet
  facet normal 0.136122 -0.504387 0.852681
    outer loop
      vertex 11.1317 84.5537 70.4757
      vertex 11.7865 89.5275 73.3133
      vertex 5.9059 90.1067 74.5947
    endloop
  endfacet
  facet normal 0.143779 -0.49872 0.854755
    outer loop
      vertex 11.1317 84.5537 70.4757
      vertex 5.9059 90.1067 74.5947
      vertex 5.5778 85.1007 71.7291
    endloop
  endfacet
  facet normal 0.161139 -0.498242 0.851933
    outer loop
      vertex 5.5778 85.1007 71.7291
      vertex 5.9059 90.1067 74.5947
      vertex 5.52928e-15 90.3 75.8248
    endloop
  endfacet
  facet normal 0.168021 -0.492458 0.853964
    outer loop
      vertex 5.5778 85.1007 71.7291
      vertex 5.52928e-15 90.3 75.8248
      vertex 5.2221e-15 85.2833 72.9319
    endloop
  endfacet
  facet normal 0.185573 -0.490883 0.851232
    outer loop
      vertex 5.2221e-15 85.2833 72.9319
      vertex 5.52928e-15 90.3 75.8248
      vertex -5.9059 90.1067 77.0009
    endloop
  endfacet
  facet normal 0.191698 -0.485055 0.853214
    outer loop
      vertex 5.2221e-15 85.2833 72.9319
      vertex -5.9059 90.1067 77.0009
      vertex -5.5778 85.1007 74.0813
    endloop
  endfacet
  facet normal 0.1927 -0.484906 0.853072
    outer loop
      vertex -5.5778 85.1007 74.0813
      vertex -5.9059 90.1067 77.0009
      vertex -11.7865 89.5275 78
    endloop
  endfacet
  facet normal 0.214922 -0.460824 0.861075
    outer loop
      vertex -5.5778 85.1007 74.0813
      vertex -11.7865 89.5275 78
      vertex -11.1317 84.5537 75.1747
    endloop
  endfacet
  facet normal 0.0799664 -0.484349 0.871212
    outer loop
      vertex -11.1317 84.5537 75.1747
      vertex -11.7865 89.5275 78
      vertex -17.6167 88.5649 78
    endloop
  endfacet
  facet normal 0.223239 -0.29374 0.929452
    outer loop
      vertex -11.1317 84.5537 75.1747
      vertex -17.6167 88.5649 78
      vertex -16.638 83.6446 76.21
    endloop
  endfacet
  facet normal 0.0763491 -0.327443 0.941781
    outer loop
      vertex -16.638 83.6446 76.21
      vertex -17.6167 88.5649 78
      vertex -23.3714 87.2231 78
    endloop
  endfacet
  facet normal 0.200272 -0.110146 0.973529
    outer loop
      vertex -16.638 83.6446 76.21
      vertex -23.3714 87.2231 78
      vertex -22.073 82.3774 77.1846
    endloop
  endfacet
  facet normal 0.0465929 -0.153596 0.987035
    outer loop
      vertex -22.073 82.3774 77.1846
      vertex -23.3714 87.2231 78
      vertex -29.026 85.5078 78
    endloop
  endfacet
  facet normal 0.136965 0.0464934 0.989484
    outer loop
      vertex -22.073 82.3774 77.1846
      vertex -29.026 85.5078 78
      vertex -27.4134 80.7574 78
    endloop
  endfacet
  facet normal 0 0 1
    outer loop
      vertex -27.4134 80.7574 78
      vertex -29.026 85.5078 78
      vertex -34.5563 83.4263 78
    endloop
  endfacet
  facet normal 0 0 1
    outer loop
      vertex -27.4134 80.7574 78
      vertex -34.5563 83.4263 78
      vertex -32.6365 78.7915 78
    endloop
  endfacet
  facet normal 0 0 1
    outer loop
      vertex -32.6365 78.7915 78
      vertex -34.5563 83.4263 78
      vertex -39.9387 80.9876 78
    endloop
  endfacet
  facet normal 0 0 1
    outer loop
      vertex -32.6365 78.7915 78
      vertex -39.9387 80.9876 78
      vertex -37.7199 76.4883 78
    endloop
  endfacet
  facet normal 0 0 1
    outer loop
      vertex -37.7199 76.4883 78
      vertex -39.9387 80.9876 78
      vertex -45.15 78.2021 78
    endloop
  endfacet
  facet normal 0 0 1
    outer loop
      vertex -37.7199 76.4883 78
      vertex -45.15 78.2021 78
      vertex -42.6417 73.8575 78
    endloop
  endfacet
  facet normal 0 0 1
    outer loop
      vertex -42.6417 73.8575 78
      vertex -45.15 78.2021 78
      vertex -50.168 75.0817 78
    endloop
  endfacet
  facet normal 0 0 1
    outer loop
      vertex -42.6417 73.8575 78
      vertex -50.168 75.0817 78
      vertex -47.3809 70.9105 78
    endloop
  endfacet
  facet normal 0 0 1
    outer loop
      vertex -47.3809 70.9105 78
      vertex -50.168 75.0817 78
      vertex -54.9712 71.6398 78
    endloop
  endfacet
  facet normal 0 0 1
    outer loop
      vertex -47.3809 70.9105 78
      vertex -54.9712 71.6398 78
      vertex -51.9172 67.6598 78
    endloop
  endfacet
  facet normal 0 0 1
    outer loop
      vertex -51.9172 67.6598 78
      vertex -54.9712 71.6398 78
      vertex -59.5389 67.8911 78
    endloop
  endfacet
  facet normal 0 0 1
    outer loop
      vertex -51.9172 67.6598 78
      vertex -59.5389 67.8911 78
      vertex -56.2312 64.1194 78
    endloop
  endfacet
  facet normal 0 0 1
    outer loop
      vertex -56.2312 64.1194 78
      vertex -59.5389 67.8911 78
      vertex -63.8517 63.8517 78
    endloop
  endfacet
  facet normal 0 0 1
    outer loop
      vertex -56.2312 64.1194 78
      vertex -63.8517 63.8517 78
      vertex -60.3044 60.3044 78
    endloop
  endfacet
  facet normal 0 0 1
    outer loop
      vertex -60.3044 60.3044 78
      vertex -63.8517 63.8517 78
      vertex -67.8911 59.5389 78
    endloop
  endfacet
  facet normal 0 0 1
    outer loop
      vertex -60.3044 60.3044 78
      vertex -67.8911 59.5389 78
      vertex -64.1194 56.2312 78
    endloop
  endfacet
  facet normal 0 0 1
    outer loop
      vertex -64.1194 56.2312 78
      vertex -67.8911 59.5389 78
      vertex -71.6398 54.9712 78
    endloop
  endfacet
  facet normal 0 0 1
    outer loop
      vertex -64.1194 56.2312 78
      vertex -71.6398 54.9712 78
      vertex -67.6598 51.9172 78
    endloop
  endfacet
  facet normal 0 0 1
    outer loop
      vertex -67.6598 51.9172 78
      vertex -71.6398 54.9712 78
      vertex -75.0817 50.168 78
    endloop
  endfacet
  facet normal 0 0 1
    outer loop
      vertex -67.6598 51.9172 78
      vertex -75.0817 50.168 78
      vertex -70.9105 47.3809 78
    endloop
  endfacet
  facet normal 0 0 1
    outer loop
      vertex -70.9105 47.3809 78
      vertex -75.0817 50.168 78
      vertex -78.2021 45.15 78
    endloop
  endfacet
  facet normal 0 0 1
    outer loop
      vertex -70.9105 47.3809 78
      vertex -78.2021 45.15 78
      vertex -73.8575 42.6417 78
    endloop
  endfacet
  facet normal 0 0 1
    outer loop
      vertex -73.8575 42.6417 78
      vertex -78.2021 45.15 78
      vertex -80.9876 39.9387 78
    endloop
  endfacet
  facet normal 0 0 1
    outer loop
      vertex -73.8575 42.6417 78
      vertex -80.9876 39.9387 78
      vertex -76.4883 37.7199 78
    endloop
  endfacet
  facet normal 0 0 1
    outer loop
      vertex -76.4883 37.7199 78
      vertex -80.9876 39.9387 78
      vertex -83.4263 34.5563 78
    endloop
  endfacet
  facet normal 0 0 1
    outer loop
      vertex -76.4883 37.7199 78
      vertex -83.4263 34.5563 78
      vertex -78.7915 32.6365 78
    endloop
  endfacet
  facet normal 0 0 1
    outer loop
      vertex -78.7915 32.6365 78
      vertex -83.4263 34.5563 78
      vertex -85.5078 29.026 78
    endloop
  endfacet
  facet normal 0 0 1
    outer loop
      vertex -78.7915 32.6365 78
      vertex -85.5078 29.026 78
      vertex -80.7574 27.4134 78
    endloop
  endfacet
  facet normal 0 0 1
    outer loop
      vertex -80.7574 27.4134 78
      vertex -85.5078 29.026 78
      vertex -87.2231 23.3714 78
    endloop
  endfacet
  facet normal 0 0 1
    outer loop
      vertex -80.7574 27.4134 78
      vertex -87.2231 23.3714 78
      vertex -82.3774 22.073 78
    endloop
  endfacet
  facet normal 0 0 1
    outer loop
      vertex -82.3774 22.073 78
      vertex -87.2231 23.3714 78
      vertex -88.5649 17.6167 78
    endloop
  endfacet
  facet normal 0 0 1
    outer loop
      vertex -82.3774 22.073 78
      vertex -88.5649 17.6167 78
      vertex -83.6446 16.638 78
    endloop
  endfacet
  facet normal 0 0 1
    outer loop
      vertex -83.6446 16.638 78
      vertex -88.5649 17.6167 78
      vertex -89.5275 11.7865 78
    endloop
  endfacet
  facet normal 0 0 1
    outer loop
      vertex -83.6446 16.638 78
      vertex -89.5275 11.7865 78
      vertex -84.5537 11.1317 78
    endloop
  endfacet
  facet normal 0 0 1
    outer loop
      vertex -84.5537 11.1317 78
      vertex -89.5275 11.7865 78
      vertex -90.1067 5.9059 78
    endloop
  endfacet
  facet normal 0 0 1
    outer loop
      vertex -84.5537 11.1317 78
      vertex -90.1067 5.9059 78
      vertex -85.1007 5.5778 78
    endloop
  endfacet
  facet normal 0 0 1
    outer loop
      vertex -85.1007 5.5778 78
      vertex -90.1067 5.9059 78
      vertex -90.3 1.10586e-14 78
    endloop
  endfacet
  facet normal 0 0 1
    outer loop
      vertex -85.1007 5.5778 78
      vertex -90.3 1.10586e-14 78
      vertex -85.2833 1.04442e-14 78
    endloop
  endfacet
  facet normal 0 0 1
    outer loop
      vertex -85.2833 1.04442e-14 78
      vertex -90.3 1.10586e-14 78
      vertex -90.1067 -5.9059 78
    endloop
  endfacet
  facet normal 0 0 1
    outer loop
      vertex -85.2833 1.04442e-14 78
      vertex -90.1067 -5.9059 78
      vertex -85.1007 -5.5778 78
    endloop
  endfacet
  facet normal 0 0 1
    outer loop
      vertex -85.1007 -5.5778 78
      vertex -90.1067 -5.9059 78
      vertex -89.5275 -11.7865 78
    endloop
  endfacet
  facet normal 0 0 1
    outer loop
      vertex -85.1007 -5.5778 78
      vertex -89.5275 -11.7865 78
      vertex -84.5537 -11.1317 78
    endloop
  endfacet
  facet normal 0 0 1
    outer loop
      vertex -84.5537 -11.1317 78
      vertex -89.5275 -11.7865 78
      vertex -88.5649 -17.6167 78
    endloop
  endfacet
  facet normal 0 0 1
    outer loop
      vertex -84.5537 -11.1317 78
      vertex -88.5649 -17.6167 78
      vertex -83.6446 -16.638 78
    endloop
  endfacet
  facet normal 0 0 1
    outer loop
      vertex -83.6446 -16.638 78
      vertex -88.5649 -17.6167 78
      vertex -87.2231 -23.3714 78
    endloop
  endfacet
  facet normal 0 0 1
    outer loop
      vertex -83.6446 -16.638 78
      vertex -87.2231 -23.3714 78
      vertex -82.3774 -22.073 78
    endloop
  endfacet
  facet normal 0 0 1
    outer loop
      vertex -82.3774 -22.073 78
      vertex -87.2231 -23.3714 78
      vertex -85.5078 -29.026 78
    endloop
  endfacet
  facet normal 0 0 1
    outer loop
      vertex -82.3774 -22.073 78
      vertex -85.5078 -29.026 78
      vertex -80.7574 -27.4134 78
    endloop
  endfacet
  facet normal 0 0 1
    outer loop
      vertex -80.7574 -27.4134 78
      vertex -85.5078 -29.026 78
      vertex -83.4263 -34.5563 78
    endloop
  endfacet
  facet normal 0.0934048 -0.034901 0.995016
    outer loop
      vertex -80.7574 -27.4134 78
      vertex -83.4263 -34.5563 78
      vertex -78.7915 -32.6365 77.6323
    endloop
  endfacet
  facet normal 0.0666268 0.0301882 0.997321
    outer loop
      vertex -78.7915 -32.6365 77.6323
      vertex -83.4263 -34.5563 78
      vertex -80.9876 -39.9387 78
    endloop
  endfacet
  facet normal 0.298756 -0.0418348 0.953412
    outer loop
      vertex -78.7915 -32.6365 77.6323
      vertex -80.9876 -39.9387 78
      vertex -76.4883 -37.7199 76.6875
    endloop
  endfacet
  facet normal 0.223337 0.119376 0.967404
    outer loop
      vertex -76.4883 -37.7199 76.6875
      vertex -80.9876 -39.9387 78
      vertex -78.2021 -45.15 78
    endloop
  endfacet
  facet normal 0.445151 0.0552036 0.893752
    outer loop
      vertex -76.4883 -37.7199 76.6875
      vertex -78.2021 -45.15 78
      vertex -73.8575 -42.6417 75.6812
    endloop
  endfacet
  facet normal 0.39065 0.161214 0.906313
    outer loop
      vertex -73.8575 -42.6417 75.6812
      vertex -78.2021 -45.15 78
      vertex -75.0817 -50.168 77.5476
    endloop
  endfacet
  facet normal 0.512021 0.127378 0.849476
    outer loop
      vertex -73.8575 -42.6417 75.6812
      vertex -75.0817 -50.168 77.5476
      vertex -70.9105 -47.3809 74.6155
    endloop
  endfacet
  facet normal 0.498022 0.152685 0.853617
    outer loop
      vertex -70.9105 -47.3809 74.6155
      vertex -75.0817 -50.168 77.5476
      vertex -71.6398 -54.9712 76.3987
    endloop
  endfacet
  facet normal 0.504596 0.151207 0.850012
    outer loop
      vertex -70.9105 -47.3809 74.6155
      vertex -71.6398 -54.9712 76.3987
      vertex -67.6598 -51.9172 73.4927
    endloop
  endfacet
  facet normal 0.488869 0.175912 0.854437
    outer loop
      vertex -67.6598 -51.9172 73.4927
      vertex -71.6398 -54.9712 76.3987
      vertex -67.8911 -59.5389 75.1943
    endloop
  endfacet
  facet normal 0.495908 0.17484 0.850592
    outer loop
      vertex -67.6598 -51.9172 73.4927
      vertex -67.8911 -59.5389 75.1943
      vertex -64.1194 -56.2312 72.3154
    endloop
  endfacet
  facet normal 0.478461 0.198833 0.855301
    outer loop
      vertex -64.1194 -56.2312 72.3154
      vertex -67.8911 -59.5389 75.1943
      vertex -63.8517 -63.8517 73.9372
    endloop
  endfacet
  facet normal 0.485938 0.198226 0.851217
    outer loop
      vertex -64.1194 -56.2312 72.3154
      vertex -63.8517 -63.8517 73.9372
      vertex -60.3044 -60.3044 71.086
    endloop
  endfacet
  facet normal 0.466783 0.221395 0.856211
    outer loop
      vertex -60.3044 -60.3044 71.086
      vertex -63.8517 -63.8517 73.9372
      vertex -59.5389 -67.8911 72.6304
    endloop
  endfacet
  facet normal 0.474668 0.22131 0.851887
    outer loop
      vertex -60.3044 -60.3044 71.086
      vertex -59.5389 -67.8911 72.6304
      vertex -56.2312 -64.1194 69.8075
    endloop
  endfacet
  facet normal 0.453819 0.243545 0.857166
    outer loop
      vertex -56.2312 -64.1194 69.8075
      vertex -59.5389 -67.8911 72.6304
      vertex -54.9712 -71.6398 71.2772
    endloop
  endfacet
  facet normal 0.462075 0.244036 0.852604
    outer loop
      vertex -56.2312 -64.1194 69.8075
      vertex -54.9712 -71.6398 71.2772
      vertex -51.9172 -67.6598 68.4829
    endloop
  endfacet
  facet normal 0.439551 0.265225 0.858167
    outer loop
      vertex -51.9172 -67.6598 68.4829
      vertex -54.9712 -71.6398 71.2772
      vertex -50.168 -75.0817 69.8808
    endloop
  endfacet
  facet normal 0.448136 0.266344 0.853367
    outer loop
      vertex -51.9172 -67.6598 68.4829
      vertex -50.168 -75.0817 69.8808
      vertex -47.3809 -70.9105 67.1153
    endloop
  endfacet
  facet normal 0.423959 0.286376 0.859214
    outer loop
      vertex -47.3809 -70.9105 67.1153
      vertex -50.168 -75.0817 69.8808
      vertex -45.15 -78.2021 68.4448
    endloop
  endfacet
  facet normal 0.432828 0.288171 0.854176
    outer loop
      vertex -47.3809 -70.9105 67.1153
      vertex -45.15 -78.2021 68.4448
      vertex -42.6417 -73.8575 65.708
    endloop
  endfacet
  facet normal 0.407021 0.306932 0.860306
    outer loop
      vertex -42.6417 -73.8575 65.708
      vertex -45.15 -78.2021 68.4448
      vertex -39.9387 -80.9876 66.973
    endloop
  endfacet
  facet normal 0.416125 0.309448 0.855033
    outer loop
      vertex -42.6417 -73.8575 65.708
      vertex -39.9387 -80.9876 66.973
      vertex -37.7199 -76.4883 64.2648
    endloop
  endfacet
  facet normal 0.388712 0.326826 0.861445
    outer loop
      vertex -37.7199 -76.4883 64.2648
      vertex -39.9387 -80.9876 66.973
      vertex -34.5563 -83.4263 65.4696
    endloop
  endfacet
  facet normal 0.397998 0.330104 0.855938
    outer loop
      vertex -37.7199 -76.4883 64.2648
      vertex -34.5563 -83.4263 65.4696
      vertex -32.6365 -78.7915 62.7894
    endloop
  endfacet
  facet normal 0.369006 0.345983 0.86263
    outer loop
      vertex -32.6365 -78.7915 62.7894
      vertex -34.5563 -83.4263 65.4696
      vertex -29.026 -85.5078 63.9387
    endloop
  endfacet
  facet normal 0.378416 0.350059 0.85689
    outer loop
      vertex -32.6365 -78.7915 62.7894
      vertex -29.026 -85.5078 63.9387
      vertex -27.4134 -80.7574 61.2859
    endloop
  endfacet
  facet normal 0.347872 0.36432 0.863861
    outer loop
      vertex -27.4134 -80.7574 61.2859
      vertex -29.026 -85.5078 63.9387
      vertex -23.3714 -87.2231 62.385
    endloop
  endfacet
  facet normal 0.357346 0.369228 0.85789
    outer loop
      vertex -27.4134 -80.7574 61.2859
      vertex -23.3714 -87.2231 62.385
      vertex -22.073 -82.3774 59.7586
    endloop
  endfacet
  facet normal 0.325277 0.381749 0.865137
    outer loop
      vertex -22.073 -82.3774 59.7586
      vertex -23.3714 -87.2231 62.385
      vertex -17.6167 -88.5649 60.8134
    endloop
  endfacet
  facet normal 0.334751 0.387515 0.858937
    outer loop
      vertex -22.073 -82.3774 59.7586
      vertex -17.6167 -88.5649 60.8134
      vertex -16.638 -83.6446 58.2122
    endloop
  endfacet
  facet normal 0.301186 0.398168 0.866458
    outer loop
      vertex -16.638 -83.6446 58.2122
      vertex -17.6167 -88.5649 60.8134
      vertex -11.7865 -89.5275 59.2292
    endloop
  endfacet
  facet normal 0.310594 0.404815 0.860033
    outer loop
      vertex -16.638 -83.6446 58.2122
      vertex -11.7865 -89.5275 59.2292
      vertex -11.1317 -84.5537 56.6516
    endloop
  endfacet
  facet normal 0.27556 0.413464 0.867822
    outer loop
      vertex -11.1317 -84.5537 56.6516
      vertex -11.7865 -89.5275 59.2292
      vertex -5.9059 -90.1067 57.6378
    endloop
  endfacet
  facet normal 0.284831 0.421009 0.861175
    outer loop
      vertex -11.1317 -84.5537 56.6516
      vertex -5.9059 -90.1067 57.6378
      vertex -5.5778 -85.1007 55.082
    endloop
  endfacet
  facet normal 0.248358 0.42751 0.869226
    outer loop
      vertex -5.5778 -85.1007 55.082
      vertex -5.9059 -90.1067 57.6378
      vertex -1.65878e-14 -90.3 56.0455
    endloop
  endfacet
  facet normal 0.257421 0.435961 0.862364
    outer loop
      vertex -5.5778 -85.1007 55.082
      vertex -1.65878e-14 -90.3 56.0455
      vertex -1.56663e-14 -85.2833 53.5093
    endloop
  endfacet
  facet normal 0.219539 0.440159 0.870668
    outer loop
      vertex -1.56663e-14 -85.2833 53.5093
      vertex -1.65878e-14 -90.3 56.0455
      vertex 5.9059 -90.1067 54.4586
    endloop
  endfacet
  facet normal 0.228319 0.449518 0.863599
    outer loop
      vertex -1.56663e-14 -85.2833 53.5093
      vertex 5.9059 -90.1067 54.4586
      vertex 5.5778 -85.1007 51.9396
    endloop
  endfacet
  facet normal 0.189063 0.451244 0.872143
    outer loop
      vertex 5.5778 -85.1007 51.9396
      vertex 5.9059 -90.1067 54.4586
      vertex 11.7865 -89.5275 52.8841
    endloop
  endfacet
  facet normal 0.197482 0.461503 0.864879
    outer loop
      vertex 5.5778 -85.1007 51.9396
      vertex 11.7865 -89.5275 52.8841
      vertex 11.1317 -84.5537 50.3796
    endloop
  endfacet
  facet normal 0.156892 0.460573 0.873646
    outer loop
      vertex 11.1317 -84.5537 50.3796
      vertex 11.7865 -89.5275 52.8841
      vertex 17.6167 -88.5649 51.3296
    endloop
  endfacet
  facet normal 0.164871 0.47171 0.866203
    outer loop
      vertex 11.1317 -84.5537 50.3796
      vertex 17.6167 -88.5649 51.3296
      vertex 16.638 -83.6446 48.8365
    endloop
  endfacet
  facet normal 0.123 0.467924 0.875168
    outer loop
      vertex 16.638 -83.6446 48.8365
      vertex 17.6167 -88.5649 51.3296
      vertex 23.3714 -87.2231 49.8034
    endloop
  endfacet
  facet normal 0.130457 0.479903 0.867568
    outer loop
      vertex 16.638 -83.6446 48.8365
      vertex 23.3714 -87.2231 49.8034
      vertex 22.073 -82.3774 47.3182
    endloop
  endfacet
  facet normal 0.0873708 0.47304 0.876698
    outer loop
      vertex 22.073 -82.3774 47.3182
      vertex 23.3714 -87.2231 49.8034
      vertex 29.026 -85.5078 48.3144
    endloop
  endfacet
  facet normal 0.0942245 0.485805 0.868974
    outer loop
      vertex 22.073 -82.3774 47.3182
      vertex 29.026 -85.5078 48.3144
      vertex 27.4134 -80.7574 45.8335
    endloop
  endfacet
  facet normal 0.0500161 0.475629 0.878223
    outer loop
      vertex 27.4134 -80.7574 45.8335
      vertex 29.026 -85.5078 48.3144
      vertex 34.5563 -83.4263 46.8721
    endloop
  endfacet
  facet normal 0.0561842 0.489099 0.870417
    outer loop
      vertex 27.4134 -80.7574 45.8335
      vertex 34.5563 -83.4263 46.8721
      vertex 32.6365 -78.7915 44.3917
    endloop
  endfacet
  facet normal 0.0109816 0.475356 0.879725
    outer loop
      vertex 32.6365 -78.7915 44.3917
      vertex 34.5563 -83.4263 46.8721
      vertex 39.9387 -80.9876 45.4872
    endloop
  endfacet
  facet normal 0.0163847 0.489417 0.871896
    outer loop
      vertex 32.6365 -78.7915 44.3917
      vertex 39.9387 -80.9876 45.4872
      vertex 37.7199 -76.4883 43.0033
    endloop
  endfacet
  facet normal -0.0296348 0.471849 0.881181
    outer loop
      vertex 37.7199 -76.4883 43.0033
      vertex 39.9387 -80.9876 45.4872
      vertex 45.15 -78.2021 44.1709
    endloop
  endfacet
  facet normal -0.0250694 0.486345 0.873407
    outer loop
      vertex 37.7199 -76.4883 43.0033
      vertex 45.15 -78.2021 44.1709
      vertex 42.6417 -73.8575 41.6797
    endloop
  endfacet
  facet normal -0.0716624 0.464697 0.882565
    outer loop
      vertex 42.6417 -73.8575 41.6797
      vertex 45.15 -78.2021 44.1709
      vertex 50.168 -75.0817 42.9354
    endloop
  endfacet
  facet normal -0.0679957 0.479423 0.874946
    outer loop
      vertex 42.6417 -73.8575 41.6797
      vertex 50.168 -75.0817 42.9354
      vertex 47.3809 -70.9105 40.4332
    endloop
  endfacet
  facet normal -0.114834 0.453466 0.883845
    outer loop
      vertex 47.3809 -70.9105 40.4332
      vertex 50.168 -75.0817 42.9354
      vertex 54.9712 -71.6398 41.7935
    endloop
  endfacet
  facet normal -0.112107 0.468156 0.876506
    outer loop
      vertex 47.3809 -70.9105 40.4332
      vertex 54.9712 -71.6398 41.7935
      vertex 51.9172 -67.6598 39.2771
    endloop
  endfacet
  facet normal -0.158758 0.43772 0.884984
    outer loop
      vertex 51.9172 -67.6598 39.2771
      vertex 54.9712 -71.6398 41.7935
      vertex 59.5389 -67.8911 40.7588
    endloop
  endfacet
  facet normal -0.156981 0.452037 0.878077
    outer loop
      vertex 51.9172 -67.6598 39.2771
      vertex 59.5389 -67.8911 40.7588
      vertex 56.2312 -64.1194 38.2258
    endloop
  endfacet
  facet normal -0.202897 0.417054 0.885945
    outer loop
      vertex 56.2312 -64.1194 38.2258
      vertex 59.5389 -67.8911 40.7588
      vertex 63.8517 -63.8517 39.845
    endloop
  endfacet
  facet normal -0.202033 0.430589 0.879645
    outer loop
      vertex 56.2312 -64.1194 38.2258
      vertex 63.8517 -63.8517 39.845
      vertex 60.3044 -60.3044 37.2938
    endloop
  endfacet
  facet normal -0.246548 0.391142 0.886692
    outer loop
      vertex 60.3044 -60.3044 37.2938
      vertex 63.8517 -63.8517 39.845
      vertex 67.8911 -59.5389 39.0657
    endloop
  endfacet
  facet normal -0.246501 0.403421 0.881186
    outer loop
      vertex 60.3044 -60.3044 37.2938
      vertex 67.8911 -59.5389 39.0657
      vertex 64.1194 -56.2312 36.4962
    endloop
  endfacet
  facet normal -0.288849 0.359799 0.887193
    outer loop
      vertex 64.1194 -56.2312 36.4962
      vertex 67.8911 -59.5389 39.0657
      vertex 71.6398 -54.9712 38.4337
    endloop
  endfacet
  facet normal -0.289443 0.370305 0.882665
    outer loop
      vertex 64.1194 -56.2312 36.4962
      vertex 71.6398 -54.9712 38.4337
      vertex 67.6598 -51.9172 35.8474
    endloop
  endfacet
  facet normal -0.328802 0.323046 0.887429
    outer loop
      vertex 67.6598 -51.9172 35.8474
      vertex 71.6398 -54.9712 38.4337
      vertex 75.0817 -50.168 37.9605
    endloop
  endfacet
  facet normal -0.329771 0.33126 0.884035
    outer loop
      vertex 67.6598 -51.9172 35.8474
      vertex 75.0817 -50.168 37.9605
      vertex 70.9105 -47.3809 35.3601
    endloop
  endfacet
  facet normal -0.365339 0.281166 0.887397
    outer loop
      vertex 70.9105 -47.3809 35.3601
      vertex 75.0817 -50.168 37.9605
      vertex 78.2021 -45.15 37.6552
    endloop
  endfacet
  facet normal -0.366331 0.286629 0.885238
    outer loop
      vertex 70.9105 -47.3809 35.3601
      vertex 78.2021 -45.15 37.6552
      vertex 73.8575 -42.6417 35.0452
    endloop
  endfacet
  facet normal -0.397416 0.234735 0.887108
    outer loop
      vertex 73.8575 -42.6417 35.0452
      vertex 78.2021 -45.15 37.6552
      vertex 80.9876 -39.9387 37.5242
    endloop
  endfacet
  facet normal -0.398006 0.237118 0.886209
    outer loop
      vertex 73.8575 -42.6417 35.0452
      vertex 80.9876 -39.9387 37.5242
      vertex 76.4883 -37.7199 34.9098
    endloop
  endfacet
  facet normal -0.424122 0.184609 0.886589
    outer loop
      vertex 76.4883 -37.7199 34.9098
      vertex 80.9876 -39.9387 37.5242
      vertex 83.4263 -34.5563 37.57
    endloop
  endfacet
  facet normal -0.423857 0.183775 0.886889
    outer loop
      vertex 76.4883 -37.7199 34.9098
      vertex 83.4263 -34.5563 37.57
      vertex 78.7915 -32.6365 34.9572
    endloop
  endfacet
  facet normal -0.444787 0.131866 0.885876
    outer loop
      vertex 78.7915 -32.6365 34.9572
      vertex 83.4263 -34.5563 37.57
      vertex 85.5078 -29.026 37.7919
    endloop
  endfacet
  facet normal -0.443233 0.127909 0.887234
    outer loop
      vertex 78.7915 -32.6365 34.9572
      vertex 85.5078 -29.026 37.7919
      vertex 80.7574 -27.4134 35.1863
    endloop
  endfacet
  facet normal -0.459052 0.0777069 0.885005
    outer loop
      vertex 80.7574 -27.4134 35.1863
      vertex 85.5078 -29.026 37.7919
      vertex 87.2231 -23.3714 38.1851
    endloop
  endfacet
  facet normal -0.455853 0.0709449 0.887223
    outer loop
      vertex 80.7574 -27.4134 35.1863
      vertex 87.2231 -23.3714 38.1851
      vertex 82.3774 -22.073 35.5916
    endloop
  endfacet
  facet normal -0.466889 0.0233389 0.884008
    outer loop
      vertex 82.3774 -22.073 35.5916
      vertex 87.2231 -23.3714 38.1851
      vertex 88.5649 -17.6167 38.7419
    endloop
  endfacet
  facet normal -0.46181 0.0142681 0.886864
    outer loop
      vertex 82.3774 -22.073 35.5916
      vertex 88.5649 -17.6167 38.7419
      vertex 83.6446 -16.638 36.164
    endloop
  endfacet
  facet normal -0.468571 -0.0301337 0.882912
    outer loop
      vertex 83.6446 -16.638 36.164
      vertex 88.5649 -17.6167 38.7419
      vertex 89.5275 -11.7865 39.4517
    endloop
  endfacet
  facet normal -0.461515 -0.0409109 0.886189
    outer loop
      vertex 83.6446 -16.638 36.164
      vertex 89.5275 -11.7865 39.4517
      vertex 84.5537 -11.1317 36.8917
    endloop
  endfacet
  facet normal -0.464603 -0.0817861 0.881734
    outer loop
      vertex 84.5537 -11.1317 36.8917
      vertex 89.5275 -11.7865 39.4517
      vertex 90.1067 -5.9059 40.3024
    endloop
  endfacet
  facet normal -0.455604 -0.0936397 0.885244
    outer loop
      vertex 84.5537 -11.1317 36.8917
      vertex 90.1067 -5.9059 40.3024
      vertex 85.1007 -5.5778 37.7607
    endloop
  endfacet
  facet normal -0.455633 -0.130913 0.880489
    outer loop
      vertex 85.1007 -5.5778 37.7607
      vertex 90.1067 -5.9059 40.3024
      vertex 90.3 0 41.2805
    endloop
  endfacet
  facet normal -0.444832 -0.14325 0.884084
    outer loop
      vertex 85.1007 -5.5778 37.7607
      vertex 90.3 0 41.2805
      vertex 85.2833 0 38.7563
    endloop
  endfacet
  facet normal 0.999465 0.0327191 0
    outer loop
      vertex 92.5 0 39.7805
      vertex 92.302 6.04979 40.8724
      vertex 92.302 6.04979 260
    endloop
  endfacet
  facet normal 0.999465 0.0327191 -0
    outer loop
      vertex 92.5 0 39.7805
      vertex 92.302 6.04979 260
      vertex 92.5 0 260
    endloop
  endfacet
  facet normal -0.999465 -0.0327191 0
    outer loop
      vertex 90.1067 5.9059 42.3724
      vertex 90.3 0 41.2805
      vertex 90.3 0 260
    endloop
  endfacet
  facet normal -0.999465 -0.0327191 0
    outer loop
      vertex 90.1067 5.9059 42.3724
      vertex 90.3 0 260
      vertex 90.1067 5.9059 260
    endloop
  endfacet
  facet normal 0 0 1
    outer loop
      vertex 90.3 0 260
      vertex 92.5 0 260
      vertex 92.302 6.04979 260
    endloop
  endfacet
  facet normal 0 -0 1
    outer loop
      vertex 90.3 0 260
      vertex 92.302 6.04979 260
      vertex 90.1067 5.9059 260
    endloop
  endfacet
  facet normal 0.995185 0.0980171 0
    outer loop
      vertex 92.302 6.04979 40.8724
      vertex 91.7086 12.0737 42.0644
      vertex 91.7086 12.0737 260
    endloop
  endfacet
  facet normal 0.995185 0.0980171 -0
    outer loop
      vertex 92.302 6.04979 40.8724
      vertex 91.7086 12.0737 260
      vertex 92.302 6.04979 260
    endloop
  endfacet
  facet normal -0.995185 -0.0980171 0
    outer loop
      vertex 89.5275 11.7865 43.5644
      vertex 90.1067 5.9059 42.3724
      vertex 90.1067 5.9059 260
    endloop
  endfacet
  facet normal -0.995185 -0.0980171 0
    outer loop
      vertex 89.5275 11.7865 43.5644
      vertex 90.1067 5.9059 260
      vertex 89.5275 11.7865 260
    endloop
  endfacet
  facet normal 0 0 1
    outer loop
      vertex 90.1067 5.9059 260
      vertex 92.302 6.04979 260
      vertex 91.7086 12.0737 260
    endloop
  endfacet
  facet normal 0 -0 1
    outer loop
      vertex 90.1067 5.9059 260
      vertex 91.7086 12.0737 260
      vertex 89.5275 11.7865 260
    endloop
  endfacet
  facet normal 0.986643 0.162895 0
    outer loop
      vertex 91.7086 12.0737 42.0644
      vertex 90.7226 18.0459 43.3434
      vertex 90.7226 18.0459 260
    endloop
  endfacet
  facet normal 0.986643 0.162895 -0
    outer loop
      vertex 91.7086 12.0737 42.0644
      vertex 90.7226 18.0459 260
      vertex 91.7086 12.0737 260
    endloop
  endfacet
  facet normal -0.986643 -0.162895 0
    outer loop
      vertex 88.5649 17.6167 44.8434
      vertex 89.5275 11.7865 43.5644
      vertex 89.5275 11.7865 260
    endloop
  endfacet
  facet normal -0.986643 -0.162895 0
    outer loop
      vertex 88.5649 17.6167 44.8434
      vertex 89.5275 11.7865 260
      vertex 88.5649 17.6167 260
    endloop
  endfacet
  facet normal 0 0 1
    outer loop
      vertex 89.5275 11.7865 260
      vertex 91.7086 12.0737 260
      vertex 90.7226 18.0459 260
    endloop
  endfacet
  facet normal 0 -0 1
    outer loop
      vertex 89.5275 11.7865 260
      vertex 90.7226 18.0459 260
      vertex 88.5649 17.6167 260
    endloop
  endfacet
  facet normal 0.973877 0.227076 0
    outer loop
      vertex 90.7226 18.0459 43.3434
      vertex 89.3481 23.9408 44.6967
      vertex 89.3481 23.9408 260
    endloop
  endfacet
  facet normal 0.973877 0.227076 -0
    outer loop
      vertex 90.7226 18.0459 43.3434
      vertex 89.3481 23.9408 260
      vertex 90.7226 18.0459 260
    endloop
  endfacet
  facet normal -0.973877 -0.227076 0
    outer loop
      vertex 87.2231 23.3714 46.1967
      vertex 88.5649 17.6167 44.8434
      vertex 88.5649 17.6167 260
    endloop
  endfacet
  facet normal -0.973877 -0.227076 0
    outer loop
      vertex 87.2231 23.3714 46.1967
      vertex 88.5649 17.6167 260
      vertex 87.2231 23.3714 260
    endloop
  endfacet
  facet normal 0 0 1
    outer loop
      vertex 88.5649 17.6167 260
      vertex 90.7226 18.0459 260
      vertex 89.3481 23.9408 260
    endloop
  endfacet
  facet normal 0 -0 1
    outer loop
      vertex 88.5649 17.6167 260
      vertex 89.3481 23.9408 260
      vertex 87.2231 23.3714 260
    endloop
  endfacet
  facet normal 0.95694 0.290285 0
    outer loop
      vertex 89.3481 23.9408 44.6967
      vertex 87.591 29.7332 46.1127
      vertex 87.591 29.7332 260
    endloop
  endfacet
  facet normal 0.95694 0.290285 -0
    outer loop
      vertex 89.3481 23.9408 44.6967
      vertex 87.591 29.7332 260
      vertex 89.3481 23.9408 260
    endloop
  endfacet
  facet normal -0.95694 -0.290285 0
    outer loop
      vertex 85.5078 29.026 47.6127
      vertex 87.2231 23.3714 46.1967
      vertex 87.2231 23.3714 260
    endloop
  endfacet
  facet normal -0.95694 -0.290285 0
    outer loop
      vertex 85.5078 29.026 47.6127
      vertex 87.2231 23.3714 260
      vertex 85.5078 29.026 260
    endloop
  endfacet
  facet normal 0 0 1
    outer loop
      vertex 87.2231 23.3714 260
      vertex 89.3481 23.9408 260
      vertex 87.591 29.7332 260
    endloop
  endfacet
  facet normal 0 -0 1
    outer loop
      vertex 87.2231 23.3714 260
      vertex 87.591 29.7332 260
      vertex 85.5078 29.026 260
    endloop
  endfacet
  facet normal 0.935906 0.35225 0
    outer loop
      vertex 87.591 29.7332 46.1127
      vertex 85.4589 35.3982 47.5804
      vertex 85.4589 35.3982 260
    endloop
  endfacet
  facet normal 0.935906 0.35225 -0
    outer loop
      vertex 87.591 29.7332 46.1127
      vertex 85.4589 35.3982 260
      vertex 87.591 29.7332 260
    endloop
  endfacet
  facet normal -0.935906 -0.35225 0
    outer loop
      vertex 83.4263 34.5563 49.0804
      vertex 85.5078 29.026 47.6127
      vertex 85.5078 29.026 260
    endloop
  endfacet
  facet normal -0.935906 -0.35225 0
    outer loop
      vertex 83.4263 34.5563 49.0804
      vertex 85.5078 29.026 260
      vertex 83.4263 34.5563 260
    endloop
  endfacet
  facet normal 0 -0 1
    outer loop
      vertex 85.5078 29.026 260
      vertex 87.591 29.7332 260
      vertex 85.4589 35.3982 260
    endloop
  endfacet
  facet normal 0 0 1
    outer loop
      vertex 85.5078 29.026 260
      vertex 85.4589 35.3982 260
      vertex 83.4263 34.5563 260
    endloop
  endfacet
  facet normal 0.910864 0.412707 0
    outer loop
      vertex 85.4589 35.3982 47.5804
      vertex 82.9607 40.9117 49.0899
      vertex 82.9607 40.9117 260
    endloop
  endfacet
  facet normal 0.910864 0.412707 -0
    outer loop
      vertex 85.4589 35.3982 47.5804
      vertex 82.9607 40.9117 260
      vertex 85.4589 35.3982 260
    endloop
  endfacet
  facet normal -0.910864 -0.412707 0
    outer loop
      vertex 80.9876 39.9387 50.5899
      vertex 83.4263 34.5563 49.0804
      vertex 83.4263 34.5563 260
    endloop
  endfacet
  facet normal -0.910864 -0.412707 0
    outer loop
      vertex 80.9876 39.9387 50.5899
      vertex 83.4263 34.5563 260
      vertex 80.9876 39.9387 260
    endloop
  endfacet
  facet normal 0 -0 1
    outer loop
      vertex 83.4263 34.5563 260
      vertex 85.4589 35.3982 260
      vertex 82.9607 40.9117 260
    endloop
  endfacet
  facet normal 0 0 1
    outer loop
      vertex 83.4263 34.5563 260
      vertex 82.9607 40.9117 260
      vertex 80.9876 39.9387 260
    endloop
  endfacet
  facet normal 0.881921 0.471397 0
    outer loop
      vertex 82.9607 40.9117 49.0899
      vertex 80.1073 46.25 50.6318
      vertex 80.1073 46.25 260
    endloop
  endfacet
  facet normal 0.881921 0.471397 -0
    outer loop
      vertex 82.9607 40.9117 49.0899
      vertex 80.1073 46.25 260
      vertex 82.9607 40.9117 260
    endloop
  endfacet
  facet normal -0.881921 -0.471397 0
    outer loop
      vertex 78.2021 45.15 52.1318
      vertex 80.9876 39.9387 50.5899
      vertex 80.9876 39.9387 260
    endloop
  endfacet
  facet normal -0.881921 -0.471397 0
    outer loop
      vertex 78.2021 45.15 52.1318
      vertex 80.9876 39.9387 260
      vertex 78.2021 45.15 260
    endloop
  endfacet
  facet normal 0 -0 1
    outer loop
      vertex 80.9876 39.9387 260
      vertex 82.9607 40.9117 260
      vertex 80.1073 46.25 260
    endloop
  endfacet
  facet normal 0 0 1
    outer loop
      vertex 80.9876 39.9387 260
      vertex 80.1073 46.25 260
      vertex 78.2021 45.15 260
    endloop
  endfacet
  facet normal 0.849202 0.528068 0
    outer loop
      vertex 80.1073 46.25 50.6318
      vertex 76.9109 51.3902 52.1976
      vertex 76.9109 51.3902 260
    endloop
  endfacet
  facet normal 0.849202 0.528068 -0
    outer loop
      vertex 80.1073 46.25 50.6318
      vertex 76.9109 51.3902 260
      vertex 80.1073 46.25 260
    endloop
  endfacet
  facet normal -0.849202 -0.528068 0
    outer loop
      vertex 75.0817 50.168 53.6976
      vertex 78.2021 45.15 52.1318
      vertex 78.2021 45.15 260
    endloop
  endfacet
  facet normal -0.849202 -0.528068 0
    outer loop
      vertex 75.0817 50.168 53.6976
      vertex 78.2021 45.15 260
      vertex 75.0817 50.168 260
    endloop
  endfacet
  facet normal 0 -0 1
    outer loop
      vertex 78.2021 45.15 260
      vertex 80.1073 46.25 260
      vertex 76.9109 51.3902 260
    endloop
  endfacet
  facet normal 0 0 1
    outer loop
      vertex 78.2021 45.15 260
      vertex 76.9109 51.3902 260
      vertex 75.0817 50.168 260
    endloop
  endfacet
  facet normal 0.812847 0.582478 0
    outer loop
      vertex 76.9109 51.3902 52.1976
      vertex 73.3852 56.3104 53.7794
      vertex 73.3852 56.3104 260
    endloop
  endfacet
  facet normal 0.812847 0.582478 -0
    outer loop
      vertex 76.9109 51.3902 52.1976
      vertex 73.3852 56.3104 260
      vertex 76.9109 51.3902 260
    endloop
  endfacet
  facet normal -0.812847 -0.582478 0
    outer loop
      vertex 71.6398 54.9712 55.2794
      vertex 75.0817 50.168 53.6976
      vertex 75.0817 50.168 260
    endloop
  endfacet
  facet normal -0.812847 -0.582478 0
    outer loop
      vertex 71.6398 54.9712 55.2794
      vertex 75.0817 50.168 260
      vertex 71.6398 54.9712 260
    endloop
  endfacet
  facet normal 0 -0 1
    outer loop
      vertex 75.0817 50.168 260
      vertex 76.9109 51.3902 260
      vertex 73.3852 56.3104 260
    endloop
  endfacet
  facet normal 0 0 1
    outer loop
      vertex 75.0817 50.168 260
      vertex 73.3852 56.3104 260
      vertex 71.6398 54.9712 260
    endloop
  endfacet
  facet normal 0.77301 0.634393 0
    outer loop
      vertex 73.3852 56.3104 53.7794
      vertex 69.5452 60.9895 55.37
      vertex 69.5452 60.9895 260
    endloop
  endfacet
  facet normal 0.77301 0.634393 -0
    outer loop
      vertex 73.3852 56.3104 53.7794
      vertex 69.5452 60.9895 260
      vertex 73.3852 56.3104 260
    endloop
  endfacet
  facet normal -0.77301 -0.634393 0
    outer loop
      vertex 67.8911 59.5389 56.87
      vertex 71.6398 54.9712 55.2794
      vertex 71.6398 54.9712 260
    endloop
  endfacet
  facet normal -0.77301 -0.634393 0
    outer loop
      vertex 67.8911 59.5389 56.87
      vertex 71.6398 54.9712 260
      vertex 67.8911 59.5389 260
    endloop
  endfacet
  facet normal 0 -0 1
    outer loop
      vertex 71.6398 54.9712 260
      vertex 73.3852 56.3104 260
      vertex 69.5452 60.9895 260
    endloop
  endfacet
  facet normal 0 0 1
    outer loop
      vertex 71.6398 54.9712 260
      vertex 69.5452 60.9895 260
      vertex 67.8911 59.5389 260
    endloop
  endfacet
  facet normal 0.729864 0.683592 0
    outer loop
      vertex 69.5452 60.9895 55.37
      vertex 65.4074 65.4074 56.9626
      vertex 65.4074 65.4074 260
    endloop
  endfacet
  facet normal 0.729864 0.683592 -0
    outer loop
      vertex 69.5452 60.9895 55.37
      vertex 65.4074 65.4074 260
      vertex 69.5452 60.9895 260
    endloop
  endfacet
  facet normal -0.729864 -0.683592 0
    outer loop
      vertex 63.8517 63.8517 58.4626
      vertex 67.8911 59.5389 56.87
      vertex 67.8911 59.5389 260
    endloop
  endfacet
  facet normal -0.729864 -0.683592 0
    outer loop
      vertex 63.8517 63.8517 58.4626
      vertex 67.8911 59.5389 260
      vertex 63.8517 63.8517 260
    endloop
  endfacet
  facet normal 0 -0 1
    outer loop
      vertex 67.8911 59.5389 260
      vertex 69.5452 60.9895 260
      vertex 65.4074 65.4074 260
    endloop
  endfacet
  facet normal 0 0 1
    outer loop
      vertex 67.8911 59.5389 260
      vertex 65.4074 65.4074 260
      vertex 63.8517 63.8517 260
    endloop
  endfacet
  facet normal 0.683592 0.729864 0
    outer loop
      vertex 65.4074 65.4074 56.9626
      vertex 60.9895 69.5452 58.551
      vertex 60.9895 69.5452 260
    endloop
  endfacet
  facet normal 0.683592 0.729864 -0
    outer loop
      vertex 65.4074 65.4074 56.9626
      vertex 60.9895 69.5452 260
      vertex 65.4074 65.4074 260
    endloop
  endfacet
  facet normal -0.683592 -0.729864 0
    outer loop
      vertex 59.5389 67.8911 60.051
      vertex 63.8517 63.8517 58.4626
      vertex 63.8517 63.8517 260
    endloop
  endfacet
  facet normal -0.683592 -0.729864 0
    outer loop
      vertex 59.5389 67.8911 60.051
      vertex 63.8517 63.8517 260
      vertex 59.5389 67.8911 260
    endloop
  endfacet
  facet normal 0 -0 1
    outer loop
      vertex 63.8517 63.8517 260
      vertex 65.4074 65.4074 260
      vertex 60.9895 69.5452 260
    endloop
  endfacet
  facet normal 0 0 1
    outer loop
      vertex 63.8517 63.8517 260
      vertex 60.9895 69.5452 260
      vertex 59.5389 67.8911 260
    endloop
  endfacet
  facet normal 0.634393 0.77301 0
    outer loop
      vertex 60.9895 69.5452 58.551
      vertex 56.3104 73.3852 60.1294
      vertex 56.3104 73.3852 260
    endloop
  endfacet
  facet normal 0.634393 0.77301 -0
    outer loop
      vertex 60.9895 69.5452 58.551
      vertex 56.3104 73.3852 260
      vertex 60.9895 69.5452 260
    endloop
  endfacet
  facet normal -0.634393 -0.77301 0
    outer loop
      vertex 54.9712 71.6398 61.6294
      vertex 59.5389 67.8911 60.051
      vertex 59.5389 67.8911 260
    endloop
  endfacet
  facet normal -0.634393 -0.77301 0
    outer loop
      vertex 54.9712 71.6398 61.6294
      vertex 59.5389 67.8911 260
      vertex 54.9712 71.6398 260
    endloop
  endfacet
  facet normal 0 -0 1
    outer loop
      vertex 59.5389 67.8911 260
      vertex 60.9895 69.5452 260
      vertex 56.3104 73.3852 260
    endloop
  endfacet
  facet normal 0 0 1
    outer loop
      vertex 59.5389 67.8911 260
      vertex 56.3104 73.3852 260
      vertex 54.9712 71.6398 260
    endloop
  endfacet
  facet normal 0.582478 0.812847 0
    outer loop
      vertex 56.3104 73.3852 60.1294
      vertex 51.3902 76.9109 61.6923
      vertex 51.3902 76.9109 260
    endloop
  endfacet
  facet normal 0.582478 0.812847 -0
    outer loop
      vertex 56.3104 73.3852 60.1294
      vertex 51.3902 76.9109 260
      vertex 56.3104 73.3852 260
    endloop
  endfacet
  facet normal -0.582478 -0.812847 0
    outer loop
      vertex 50.168 75.0817 63.1923
      vertex 54.9712 71.6398 61.6294
      vertex 54.9712 71.6398 260
    endloop
  endfacet
  facet normal -0.582478 -0.812847 0
    outer loop
      vertex 50.168 75.0817 63.1923
      vertex 54.9712 71.6398 260
      vertex 50.168 75.0817 260
    endloop
  endfacet
  facet normal 0 -0 1
    outer loop
      vertex 54.9712 71.6398 260
      vertex 56.3104 73.3852 260
      vertex 51.3902 76.9109 260
    endloop
  endfacet
  facet normal 0 0 1
    outer loop
      vertex 54.9712 71.6398 260
      vertex 51.3902 76.9109 260
      vertex 50.168 75.0817 260
    endloop
  endfacet
  facet normal 0.528068 0.849202 0
    outer loop
      vertex 51.3902 76.9109 61.6923
      vertex 46.25 80.1073 63.2348
      vertex 46.25 80.1073 260
    endloop
  endfacet
  facet normal 0.528068 0.849202 -0
    outer loop
      vertex 51.3902 76.9109 61.6923
      vertex 46.25 80.1073 260
      vertex 51.3902 76.9109 260
    endloop
  endfacet
  facet normal -0.528068 -0.849202 0
    outer loop
      vertex 45.15 78.2021 64.7348
      vertex 50.168 75.0817 63.1923
      vertex 50.168 75.0817 260
    endloop
  endfacet
  facet normal -0.528068 -0.849202 0
    outer loop
      vertex 45.15 78.2021 64.7348
      vertex 50.168 75.0817 260
      vertex 45.15 78.2021 260
    endloop
  endfacet
  facet normal 0 -0 1
    outer loop
      vertex 50.168 75.0817 260
      vertex 51.3902 76.9109 260
      vertex 46.25 80.1073 260
    endloop
  endfacet
  facet normal 0 0 1
    outer loop
      vertex 50.168 75.0817 260
      vertex 46.25 80.1073 260
      vertex 45.15 78.2021 260
    endloop
  endfacet
  facet normal 0.471397 0.881921 0
    outer loop
      vertex 46.25 80.1073 63.2348
      vertex 40.9117 82.9607 64.752
      vertex 40.9117 82.9607 260
    endloop
  endfacet
  facet normal 0.471397 0.881921 -0
    outer loop
      vertex 46.25 80.1073 63.2348
      vertex 40.9117 82.9607 260
      vertex 46.25 80.1073 260
    endloop
  endfacet
  facet normal -0.471397 -0.881921 0
    outer loop
      vertex 39.9387 80.9876 66.252
      vertex 45.15 78.2021 64.7348
      vertex 45.15 78.2021 260
    endloop
  endfacet
  facet normal -0.471397 -0.881921 0
    outer loop
      vertex 39.9387 80.9876 66.252
      vertex 45.15 78.2021 260
      vertex 39.9387 80.9876 260
    endloop
  endfacet
  facet normal 0 -0 1
    outer loop
      vertex 45.15 78.2021 260
      vertex 46.25 80.1073 260
      vertex 40.9117 82.9607 260
    endloop
  endfacet
  facet normal 0 0 1
    outer loop
      vertex 45.15 78.2021 260
      vertex 40.9117 82.9607 260
      vertex 39.9387 80.9876 260
    endloop
  endfacet
  facet normal 0.412707 0.910864 0
    outer loop
      vertex 40.9117 82.9607 64.752
      vertex 35.3982 85.4589 66.2396
      vertex 35.3982 85.4589 260
    endloop
  endfacet
  facet normal 0.412707 0.910864 -0
    outer loop
      vertex 40.9117 82.9607 64.752
      vertex 35.3982 85.4589 260
      vertex 40.9117 82.9607 260
    endloop
  endfacet
  facet normal -0.412707 -0.910864 0
    outer loop
      vertex 34.5563 83.4263 67.7396
      vertex 39.9387 80.9876 66.252
      vertex 39.9387 80.9876 260
    endloop
  endfacet
  facet normal -0.412707 -0.910864 0
    outer loop
      vertex 34.5563 83.4263 67.7396
      vertex 39.9387 80.9876 260
      vertex 34.5563 83.4263 260
    endloop
  endfacet
  facet normal 0 -0 1
    outer loop
      vertex 39.9387 80.9876 260
      vertex 40.9117 82.9607 260
      vertex 35.3982 85.4589 260
    endloop
  endfacet
  facet normal 0 0 1
    outer loop
      vertex 39.9387 80.9876 260
      vertex 35.3982 85.4589 260
      vertex 34.5563 83.4263 260
    endloop
  endfacet
  facet normal 0.35225 0.935906 0
    outer loop
      vertex 35.3982 85.4589 66.2396
      vertex 29.7332 87.591 67.6933
      vertex 29.7332 87.591 260
    endloop
  endfacet
  facet normal 0.35225 0.935906 -0
    outer loop
      vertex 35.3982 85.4589 66.2396
      vertex 29.7332 87.591 260
      vertex 35.3982 85.4589 260
    endloop
  endfacet
  facet normal -0.35225 -0.935906 0
    outer loop
      vertex 29.026 85.5078 69.1933
      vertex 34.5563 83.4263 67.7396
      vertex 34.5563 83.4263 260
    endloop
  endfacet
  facet normal -0.35225 -0.935906 0
    outer loop
      vertex 29.026 85.5078 69.1933
      vertex 34.5563 83.4263 260
      vertex 29.026 85.5078 260
    endloop
  endfacet
  facet normal 0 -0 1
    outer loop
      vertex 34.5563 83.4263 260
      vertex 35.3982 85.4589 260
      vertex 29.7332 87.591 260
    endloop
  endfacet
  facet normal 0 0 1
    outer loop
      vertex 34.5563 83.4263 260
      vertex 29.7332 87.591 260
      vertex 29.026 85.5078 260
    endloop
  endfacet
  facet normal 0.290285 0.95694 0
    outer loop
      vertex 29.7332 87.591 67.6933
      vertex 23.9408 89.3481 69.1092
      vertex 23.9408 89.3481 260
    endloop
  endfacet
  facet normal 0.290285 0.95694 -0
    outer loop
      vertex 29.7332 87.591 67.6933
      vertex 23.9408 89.3481 260
      vertex 29.7332 87.591 260
    endloop
  endfacet
  facet normal -0.290285 -0.95694 0
    outer loop
      vertex 23.3714 87.2231 70.6092
      vertex 29.026 85.5078 69.1933
      vertex 29.026 85.5078 260
    endloop
  endfacet
  facet normal -0.290285 -0.95694 0
    outer loop
      vertex 23.3714 87.2231 70.6092
      vertex 29.026 85.5078 260
      vertex 23.3714 87.2231 260
    endloop
  endfacet
  facet normal 0 -0 1
    outer loop
      vertex 29.026 85.5078 260
      vertex 29.7332 87.591 260
      vertex 23.9408 89.3481 260
    endloop
  endfacet
  facet normal 0 0 1
    outer loop
      vertex 29.026 85.5078 260
      vertex 23.9408 89.3481 260
      vertex 23.3714 87.2231 260
    endloop
  endfacet
  facet normal 0.227076 0.973877 0
    outer loop
      vertex 23.9408 89.3481 69.1092
      vertex 18.0459 90.7226 70.4837
      vertex 18.0459 90.7226 260
    endloop
  endfacet
  facet normal 0.227076 0.973877 -0
    outer loop
      vertex 23.9408 89.3481 69.1092
      vertex 18.0459 90.7226 260
      vertex 23.9408 89.3481 260
    endloop
  endfacet
  facet normal -0.227076 -0.973877 0
    outer loop
      vertex 17.6167 88.5649 71.9837
      vertex 23.3714 87.2231 70.6092
      vertex 23.3714 87.2231 260
    endloop
  endfacet
  facet normal -0.227076 -0.973877 0
    outer loop
      vertex 17.6167 88.5649 71.9837
      vertex 23.3714 87.2231 260
      vertex 17.6167 88.5649 260
    endloop
  endfacet
  facet normal 0 -0 1
    outer loop
      vertex 23.3714 87.2231 260
      vertex 23.9408 89.3481 260
      vertex 18.0459 90.7226 260
    endloop
  endfacet
  facet normal 0 0 1
    outer loop
      vertex 23.3714 87.2231 260
      vertex 18.0459 90.7226 260
      vertex 17.6167 88.5649 260
    endloop
  endfacet
  facet normal 0.162895 0.986643 0
    outer loop
      vertex 18.0459 90.7226 70.4837
      vertex 12.0737 91.7086 71.8133
      vertex 12.0737 91.7086 260
    endloop
  endfacet
  facet normal 0.162895 0.986643 -0
    outer loop
      vertex 18.0459 90.7226 70.4837
      vertex 12.0737 91.7086 260
      vertex 18.0459 90.7226 260
    endloop
  endfacet
  facet normal -0.162895 -0.986643 0
    outer loop
      vertex 11.7865 89.5275 73.3133
      vertex 17.6167 88.5649 71.9837
      vertex 17.6167 88.5649 260
    endloop
  endfacet
  facet normal -0.162895 -0.986643 0
    outer loop
      vertex 11.7865 89.5275 73.3133
      vertex 17.6167 88.5649 260
      vertex 11.7865 89.5275 260
    endloop
  endfacet
  facet normal 0 -0 1
    outer loop
      vertex 17.6167 88.5649 260
      vertex 18.0459 90.7226 260
      vertex 12.0737 91.7086 260
    endloop
  endfacet
  facet normal 0 0 1
    outer loop
      vertex 17.6167 88.5649 260
      vertex 12.0737 91.7086 260
      vertex 11.7865 89.5275 260
    endloop
  endfacet
  facet normal 0.0980171 0.995185 0
    outer loop
      vertex 12.0737 91.7086 71.8133
      vertex 6.04979 92.302 73.0947
      vertex 6.04979 92.302 260
    endloop
  endfacet
  facet normal 0.0980171 0.995185 -0
    outer loop
      vertex 12.0737 91.7086 71.8133
      vertex 6.04979 92.302 260
      vertex 12.0737 91.7086 260
    endloop
  endfacet
  facet normal -0.0980171 -0.995185 0
    outer loop
      vertex 5.9059 90.1067 74.5947
      vertex 11.7865 89.5275 73.3133
      vertex 11.7865 89.5275 260
    endloop
  endfacet
  facet normal -0.0980171 -0.995185 0
    outer loop
      vertex 5.9059 90.1067 74.5947
      vertex 11.7865 89.5275 260
      vertex 5.9059 90.1067 260
    endloop
  endfacet
  facet normal 0 -0 1
    outer loop
      vertex 11.7865 89.5275 260
      vertex 12.0737 91.7086 260
      vertex 6.04979 92.302 260
    endloop
  endfacet
  facet normal 0 0 1
    outer loop
      vertex 11.7865 89.5275 260
      vertex 6.04979 92.302 260
      vertex 5.9059 90.1067 260
    endloop
  endfacet
  facet normal 0.0327191 0.999465 0
    outer loop
      vertex 6.04979 92.302 73.0947
      vertex 5.66399e-15 92.5 74.3248
      vertex 5.66399e-15 92.5 260
    endloop
  endfacet
  facet normal 0.0327191 0.999465 -0
    outer loop
      vertex 6.04979 92.302 73.0947
      vertex 5.66399e-15 92.5 260
      vertex 6.04979 92.302 260
    endloop
  endfacet
  facet normal -0.0327191 -0.999465 0
    outer loop
      vertex 5.52928e-15 90.3 75.8248
      vertex 5.9059 90.1067 74.5947
      vertex 5.9059 90.1067 260
    endloop
  endfacet
  facet normal -0.0327191 -0.999465 0
    outer loop
      vertex 5.52928e-15 90.3 75.8248
      vertex 5.9059 90.1067 260
      vertex 5.52928e-15 90.3 260
    endloop
  endfacet
  facet normal 0 -0 1
    outer loop
      vertex 5.9059 90.1067 260
      vertex 6.04979 92.302 260
      vertex 5.66399e-15 92.5 260
    endloop
  endfacet
  facet normal 0 0 1
    outer loop
      vertex 5.9059 90.1067 260
      vertex 5.66399e-15 92.5 260
      vertex 5.52928e-15 90.3 260
    endloop
  endfacet
  facet normal -0.0327191 0.999465 0
    outer loop
      vertex 5.66399e-15 92.5 74.3248
      vertex -6.04979 92.302 75.5009
      vertex -6.04979 92.302 260
    endloop
  endfacet
  facet normal -0.0327191 0.999465 0
    outer loop
      vertex 5.66399e-15 92.5 74.3248
      vertex -6.04979 92.302 260
      vertex 5.66399e-15 92.5 260
    endloop
  endfacet
  facet normal 0.0327191 -0.999465 0
    outer loop
      vertex -5.9059 90.1067 77.0009
      vertex 5.52928e-15 90.3 75.8248
      vertex 5.52928e-15 90.3 260
    endloop
  endfacet
  facet normal 0.0327191 -0.999465 0
    outer loop
      vertex -5.9059 90.1067 77.0009
      vertex 5.52928e-15 90.3 260
      vertex -5.9059 90.1067 260
    endloop
  endfacet
  facet normal 0 -0 1
    outer loop
      vertex 5.52928e-15 90.3 260
      vertex 5.66399e-15 92.5 260
      vertex -6.04979 92.302 260
    endloop
  endfacet
  facet normal 0 0 1
    outer loop
      vertex 5.52928e-15 90.3 260
      vertex -6.04979 92.302 260
      vertex -5.9059 90.1067 260
    endloop
  endfacet
  facet normal -0.0980171 0.995185 0
    outer loop
      vertex -6.04979 92.302 75.5009
      vertex -12.0737 91.7086 76.5
      vertex -12.0737 91.7086 260
    endloop
  endfacet
  facet normal -0.0980171 0.995185 0
    outer loop
      vertex -6.04979 92.302 75.5009
      vertex -12.0737 91.7086 260
      vertex -6.04979 92.302 260
    endloop
  endfacet
  facet normal 0.0980171 -0.995185 0
    outer loop
      vertex -11.7865 89.5275 78
      vertex -5.9059 90.1067 77.0009
      vertex -5.9059 90.1067 260
    endloop
  endfacet
  facet normal 0.0980171 -0.995185 0
    outer loop
      vertex -11.7865 89.5275 78
      vertex -5.9059 90.1067 260
      vertex -11.7865 89.5275 260
    endloop
  endfacet
  facet normal 0 0 1
    outer loop
      vertex -5.9059 90.1067 260
      vertex -6.04979 92.302 260
      vertex -12.0737 91.7086 260
    endloop
  endfacet
  facet normal 0 0 1
    outer loop
      vertex -5.9059 90.1067 260
      vertex -12.0737 91.7086 260
      vertex -11.7865 89.5275 260
    endloop
  endfacet
  facet normal -0.162895 0.986643 0
    outer loop
      vertex -12.0737 91.7086 76.5
      vertex -18.0459 90.7226 76.5
      vertex -18.0459 90.7226 260
    endloop
  endfacet
  facet normal -0.162895 0.986643 0
    outer loop
      vertex -12.0737 91.7086 76.5
      vertex -18.0459 90.7226 260
      vertex -12.0737 91.7086 260
    endloop
  endfacet
  facet normal 0.162895 -0.986643 0
    outer loop
      vertex -17.6167 88.5649 78
      vertex -11.7865 89.5275 78
      vertex -11.7865 89.5275 260
    endloop
  endfacet
  facet normal 0.162895 -0.986643 0
    outer loop
      vertex -17.6167 88.5649 78
      vertex -11.7865 89.5275 260
      vertex -17.6167 88.5649 260
    endloop
  endfacet
  facet normal 0 0 1
    outer loop
      vertex -11.7865 89.5275 260
      vertex -12.0737 91.7086 260
      vertex -18.0459 90.7226 260
    endloop
  endfacet
  facet normal 0 0 1
    outer loop
      vertex -11.7865 89.5275 260
      vertex -18.0459 90.7226 260
      vertex -17.6167 88.5649 260
    endloop
  endfacet
  facet normal -0.227076 0.973877 0
    outer loop
      vertex -18.0459 90.7226 76.5
      vertex -23.9408 89.3481 76.5
      vertex -23.9408 89.3481 260
    endloop
  endfacet
  facet normal -0.227076 0.973877 0
    outer loop
      vertex -18.0459 90.7226 76.5
      vertex -23.9408 89.3481 260
      vertex -18.0459 90.7226 260
    endloop
  endfacet
  facet normal 0.227076 -0.973877 0
    outer loop
      vertex -23.3714 87.2231 78
      vertex -17.6167 88.5649 78
      vertex -17.6167 88.5649 260
    endloop
  endfacet
  facet normal 0.227076 -0.973877 0
    outer loop
      vertex -23.3714 87.2231 78
      vertex -17.6167 88.5649 260
      vertex -23.3714 87.2231 260
    endloop
  endfacet
  facet normal 0 0 1
    outer loop
      vertex -17.6167 88.5649 260
      vertex -18.0459 90.7226 260
      vertex -23.9408 89.3481 260
    endloop
  endfacet
  facet normal 0 0 1
    outer loop
      vertex -17.6167 88.5649 260
      vertex -23.9408 89.3481 260
      vertex -23.3714 87.2231 260
    endloop
  endfacet
  facet normal -0.290285 0.95694 0
    outer loop
      vertex -23.9408 89.3481 76.5
      vertex -29.7332 87.591 76.5
      vertex -29.7332 87.591 260
    endloop
  endfacet
  facet normal -0.290285 0.95694 0
    outer loop
      vertex -23.9408 89.3481 76.5
      vertex -29.7332 87.591 260
      vertex -23.9408 89.3481 260
    endloop
  endfacet
  facet normal 0.290285 -0.95694 0
    outer loop
      vertex -29.026 85.5078 78
      vertex -23.3714 87.2231 78
      vertex -23.3714 87.2231 260
    endloop
  endfacet
  facet normal 0.290285 -0.95694 0
    outer loop
      vertex -29.026 85.5078 78
      vertex -23.3714 87.2231 260
      vertex -29.026 85.5078 260
    endloop
  endfacet
  facet normal 0 0 1
    outer loop
      vertex -23.3714 87.2231 260
      vertex -23.9408 89.3481 260
      vertex -29.7332 87.591 260
    endloop
  endfacet
  facet normal 0 0 1
    outer loop
      vertex -23.3714 87.2231 260
      vertex -29.7332 87.591 260
      vertex -29.026 85.5078 260
    endloop
  endfacet
  facet normal -0.35225 0.935906 0
    outer loop
      vertex -29.7332 87.591 76.5
      vertex -35.3982 85.4589 76.5
      vertex -35.3982 85.4589 260
    endloop
  endfacet
  facet normal -0.35225 0.935906 0
    outer loop
      vertex -29.7332 87.591 76.5
      vertex -35.3982 85.4589 260
      vertex -29.7332 87.591 260
    endloop
  endfacet
  facet normal 0.35225 -0.935906 0
    outer loop
      vertex -34.5563 83.4263 78
      vertex -29.026 85.5078 78
      vertex -29.026 85.5078 260
    endloop
  endfacet
  facet normal 0.35225 -0.935906 0
    outer loop
      vertex -34.5563 83.4263 78
      vertex -29.026 85.5078 260
      vertex -34.5563 83.4263 260
    endloop
  endfacet
  facet normal 0 0 1
    outer loop
      vertex -29.026 85.5078 260
      vertex -29.7332 87.591 260
      vertex -35.3982 85.4589 260
    endloop
  endfacet
  facet normal 0 0 1
    outer loop
      vertex -29.026 85.5078 260
      vertex -35.3982 85.4589 260
      vertex -34.5563 83.4263 260
    endloop
  endfacet
  facet normal -0.412707 0.910864 0
    outer loop
      vertex -35.3982 85.4589 76.5
      vertex -40.9117 82.9607 76.5
      vertex -40.9117 82.9607 260
    endloop
  endfacet
  facet normal -0.412707 0.910864 0
    outer loop
      vertex -35.3982 85.4589 76.5
      vertex -40.9117 82.9607 260
      vertex -35.3982 85.4589 260
    endloop
  endfacet
  facet normal 0.412707 -0.910864 0
    outer loop
      vertex -39.9387 80.9876 78
      vertex -34.5563 83.4263 78
      vertex -34.5563 83.4263 260
    endloop
  endfacet
  facet normal 0.412707 -0.910864 0
    outer loop
      vertex -39.9387 80.9876 78
      vertex -34.5563 83.4263 260
      vertex -39.9387 80.9876 260
    endloop
  endfacet
  facet normal 0 0 1
    outer loop
      vertex -34.5563 83.4263 260
      vertex -35.3982 85.4589 260
      vertex -40.9117 82.9607 260
    endloop
  endfacet
  facet normal 0 0 1
    outer loop
      vertex -34.5563 83.4263 260
      vertex -40.9117 82.9607 260
      vertex -39.9387 80.9876 260
    endloop
  endfacet
  facet normal -0.471397 0.881921 0
    outer loop
      vertex -40.9117 82.9607 76.5
      vertex -46.25 80.1073 76.5
      vertex -46.25 80.1073 260
    endloop
  endfacet
  facet normal -0.471397 0.881921 0
    outer loop
      vertex -40.9117 82.9607 76.5
      vertex -46.25 80.1073 260
      vertex -40.9117 82.9607 260
    endloop
  endfacet
  facet normal 0.471397 -0.881921 0
    outer loop
      vertex -45.15 78.2021 78
      vertex -39.9387 80.9876 78
      vertex -39.9387 80.9876 260
    endloop
  endfacet
  facet normal 0.471397 -0.881921 0
    outer loop
      vertex -45.15 78.2021 78
      vertex -39.9387 80.9876 260
      vertex -45.15 78.2021 260
    endloop
  endfacet
  facet normal 0 0 1
    outer loop
      vertex -39.9387 80.9876 260
      vertex -40.9117 82.9607 260
      vertex -46.25 80.1073 260
    endloop
  endfacet
  facet normal 0 0 1
    outer loop
      vertex -39.9387 80.9876 260
      vertex -46.25 80.1073 260
      vertex -45.15 78.2021 260
    endloop
  endfacet
  facet normal -0.528068 0.849202 0
    outer loop
      vertex -46.25 80.1073 76.5
      vertex -51.3902 76.9109 76.5
      vertex -51.3902 76.9109 260
    endloop
  endfacet
  facet normal -0.528068 0.849202 0
    outer loop
      vertex -46.25 80.1073 76.5
      vertex -51.3902 76.9109 260
      vertex -46.25 80.1073 260
    endloop
  endfacet
  facet normal 0.528068 -0.849202 0
    outer loop
      vertex -50.168 75.0817 78
      vertex -45.15 78.2021 78
      vertex -45.15 78.2021 260
    endloop
  endfacet
  facet normal 0.528068 -0.849202 0
    outer loop
      vertex -50.168 75.0817 78
      vertex -45.15 78.2021 260
      vertex -50.168 75.0817 260
    endloop
  endfacet
  facet normal 0 0 1
    outer loop
      vertex -45.15 78.2021 260
      vertex -46.25 80.1073 260
      vertex -51.3902 76.9109 260
    endloop
  endfacet
  facet normal 0 0 1
    outer loop
      vertex -45.15 78.2021 260
      vertex -51.3902 76.9109 260
      vertex -50.168 75.0817 260
    endloop
  endfacet
  facet normal -0.582478 0.812847 0
    outer loop
      vertex -51.3902 76.9109 76.5
      vertex -56.3104 73.3852 76.5
      vertex -56.3104 73.3852 260
    endloop
  endfacet
  facet normal -0.582478 0.812847 0
    outer loop
      vertex -51.3902 76.9109 76.5
      vertex -56.3104 73.3852 260
      vertex -51.3902 76.9109 260
    endloop
  endfacet
  facet normal 0.582478 -0.812847 0
    outer loop
      vertex -54.9712 71.6398 78
      vertex -50.168 75.0817 78
      vertex -50.168 75.0817 260
    endloop
  endfacet
  facet normal 0.582478 -0.812847 0
    outer loop
      vertex -54.9712 71.6398 78
      vertex -50.168 75.0817 260
      vertex -54.9712 71.6398 260
    endloop
  endfacet
  facet normal 0 0 1
    outer loop
      vertex -50.168 75.0817 260
      vertex -51.3902 76.9109 260
      vertex -56.3104 73.3852 260
    endloop
  endfacet
  facet normal 0 0 1
    outer loop
      vertex -50.168 75.0817 260
      vertex -56.3104 73.3852 260
      vertex -54.9712 71.6398 260
    endloop
  endfacet
  facet normal -0.634393 0.77301 0
    outer loop
      vertex -56.3104 73.3852 76.5
      vertex -60.9895 69.5452 76.5
      vertex -60.9895 69.5452 260
    endloop
  endfacet
  facet normal -0.634393 0.77301 0
    outer loop
      vertex -56.3104 73.3852 76.5
      vertex -60.9895 69.5452 260
      vertex -56.3104 73.3852 260
    endloop
  endfacet
  facet normal 0.634393 -0.77301 0
    outer loop
      vertex -59.5389 67.8911 78
      vertex -54.9712 71.6398 78
      vertex -54.9712 71.6398 260
    endloop
  endfacet
  facet normal 0.634393 -0.77301 0
    outer loop
      vertex -59.5389 67.8911 78
      vertex -54.9712 71.6398 260
      vertex -59.5389 67.8911 260
    endloop
  endfacet
  facet normal 0 0 1
    outer loop
      vertex -54.9712 71.6398 260
      vertex -56.3104 73.3852 260
      vertex -60.9895 69.5452 260
    endloop
  endfacet
  facet normal 0 0 1
    outer loop
      vertex -54.9712 71.6398 260
      vertex -60.9895 69.5452 260
      vertex -59.5389 67.8911 260
    endloop
  endfacet
  facet normal -0.683592 0.729864 0
    outer loop
      vertex -60.9895 69.5452 76.5
      vertex -65.4074 65.4074 76.5
      vertex -65.4074 65.4074 260
    endloop
  endfacet
  facet normal -0.683592 0.729864 0
    outer loop
      vertex -60.9895 69.5452 76.5
      vertex -65.4074 65.4074 260
      vertex -60.9895 69.5452 260
    endloop
  endfacet
  facet normal 0.683592 -0.729864 0
    outer loop
      vertex -63.8517 63.8517 78
      vertex -59.5389 67.8911 78
      vertex -59.5389 67.8911 260
    endloop
  endfacet
  facet normal 0.683592 -0.729864 0
    outer loop
      vertex -63.8517 63.8517 78
      vertex -59.5389 67.8911 260
      vertex -63.8517 63.8517 260
    endloop
  endfacet
  facet normal 0 0 1
    outer loop
      vertex -59.5389 67.8911 260
      vertex -60.9895 69.5452 260
      vertex -65.4074 65.4074 260
    endloop
  endfacet
  facet normal 0 0 1
    outer loop
      vertex -59.5389 67.8911 260
      vertex -65.4074 65.4074 260
      vertex -63.8517 63.8517 260
    endloop
  endfacet
  facet normal -0.729864 0.683592 0
    outer loop
      vertex -65.4074 65.4074 76.5
      vertex -69.5452 60.9895 76.5
      vertex -69.5452 60.9895 260
    endloop
  endfacet
  facet normal -0.729864 0.683592 0
    outer loop
      vertex -65.4074 65.4074 76.5
      vertex -69.5452 60.9895 260
      vertex -65.4074 65.4074 260
    endloop
  endfacet
  facet normal 0.729864 -0.683592 0
    outer loop
      vertex -67.8911 59.5389 78
      vertex -63.8517 63.8517 78
      vertex -63.8517 63.8517 260
    endloop
  endfacet
  facet normal 0.729864 -0.683592 0
    outer loop
      vertex -67.8911 59.5389 78
      vertex -63.8517 63.8517 260
      vertex -67.8911 59.5389 260
    endloop
  endfacet
  facet normal 0 0 1
    outer loop
      vertex -63.8517 63.8517 260
      vertex -65.4074 65.4074 260
      vertex -69.5452 60.9895 260
    endloop
  endfacet
  facet normal 0 0 1
    outer loop
      vertex -63.8517 63.8517 260
      vertex -69.5452 60.9895 260
      vertex -67.8911 59.5389 260
    endloop
  endfacet
  facet normal -0.77301 0.634393 0
    outer loop
      vertex -69.5452 60.9895 76.5
      vertex -73.3852 56.3104 76.5
      vertex -73.3852 56.3104 260
    endloop
  endfacet
  facet normal -0.77301 0.634393 0
    outer loop
      vertex -69.5452 60.9895 76.5
      vertex -73.3852 56.3104 260
      vertex -69.5452 60.9895 260
    endloop
  endfacet
  facet normal 0.77301 -0.634393 0
    outer loop
      vertex -71.6398 54.9712 78
      vertex -67.8911 59.5389 78
      vertex -67.8911 59.5389 260
    endloop
  endfacet
  facet normal 0.77301 -0.634393 0
    outer loop
      vertex -71.6398 54.9712 78
      vertex -67.8911 59.5389 260
      vertex -71.6398 54.9712 260
    endloop
  endfacet
  facet normal 0 0 1
    outer loop
      vertex -67.8911 59.5389 260
      vertex -69.5452 60.9895 260
      vertex -73.3852 56.3104 260
    endloop
  endfacet
  facet normal 0 0 1
    outer loop
      vertex -67.8911 59.5389 260
      vertex -73.3852 56.3104 260
      vertex -71.6398 54.9712 260
    endloop
  endfacet
  facet normal -0.812847 0.582478 0
    outer loop
      vertex -73.3852 56.3104 76.5
      vertex -76.9109 51.3902 76.5
      vertex -76.9109 51.3902 260
    endloop
  endfacet
  facet normal -0.812847 0.582478 0
    outer loop
      vertex -73.3852 56.3104 76.5
      vertex -76.9109 51.3902 260
      vertex -73.3852 56.3104 260
    endloop
  endfacet
  facet normal 0.812847 -0.582478 0
    outer loop
      vertex -75.0817 50.168 78
      vertex -71.6398 54.9712 78
      vertex -71.6398 54.9712 260
    endloop
  endfacet
  facet normal 0.812847 -0.582478 0
    outer loop
      vertex -75.0817 50.168 78
      vertex -71.6398 54.9712 260
      vertex -75.0817 50.168 260
    endloop
  endfacet
  facet normal 0 0 1
    outer loop
      vertex -71.6398 54.9712 260
      vertex -73.3852 56.3104 260
      vertex -76.9109 51.3902 260
    endloop
  endfacet
  facet normal 0 0 1
    outer loop
      vertex -71.6398 54.9712 260
      vertex -76.9109 51.3902 260
      vertex -75.0817 50.168 260
    endloop
  endfacet
  facet normal -0.849202 0.528068 0
    outer loop
      vertex -76.9109 51.3902 76.5
      vertex -80.1073 46.25 76.5
      vertex -80.1073 46.25 260
    endloop
  endfacet
  facet normal -0.849202 0.528068 0
    outer loop
      vertex -76.9109 51.3902 76.5
      vertex -80.1073 46.25 260
      vertex -76.9109 51.3902 260
    endloop
  endfacet
  facet normal 0.849202 -0.528068 0
    outer loop
      vertex -78.2021 45.15 78
      vertex -75.0817 50.168 78
      vertex -75.0817 50.168 260
    endloop
  endfacet
  facet normal 0.849202 -0.528068 0
    outer loop
      vertex -78.2021 45.15 78
      vertex -75.0817 50.168 260
      vertex -78.2021 45.15 260
    endloop
  endfacet
  facet normal 0 0 1
    outer loop
      vertex -75.0817 50.168 260
      vertex -76.9109 51.3902 260
      vertex -80.1073 46.25 260
    endloop
  endfacet
  facet normal 0 0 1
    outer loop
      vertex -75.0817 50.168 260
      vertex -80.1073 46.25 260
      vertex -78.2021 45.15 260
    endloop
  endfacet
  facet normal -0.881921 0.471397 0
    outer loop
      vertex -80.1073 46.25 76.5
      vertex -82.9607 40.9117 76.5
      vertex -82.9607 40.9117 260
    endloop
  endfacet
  facet normal -0.881921 0.471397 0
    outer loop
      vertex -80.1073 46.25 76.5
      vertex -82.9607 40.9117 260
      vertex -80.1073 46.25 260
    endloop
  endfacet
  facet normal 0.881921 -0.471397 0
    outer loop
      vertex -80.9876 39.9387 78
      vertex -78.2021 45.15 78
      vertex -78.2021 45.15 260
    endloop
  endfacet
  facet normal 0.881921 -0.471397 0
    outer loop
      vertex -80.9876 39.9387 78
      vertex -78.2021 45.15 260
      vertex -80.9876 39.9387 260
    endloop
  endfacet
  facet normal 0 0 1
    outer loop
      vertex -78.2021 45.15 260
      vertex -80.1073 46.25 260
      vertex -82.9607 40.9117 260
    endloop
  endfacet
  facet normal 0 0 1
    outer loop
      vertex -78.2021 45.15 260
      vertex -82.9607 40.9117 260
      vertex -80.9876 39.9387 260
    endloop
  endfacet
  facet normal -0.910864 0.412707 0
    outer loop
      vertex -82.9607 40.9117 76.5
      vertex -85.4589 35.3982 76.5
      vertex -85.4589 35.3982 260
    endloop
  endfacet
  facet normal -0.910864 0.412707 0
    outer loop
      vertex -82.9607 40.9117 76.5
      vertex -85.4589 35.3982 260
      vertex -82.9607 40.9117 260
    endloop
  endfacet
  facet normal 0.910864 -0.412707 0
    outer loop
      vertex -83.4263 34.5563 78
      vertex -80.9876 39.9387 78
      vertex -80.9876 39.9387 260
    endloop
  endfacet
  facet normal 0.910864 -0.412707 0
    outer loop
      vertex -83.4263 34.5563 78
      vertex -80.9876 39.9387 260
      vertex -83.4263 34.5563 260
    endloop
  endfacet
  facet normal 0 0 1
    outer loop
      vertex -80.9876 39.9387 260
      vertex -82.9607 40.9117 260
      vertex -85.4589 35.3982 260
    endloop
  endfacet
  facet normal 0 0 1
    outer loop
      vertex -80.9876 39.9387 260
      vertex -85.4589 35.3982 260
      vertex -83.4263 34.5563 260
    endloop
  endfacet
  facet normal -0.935906 0.35225 0
    outer loop
      vertex -85.4589 35.3982 76.5
      vertex -87.591 29.7332 76.5
      vertex -87.591 29.7332 260
    endloop
  endfacet
  facet normal -0.935906 0.35225 0
    outer loop
      vertex -85.4589 35.3982 76.5
      vertex -87.591 29.7332 260
      vertex -85.4589 35.3982 260
    endloop
  endfacet
  facet normal 0.935906 -0.35225 0
    outer loop
      vertex -85.5078 29.026 78
      vertex -83.4263 34.5563 78
      vertex -83.4263 34.5563 260
    endloop
  endfacet
  facet normal 0.935906 -0.35225 0
    outer loop
      vertex -85.5078 29.026 78
      vertex -83.4263 34.5563 260
      vertex -85.5078 29.026 260
    endloop
  endfacet
  facet normal 0 0 1
    outer loop
      vertex -83.4263 34.5563 260
      vertex -85.4589 35.3982 260
      vertex -87.591 29.7332 260
    endloop
  endfacet
  facet normal 0 0 1
    outer loop
      vertex -83.4263 34.5563 260
      vertex -87.591 29.7332 260
      vertex -85.5078 29.026 260
    endloop
  endfacet
  facet normal -0.95694 0.290285 0
    outer loop
      vertex -87.591 29.7332 76.5
      vertex -89.3481 23.9408 76.5
      vertex -89.3481 23.9408 260
    endloop
  endfacet
  facet normal -0.95694 0.290285 0
    outer loop
      vertex -87.591 29.7332 76.5
      vertex -89.3481 23.9408 260
      vertex -87.591 29.7332 260
    endloop
  endfacet
  facet normal 0.95694 -0.290285 0
    outer loop
      vertex -87.2231 23.3714 78
      vertex -85.5078 29.026 78
      vertex -85.5078 29.026 260
    endloop
  endfacet
  facet normal 0.95694 -0.290285 0
    outer loop
      vertex -87.2231 23.3714 78
      vertex -85.5078 29.026 260
      vertex -87.2231 23.3714 260
    endloop
  endfacet
  facet normal 0 0 1
    outer loop
      vertex -85.5078 29.026 260
      vertex -87.591 29.7332 260
      vertex -89.3481 23.9408 260
    endloop
  endfacet
  facet normal 0 0 1
    outer loop
      vertex -85.5078 29.026 260
      vertex -89.3481 23.9408 260
      vertex -87.2231 23.3714 260
    endloop
  endfacet
  facet normal -0.973877 0.227076 0
    outer loop
      vertex -89.3481 23.9408 76.5
      vertex -90.7226 18.0459 76.5
      vertex -90.7226 18.0459 260
    endloop
  endfacet
  facet normal -0.973877 0.227076 0
    outer loop
      vertex -89.3481 23.9408 76.5
      vertex -90.7226 18.0459 260
      vertex -89.3481 23.9408 260
    endloop
  endfacet
  facet normal 0.973877 -0.227076 0
    outer loop
      vertex -88.5649 17.6167 78
      vertex -87.2231 23.3714 78
      vertex -87.2231 23.3714 260
    endloop
  endfacet
  facet normal 0.973877 -0.227076 0
    outer loop
      vertex -88.5649 17.6167 78
      vertex -87.2231 23.3714 260
      vertex -88.5649 17.6167 260
    endloop
  endfacet
  facet normal 0 0 1
    outer loop
      vertex -87.2231 23.3714 260
      vertex -89.3481 23.9408 260
      vertex -90.7226 18.0459 260
    endloop
  endfacet
  facet normal 0 0 1
    outer loop
      vertex -87.2231 23.3714 260
      vertex -90.7226 18.0459 260
      vertex -88.5649 17.6167 260
    endloop
  endfacet
  facet normal -0.986643 0.162895 0
    outer loop
      vertex -90.7226 18.0459 76.5
      vertex -91.7086 12.0737 76.5
      vertex -91.7086 12.0737 260
    endloop
  endfacet
  facet normal -0.986643 0.162895 0
    outer loop
      vertex -90.7226 18.0459 76.5
      vertex -91.7086 12.0737 260
      vertex -90.7226 18.0459 260
    endloop
  endfacet
  facet normal 0.986643 -0.162895 0
    outer loop
      vertex -89.5275 11.7865 78
      vertex -88.5649 17.6167 78
      vertex -88.5649 17.6167 260
    endloop
  endfacet
  facet normal 0.986643 -0.162895 0
    outer loop
      vertex -89.5275 11.7865 78
      vertex -88.5649 17.6167 260
      vertex -89.5275 11.7865 260
    endloop
  endfacet
  facet normal 0 0 1
    outer loop
      vertex -88.5649 17.6167 260
      vertex -90.7226 18.0459 260
      vertex -91.7086 12.0737 260
    endloop
  endfacet
  facet normal 0 0 1
    outer loop
      vertex -88.5649 17.6167 260
      vertex -91.7086 12.0737 260
      vertex -89.5275 11.7865 260
    endloop
  endfacet
  facet normal -0.995185 0.0980171 0
    outer loop
      vertex -91.7086 12.0737 76.5
      vertex -92.302 6.04979 76.5
      vertex -92.302 6.04979 260
    endloop
  endfacet
  facet normal -0.995185 0.0980171 0
    outer loop
      vertex -91.7086 12.0737 76.5
      vertex -92.302 6.04979 260
      vertex -91.7086 12.0737 260
    endloop
  endfacet
  facet normal 0.995185 -0.0980171 0
    outer loop
      vertex -90.1067 5.9059 78
      vertex -89.5275 11.7865 78
      vertex -89.5275 11.7865 260
    endloop
  endfacet
  facet normal 0.995185 -0.0980171 0
    outer loop
      vertex -90.1067 5.9059 78
      vertex -89.5275 11.7865 260
      vertex -90.1067 5.9059 260
    endloop
  endfacet
  facet normal 0 0 1
    outer loop
      vertex -89.5275 11.7865 260
      vertex -91.7086 12.0737 260
      vertex -92.302 6.04979 260
    endloop
  endfacet
  facet normal 0 0 1
    outer loop
      vertex -89.5275 11.7865 260
      vertex -92.302 6.04979 260
      vertex -90.1067 5.9059 260
    endloop
  endfacet
  facet normal -0.999465 0.0327191 0
    outer loop
      vertex -92.302 6.04979 76.5
      vertex -92.5 1.1328e-14 76.5
      vertex -92.5 1.1328e-14 260
    endloop
  endfacet
  facet normal -0.999465 0.0327191 0
    outer loop
      vertex -92.302 6.04979 76.5
      vertex -92.5 1.1328e-14 260
      vertex -92.302 6.04979 260
    endloop
  endfacet
  facet normal 0.999465 -0.0327191 0
    outer loop
      vertex -90.3 1.10586e-14 78
      vertex -90.1067 5.9059 78
      vertex -90.1067 5.9059 260
    endloop
  endfacet
  facet normal 0.999465 -0.0327191 0
    outer loop
      vertex -90.3 1.10586e-14 78
      vertex -90.1067 5.9059 260
      vertex -90.3 1.10586e-14 260
    endloop
  endfacet
  facet normal 0 0 1
    outer loop
      vertex -90.1067 5.9059 260
      vertex -92.302 6.04979 260
      vertex -92.5 1.1328e-14 260
    endloop
  endfacet
  facet normal 0 0 1
    outer loop
      vertex -90.1067 5.9059 260
      vertex -92.5 1.1328e-14 260
      vertex -90.3 1.10586e-14 260
    endloop
  endfacet
  facet normal -0.999465 -0.0327191 0
    outer loop
      vertex -92.5 1.1328e-14 76.5
      vertex -92.302 -6.04979 76.5
      vertex -92.302 -6.04979 260
    endloop
  endfacet
  facet normal -0.999465 -0.0327191 0
    outer loop
      vertex -92.5 1.1328e-14 76.5
      vertex -92.302 -6.04979 260
      vertex -92.5 1.1328e-14 260
    endloop
  endfacet
  facet normal 0.999465 0.0327191 0
    outer loop
      vertex -90.1067 -5.9059 78
      vertex -90.3 1.10586e-14 78
      vertex -90.3 1.10586e-14 260
    endloop
  endfacet
  facet normal 0.999465 0.0327191 -0
    outer loop
      vertex -90.1067 -5.9059 78
      vertex -90.3 1.10586e-14 260
      vertex -90.1067 -5.9059 260
    endloop
  endfacet
  facet normal 0 0 1
    outer loop
      vertex -90.3 1.10586e-14 260
      vertex -92.5 1.1328e-14 260
      vertex -92.302 -6.04979 260
    endloop
  endfacet
  facet normal 0 0 1
    outer loop
      vertex -90.3 1.10586e-14 260
      vertex -92.302 -6.04979 260
      vertex -90.1067 -5.9059 260
    endloop
  endfacet
  facet normal -0.995185 -0.0980171 0
    outer loop
      vertex -92.302 -6.04979 76.5
      vertex -91.7086 -12.0737 76.5
      vertex -91.7086 -12.0737 260
    endloop
  endfacet
  facet normal -0.995185 -0.0980171 0
    outer loop
      vertex -92.302 -6.04979 76.5
      vertex -91.7086 -12.0737 260
      vertex -92.302 -6.04979 260
    endloop
  endfacet
  facet normal 0.995185 0.0980171 0
    outer loop
      vertex -89.5275 -11.7865 78
      vertex -90.1067 -5.9059 78
      vertex -90.1067 -5.9059 260
    endloop
  endfacet
  facet normal 0.995185 0.0980171 -0
    outer loop
      vertex -89.5275 -11.7865 78
      vertex -90.1067 -5.9059 260
      vertex -89.5275 -11.7865 260
    endloop
  endfacet
  facet normal 0 0 1
    outer loop
      vertex -90.1067 -5.9059 260
      vertex -92.302 -6.04979 260
      vertex -91.7086 -12.0737 260
    endloop
  endfacet
  facet normal 0 0 1
    outer loop
      vertex -90.1067 -5.9059 260
      vertex -91.7086 -12.0737 260
      vertex -89.5275 -11.7865 260
    endloop
  endfacet
  facet normal -0.986643 -0.162895 0
    outer loop
      vertex -91.7086 -12.0737 76.5
      vertex -90.7226 -18.0459 76.5
      vertex -90.7226 -18.0459 260
    endloop
  endfacet
  facet normal -0.986643 -0.162895 0
    outer loop
      vertex -91.7086 -12.0737 76.5
      vertex -90.7226 -18.0459 260
      vertex -91.7086 -12.0737 260
    endloop
  endfacet
  facet normal 0.986643 0.162895 0
    outer loop
      vertex -88.5649 -17.6167 78
      vertex -89.5275 -11.7865 78
      vertex -89.5275 -11.7865 260
    endloop
  endfacet
  facet normal 0.986643 0.162895 -0
    outer loop
      vertex -88.5649 -17.6167 78
      vertex -89.5275 -11.7865 260
      vertex -88.5649 -17.6167 260
    endloop
  endfacet
  facet normal 0 0 1
    outer loop
      vertex -89.5275 -11.7865 260
      vertex -91.7086 -12.0737 260
      vertex -90.7226 -18.0459 260
    endloop
  endfacet
  facet normal 0 0 1
    outer loop
      vertex -89.5275 -11.7865 260
      vertex -90.7226 -18.0459 260
      vertex -88.5649 -17.6167 260
    endloop
  endfacet
  facet normal -0.973877 -0.227076 0
    outer loop
      vertex -90.7226 -18.0459 76.5
      vertex -89.3481 -23.9408 76.5
      vertex -89.3481 -23.9408 260
    endloop
  endfacet
  facet normal -0.973877 -0.227076 0
    outer loop
      vertex -90.7226 -18.0459 76.5
      vertex -89.3481 -23.9408 260
      vertex -90.7226 -18.0459 260
    endloop
  endfacet
  facet normal 0.973877 0.227076 0
    outer loop
      vertex -87.2231 -23.3714 78
      vertex -88.5649 -17.6167 78
      vertex -88.5649 -17.6167 260
    endloop
  endfacet
  facet normal 0.973877 0.227076 -0
    outer loop
      vertex -87.2231 -23.3714 78
      vertex -88.5649 -17.6167 260
      vertex -87.2231 -23.3714 260
    endloop
  endfacet
  facet normal 0 0 1
    outer loop
      vertex -88.5649 -17.6167 260
      vertex -90.7226 -18.0459 260
      vertex -89.3481 -23.9408 260
    endloop
  endfacet
  facet normal 0 0 1
    outer loop
      vertex -88.5649 -17.6167 260
      vertex -89.3481 -23.9408 260
      vertex -87.2231 -23.3714 260
    endloop
  endfacet
  facet normal -0.95694 -0.290285 0
    outer loop
      vertex -89.3481 -23.9408 76.5
      vertex -87.591 -29.7332 76.5
      vertex -87.591 -29.7332 260
    endloop
  endfacet
  facet normal -0.95694 -0.290285 0
    outer loop
      vertex -89.3481 -23.9408 76.5
      vertex -87.591 -29.7332 260
      vertex -89.3481 -23.9408 260
    endloop
  endfacet
  facet normal 0.95694 0.290285 0
    outer loop
      vertex -85.5078 -29.026 78
      vertex -87.2231 -23.3714 78
      vertex -87.2231 -23.3714 260
    endloop
  endfacet
  facet normal 0.95694 0.290285 -0
    outer loop
      vertex -85.5078 -29.026 78
      vertex -87.2231 -23.3714 260
      vertex -85.5078 -29.026 260
    endloop
  endfacet
  facet normal 0 0 1
    outer loop
      vertex -87.2231 -23.3714 260
      vertex -89.3481 -23.9408 260
      vertex -87.591 -29.7332 260
    endloop
  endfacet
  facet normal 0 0 1
    outer loop
      vertex -87.2231 -23.3714 260
      vertex -87.591 -29.7332 260
      vertex -85.5078 -29.026 260
    endloop
  endfacet
  facet normal -0.935906 -0.35225 0
    outer loop
      vertex -87.591 -29.7332 76.5
      vertex -85.4589 -35.3982 76.5
      vertex -85.4589 -35.3982 260
    endloop
  endfacet
  facet normal -0.935906 -0.35225 0
    outer loop
      vertex -87.591 -29.7332 76.5
      vertex -85.4589 -35.3982 260
      vertex -87.591 -29.7332 260
    endloop
  endfacet
  facet normal 0.935906 0.35225 0
    outer loop
      vertex -83.4263 -34.5563 78
      vertex -85.5078 -29.026 78
      vertex -85.5078 -29.026 260
    endloop
  endfacet
  facet normal 0.935906 0.35225 -0
    outer loop
      vertex -83.4263 -34.5563 78
      vertex -85.5078 -29.026 260
      vertex -83.4263 -34.5563 260
    endloop
  endfacet
  facet normal 0 0 1
    outer loop
      vertex -85.5078 -29.026 260
      vertex -87.591 -29.7332 260
      vertex -85.4589 -35.3982 260
    endloop
  endfacet
  facet normal 0 0 1
    outer loop
      vertex -85.5078 -29.026 260
      vertex -85.4589 -35.3982 260
      vertex -83.4263 -34.5563 260
    endloop
  endfacet
  facet normal -0.910864 -0.412707 0
    outer loop
      vertex -85.4589 -35.3982 76.5
      vertex -82.9607 -40.9117 76.5
      vertex -82.9607 -40.9117 260
    endloop
  endfacet
  facet normal -0.910864 -0.412707 0
    outer loop
      vertex -85.4589 -35.3982 76.5
      vertex -82.9607 -40.9117 260
      vertex -85.4589 -35.3982 260
    endloop
  endfacet
  facet normal 0.910864 0.412707 0
    outer loop
      vertex -80.9876 -39.9387 78
      vertex -83.4263 -34.5563 78
      vertex -83.4263 -34.5563 260
    endloop
  endfacet
  facet normal 0.910864 0.412707 -0
    outer loop
      vertex -80.9876 -39.9387 78
      vertex -83.4263 -34.5563 260
      vertex -80.9876 -39.9387 260
    endloop
  endfacet
  facet normal 0 0 1
    outer loop
      vertex -83.4263 -34.5563 260
      vertex -85.4589 -35.3982 260
      vertex -82.9607 -40.9117 260
    endloop
  endfacet
  facet normal 0 0 1
    outer loop
      vertex -83.4263 -34.5563 260
      vertex -82.9607 -40.9117 260
      vertex -80.9876 -39.9387 260
    endloop
  endfacet
  facet normal -0.881921 -0.471397 0
    outer loop
      vertex -82.9607 -40.9117 76.5
      vertex -80.1073 -46.25 76.5
      vertex -80.1073 -46.25 260
    endloop
  endfacet
  facet normal -0.881921 -0.471397 0
    outer loop
      vertex -82.9607 -40.9117 76.5
      vertex -80.1073 -46.25 260
      vertex -82.9607 -40.9117 260
    endloop
  endfacet
  facet normal 0.881921 0.471397 0
    outer loop
      vertex -78.2021 -45.15 78
      vertex -80.9876 -39.9387 78
      vertex -80.9876 -39.9387 260
    endloop
  endfacet
  facet normal 0.881921 0.471397 -0
    outer loop
      vertex -78.2021 -45.15 78
      vertex -80.9876 -39.9387 260
      vertex -78.2021 -45.15 260
    endloop
  endfacet
  facet normal 0 0 1
    outer loop
      vertex -80.9876 -39.9387 260
      vertex -82.9607 -40.9117 260
      vertex -80.1073 -46.25 260
    endloop
  endfacet
  facet normal 0 0 1
    outer loop
      vertex -80.9876 -39.9387 260
      vertex -80.1073 -46.25 260
      vertex -78.2021 -45.15 260
    endloop
  endfacet
  facet normal -0.849202 -0.528068 0
    outer loop
      vertex -80.1073 -46.25 76.5
      vertex -76.9109 -51.3902 76.0476
      vertex -76.9109 -51.3902 260
    endloop
  endfacet
  facet normal -0.849202 -0.528068 0
    outer loop
      vertex -80.1073 -46.25 76.5
      vertex -76.9109 -51.3902 260
      vertex -80.1073 -46.25 260
    endloop
  endfacet
  facet normal 0.849202 0.528068 0
    outer loop
      vertex -75.0817 -50.168 77.5476
      vertex -78.2021 -45.15 78
      vertex -78.2021 -45.15 260
    endloop
  endfacet
  facet normal 0.849202 0.528068 -0
    outer loop
      vertex -75.0817 -50.168 77.5476
      vertex -78.2021 -45.15 260
      vertex -75.0817 -50.168 260
    endloop
  endfacet
  facet normal 0 0 1
    outer loop
      vertex -78.2021 -45.15 260
      vertex -80.1073 -46.25 260
      vertex -76.9109 -51.3902 260
    endloop
  endfacet
  facet normal 0 0 1
    outer loop
      vertex -78.2021 -45.15 260
      vertex -76.9109 -51.3902 260
      vertex -75.0817 -50.168 260
    endloop
  endfacet
  facet normal -0.812847 -0.582478 0
    outer loop
      vertex -76.9109 -51.3902 76.0476
      vertex -73.3852 -56.3104 74.8987
      vertex -73.3852 -56.3104 260
    endloop
  endfacet
  facet normal -0.812847 -0.582478 0
    outer loop
      vertex -76.9109 -51.3902 76.0476
      vertex -73.3852 -56.3104 260
      vertex -76.9109 -51.3902 260
    endloop
  endfacet
  facet normal 0.812847 0.582478 0
    outer loop
      vertex -71.6398 -54.9712 76.3987
      vertex -75.0817 -50.168 77.5476
      vertex -75.0817 -50.168 260
    endloop
  endfacet
  facet normal 0.812847 0.582478 -0
    outer loop
      vertex -71.6398 -54.9712 76.3987
      vertex -75.0817 -50.168 260
      vertex -71.6398 -54.9712 260
    endloop
  endfacet
  facet normal 0 0 1
    outer loop
      vertex -75.0817 -50.168 260
      vertex -76.9109 -51.3902 260
      vertex -73.3852 -56.3104 260
    endloop
  endfacet
  facet normal 0 0 1
    outer loop
      vertex -75.0817 -50.168 260
      vertex -73.3852 -56.3104 260
      vertex -71.6398 -54.9712 260
    endloop
  endfacet
  facet normal -0.77301 -0.634393 0
    outer loop
      vertex -73.3852 -56.3104 74.8987
      vertex -69.5452 -60.9895 73.6943
      vertex -69.5452 -60.9895 260
    endloop
  endfacet
  facet normal -0.77301 -0.634393 0
    outer loop
      vertex -73.3852 -56.3104 74.8987
      vertex -69.5452 -60.9895 260
      vertex -73.3852 -56.3104 260
    endloop
  endfacet
  facet normal 0.77301 0.634393 0
    outer loop
      vertex -67.8911 -59.5389 75.1943
      vertex -71.6398 -54.9712 76.3987
      vertex -71.6398 -54.9712 260
    endloop
  endfacet
  facet normal 0.77301 0.634393 -0
    outer loop
      vertex -67.8911 -59.5389 75.1943
      vertex -71.6398 -54.9712 260
      vertex -67.8911 -59.5389 260
    endloop
  endfacet
  facet normal 0 0 1
    outer loop
      vertex -71.6398 -54.9712 260
      vertex -73.3852 -56.3104 260
      vertex -69.5452 -60.9895 260
    endloop
  endfacet
  facet normal 0 0 1
    outer loop
      vertex -71.6398 -54.9712 260
      vertex -69.5452 -60.9895 260
      vertex -67.8911 -59.5389 260
    endloop
  endfacet
  facet normal -0.729864 -0.683592 0
    outer loop
      vertex -69.5452 -60.9895 73.6943
      vertex -65.4074 -65.4074 72.4372
      vertex -65.4074 -65.4074 260
    endloop
  endfacet
  facet normal -0.729864 -0.683592 0
    outer loop
      vertex -69.5452 -60.9895 73.6943
      vertex -65.4074 -65.4074 260
      vertex -69.5452 -60.9895 260
    endloop
  endfacet
  facet normal 0.729864 0.683592 0
    outer loop
      vertex -63.8517 -63.8517 73.9372
      vertex -67.8911 -59.5389 75.1943
      vertex -67.8911 -59.5389 260
    endloop
  endfacet
  facet normal 0.729864 0.683592 -0
    outer loop
      vertex -63.8517 -63.8517 73.9372
      vertex -67.8911 -59.5389 260
      vertex -63.8517 -63.8517 260
    endloop
  endfacet
  facet normal 0 0 1
    outer loop
      vertex -67.8911 -59.5389 260
      vertex -69.5452 -60.9895 260
      vertex -65.4074 -65.4074 260
    endloop
  endfacet
  facet normal 0 0 1
    outer loop
      vertex -67.8911 -59.5389 260
      vertex -65.4074 -65.4074 260
      vertex -63.8517 -63.8517 260
    endloop
  endfacet
  facet normal -0.683592 -0.729864 0
    outer loop
      vertex -65.4074 -65.4074 72.4372
      vertex -60.9895 -69.5452 71.1304
      vertex -60.9895 -69.5452 260
    endloop
  endfacet
  facet normal -0.683592 -0.729864 0
    outer loop
      vertex -65.4074 -65.4074 72.4372
      vertex -60.9895 -69.5452 260
      vertex -65.4074 -65.4074 260
    endloop
  endfacet
  facet normal 0.683592 0.729864 0
    outer loop
      vertex -59.5389 -67.8911 72.6304
      vertex -63.8517 -63.8517 73.9372
      vertex -63.8517 -63.8517 260
    endloop
  endfacet
  facet normal 0.683592 0.729864 -0
    outer loop
      vertex -59.5389 -67.8911 72.6304
      vertex -63.8517 -63.8517 260
      vertex -59.5389 -67.8911 260
    endloop
  endfacet
  facet normal 0 0 1
    outer loop
      vertex -63.8517 -63.8517 260
      vertex -65.4074 -65.4074 260
      vertex -60.9895 -69.5452 260
    endloop
  endfacet
  facet normal 0 0 1
    outer loop
      vertex -63.8517 -63.8517 260
      vertex -60.9895 -69.5452 260
      vertex -59.5389 -67.8911 260
    endloop
  endfacet
  facet normal -0.634393 -0.77301 0
    outer loop
      vertex -60.9895 -69.5452 71.1304
      vertex -56.3104 -73.3852 69.7772
      vertex -56.3104 -73.3852 260
    endloop
  endfacet
  facet normal -0.634393 -0.77301 0
    outer loop
      vertex -60.9895 -69.5452 71.1304
      vertex -56.3104 -73.3852 260
      vertex -60.9895 -69.5452 260
    endloop
  endfacet
  facet normal 0.634393 0.77301 0
    outer loop
      vertex -54.9712 -71.6398 71.2772
      vertex -59.5389 -67.8911 72.6304
      vertex -59.5389 -67.8911 260
    endloop
  endfacet
  facet normal 0.634393 0.77301 -0
    outer loop
      vertex -54.9712 -71.6398 71.2772
      vertex -59.5389 -67.8911 260
      vertex -54.9712 -71.6398 260
    endloop
  endfacet
  facet normal 0 0 1
    outer loop
      vertex -59.5389 -67.8911 260
      vertex -60.9895 -69.5452 260
      vertex -56.3104 -73.3852 260
    endloop
  endfacet
  facet normal 0 0 1
    outer loop
      vertex -59.5389 -67.8911 260
      vertex -56.3104 -73.3852 260
      vertex -54.9712 -71.6398 260
    endloop
  endfacet
  facet normal -0.582478 -0.812847 0
    outer loop
      vertex -56.3104 -73.3852 69.7772
      vertex -51.3902 -76.9109 68.3808
      vertex -51.3902 -76.9109 260
    endloop
  endfacet
  facet normal -0.582478 -0.812847 0
    outer loop
      vertex -56.3104 -73.3852 69.7772
      vertex -51.3902 -76.9109 260
      vertex -56.3104 -73.3852 260
    endloop
  endfacet
  facet normal 0.582478 0.812847 0
    outer loop
      vertex -50.168 -75.0817 69.8808
      vertex -54.9712 -71.6398 71.2772
      vertex -54.9712 -71.6398 260
    endloop
  endfacet
  facet normal 0.582478 0.812847 -0
    outer loop
      vertex -50.168 -75.0817 69.8808
      vertex -54.9712 -71.6398 260
      vertex -50.168 -75.0817 260
    endloop
  endfacet
  facet normal 0 0 1
    outer loop
      vertex -54.9712 -71.6398 260
      vertex -56.3104 -73.3852 260
      vertex -51.3902 -76.9109 260
    endloop
  endfacet
  facet normal 0 0 1
    outer loop
      vertex -54.9712 -71.6398 260
      vertex -51.3902 -76.9109 260
      vertex -50.168 -75.0817 260
    endloop
  endfacet
  facet normal -0.528068 -0.849202 0
    outer loop
      vertex -51.3902 -76.9109 68.3808
      vertex -46.25 -80.1073 66.9448
      vertex -46.25 -80.1073 260
    endloop
  endfacet
  facet normal -0.528068 -0.849202 0
    outer loop
      vertex -51.3902 -76.9109 68.3808
      vertex -46.25 -80.1073 260
      vertex -51.3902 -76.9109 260
    endloop
  endfacet
  facet normal 0.528068 0.849202 0
    outer loop
      vertex -45.15 -78.2021 68.4448
      vertex -50.168 -75.0817 69.8808
      vertex -50.168 -75.0817 260
    endloop
  endfacet
  facet normal 0.528068 0.849202 -0
    outer loop
      vertex -45.15 -78.2021 68.4448
      vertex -50.168 -75.0817 260
      vertex -45.15 -78.2021 260
    endloop
  endfacet
  facet normal 0 0 1
    outer loop
      vertex -50.168 -75.0817 260
      vertex -51.3902 -76.9109 260
      vertex -46.25 -80.1073 260
    endloop
  endfacet
  facet normal 0 0 1
    outer loop
      vertex -50.168 -75.0817 260
      vertex -46.25 -80.1073 260
      vertex -45.15 -78.2021 260
    endloop
  endfacet
  facet normal -0.471397 -0.881921 0
    outer loop
      vertex -46.25 -80.1073 66.9448
      vertex -40.9117 -82.9607 65.473
      vertex -40.9117 -82.9607 260
    endloop
  endfacet
  facet normal -0.471397 -0.881921 0
    outer loop
      vertex -46.25 -80.1073 66.9448
      vertex -40.9117 -82.9607 260
      vertex -46.25 -80.1073 260
    endloop
  endfacet
  facet normal 0.471397 0.881921 0
    outer loop
      vertex -39.9387 -80.9876 66.973
      vertex -45.15 -78.2021 68.4448
      vertex -45.15 -78.2021 260
    endloop
  endfacet
  facet normal 0.471397 0.881921 -0
    outer loop
      vertex -39.9387 -80.9876 66.973
      vertex -45.15 -78.2021 260
      vertex -39.9387 -80.9876 260
    endloop
  endfacet
  facet normal 0 0 1
    outer loop
      vertex -45.15 -78.2021 260
      vertex -46.25 -80.1073 260
      vertex -40.9117 -82.9607 260
    endloop
  endfacet
  facet normal 0 0 1
    outer loop
      vertex -45.15 -78.2021 260
      vertex -40.9117 -82.9607 260
      vertex -39.9387 -80.9876 260
    endloop
  endfacet
  facet normal -0.412707 -0.910864 0
    outer loop
      vertex -40.9117 -82.9607 65.473
      vertex -35.3982 -85.4589 63.9696
      vertex -35.3982 -85.4589 260
    endloop
  endfacet
  facet normal -0.412707 -0.910864 0
    outer loop
      vertex -40.9117 -82.9607 65.473
      vertex -35.3982 -85.4589 260
      vertex -40.9117 -82.9607 260
    endloop
  endfacet
  facet normal 0.412707 0.910864 0
    outer loop
      vertex -34.5563 -83.4263 65.4696
      vertex -39.9387 -80.9876 66.973
      vertex -39.9387 -80.9876 260
    endloop
  endfacet
  facet normal 0.412707 0.910864 -0
    outer loop
      vertex -34.5563 -83.4263 65.4696
      vertex -39.9387 -80.9876 260
      vertex -34.5563 -83.4263 260
    endloop
  endfacet
  facet normal 0 0 1
    outer loop
      vertex -39.9387 -80.9876 260
      vertex -40.9117 -82.9607 260
      vertex -35.3982 -85.4589 260
    endloop
  endfacet
  facet normal 0 0 1
    outer loop
      vertex -39.9387 -80.9876 260
      vertex -35.3982 -85.4589 260
      vertex -34.5563 -83.4263 260
    endloop
  endfacet
  facet normal -0.35225 -0.935906 0
    outer loop
      vertex -35.3982 -85.4589 63.9696
      vertex -29.7332 -87.591 62.4387
      vertex -29.7332 -87.591 260
    endloop
  endfacet
  facet normal -0.35225 -0.935906 0
    outer loop
      vertex -35.3982 -85.4589 63.9696
      vertex -29.7332 -87.591 260
      vertex -35.3982 -85.4589 260
    endloop
  endfacet
  facet normal 0.35225 0.935906 0
    outer loop
      vertex -29.026 -85.5078 63.9387
      vertex -34.5563 -83.4263 65.4696
      vertex -34.5563 -83.4263 260
    endloop
  endfacet
  facet normal 0.35225 0.935906 -0
    outer loop
      vertex -29.026 -85.5078 63.9387
      vertex -34.5563 -83.4263 260
      vertex -29.026 -85.5078 260
    endloop
  endfacet
  facet normal 0 0 1
    outer loop
      vertex -34.5563 -83.4263 260
      vertex -35.3982 -85.4589 260
      vertex -29.7332 -87.591 260
    endloop
  endfacet
  facet normal 0 0 1
    outer loop
      vertex -34.5563 -83.4263 260
      vertex -29.7332 -87.591 260
      vertex -29.026 -85.5078 260
    endloop
  endfacet
  facet normal -0.290285 -0.95694 0
    outer loop
      vertex -29.7332 -87.591 62.4387
      vertex -23.9408 -89.3481 60.885
      vertex -23.9408 -89.3481 260
    endloop
  endfacet
  facet normal -0.290285 -0.95694 0
    outer loop
      vertex -29.7332 -87.591 62.4387
      vertex -23.9408 -89.3481 260
      vertex -29.7332 -87.591 260
    endloop
  endfacet
  facet normal 0.290285 0.95694 0
    outer loop
      vertex -23.3714 -87.2231 62.385
      vertex -29.026 -85.5078 63.9387
      vertex -29.026 -85.5078 260
    endloop
  endfacet
  facet normal 0.290285 0.95694 -0
    outer loop
      vertex -23.3714 -87.2231 62.385
      vertex -29.026 -85.5078 260
      vertex -23.3714 -87.2231 260
    endloop
  endfacet
  facet normal 0 0 1
    outer loop
      vertex -29.026 -85.5078 260
      vertex -29.7332 -87.591 260
      vertex -23.9408 -89.3481 260
    endloop
  endfacet
  facet normal 0 0 1
    outer loop
      vertex -29.026 -85.5078 260
      vertex -23.9408 -89.3481 260
      vertex -23.3714 -87.2231 260
    endloop
  endfacet
  facet normal -0.227076 -0.973877 0
    outer loop
      vertex -23.9408 -89.3481 60.885
      vertex -18.0459 -90.7226 59.3134
      vertex -18.0459 -90.7226 260
    endloop
  endfacet
  facet normal -0.227076 -0.973877 0
    outer loop
      vertex -23.9408 -89.3481 60.885
      vertex -18.0459 -90.7226 260
      vertex -23.9408 -89.3481 260
    endloop
  endfacet
  facet normal 0.227076 0.973877 0
    outer loop
      vertex -17.6167 -88.5649 60.8134
      vertex -23.3714 -87.2231 62.385
      vertex -23.3714 -87.2231 260
    endloop
  endfacet
  facet normal 0.227076 0.973877 -0
    outer loop
      vertex -17.6167 -88.5649 60.8134
      vertex -23.3714 -87.2231 260
      vertex -17.6167 -88.5649 260
    endloop
  endfacet
  facet normal 0 0 1
    outer loop
      vertex -23.3714 -87.2231 260
      vertex -23.9408 -89.3481 260
      vertex -18.0459 -90.7226 260
    endloop
  endfacet
  facet normal 0 0 1
    outer loop
      vertex -23.3714 -87.2231 260
      vertex -18.0459 -90.7226 260
      vertex -17.6167 -88.5649 260
    endloop
  endfacet
  facet normal -0.162895 -0.986643 0
    outer loop
      vertex -18.0459 -90.7226 59.3134
      vertex -12.0737 -91.7086 57.7292
      vertex -12.0737 -91.7086 260
    endloop
  endfacet
  facet normal -0.162895 -0.986643 0
    outer loop
      vertex -18.0459 -90.7226 59.3134
      vertex -12.0737 -91.7086 260
      vertex -18.0459 -90.7226 260
    endloop
  endfacet
  facet normal 0.162895 0.986643 0
    outer loop
      vertex -11.7865 -89.5275 59.2292
      vertex -17.6167 -88.5649 60.8134
      vertex -17.6167 -88.5649 260
    endloop
  endfacet
  facet normal 0.162895 0.986643 -0
    outer loop
      vertex -11.7865 -89.5275 59.2292
      vertex -17.6167 -88.5649 260
      vertex -11.7865 -89.5275 260
    endloop
  endfacet
  facet normal 0 0 1
    outer loop
      vertex -17.6167 -88.5649 260
      vertex -18.0459 -90.7226 260
      vertex -12.0737 -91.7086 260
    endloop
  endfacet
  facet normal 0 0 1
    outer loop
      vertex -17.6167 -88.5649 260
      vertex -12.0737 -91.7086 260
      vertex -11.7865 -89.5275 260
    endloop
  endfacet
  facet normal -0.0980171 -0.995185 0
    outer loop
      vertex -12.0737 -91.7086 57.7292
      vertex -6.04979 -92.302 56.1378
      vertex -6.04979 -92.302 260
    endloop
  endfacet
  facet normal -0.0980171 -0.995185 0
    outer loop
      vertex -12.0737 -91.7086 57.7292
      vertex -6.04979 -92.302 260
      vertex -12.0737 -91.7086 260
    endloop
  endfacet
  facet normal 0.0980171 0.995185 0
    outer loop
      vertex -5.9059 -90.1067 57.6378
      vertex -11.7865 -89.5275 59.2292
      vertex -11.7865 -89.5275 260
    endloop
  endfacet
  facet normal 0.0980171 0.995185 -0
    outer loop
      vertex -5.9059 -90.1067 57.6378
      vertex -11.7865 -89.5275 260
      vertex -5.9059 -90.1067 260
    endloop
  endfacet
  facet normal 0 0 1
    outer loop
      vertex -11.7865 -89.5275 260
      vertex -12.0737 -91.7086 260
      vertex -6.04979 -92.302 260
    endloop
  endfacet
  facet normal 0 0 1
    outer loop
      vertex -11.7865 -89.5275 260
      vertex -6.04979 -92.302 260
      vertex -5.9059 -90.1067 260
    endloop
  endfacet
  facet normal -0.0327191 -0.999465 0
    outer loop
      vertex -6.04979 -92.302 56.1378
      vertex -1.6992e-14 -92.5 54.5455
      vertex -1.6992e-14 -92.5 260
    endloop
  endfacet
  facet normal -0.0327191 -0.999465 0
    outer loop
      vertex -6.04979 -92.302 56.1378
      vertex -1.6992e-14 -92.5 260
      vertex -6.04979 -92.302 260
    endloop
  endfacet
  facet normal 0.0327191 0.999465 0
    outer loop
      vertex -1.65878e-14 -90.3 56.0455
      vertex -5.9059 -90.1067 57.6378
      vertex -5.9059 -90.1067 260
    endloop
  endfacet
  facet normal 0.0327191 0.999465 -0
    outer loop
      vertex -1.65878e-14 -90.3 56.0455
      vertex -5.9059 -90.1067 260
      vertex -1.65878e-14 -90.3 260
    endloop
  endfacet
  facet normal 0 0 1
    outer loop
      vertex -5.9059 -90.1067 260
      vertex -6.04979 -92.302 260
      vertex -1.6992e-14 -92.5 260
    endloop
  endfacet
  facet normal 0 0 1
    outer loop
      vertex -5.9059 -90.1067 260
      vertex -1.6992e-14 -92.5 260
      vertex -1.65878e-14 -90.3 260
    endloop
  endfacet
  facet normal 0.0327191 -0.999465 0
    outer loop
      vertex -1.6992e-14 -92.5 54.5455
      vertex 6.04979 -92.302 52.9586
      vertex 6.04979 -92.302 260
    endloop
  endfacet
  facet normal 0.0327191 -0.999465 0
    outer loop
      vertex -1.6992e-14 -92.5 54.5455
      vertex 6.04979 -92.302 260
      vertex -1.6992e-14 -92.5 260
    endloop
  endfacet
  facet normal -0.0327191 0.999465 0
    outer loop
      vertex 5.9059 -90.1067 54.4586
      vertex -1.65878e-14 -90.3 56.0455
      vertex -1.65878e-14 -90.3 260
    endloop
  endfacet
  facet normal -0.0327191 0.999465 0
    outer loop
      vertex 5.9059 -90.1067 54.4586
      vertex -1.65878e-14 -90.3 260
      vertex 5.9059 -90.1067 260
    endloop
  endfacet
  facet normal 0 0 1
    outer loop
      vertex -1.65878e-14 -90.3 260
      vertex -1.6992e-14 -92.5 260
      vertex 6.04979 -92.302 260
    endloop
  endfacet
  facet normal -0 0 1
    outer loop
      vertex -1.65878e-14 -90.3 260
      vertex 6.04979 -92.302 260
      vertex 5.9059 -90.1067 260
    endloop
  endfacet
  facet normal 0.0980171 -0.995185 0
    outer loop
      vertex 6.04979 -92.302 52.9586
      vertex 12.0737 -91.7086 51.3841
      vertex 12.0737 -91.7086 260
    endloop
  endfacet
  facet normal 0.0980171 -0.995185 0
    outer loop
      vertex 6.04979 -92.302 52.9586
      vertex 12.0737 -91.7086 260
      vertex 6.04979 -92.302 260
    endloop
  endfacet
  facet normal -0.0980171 0.995185 0
    outer loop
      vertex 11.7865 -89.5275 52.8841
      vertex 5.9059 -90.1067 54.4586
      vertex 5.9059 -90.1067 260
    endloop
  endfacet
  facet normal -0.0980171 0.995185 0
    outer loop
      vertex 11.7865 -89.5275 52.8841
      vertex 5.9059 -90.1067 260
      vertex 11.7865 -89.5275 260
    endloop
  endfacet
  facet normal 0 0 1
    outer loop
      vertex 5.9059 -90.1067 260
      vertex 6.04979 -92.302 260
      vertex 12.0737 -91.7086 260
    endloop
  endfacet
  facet normal -0 0 1
    outer loop
      vertex 5.9059 -90.1067 260
      vertex 12.0737 -91.7086 260
      vertex 11.7865 -89.5275 260
    endloop
  endfacet
  facet normal 0.162895 -0.986643 0
    outer loop
      vertex 12.0737 -91.7086 51.3841
      vertex 18.0459 -90.7226 49.8296
      vertex 18.0459 -90.7226 260
    endloop
  endfacet
  facet normal 0.162895 -0.986643 0
    outer loop
      vertex 12.0737 -91.7086 51.3841
      vertex 18.0459 -90.7226 260
      vertex 12.0737 -91.7086 260
    endloop
  endfacet
  facet normal -0.162895 0.986643 0
    outer loop
      vertex 17.6167 -88.5649 51.3296
      vertex 11.7865 -89.5275 52.8841
      vertex 11.7865 -89.5275 260
    endloop
  endfacet
  facet normal -0.162895 0.986643 0
    outer loop
      vertex 17.6167 -88.5649 51.3296
      vertex 11.7865 -89.5275 260
      vertex 17.6167 -88.5649 260
    endloop
  endfacet
  facet normal 0 0 1
    outer loop
      vertex 11.7865 -89.5275 260
      vertex 12.0737 -91.7086 260
      vertex 18.0459 -90.7226 260
    endloop
  endfacet
  facet normal -0 0 1
    outer loop
      vertex 11.7865 -89.5275 260
      vertex 18.0459 -90.7226 260
      vertex 17.6167 -88.5649 260
    endloop
  endfacet
  facet normal 0.227076 -0.973877 0
    outer loop
      vertex 18.0459 -90.7226 49.8296
      vertex 23.9408 -89.3481 48.3034
      vertex 23.9408 -89.3481 260
    endloop
  endfacet
  facet normal 0.227076 -0.973877 0
    outer loop
      vertex 18.0459 -90.7226 49.8296
      vertex 23.9408 -89.3481 260
      vertex 18.0459 -90.7226 260
    endloop
  endfacet
  facet normal -0.227076 0.973877 0
    outer loop
      vertex 23.3714 -87.2231 49.8034
      vertex 17.6167 -88.5649 51.3296
      vertex 17.6167 -88.5649 260
    endloop
  endfacet
  facet normal -0.227076 0.973877 0
    outer loop
      vertex 23.3714 -87.2231 49.8034
      vertex 17.6167 -88.5649 260
      vertex 23.3714 -87.2231 260
    endloop
  endfacet
  facet normal 0 0 1
    outer loop
      vertex 17.6167 -88.5649 260
      vertex 18.0459 -90.7226 260
      vertex 23.9408 -89.3481 260
    endloop
  endfacet
  facet normal -0 0 1
    outer loop
      vertex 17.6167 -88.5649 260
      vertex 23.9408 -89.3481 260
      vertex 23.3714 -87.2231 260
    endloop
  endfacet
  facet normal 0.290285 -0.95694 0
    outer loop
      vertex 23.9408 -89.3481 48.3034
      vertex 29.7332 -87.591 46.8144
      vertex 29.7332 -87.591 260
    endloop
  endfacet
  facet normal 0.290285 -0.95694 0
    outer loop
      vertex 23.9408 -89.3481 48.3034
      vertex 29.7332 -87.591 260
      vertex 23.9408 -89.3481 260
    endloop
  endfacet
  facet normal -0.290285 0.95694 0
    outer loop
      vertex 29.026 -85.5078 48.3144
      vertex 23.3714 -87.2231 49.8034
      vertex 23.3714 -87.2231 260
    endloop
  endfacet
  facet normal -0.290285 0.95694 0
    outer loop
      vertex 29.026 -85.5078 48.3144
      vertex 23.3714 -87.2231 260
      vertex 29.026 -85.5078 260
    endloop
  endfacet
  facet normal 0 0 1
    outer loop
      vertex 23.3714 -87.2231 260
      vertex 23.9408 -89.3481 260
      vertex 29.7332 -87.591 260
    endloop
  endfacet
  facet normal -0 0 1
    outer loop
      vertex 23.3714 -87.2231 260
      vertex 29.7332 -87.591 260
      vertex 29.026 -85.5078 260
    endloop
  endfacet
  facet normal 0.35225 -0.935906 0
    outer loop
      vertex 29.7332 -87.591 46.8144
      vertex 35.3982 -85.4589 45.3721
      vertex 35.3982 -85.4589 260
    endloop
  endfacet
  facet normal 0.35225 -0.935906 0
    outer loop
      vertex 29.7332 -87.591 46.8144
      vertex 35.3982 -85.4589 260
      vertex 29.7332 -87.591 260
    endloop
  endfacet
  facet normal -0.35225 0.935906 0
    outer loop
      vertex 34.5563 -83.4263 46.8721
      vertex 29.026 -85.5078 48.3144
      vertex 29.026 -85.5078 260
    endloop
  endfacet
  facet normal -0.35225 0.935906 0
    outer loop
      vertex 34.5563 -83.4263 46.8721
      vertex 29.026 -85.5078 260
      vertex 34.5563 -83.4263 260
    endloop
  endfacet
  facet normal -0 0 1
    outer loop
      vertex 29.026 -85.5078 260
      vertex 29.7332 -87.591 260
      vertex 35.3982 -85.4589 260
    endloop
  endfacet
  facet normal 0 0 1
    outer loop
      vertex 29.026 -85.5078 260
      vertex 35.3982 -85.4589 260
      vertex 34.5563 -83.4263 260
    endloop
  endfacet
  facet normal 0.412707 -0.910864 0
    outer loop
      vertex 35.3982 -85.4589 45.3721
      vertex 40.9117 -82.9607 43.9872
      vertex 40.9117 -82.9607 260
    endloop
  endfacet
  facet normal 0.412707 -0.910864 0
    outer loop
      vertex 35.3982 -85.4589 45.3721
      vertex 40.9117 -82.9607 260
      vertex 35.3982 -85.4589 260
    endloop
  endfacet
  facet normal -0.412707 0.910864 0
    outer loop
      vertex 39.9387 -80.9876 45.4872
      vertex 34.5563 -83.4263 46.8721
      vertex 34.5563 -83.4263 260
    endloop
  endfacet
  facet normal -0.412707 0.910864 0
    outer loop
      vertex 39.9387 -80.9876 45.4872
      vertex 34.5563 -83.4263 260
      vertex 39.9387 -80.9876 260
    endloop
  endfacet
  facet normal -0 0 1
    outer loop
      vertex 34.5563 -83.4263 260
      vertex 35.3982 -85.4589 260
      vertex 40.9117 -82.9607 260
    endloop
  endfacet
  facet normal 0 0 1
    outer loop
      vertex 34.5563 -83.4263 260
      vertex 40.9117 -82.9607 260
      vertex 39.9387 -80.9876 260
    endloop
  endfacet
  facet normal 0.471397 -0.881921 0
    outer loop
      vertex 40.9117 -82.9607 43.9872
      vertex 46.25 -80.1073 42.6709
      vertex 46.25 -80.1073 260
    endloop
  endfacet
  facet normal 0.471397 -0.881921 0
    outer loop
      vertex 40.9117 -82.9607 43.9872
      vertex 46.25 -80.1073 260
      vertex 40.9117 -82.9607 260
    endloop
  endfacet
  facet normal -0.471397 0.881921 0
    outer loop
      vertex 45.15 -78.2021 44.1709
      vertex 39.9387 -80.9876 45.4872
      vertex 39.9387 -80.9876 260
    endloop
  endfacet
  facet normal -0.471397 0.881921 0
    outer loop
      vertex 45.15 -78.2021 44.1709
      vertex 39.9387 -80.9876 260
      vertex 45.15 -78.2021 260
    endloop
  endfacet
  facet normal -0 0 1
    outer loop
      vertex 39.9387 -80.9876 260
      vertex 40.9117 -82.9607 260
      vertex 46.25 -80.1073 260
    endloop
  endfacet
  facet normal 0 0 1
    outer loop
      vertex 39.9387 -80.9876 260
      vertex 46.25 -80.1073 260
      vertex 45.15 -78.2021 260
    endloop
  endfacet
  facet normal 0.528068 -0.849202 0
    outer loop
      vertex 46.25 -80.1073 42.6709
      vertex 51.3902 -76.9109 41.4354
      vertex 51.3902 -76.9109 260
    endloop
  endfacet
  facet normal 0.528068 -0.849202 0
    outer loop
      vertex 46.25 -80.1073 42.6709
      vertex 51.3902 -76.9109 260
      vertex 46.25 -80.1073 260
    endloop
  endfacet
  facet normal -0.528068 0.849202 0
    outer loop
      vertex 50.168 -75.0817 42.9354
      vertex 45.15 -78.2021 44.1709
      vertex 45.15 -78.2021 260
    endloop
  endfacet
  facet normal -0.528068 0.849202 0
    outer loop
      vertex 50.168 -75.0817 42.9354
      vertex 45.15 -78.2021 260
      vertex 50.168 -75.0817 260
    endloop
  endfacet
  facet normal -0 0 1
    outer loop
      vertex 45.15 -78.2021 260
      vertex 46.25 -80.1073 260
      vertex 51.3902 -76.9109 260
    endloop
  endfacet
  facet normal 0 0 1
    outer loop
      vertex 45.15 -78.2021 260
      vertex 51.3902 -76.9109 260
      vertex 50.168 -75.0817 260
    endloop
  endfacet
  facet normal 0.582478 -0.812847 0
    outer loop
      vertex 51.3902 -76.9109 41.4354
      vertex 56.3104 -73.3852 40.2935
      vertex 56.3104 -73.3852 260
    endloop
  endfacet
  facet normal 0.582478 -0.812847 0
    outer loop
      vertex 51.3902 -76.9109 41.4354
      vertex 56.3104 -73.3852 260
      vertex 51.3902 -76.9109 260
    endloop
  endfacet
  facet normal -0.582478 0.812847 0
    outer loop
      vertex 54.9712 -71.6398 41.7935
      vertex 50.168 -75.0817 42.9354
      vertex 50.168 -75.0817 260
    endloop
  endfacet
  facet normal -0.582478 0.812847 0
    outer loop
      vertex 54.9712 -71.6398 41.7935
      vertex 50.168 -75.0817 260
      vertex 54.9712 -71.6398 260
    endloop
  endfacet
  facet normal -0 0 1
    outer loop
      vertex 50.168 -75.0817 260
      vertex 51.3902 -76.9109 260
      vertex 56.3104 -73.3852 260
    endloop
  endfacet
  facet normal 0 0 1
    outer loop
      vertex 50.168 -75.0817 260
      vertex 56.3104 -73.3852 260
      vertex 54.9712 -71.6398 260
    endloop
  endfacet
  facet normal 0.634393 -0.77301 0
    outer loop
      vertex 56.3104 -73.3852 40.2935
      vertex 60.9895 -69.5452 39.2588
      vertex 60.9895 -69.5452 260
    endloop
  endfacet
  facet normal 0.634393 -0.77301 0
    outer loop
      vertex 56.3104 -73.3852 40.2935
      vertex 60.9895 -69.5452 260
      vertex 56.3104 -73.3852 260
    endloop
  endfacet
  facet normal -0.634393 0.77301 0
    outer loop
      vertex 59.5389 -67.8911 40.7588
      vertex 54.9712 -71.6398 41.7935
      vertex 54.9712 -71.6398 260
    endloop
  endfacet
  facet normal -0.634393 0.77301 0
    outer loop
      vertex 59.5389 -67.8911 40.7588
      vertex 54.9712 -71.6398 260
      vertex 59.5389 -67.8911 260
    endloop
  endfacet
  facet normal -0 0 1
    outer loop
      vertex 54.9712 -71.6398 260
      vertex 56.3104 -73.3852 260
      vertex 60.9895 -69.5452 260
    endloop
  endfacet
  facet normal 0 0 1
    outer loop
      vertex 54.9712 -71.6398 260
      vertex 60.9895 -69.5452 260
      vertex 59.5389 -67.8911 260
    endloop
  endfacet
  facet normal 0.683592 -0.729864 0
    outer loop
      vertex 60.9895 -69.5452 39.2588
      vertex 65.4074 -65.4074 38.345
      vertex 65.4074 -65.4074 260
    endloop
  endfacet
  facet normal 0.683592 -0.729864 0
    outer loop
      vertex 60.9895 -69.5452 39.2588
      vertex 65.4074 -65.4074 260
      vertex 60.9895 -69.5452 260
    endloop
  endfacet
  facet normal -0.683592 0.729864 0
    outer loop
      vertex 63.8517 -63.8517 39.845
      vertex 59.5389 -67.8911 40.7588
      vertex 59.5389 -67.8911 260
    endloop
  endfacet
  facet normal -0.683592 0.729864 0
    outer loop
      vertex 63.8517 -63.8517 39.845
      vertex 59.5389 -67.8911 260
      vertex 63.8517 -63.8517 260
    endloop
  endfacet
  facet normal -0 0 1
    outer loop
      vertex 59.5389 -67.8911 260
      vertex 60.9895 -69.5452 260
      vertex 65.4074 -65.4074 260
    endloop
  endfacet
  facet normal 0 0 1
    outer loop
      vertex 59.5389 -67.8911 260
      vertex 65.4074 -65.4074 260
      vertex 63.8517 -63.8517 260
    endloop
  endfacet
  facet normal 0.729864 -0.683592 0
    outer loop
      vertex 65.4074 -65.4074 38.345
      vertex 69.5452 -60.9895 37.5657
      vertex 69.5452 -60.9895 260
    endloop
  endfacet
  facet normal 0.729864 -0.683592 0
    outer loop
      vertex 65.4074 -65.4074 38.345
      vertex 69.5452 -60.9895 260
      vertex 65.4074 -65.4074 260
    endloop
  endfacet
  facet normal -0.729864 0.683592 0
    outer loop
      vertex 67.8911 -59.5389 39.0657
      vertex 63.8517 -63.8517 39.845
      vertex 63.8517 -63.8517 260
    endloop
  endfacet
  facet normal -0.729864 0.683592 0
    outer loop
      vertex 67.8911 -59.5389 39.0657
      vertex 63.8517 -63.8517 260
      vertex 67.8911 -59.5389 260
    endloop
  endfacet
  facet normal -0 0 1
    outer loop
      vertex 63.8517 -63.8517 260
      vertex 65.4074 -65.4074 260
      vertex 69.5452 -60.9895 260
    endloop
  endfacet
  facet normal 0 0 1
    outer loop
      vertex 63.8517 -63.8517 260
      vertex 69.5452 -60.9895 260
      vertex 67.8911 -59.5389 260
    endloop
  endfacet
  facet normal 0.77301 -0.634393 0
    outer loop
      vertex 69.5452 -60.9895 37.5657
      vertex 73.3852 -56.3104 36.9337
      vertex 73.3852 -56.3104 260
    endloop
  endfacet
  facet normal 0.77301 -0.634393 0
    outer loop
      vertex 69.5452 -60.9895 37.5657
      vertex 73.3852 -56.3104 260
      vertex 69.5452 -60.9895 260
    endloop
  endfacet
  facet normal -0.77301 0.634393 0
    outer loop
      vertex 71.6398 -54.9712 38.4337
      vertex 67.8911 -59.5389 39.0657
      vertex 67.8911 -59.5389 260
    endloop
  endfacet
  facet normal -0.77301 0.634393 0
    outer loop
      vertex 71.6398 -54.9712 38.4337
      vertex 67.8911 -59.5389 260
      vertex 71.6398 -54.9712 260
    endloop
  endfacet
  facet normal -0 0 1
    outer loop
      vertex 67.8911 -59.5389 260
      vertex 69.5452 -60.9895 260
      vertex 73.3852 -56.3104 260
    endloop
  endfacet
  facet normal 0 0 1
    outer loop
      vertex 67.8911 -59.5389 260
      vertex 73.3852 -56.3104 260
      vertex 71.6398 -54.9712 260
    endloop
  endfacet
  facet normal 0.812847 -0.582478 0
    outer loop
      vertex 73.3852 -56.3104 36.9337
      vertex 76.9109 -51.3902 36.4605
      vertex 76.9109 -51.3902 260
    endloop
  endfacet
  facet normal 0.812847 -0.582478 0
    outer loop
      vertex 73.3852 -56.3104 36.9337
      vertex 76.9109 -51.3902 260
      vertex 73.3852 -56.3104 260
    endloop
  endfacet
  facet normal -0.812847 0.582478 0
    outer loop
      vertex 75.0817 -50.168 37.9605
      vertex 71.6398 -54.9712 38.4337
      vertex 71.6398 -54.9712 260
    endloop
  endfacet
  facet normal -0.812847 0.582478 0
    outer loop
      vertex 75.0817 -50.168 37.9605
      vertex 71.6398 -54.9712 260
      vertex 75.0817 -50.168 260
    endloop
  endfacet
  facet normal -0 0 1
    outer loop
      vertex 71.6398 -54.9712 260
      vertex 73.3852 -56.3104 260
      vertex 76.9109 -51.3902 260
    endloop
  endfacet
  facet normal 0 0 1
    outer loop
      vertex 71.6398 -54.9712 260
      vertex 76.9109 -51.3902 260
      vertex 75.0817 -50.168 260
    endloop
  endfacet
  facet normal 0.849202 -0.528068 0
    outer loop
      vertex 76.9109 -51.3902 36.4605
      vertex 80.1073 -46.25 36.1552
      vertex 80.1073 -46.25 260
    endloop
  endfacet
  facet normal 0.849202 -0.528068 0
    outer loop
      vertex 76.9109 -51.3902 36.4605
      vertex 80.1073 -46.25 260
      vertex 76.9109 -51.3902 260
    endloop
  endfacet
  facet normal -0.849202 0.528068 0
    outer loop
      vertex 78.2021 -45.15 37.6552
      vertex 75.0817 -50.168 37.9605
      vertex 75.0817 -50.168 260
    endloop
  endfacet
  facet normal -0.849202 0.528068 0
    outer loop
      vertex 78.2021 -45.15 37.6552
      vertex 75.0817 -50.168 260
      vertex 78.2021 -45.15 260
    endloop
  endfacet
  facet normal -0 0 1
    outer loop
      vertex 75.0817 -50.168 260
      vertex 76.9109 -51.3902 260
      vertex 80.1073 -46.25 260
    endloop
  endfacet
  facet normal 0 0 1
    outer loop
      vertex 75.0817 -50.168 260
      vertex 80.1073 -46.25 260
      vertex 78.2021 -45.15 260
    endloop
  endfacet
  facet normal 0.881921 -0.471397 0
    outer loop
      vertex 80.1073 -46.25 36.1552
      vertex 82.9607 -40.9117 36.0242
      vertex 82.9607 -40.9117 260
    endloop
  endfacet
  facet normal 0.881921 -0.471397 0
    outer loop
      vertex 80.1073 -46.25 36.1552
      vertex 82.9607 -40.9117 260
      vertex 80.1073 -46.25 260
    endloop
  endfacet
  facet normal -0.881921 0.471397 0
    outer loop
      vertex 80.9876 -39.9387 37.5242
      vertex 78.2021 -45.15 37.6552
      vertex 78.2021 -45.15 260
    endloop
  endfacet
  facet normal -0.881921 0.471397 0
    outer loop
      vertex 80.9876 -39.9387 37.5242
      vertex 78.2021 -45.15 260
      vertex 80.9876 -39.9387 260
    endloop
  endfacet
  facet normal -0 0 1
    outer loop
      vertex 78.2021 -45.15 260
      vertex 80.1073 -46.25 260
      vertex 82.9607 -40.9117 260
    endloop
  endfacet
  facet normal 0 0 1
    outer loop
      vertex 78.2021 -45.15 260
      vertex 82.9607 -40.9117 260
      vertex 80.9876 -39.9387 260
    endloop
  endfacet
  facet normal 0.910864 -0.412707 0
    outer loop
      vertex 82.9607 -40.9117 36.0242
      vertex 85.4589 -35.3982 36.07
      vertex 85.4589 -35.3982 260
    endloop
  endfacet
  facet normal 0.910864 -0.412707 0
    outer loop
      vertex 82.9607 -40.9117 36.0242
      vertex 85.4589 -35.3982 260
      vertex 82.9607 -40.9117 260
    endloop
  endfacet
  facet normal -0.910864 0.412707 0
    outer loop
      vertex 83.4263 -34.5563 37.57
      vertex 80.9876 -39.9387 37.5242
      vertex 80.9876 -39.9387 260
    endloop
  endfacet
  facet normal -0.910864 0.412707 0
    outer loop
      vertex 83.4263 -34.5563 37.57
      vertex 80.9876 -39.9387 260
      vertex 83.4263 -34.5563 260
    endloop
  endfacet
  facet normal -0 0 1
    outer loop
      vertex 80.9876 -39.9387 260
      vertex 82.9607 -40.9117 260
      vertex 85.4589 -35.3982 260
    endloop
  endfacet
  facet normal 0 0 1
    outer loop
      vertex 80.9876 -39.9387 260
      vertex 85.4589 -35.3982 260
      vertex 83.4263 -34.5563 260
    endloop
  endfacet
  facet normal 0.935906 -0.35225 0
    outer loop
      vertex 85.4589 -35.3982 36.07
      vertex 87.591 -29.7332 36.2919
      vertex 87.591 -29.7332 260
    endloop
  endfacet
  facet normal 0.935906 -0.35225 0
    outer loop
      vertex 85.4589 -35.3982 36.07
      vertex 87.591 -29.7332 260
      vertex 85.4589 -35.3982 260
    endloop
  endfacet
  facet normal -0.935906 0.35225 0
    outer loop
      vertex 85.5078 -29.026 37.7919
      vertex 83.4263 -34.5563 37.57
      vertex 83.4263 -34.5563 260
    endloop
  endfacet
  facet normal -0.935906 0.35225 0
    outer loop
      vertex 85.5078 -29.026 37.7919
      vertex 83.4263 -34.5563 260
      vertex 85.5078 -29.026 260
    endloop
  endfacet
  facet normal -0 0 1
    outer loop
      vertex 83.4263 -34.5563 260
      vertex 85.4589 -35.3982 260
      vertex 87.591 -29.7332 260
    endloop
  endfacet
  facet normal 0 0 1
    outer loop
      vertex 83.4263 -34.5563 260
      vertex 87.591 -29.7332 260
      vertex 85.5078 -29.026 260
    endloop
  endfacet
  facet normal 0.95694 -0.290285 0
    outer loop
      vertex 87.591 -29.7332 36.2919
      vertex 89.3481 -23.9408 36.6851
      vertex 89.3481 -23.9408 260
    endloop
  endfacet
  facet normal 0.95694 -0.290285 0
    outer loop
      vertex 87.591 -29.7332 36.2919
      vertex 89.3481 -23.9408 260
      vertex 87.591 -29.7332 260
    endloop
  endfacet
  facet normal -0.95694 0.290285 0
    outer loop
      vertex 87.2231 -23.3714 38.1851
      vertex 85.5078 -29.026 37.7919
      vertex 85.5078 -29.026 260
    endloop
  endfacet
  facet normal -0.95694 0.290285 0
    outer loop
      vertex 87.2231 -23.3714 38.1851
      vertex 85.5078 -29.026 260
      vertex 87.2231 -23.3714 260
    endloop
  endfacet
  facet normal -0 0 1
    outer loop
      vertex 85.5078 -29.026 260
      vertex 87.591 -29.7332 260
      vertex 89.3481 -23.9408 260
    endloop
  endfacet
  facet normal 0 0 1
    outer loop
      vertex 85.5078 -29.026 260
      vertex 89.3481 -23.9408 260
      vertex 87.2231 -23.3714 260
    endloop
  endfacet
  facet normal 0.973877 -0.227076 0
    outer loop
      vertex 89.3481 -23.9408 36.6851
      vertex 90.7226 -18.0459 37.2419
      vertex 90.7226 -18.0459 260
    endloop
  endfacet
  facet normal 0.973877 -0.227076 0
    outer loop
      vertex 89.3481 -23.9408 36.6851
      vertex 90.7226 -18.0459 260
      vertex 89.3481 -23.9408 260
    endloop
  endfacet
  facet normal -0.973877 0.227076 0
    outer loop
      vertex 88.5649 -17.6167 38.7419
      vertex 87.2231 -23.3714 38.1851
      vertex 87.2231 -23.3714 260
    endloop
  endfacet
  facet normal -0.973877 0.227076 0
    outer loop
      vertex 88.5649 -17.6167 38.7419
      vertex 87.2231 -23.3714 260
      vertex 88.5649 -17.6167 260
    endloop
  endfacet
  facet normal -0 0 1
    outer loop
      vertex 87.2231 -23.3714 260
      vertex 89.3481 -23.9408 260
      vertex 90.7226 -18.0459 260
    endloop
  endfacet
  facet normal 0 0 1
    outer loop
      vertex 87.2231 -23.3714 260
      vertex 90.7226 -18.0459 260
      vertex 88.5649 -17.6167 260
    endloop
  endfacet
  facet normal 0.986643 -0.162895 0
    outer loop
      vertex 90.7226 -18.0459 37.2419
      vertex 91.7086 -12.0737 37.9517
      vertex 91.7086 -12.0737 260
    endloop
  endfacet
  facet normal 0.986643 -0.162895 0
    outer loop
      vertex 90.7226 -18.0459 37.2419
      vertex 91.7086 -12.0737 260
      vertex 90.7226 -18.0459 260
    endloop
  endfacet
  facet normal -0.986643 0.162895 0
    outer loop
      vertex 89.5275 -11.7865 39.4517
      vertex 88.5649 -17.6167 38.7419
      vertex 88.5649 -17.6167 260
    endloop
  endfacet
  facet normal -0.986643 0.162895 0
    outer loop
      vertex 89.5275 -11.7865 39.4517
      vertex 88.5649 -17.6167 260
      vertex 89.5275 -11.7865 260
    endloop
  endfacet
  facet normal -0 0 1
    outer loop
      vertex 88.5649 -17.6167 260
      vertex 90.7226 -18.0459 260
      vertex 91.7086 -12.0737 260
    endloop
  endfacet
  facet normal 0 0 1
    outer loop
      vertex 88.5649 -17.6167 260
      vertex 91.7086 -12.0737 260
      vertex 89.5275 -11.7865 260
    endloop
  endfacet
  facet normal 0.995185 -0.0980171 0
    outer loop
      vertex 91.7086 -12.0737 37.9517
      vertex 92.302 -6.04979 38.8024
      vertex 92.302 -6.04979 260
    endloop
  endfacet
  facet normal 0.995185 -0.0980171 0
    outer loop
      vertex 91.7086 -12.0737 37.9517
      vertex 92.302 -6.04979 260
      vertex 91.7086 -12.0737 260
    endloop
  endfacet
  facet normal -0.995185 0.0980171 0
    outer loop
      vertex 90.1067 -5.9059 40.3024
      vertex 89.5275 -11.7865 39.4517
      vertex 89.5275 -11.7865 260
    endloop
  endfacet
  facet normal -0.995185 0.0980171 0
    outer loop
      vertex 90.1067 -5.9059 40.3024
      vertex 89.5275 -11.7865 260
      vertex 90.1067 -5.9059 260
    endloop
  endfacet
  facet normal -0 0 1
    outer loop
      vertex 89.5275 -11.7865 260
      vertex 91.7086 -12.0737 260
      vertex 92.302 -6.04979 260
    endloop
  endfacet
  facet normal 0 0 1
    outer loop
      vertex 89.5275 -11.7865 260
      vertex 92.302 -6.04979 260
      vertex 90.1067 -5.9059 260
    endloop
  endfacet
  facet normal 0.999465 -0.0327191 0
    outer loop
      vertex 92.302 -6.04979 38.8024
      vertex 92.5 0 39.7805
      vertex 92.5 0 260
    endloop
  endfacet
  facet normal 0.999465 -0.0327191 0
    outer loop
      vertex 92.302 -6.04979 38.8024
      vertex 92.5 0 260
      vertex 92.302 -6.04979 260
    endloop
  endfacet
  facet normal -0.999465 0.0327191 0
    outer loop
      vertex 90.3 0 41.2805
      vertex 90.1067 -5.9059 40.3024
      vertex 90.1067 -5.9059 260
    endloop
  endfacet
  facet normal -0.999465 0.0327191 0
    outer loop
      vertex 90.3 0 41.2805
      vertex 90.1067 -5.9059 260
      vertex 90.3 0 260
    endloop
  endfacet
  facet normal -0 0 1
    outer loop
      vertex 90.1067 -5.9059 260
      vertex 92.302 -6.04979 260
      vertex 92.5 0 260
    endloop
  endfacet
  facet normal 0 0 1
    outer loop
      vertex 90.1067 -5.9059 260
      vertex 92.5 0 260
      vertex 90.3 0 260
    endloop
  endfacet
endsolid aquaclick_v01c_od185_eccentric_hopper
