solid aquaclick_v01c_od180_eccentric_hopper
  facet normal 0.411413 -0.219255 0.884684
    outer loop
      vertex 0 0 34.7599
      vertex 4.87778 0 32.4915
      vertex 4.86733 0.319022 32.5754
    endloop
  endfacet
  facet normal 0 0 0
    outer loop
      vertex 0 0 34.7599
      vertex 4.86733 0.319022 32.5754
      vertex 0 0 34.7599
    endloop
  endfacet
  facet normal 0.411334 -0.221308 0.88421
    outer loop
      vertex 0 0 34.7599
      vertex 4.86733 0.319022 32.5754
      vertex 4.83605 0.636678 32.6695
    endloop
  endfacet
  facet normal 0 0 0
    outer loop
      vertex 0 0 34.7599
      vertex 4.83605 0.636678 32.6695
      vertex 0 0 34.7599
    endloop
  endfacet
  facet normal 0.411368 -0.223034 0.88376
    outer loop
      vertex 0 0 34.7599
      vertex 4.83605 0.636678 32.6695
      vertex 4.78405 0.951607 32.7732
    endloop
  endfacet
  facet normal 0 0 0
    outer loop
      vertex 0 0 34.7599
      vertex 4.78405 0.951607 32.7732
      vertex 0 0 34.7599
    endloop
  endfacet
  facet normal 0.411477 -0.224425 0.883357
    outer loop
      vertex 0 0 34.7599
      vertex 4.78405 0.951607 32.7732
      vertex 4.71157 1.26246 32.8859
    endloop
  endfacet
  facet normal 0 0 0
    outer loop
      vertex 0 0 34.7599
      vertex 4.71157 1.26246 32.8859
      vertex 0 0 34.7599
    endloop
  endfacet
  facet normal 0.411626 -0.225484 0.883018
    outer loop
      vertex 0 0 34.7599
      vertex 4.71157 1.26246 32.8859
      vertex 4.61891 1.56791 33.0071
    endloop
  endfacet
  facet normal 0 0 0
    outer loop
      vertex 0 0 34.7599
      vertex 4.61891 1.56791 33.0071
      vertex 0 0 34.7599
    endloop
  endfacet
  facet normal 0.411779 -0.226227 0.882757
    outer loop
      vertex 0 0 34.7599
      vertex 4.61891 1.56791 33.0071
      vertex 4.50648 1.86664 33.1361
    endloop
  endfacet
  facet normal 0 0 0
    outer loop
      vertex 0 0 34.7599
      vertex 4.50648 1.86664 33.1361
      vertex 0 0 34.7599
    endloop
  endfacet
  facet normal 0.411902 -0.226675 0.882584
    outer loop
      vertex 0 0 34.7599
      vertex 4.50648 1.86664 33.1361
      vertex 4.37475 2.15739 33.2723
    endloop
  endfacet
  facet normal 0 0 0
    outer loop
      vertex 0 0 34.7599
      vertex 4.37475 2.15739 33.2723
      vertex 0 0 34.7599
    endloop
  endfacet
  facet normal 0.411967 -0.22686 0.882506
    outer loop
      vertex 0 0 34.7599
      vertex 4.37475 2.15739 33.2723
      vertex 4.22428 2.43889 33.4149
    endloop
  endfacet
  facet normal 0 0 0
    outer loop
      vertex 0 0 34.7599
      vertex 4.22428 2.43889 33.4149
      vertex 0 0 34.7599
    endloop
  endfacet
  facet normal 0.411949 -0.226818 0.882526
    outer loop
      vertex 0 0 34.7599
      vertex 4.22428 2.43889 33.4149
      vertex 4.05572 2.70995 33.5632
    endloop
  endfacet
  facet normal 0 0 0
    outer loop
      vertex 0 0 34.7599
      vertex 4.05572 2.70995 33.5632
      vertex 0 0 34.7599
    endloop
  endfacet
  facet normal 0.411829 -0.226589 0.88264
    outer loop
      vertex 0 0 34.7599
      vertex 4.05572 2.70995 33.5632
      vertex 3.8698 2.9694 33.7166
    endloop
  endfacet
  facet normal 0 0 0
    outer loop
      vertex 0 0 34.7599
      vertex 3.8698 2.9694 33.7166
      vertex 0 0 34.7599
    endloop
  endfacet
  facet normal 0.411598 -0.226216 0.882844
    outer loop
      vertex 0 0 34.7599
      vertex 3.8698 2.9694 33.7166
      vertex 3.66731 3.21614 33.8742
    endloop
  endfacet
  facet normal 0 0 0
    outer loop
      vertex 0 0 34.7599
      vertex 3.66731 3.21614 33.8742
      vertex 0 0 34.7599
    endloop
  endfacet
  facet normal 0.41125 -0.22574 0.883128
    outer loop
      vertex 0 0 34.7599
      vertex 3.66731 3.21614 33.8742
      vertex 3.44911 3.44911 34.0354
    endloop
  endfacet
  facet normal 0 0 0
    outer loop
      vertex 0 0 34.7599
      vertex 3.44911 3.44911 34.0354
      vertex 0 0 34.7599
    endloop
  endfacet
  facet normal 0.410788 -0.225205 0.88348
    outer loop
      vertex 0 0 34.7599
      vertex 3.44911 3.44911 34.0354
      vertex 3.21614 3.66731 34.1993
    endloop
  endfacet
  facet normal 0 0 0
    outer loop
      vertex 0 0 34.7599
      vertex 3.21614 3.66731 34.1993
      vertex 0 0 34.7599
    endloop
  endfacet
  facet normal 0.410222 -0.224647 0.883885
    outer loop
      vertex 0 0 34.7599
      vertex 3.21614 3.66731 34.1993
      vertex 2.9694 3.8698 34.3653
    endloop
  endfacet
  facet normal 0 0 0
    outer loop
      vertex 0 0 34.7599
      vertex 2.9694 3.8698 34.3653
      vertex 0 0 34.7599
    endloop
  endfacet
  facet normal 0.409568 -0.2241 0.884327
    outer loop
      vertex 0 0 34.7599
      vertex 2.9694 3.8698 34.3653
      vertex 2.70995 4.05572 34.5326
    endloop
  endfacet
  facet normal 0 0 0
    outer loop
      vertex 0 0 34.7599
      vertex 2.70995 4.05572 34.5326
      vertex 0 0 34.7599
    endloop
  endfacet
  facet normal 0.408847 -0.223592 0.884789
    outer loop
      vertex 0 0 34.7599
      vertex 2.70995 4.05572 34.5326
      vertex 2.43889 4.22428 34.7004
    endloop
  endfacet
  facet normal 0 0 0
    outer loop
      vertex 0 0 34.7599
      vertex 2.43889 4.22428 34.7004
      vertex 0 0 34.7599
    endloop
  endfacet
  facet normal 0.408085 -0.223145 0.885253
    outer loop
      vertex 0 0 34.7599
      vertex 2.43889 4.22428 34.7004
      vertex 2.15739 4.37475 34.8681
    endloop
  endfacet
  facet normal 0 0 0
    outer loop
      vertex 0 0 34.7599
      vertex 2.15739 4.37475 34.8681
      vertex 0 0 34.7599
    endloop
  endfacet
  facet normal 0.407311 -0.222775 0.885703
    outer loop
      vertex 0 0 34.7599
      vertex 2.15739 4.37475 34.8681
      vertex 1.86664 4.50648 35.0349
    endloop
  endfacet
  facet normal 0 0 0
    outer loop
      vertex 0 0 34.7599
      vertex 1.86664 4.50648 35.0349
      vertex 0 0 34.7599
    endloop
  endfacet
  facet normal 0.406555 -0.222487 0.886122
    outer loop
      vertex 0 0 34.7599
      vertex 1.86664 4.50648 35.0349
      vertex 1.56791 4.61891 35.2002
    endloop
  endfacet
  facet normal 0 0 0
    outer loop
      vertex 0 0 34.7599
      vertex 1.56791 4.61891 35.2002
      vertex 0 0 34.7599
    endloop
  endfacet
  facet normal 0.405851 -0.222284 0.886496
    outer loop
      vertex 0 0 34.7599
      vertex 1.56791 4.61891 35.2002
      vertex 1.26246 4.71157 35.3633
    endloop
  endfacet
  facet normal 0 0 0
    outer loop
      vertex 0 0 34.7599
      vertex 1.26246 4.71157 35.3633
      vertex 0 0 34.7599
    endloop
  endfacet
  facet normal 0.405228 -0.222158 0.886812
    outer loop
      vertex 0 0 34.7599
      vertex 1.26246 4.71157 35.3633
      vertex 0.951607 4.78405 35.5235
    endloop
  endfacet
  facet normal 0 0 0
    outer loop
      vertex 0 0 34.7599
      vertex 0.951607 4.78405 35.5235
      vertex 0 0 34.7599
    endloop
  endfacet
  facet normal 0.404718 -0.222096 0.887061
    outer loop
      vertex 0 0 34.7599
      vertex 0.951607 4.78405 35.5235
      vertex 0.636678 4.83605 35.6802
    endloop
  endfacet
  facet normal 0 0 0
    outer loop
      vertex 0 0 34.7599
      vertex 0.636678 4.83605 35.6802
      vertex 0 0 34.7599
    endloop
  endfacet
  facet normal 0.404346 -0.22208 0.887234
    outer loop
      vertex 0 0 34.7599
      vertex 0.636678 4.83605 35.6802
      vertex 0.319022 4.86733 35.8328
    endloop
  endfacet
  facet normal 0 0 0
    outer loop
      vertex 0 0 34.7599
      vertex 0.319022 4.86733 35.8328
      vertex 0 0 34.7599
    endloop
  endfacet
  facet normal 0.404137 -0.222087 0.887328
    outer loop
      vertex 0 0 34.7599
      vertex 0.319022 4.86733 35.8328
      vertex 2.98678e-16 4.87778 35.9807
    endloop
  endfacet
  facet normal 0 0 0
    outer loop
      vertex 0 0 34.7599
      vertex 2.98678e-16 4.87778 35.9807
      vertex 0 0 34.7599
    endloop
  endfacet
  facet normal 0.404108 -0.22209 0.88734
    outer loop
      vertex 0 0 34.7599
      vertex 2.98678e-16 4.87778 35.9807
      vertex -0.319022 4.86733 36.1234
    endloop
  endfacet
  facet normal 0 0 0
    outer loop
      vertex 0 0 34.7599
      vertex -0.319022 4.86733 36.1234
      vertex -0 0 34.7599
    endloop
  endfacet
  facet normal 0.404274 -0.22206 0.887272
    outer loop
      vertex -0 0 34.7599
      vertex -0.319022 4.86733 36.1234
      vertex -0.636678 4.83605 36.2603
    endloop
  endfacet
  facet normal 0 0 0
    outer loop
      vertex -0 0 34.7599
      vertex -0.636678 4.83605 36.2603
      vertex -0 0 34.7599
    endloop
  endfacet
  facet normal 0.404641 -0.221967 0.887128
    outer loop
      vertex -0 0 34.7599
      vertex -0.636678 4.83605 36.2603
      vertex -0.951607 4.78405 36.3909
    endloop
  endfacet
  facet normal 0 0 0
    outer loop
      vertex -0 0 34.7599
      vertex -0.951607 4.78405 36.3909
      vertex -0 0 34.7599
    endloop
  endfacet
  facet normal 0.405212 -0.22178 0.886914
    outer loop
      vertex -0 0 34.7599
      vertex -0.951607 4.78405 36.3909
      vertex -1.26246 4.71157 36.5148
    endloop
  endfacet
  facet normal 0 0 0
    outer loop
      vertex -0 0 34.7599
      vertex -1.26246 4.71157 36.5148
      vertex -0 0 34.7599
    endloop
  endfacet
  facet normal 0.405983 -0.221471 0.886639
    outer loop
      vertex -0 0 34.7599
      vertex -1.26246 4.71157 36.5148
      vertex -1.56791 4.61891 36.6316
    endloop
  endfacet
  facet normal 0 0 0
    outer loop
      vertex -0 0 34.7599
      vertex -1.56791 4.61891 36.6316
      vertex -0 0 34.7599
    endloop
  endfacet
  facet normal 0.406944 -0.221013 0.886312
    outer loop
      vertex -0 0 34.7599
      vertex -1.56791 4.61891 36.6316
      vertex -1.86664 4.50648 36.7407
    endloop
  endfacet
  facet normal 0 0 0
    outer loop
      vertex -0 0 34.7599
      vertex -1.86664 4.50648 36.7407
      vertex -0 0 34.7599
    endloop
  endfacet
  facet normal 0.408081 -0.220382 0.885947
    outer loop
      vertex -0 0 34.7599
      vertex -1.86664 4.50648 36.7407
      vertex -2.15739 4.37475 36.8418
    endloop
  endfacet
  facet normal 0 0 0
    outer loop
      vertex -0 0 34.7599
      vertex -2.15739 4.37475 36.8418
      vertex -0 0 34.7599
    endloop
  endfacet
  facet normal 0.409372 -0.219558 0.885555
    outer loop
      vertex -0 0 34.7599
      vertex -2.15739 4.37475 36.8418
      vertex -2.43889 4.22428 36.9347
    endloop
  endfacet
  facet normal 0 0 0
    outer loop
      vertex -0 0 34.7599
      vertex -2.43889 4.22428 36.9347
      vertex -0 0 34.7599
    endloop
  endfacet
  facet normal 0.410796 -0.218528 0.885151
    outer loop
      vertex -0 0 34.7599
      vertex -2.43889 4.22428 36.9347
      vertex -2.70995 4.05572 37.0188
    endloop
  endfacet
  facet normal 0 0 0
    outer loop
      vertex -0 0 34.7599
      vertex -2.70995 4.05572 37.0188
      vertex -0 0 34.7599
    endloop
  endfacet
  facet normal 0.412324 -0.217282 0.884747
    outer loop
      vertex -0 0 34.7599
      vertex -2.70995 4.05572 37.0188
      vertex -2.9694 3.8698 37.0941
    endloop
  endfacet
  facet normal 0 0 0
    outer loop
      vertex -0 0 34.7599
      vertex -2.9694 3.8698 37.0941
      vertex -0 0 34.7599
    endloop
  endfacet
  facet normal 0.413927 -0.215817 0.884357
    outer loop
      vertex -0 0 34.7599
      vertex -2.9694 3.8698 37.0941
      vertex -3.21614 3.66731 37.1602
    endloop
  endfacet
  facet normal 0 0 0
    outer loop
      vertex -0 0 34.7599
      vertex -3.21614 3.66731 37.1602
      vertex -0 0 34.7599
    endloop
  endfacet
  facet normal 0.415574 -0.214135 0.883994
    outer loop
      vertex -0 0 34.7599
      vertex -3.21614 3.66731 37.1602
      vertex -3.44911 3.44911 37.2168
    endloop
  endfacet
  facet normal 0 0 0
    outer loop
      vertex -0 0 34.7599
      vertex -3.44911 3.44911 37.2168
      vertex -0 0 34.7599
    endloop
  endfacet
  facet normal 0.417233 -0.212244 0.883668
    outer loop
      vertex -0 0 34.7599
      vertex -3.44911 3.44911 37.2168
      vertex -3.66731 3.21614 37.2639
    endloop
  endfacet
  facet normal 0 0 0
    outer loop
      vertex -0 0 34.7599
      vertex -3.66731 3.21614 37.2639
      vertex -0 0 34.7599
    endloop
  endfacet
  facet normal 0.418873 -0.210158 0.883391
    outer loop
      vertex -0 0 34.7599
      vertex -3.66731 3.21614 37.2639
      vertex -3.8698 2.9694 37.3012
    endloop
  endfacet
  facet normal 0 0 0
    outer loop
      vertex -0 0 34.7599
      vertex -3.8698 2.9694 37.3012
      vertex -0 0 34.7599
    endloop
  endfacet
  facet normal 0.420463 -0.207897 0.88317
    outer loop
      vertex -0 0 34.7599
      vertex -3.8698 2.9694 37.3012
      vertex -4.05572 2.70995 37.3287
    endloop
  endfacet
  facet normal 0 0 0
    outer loop
      vertex -0 0 34.7599
      vertex -4.05572 2.70995 37.3287
      vertex -0 0 34.7599
    endloop
  endfacet
  facet normal 0.421976 -0.205484 0.883013
    outer loop
      vertex -0 0 34.7599
      vertex -4.05572 2.70995 37.3287
      vertex -4.22428 2.43889 37.3461
    endloop
  endfacet
  facet normal 0 0 0
    outer loop
      vertex -0 0 34.7599
      vertex -4.22428 2.43889 37.3461
      vertex -0 0 34.7599
    endloop
  endfacet
  facet normal 0.423386 -0.202948 0.882925
    outer loop
      vertex -0 0 34.7599
      vertex -4.22428 2.43889 37.3461
      vertex -4.37475 2.15739 37.3536
    endloop
  endfacet
  facet normal 0 0 0
    outer loop
      vertex -0 0 34.7599
      vertex -4.37475 2.15739 37.3536
      vertex -0 0 34.7599
    endloop
  endfacet
  facet normal 0.424671 -0.200321 0.882908
    outer loop
      vertex -0 0 34.7599
      vertex -4.37475 2.15739 37.3536
      vertex -4.50648 1.86664 37.351
    endloop
  endfacet
  facet normal 0 0 0
    outer loop
      vertex -0 0 34.7599
      vertex -4.50648 1.86664 37.351
      vertex -0 0 34.7599
    endloop
  endfacet
  facet normal 0.425813 -0.197638 0.882962
    outer loop
      vertex -0 0 34.7599
      vertex -4.50648 1.86664 37.351
      vertex -4.61891 1.56791 37.3383
    endloop
  endfacet
  facet normal 0 0 0
    outer loop
      vertex -0 0 34.7599
      vertex -4.61891 1.56791 37.3383
      vertex -0 0 34.7599
    endloop
  endfacet
  facet normal 0.4268 -0.194935 0.883086
    outer loop
      vertex -0 0 34.7599
      vertex -4.61891 1.56791 37.3383
      vertex -4.71157 1.26246 37.3157
    endloop
  endfacet
  facet normal 0 0 0
    outer loop
      vertex -0 0 34.7599
      vertex -4.71157 1.26246 37.3157
      vertex -0 0 34.7599
    endloop
  endfacet
  facet normal 0.427623 -0.19225 0.883277
    outer loop
      vertex -0 0 34.7599
      vertex -4.71157 1.26246 37.3157
      vertex -4.78405 0.951607 37.2831
    endloop
  endfacet
  facet normal 0 0 0
    outer loop
      vertex -0 0 34.7599
      vertex -4.78405 0.951607 37.2831
      vertex -0 0 34.7599
    endloop
  endfacet
  facet normal 0.428279 -0.18962 0.883528
    outer loop
      vertex -0 0 34.7599
      vertex -4.78405 0.951607 37.2831
      vertex -4.83605 0.636678 37.2407
    endloop
  endfacet
  facet normal 0 0 0
    outer loop
      vertex -0 0 34.7599
      vertex -4.83605 0.636678 37.2407
      vertex -0 0 34.7599
    endloop
  endfacet
  facet normal 0.428769 -0.187082 0.883831
    outer loop
      vertex -0 0 34.7599
      vertex -4.83605 0.636678 37.2407
      vertex -4.86733 0.319022 37.1887
    endloop
  endfacet
  facet normal 0 0 0
    outer loop
      vertex -0 0 34.7599
      vertex -4.86733 0.319022 37.1887
      vertex -0 0 34.7599
    endloop
  endfacet
  facet normal 0.4291 -0.18467 0.884178
    outer loop
      vertex -0 0 34.7599
      vertex -4.86733 0.319022 37.1887
      vertex -4.87778 5.97355e-16 37.1271
    endloop
  endfacet
  facet normal 0 0 0
    outer loop
      vertex -0 0 34.7599
      vertex -4.87778 5.97355e-16 37.1271
      vertex -0 0 34.7599
    endloop
  endfacet
  facet normal 0.429283 -0.182415 0.884557
    outer loop
      vertex -0 0 34.7599
      vertex -4.87778 5.97355e-16 37.1271
      vertex -4.86733 -0.319022 37.0563
    endloop
  endfacet
  facet normal 0 0 0
    outer loop
      vertex -0 0 34.7599
      vertex -4.86733 -0.319022 37.0563
      vertex -0 -0 34.7599
    endloop
  endfacet
  facet normal 0.429336 -0.180346 0.884955
    outer loop
      vertex -0 -0 34.7599
      vertex -4.86733 -0.319022 37.0563
      vertex -4.83605 -0.636678 36.9763
    endloop
  endfacet
  facet normal 0 0 0
    outer loop
      vertex -0 -0 34.7599
      vertex -4.83605 -0.636678 36.9763
      vertex -0 -0 34.7599
    endloop
  endfacet
  facet normal 0.429277 -0.178485 0.885361
    outer loop
      vertex -0 -0 34.7599
      vertex -4.83605 -0.636678 36.9763
      vertex -4.78405 -0.951607 36.8876
    endloop
  endfacet
  facet normal 0 0 0
    outer loop
      vertex -0 -0 34.7599
      vertex -4.78405 -0.951607 36.8876
      vertex -0 -0 34.7599
    endloop
  endfacet
  facet normal 0.429129 -0.17685 0.885761
    outer loop
      vertex -0 -0 34.7599
      vertex -4.78405 -0.951607 36.8876
      vertex -4.71157 -1.26246 36.7905
    endloop
  endfacet
  facet normal 0 0 0
    outer loop
      vertex -0 -0 34.7599
      vertex -4.71157 -1.26246 36.7905
      vertex -0 -0 34.7599
    endloop
  endfacet
  facet normal 0.428919 -0.175453 0.88614
    outer loop
      vertex -0 -0 34.7599
      vertex -4.71157 -1.26246 36.7905
      vertex -4.61891 -1.56791 36.6851
    endloop
  endfacet
  facet normal 0 0 0
    outer loop
      vertex -0 -0 34.7599
      vertex -4.61891 -1.56791 36.6851
      vertex -0 -0 34.7599
    endloop
  endfacet
  facet normal 0.428672 -0.174301 0.886487
    outer loop
      vertex -0 -0 34.7599
      vertex -4.61891 -1.56791 36.6851
      vertex -4.50648 -1.86664 36.572
    endloop
  endfacet
  facet normal 0 0 0
    outer loop
      vertex -0 -0 34.7599
      vertex -4.50648 -1.86664 36.572
      vertex -0 -0 34.7599
    endloop
  endfacet
  facet normal 0.428417 -0.173393 0.886788
    outer loop
      vertex -0 -0 34.7599
      vertex -4.50648 -1.86664 36.572
      vertex -4.37475 -2.15739 36.4515
    endloop
  endfacet
  facet normal 0 0 0
    outer loop
      vertex -0 -0 34.7599
      vertex -4.37475 -2.15739 36.4515
      vertex -0 -0 34.7599
    endloop
  endfacet
  facet normal 0.428181 -0.172723 0.887033
    outer loop
      vertex -0 -0 34.7599
      vertex -4.37475 -2.15739 36.4515
      vertex -4.22428 -2.43889 36.3241
    endloop
  endfacet
  facet normal 0 0 0
    outer loop
      vertex -0 -0 34.7599
      vertex -4.22428 -2.43889 36.3241
      vertex -0 -0 34.7599
    endloop
  endfacet
  facet normal 0.42799 -0.172277 0.887212
    outer loop
      vertex -0 -0 34.7599
      vertex -4.22428 -2.43889 36.3241
      vertex -4.05572 -2.70995 36.1901
    endloop
  endfacet
  facet normal 0 0 0
    outer loop
      vertex -0 -0 34.7599
      vertex -4.05572 -2.70995 36.1901
      vertex -0 -0 34.7599
    endloop
  endfacet
  facet normal 0.427868 -0.172039 0.887317
    outer loop
      vertex -0 -0 34.7599
      vertex -4.05572 -2.70995 36.1901
      vertex -3.8698 -2.9694 36.0502
    endloop
  endfacet
  facet normal 0 0 0
    outer loop
      vertex -0 -0 34.7599
      vertex -3.8698 -2.9694 36.0502
      vertex -0 -0 34.7599
    endloop
  endfacet
  facet normal 0.427835 -0.171984 0.887344
    outer loop
      vertex -0 -0 34.7599
      vertex -3.8698 -2.9694 36.0502
      vertex -3.66731 -3.21614 35.9047
    endloop
  endfacet
  facet normal 0 0 0
    outer loop
      vertex -0 -0 34.7599
      vertex -3.66731 -3.21614 35.9047
      vertex -0 -0 34.7599
    endloop
  endfacet
  facet normal 0.427907 -0.172085 0.887289
    outer loop
      vertex -0 -0 34.7599
      vertex -3.66731 -3.21614 35.9047
      vertex -3.44911 -3.44911 35.7543
    endloop
  endfacet
  facet normal 0 0 0
    outer loop
      vertex -0 -0 34.7599
      vertex -3.44911 -3.44911 35.7543
      vertex -0 -0 34.7599
    endloop
  endfacet
  facet normal 0.428096 -0.172313 0.887154
    outer loop
      vertex -0 -0 34.7599
      vertex -3.44911 -3.44911 35.7543
      vertex -3.21614 -3.66731 35.5995
    endloop
  endfacet
  facet normal 0 0 0
    outer loop
      vertex -0 -0 34.7599
      vertex -3.21614 -3.66731 35.5995
      vertex -0 -0 34.7599
    endloop
  endfacet
  facet normal 0.428407 -0.172635 0.886941
    outer loop
      vertex -0 -0 34.7599
      vertex -3.21614 -3.66731 35.5995
      vertex -2.9694 -3.8698 35.4409
    endloop
  endfacet
  facet normal 0 0 0
    outer loop
      vertex -0 -0 34.7599
      vertex -2.9694 -3.8698 35.4409
      vertex -0 -0 34.7599
    endloop
  endfacet
  facet normal 0.428842 -0.173019 0.886656
    outer loop
      vertex -0 -0 34.7599
      vertex -2.9694 -3.8698 35.4409
      vertex -2.70995 -4.05572 35.2792
    endloop
  endfacet
  facet normal 0 0 0
    outer loop
      vertex -0 -0 34.7599
      vertex -2.70995 -4.05572 35.2792
      vertex -0 -0 34.7599
    endloop
  endfacet
  facet normal 0.429393 -0.173431 0.886309
    outer loop
      vertex -0 -0 34.7599
      vertex -2.70995 -4.05572 35.2792
      vertex -2.43889 -4.22428 35.1149
    endloop
  endfacet
  facet normal 0 0 0
    outer loop
      vertex -0 -0 34.7599
      vertex -2.43889 -4.22428 35.1149
      vertex -0 -0 34.7599
    endloop
  endfacet
  facet normal 0.430049 -0.173844 0.88591
    outer loop
      vertex -0 -0 34.7599
      vertex -2.43889 -4.22428 35.1149
      vertex -2.15739 -4.37475 34.9487
    endloop
  endfacet
  facet normal 0 0 0
    outer loop
      vertex -0 -0 34.7599
      vertex -2.15739 -4.37475 34.9487
      vertex -0 -0 34.7599
    endloop
  endfacet
  facet normal 0.430793 -0.174229 0.885473
    outer loop
      vertex -0 -0 34.7599
      vertex -2.15739 -4.37475 34.9487
      vertex -1.86664 -4.50648 34.7813
    endloop
  endfacet
  facet normal 0 0 0
    outer loop
      vertex -0 -0 34.7599
      vertex -1.86664 -4.50648 34.7813
      vertex -0 -0 34.7599
    endloop
  endfacet
  facet normal 0.4316 -0.174566 0.885013
    outer loop
      vertex -0 -0 34.7599
      vertex -1.86664 -4.50648 34.7813
      vertex -1.56791 -4.61891 34.6134
    endloop
  endfacet
  facet normal 0 0 0
    outer loop
      vertex -0 -0 34.7599
      vertex -1.56791 -4.61891 34.6134
      vertex -0 -0 34.7599
    endloop
  endfacet
  facet normal 0.432443 -0.174837 0.884548
    outer loop
      vertex -0 -0 34.7599
      vertex -1.56791 -4.61891 34.6134
      vertex -1.26246 -4.71157 34.4458
    endloop
  endfacet
  facet normal 0 0 0
    outer loop
      vertex -0 -0 34.7599
      vertex -1.26246 -4.71157 34.4458
      vertex -0 -0 34.7599
    endloop
  endfacet
  facet normal 0.433291 -0.175034 0.884094
    outer loop
      vertex -0 -0 34.7599
      vertex -1.26246 -4.71157 34.4458
      vertex -0.951607 -4.78405 34.2791
    endloop
  endfacet
  facet normal 0 0 0
    outer loop
      vertex -0 -0 34.7599
      vertex -0.951607 -4.78405 34.2791
      vertex -0 -0 34.7599
    endloop
  endfacet
  facet normal 0.434108 -0.175154 0.883669
    outer loop
      vertex -0 -0 34.7599
      vertex -0.951607 -4.78405 34.2791
      vertex -0.636678 -4.83605 34.1141
    endloop
  endfacet
  facet normal 0 0 0
    outer loop
      vertex -0 -0 34.7599
      vertex -0.636678 -4.83605 34.1141
      vertex -0 -0 34.7599
    endloop
  endfacet
  facet normal 0.43486 -0.175203 0.88329
    outer loop
      vertex -0 -0 34.7599
      vertex -0.636678 -4.83605 34.1141
      vertex -0.319022 -4.86733 33.9515
    endloop
  endfacet
  facet normal 0 0 0
    outer loop
      vertex -0 -0 34.7599
      vertex -0.319022 -4.86733 33.9515
      vertex -0 -0 34.7599
    endloop
  endfacet
  facet normal 0.43551 -0.175192 0.882972
    outer loop
      vertex -0 -0 34.7599
      vertex -0.319022 -4.86733 33.9515
      vertex -8.96033e-16 -4.87778 33.7921
    endloop
  endfacet
  facet normal 0 0 0
    outer loop
      vertex -0 -0 34.7599
      vertex -8.96033e-16 -4.87778 33.7921
      vertex -0 -0 34.7599
    endloop
  endfacet
  facet normal 0.436023 -0.175144 0.882728
    outer loop
      vertex -0 -0 34.7599
      vertex -8.96033e-16 -4.87778 33.7921
      vertex 0.319022 -4.86733 33.6366
    endloop
  endfacet
  facet normal 0 0 0
    outer loop
      vertex -0 -0 34.7599
      vertex 0.319022 -4.86733 33.6366
      vertex 0 -0 34.7599
    endloop
  endfacet
  facet normal 0.436367 -0.175085 0.882569
    outer loop
      vertex 0 -0 34.7599
      vertex 0.319022 -4.86733 33.6366
      vertex 0.636678 -4.83605 33.4857
    endloop
  endfacet
  facet normal 0 0 0
    outer loop
      vertex 0 -0 34.7599
      vertex 0.636678 -4.83605 33.4857
      vertex 0 -0 34.7599
    endloop
  endfacet
  facet normal 0.436515 -0.175048 0.882504
    outer loop
      vertex 0 -0 34.7599
      vertex 0.636678 -4.83605 33.4857
      vertex 0.951607 -4.78405 33.3403
    endloop
  endfacet
  facet normal 0 0 0
    outer loop
      vertex 0 -0 34.7599
      vertex 0.951607 -4.78405 33.3403
      vertex 0 -0 34.7599
    endloop
  endfacet
  facet normal 0.436443 -0.175072 0.882535
    outer loop
      vertex 0 -0 34.7599
      vertex 0.951607 -4.78405 33.3403
      vertex 1.26246 -4.71157 33.2009
    endloop
  endfacet
  facet normal 0 0 0
    outer loop
      vertex 0 -0 34.7599
      vertex 1.26246 -4.71157 33.2009
      vertex 0 -0 34.7599
    endloop
  endfacet
  facet normal 0.436135 -0.175196 0.882662
    outer loop
      vertex 0 -0 34.7599
      vertex 1.26246 -4.71157 33.2009
      vertex 1.56791 -4.61891 33.0684
    endloop
  endfacet
  facet normal 0 0 0
    outer loop
      vertex 0 -0 34.7599
      vertex 1.56791 -4.61891 33.0684
      vertex 0 -0 34.7599
    endloop
  endfacet
  facet normal 0.435583 -0.175464 0.882882
    outer loop
      vertex 0 -0 34.7599
      vertex 1.56791 -4.61891 33.0684
      vertex 1.86664 -4.50648 32.9433
    endloop
  endfacet
  facet normal 0 0 0
    outer loop
      vertex 0 -0 34.7599
      vertex 1.86664 -4.50648 32.9433
      vertex 0 -0 34.7599
    endloop
  endfacet
  facet normal 0.434784 -0.175917 0.883185
    outer loop
      vertex 0 -0 34.7599
      vertex 1.86664 -4.50648 32.9433
      vertex 2.15739 -4.37475 32.8264
    endloop
  endfacet
  facet normal 0 0 0
    outer loop
      vertex 0 -0 34.7599
      vertex 2.15739 -4.37475 32.8264
      vertex 0 -0 34.7599
    endloop
  endfacet
  facet normal 0.433748 -0.176593 0.883559
    outer loop
      vertex 0 -0 34.7599
      vertex 2.15739 -4.37475 32.8264
      vertex 2.43889 -4.22428 32.7183
    endloop
  endfacet
  facet normal 0 0 0
    outer loop
      vertex 0 -0 34.7599
      vertex 2.43889 -4.22428 32.7183
      vertex 0 -0 34.7599
    endloop
  endfacet
  facet normal 0.432491 -0.177527 0.883989
    outer loop
      vertex 0 -0 34.7599
      vertex 2.43889 -4.22428 32.7183
      vertex 2.70995 -4.05572 32.6196
    endloop
  endfacet
  facet normal 0 0 0
    outer loop
      vertex 0 -0 34.7599
      vertex 2.70995 -4.05572 32.6196
      vertex 0 -0 34.7599
    endloop
  endfacet
  facet normal 0.431036 -0.178744 0.884454
    outer loop
      vertex 0 -0 34.7599
      vertex 2.70995 -4.05572 32.6196
      vertex 2.9694 -3.8698 32.5307
    endloop
  endfacet
  facet normal 0 0 0
    outer loop
      vertex 0 -0 34.7599
      vertex 2.9694 -3.8698 32.5307
      vertex 0 -0 34.7599
    endloop
  endfacet
  facet normal 0.429416 -0.180264 0.884933
    outer loop
      vertex 0 -0 34.7599
      vertex 2.9694 -3.8698 32.5307
      vertex 3.21614 -3.66731 32.4522
    endloop
  endfacet
  facet normal 0 0 0
    outer loop
      vertex 0 -0 34.7599
      vertex 3.21614 -3.66731 32.4522
      vertex 0 -0 34.7599
    endloop
  endfacet
  facet normal 0.427669 -0.182093 0.885405
    outer loop
      vertex 0 -0 34.7599
      vertex 3.21614 -3.66731 32.4522
      vertex 3.44911 -3.44911 32.3845
    endloop
  endfacet
  facet normal 0 0 0
    outer loop
      vertex 0 -0 34.7599
      vertex 3.44911 -3.44911 32.3845
      vertex 0 -0 34.7599
    endloop
  endfacet
  facet normal 0.425837 -0.184228 0.885846
    outer loop
      vertex 0 -0 34.7599
      vertex 3.44911 -3.44911 32.3845
      vertex 3.66731 -3.21614 32.3281
    endloop
  endfacet
  facet normal 0 0 0
    outer loop
      vertex 0 -0 34.7599
      vertex 3.66731 -3.21614 32.3281
      vertex 0 -0 34.7599
    endloop
  endfacet
  facet normal 0.423968 -0.186654 0.886235
    outer loop
      vertex 0 -0 34.7599
      vertex 3.66731 -3.21614 32.3281
      vertex 3.8698 -2.9694 32.2832
    endloop
  endfacet
  facet normal 0 0 0
    outer loop
      vertex 0 -0 34.7599
      vertex 3.8698 -2.9694 32.2832
      vertex 0 -0 34.7599
    endloop
  endfacet
  facet normal 0.422107 -0.189344 0.886552
    outer loop
      vertex 0 -0 34.7599
      vertex 3.8698 -2.9694 32.2832
      vertex 4.05572 -2.70995 32.2501
    endloop
  endfacet
  facet normal 0 0 0
    outer loop
      vertex 0 -0 34.7599
      vertex 4.05572 -2.70995 32.2501
      vertex 0 -0 34.7599
    endloop
  endfacet
  facet normal 0.420302 -0.192259 0.886782
    outer loop
      vertex 0 -0 34.7599
      vertex 4.05572 -2.70995 32.2501
      vertex 4.22428 -2.43889 32.229
    endloop
  endfacet
  facet normal 0 0 0
    outer loop
      vertex 0 -0 34.7599
      vertex 4.22428 -2.43889 32.229
      vertex 0 -0 34.7599
    endloop
  endfacet
  facet normal 0.418595 -0.195351 0.886914
    outer loop
      vertex 0 -0 34.7599
      vertex 4.22428 -2.43889 32.229
      vertex 4.37475 -2.15739 32.22
    endloop
  endfacet
  facet normal 0 0 0
    outer loop
      vertex 0 -0 34.7599
      vertex 4.37475 -2.15739 32.22
      vertex 0 -0 34.7599
    endloop
  endfacet
  facet normal 0.417025 -0.198564 0.88694
    outer loop
      vertex 0 -0 34.7599
      vertex 4.37475 -2.15739 32.22
      vertex 4.50648 -1.86664 32.2231
    endloop
  endfacet
  facet normal 0 0 0
    outer loop
      vertex 0 -0 34.7599
      vertex 4.50648 -1.86664 32.2231
      vertex 0 -0 34.7599
    endloop
  endfacet
  facet normal 0.415624 -0.201838 0.886859
    outer loop
      vertex 0 -0 34.7599
      vertex 4.50648 -1.86664 32.2231
      vertex 4.61891 -1.56791 32.2384
    endloop
  endfacet
  facet normal 0 0 0
    outer loop
      vertex 0 -0 34.7599
      vertex 4.61891 -1.56791 32.2384
      vertex 0 -0 34.7599
    endloop
  endfacet
  facet normal 0.414414 -0.205107 0.886675
    outer loop
      vertex 0 -0 34.7599
      vertex 4.61891 -1.56791 32.2384
      vertex 4.71157 -1.26246 32.2658
    endloop
  endfacet
  facet normal 0 0 0
    outer loop
      vertex 0 -0 34.7599
      vertex 4.71157 -1.26246 32.2658
      vertex 0 -0 34.7599
    endloop
  endfacet
  facet normal 0.41341 -0.208306 0.886398
    outer loop
      vertex 0 -0 34.7599
      vertex 4.71157 -1.26246 32.2658
      vertex 4.78405 -0.951607 32.305
    endloop
  endfacet
  facet normal 0 0 0
    outer loop
      vertex 0 -0 34.7599
      vertex 4.78405 -0.951607 32.305
      vertex 0 -0 34.7599
    endloop
  endfacet
  facet normal 0.412617 -0.211374 0.886041
    outer loop
      vertex 0 -0 34.7599
      vertex 4.78405 -0.951607 32.305
      vertex 4.83605 -0.636678 32.3559
    endloop
  endfacet
  facet normal 0 0 0
    outer loop
      vertex 0 -0 34.7599
      vertex 4.83605 -0.636678 32.3559
      vertex 0 -0 34.7599
    endloop
  endfacet
  facet normal 0.41203 -0.214253 0.885623
    outer loop
      vertex 0 -0 34.7599
      vertex 4.83605 -0.636678 32.3559
      vertex 4.86733 -0.319022 32.4182
    endloop
  endfacet
  facet normal 0 0 0
    outer loop
      vertex 0 -0 34.7599
      vertex 4.86733 -0.319022 32.4182
      vertex 0 -0 34.7599
    endloop
  endfacet
  facet normal 0.411636 -0.216893 0.885163
    outer loop
      vertex 0 -0 34.7599
      vertex 4.86733 -0.319022 32.4182
      vertex 4.87778 0 32.4915
    endloop
  endfacet
  facet normal 0 0 0
    outer loop
      vertex 0 -0 34.7599
      vertex 4.87778 0 32.4915
      vertex 0 0 34.7599
    endloop
  endfacet
  facet normal 0.390869 -0.243776 0.887578
    outer loop
      vertex 4.87778 0 32.4915
      vertex 9.75556 0 30.3435
      vertex 9.73467 0.638044 30.5279
    endloop
  endfacet
  facet normal 0.390401 -0.222241 0.893418
    outer loop
      vertex 4.87778 0 32.4915
      vertex 9.73467 0.638044 30.5279
      vertex 4.86733 0.319022 32.5754
    endloop
  endfacet
  facet normal 0.389383 -0.248621 0.886887
    outer loop
      vertex 4.86733 0.319022 32.5754
      vertex 9.73467 0.638044 30.5279
      vertex 9.6721 1.27336 30.7335
    endloop
  endfacet
  facet normal 0.387552 -0.226433 0.893606
    outer loop
      vertex 4.86733 0.319022 32.5754
      vertex 9.6721 1.27336 30.7335
      vertex 4.83605 0.636678 32.6695
    endloop
  endfacet
  facet normal 0.388088 -0.252844 0.88626
    outer loop
      vertex 4.83605 0.636678 32.6695
      vertex 9.6721 1.27336 30.7335
      vertex 9.56811 1.90321 30.9587
    endloop
  endfacet
  facet normal 0.384843 -0.230682 0.89369
    outer loop
      vertex 4.83605 0.636678 32.6695
      vertex 9.56811 1.90321 30.9587
      vertex 4.78405 0.951607 32.7732
    endloop
  endfacet
  facet normal 0.386947 -0.256458 0.885721
    outer loop
      vertex 4.78405 0.951607 32.7732
      vertex 9.56811 1.90321 30.9587
      vertex 9.42314 2.52492 31.202
    endloop
  endfacet
  facet normal 0.38234 -0.234952 0.893652
    outer loop
      vertex 4.78405 0.951607 32.7732
      vertex 9.42314 2.52492 31.202
      vertex 4.71157 1.26246 32.8859
    endloop
  endfacet
  facet normal 0.385924 -0.25949 0.885284
    outer loop
      vertex 4.71157 1.26246 32.8859
      vertex 9.42314 2.52492 31.202
      vertex 9.23783 3.13582 31.4619
    endloop
  endfacet
  facet normal 0.380104 -0.239197 0.89348
    outer loop
      vertex 4.71157 1.26246 32.8859
      vertex 9.23783 3.13582 31.4619
      vertex 4.61891 1.56791 33.0071
    endloop
  endfacet
  facet normal 0.384987 -0.261982 0.884958
    outer loop
      vertex 4.61891 1.56791 33.0071
      vertex 9.23783 3.13582 31.4619
      vertex 9.01296 3.73329 31.7366
    endloop
  endfacet
  facet normal 0.378187 -0.243366 0.893167
    outer loop
      vertex 4.61891 1.56791 33.0071
      vertex 9.01296 3.73329 31.7366
      vertex 4.50648 1.86664 33.1361
    endloop
  endfacet
  facet normal 0.384111 -0.263983 0.884744
    outer loop
      vertex 4.50648 1.86664 33.1361
      vertex 9.01296 3.73329 31.7366
      vertex 8.74949 4.31477 32.0245
    endloop
  endfacet
  facet normal 0.376632 -0.247401 0.892716
    outer loop
      vertex 4.50648 1.86664 33.1361
      vertex 8.74949 4.31477 32.0245
      vertex 4.37475 2.15739 33.2723
    endloop
  endfacet
  facet normal 0.383278 -0.26555 0.884636
    outer loop
      vertex 4.37475 2.15739 33.2723
      vertex 8.74949 4.31477 32.0245
      vertex 8.44856 4.87778 32.3239
    endloop
  endfacet
  facet normal 0.37547 -0.251244 0.892132
    outer loop
      vertex 4.37475 2.15739 33.2723
      vertex 8.44856 4.87778 32.3239
      vertex 4.22428 2.43889 33.4149
    endloop
  endfacet
  facet normal 0.382477 -0.266739 0.884625
    outer loop
      vertex 4.22428 2.43889 33.4149
      vertex 8.44856 4.87778 32.3239
      vertex 8.11145 5.4199 32.6331
    endloop
  endfacet
  facet normal 0.374719 -0.25484 0.891427
    outer loop
      vertex 4.22428 2.43889 33.4149
      vertex 8.11145 5.4199 32.6331
      vertex 4.05572 2.70995 33.5632
    endloop
  endfacet
  facet normal 0.381706 -0.267607 0.884696
    outer loop
      vertex 4.05572 2.70995 33.5632
      vertex 8.11145 5.4199 32.6331
      vertex 7.7396 5.93881 32.9505
    endloop
  endfacet
  facet normal 0.374389 -0.258134 0.890618
    outer loop
      vertex 4.05572 2.70995 33.5632
      vertex 7.7396 5.93881 32.9505
      vertex 3.8698 2.9694 33.7166
    endloop
  endfacet
  facet normal 0.380971 -0.268205 0.884832
    outer loop
      vertex 3.8698 2.9694 33.7166
      vertex 7.7396 5.93881 32.9505
      vertex 7.33462 6.43228 33.2744
    endloop
  endfacet
  facet normal 0.374473 -0.261079 0.889724
    outer loop
      vertex 3.8698 2.9694 33.7166
      vertex 7.33462 6.43228 33.2744
      vertex 3.66731 3.21614 33.8742
    endloop
  endfacet
  facet normal 0.380282 -0.268581 0.885014
    outer loop
      vertex 3.66731 3.21614 33.8742
      vertex 7.33462 6.43228 33.2744
      vertex 6.89822 6.89822 33.6033
    endloop
  endfacet
  facet normal 0.374957 -0.263633 0.888766
    outer loop
      vertex 3.66731 3.21614 33.8742
      vertex 6.89822 6.89822 33.6033
      vertex 3.44911 3.44911 34.0354
    endloop
  endfacet
  facet normal 0.379656 -0.268776 0.885223
    outer loop
      vertex 3.44911 3.44911 34.0354
      vertex 6.89822 6.89822 33.6033
      vertex 6.43228 7.33462 33.9357
    endloop
  endfacet
  facet normal 0.375818 -0.265763 0.887767
    outer loop
      vertex 3.44911 3.44911 34.0354
      vertex 6.43228 7.33462 33.9357
      vertex 3.21614 3.66731 34.1993
    endloop
  endfacet
  facet normal 0.379115 -0.268822 0.885441
    outer loop
      vertex 3.21614 3.66731 34.1993
      vertex 6.43228 7.33462 33.9357
      vertex 5.93881 7.7396 34.2699
    endloop
  endfacet
  facet normal 0.377024 -0.267447 0.88675
    outer loop
      vertex 3.21614 3.66731 34.1993
      vertex 5.93881 7.7396 34.2699
      vertex 2.9694 3.8698 34.3653
    endloop
  endfacet
  facet normal 0.378681 -0.268745 0.88565
    outer loop
      vertex 2.9694 3.8698 34.3653
      vertex 5.93881 7.7396 34.2699
      vertex 5.4199 8.11145 34.6046
    endloop
  endfacet
  facet normal 0.378539 -0.268668 0.885735
    outer loop
      vertex 2.9694 3.8698 34.3653
      vertex 5.4199 8.11145 34.6046
      vertex 2.70995 4.05572 34.5326
    endloop
  endfacet
  facet normal 0.378379 -0.268563 0.885835
    outer loop
      vertex 2.70995 4.05572 34.5326
      vertex 5.4199 8.11145 34.6046
      vertex 4.87778 8.44856 34.9384
    endloop
  endfacet
  facet normal 0.380321 -0.26942 0.884742
    outer loop
      vertex 2.70995 4.05572 34.5326
      vertex 4.87778 8.44856 34.9384
      vertex 2.43889 4.22428 34.7004
    endloop
  endfacet
  facet normal 0.378235 -0.268286 0.885981
    outer loop
      vertex 2.43889 4.22428 34.7004
      vertex 4.87778 8.44856 34.9384
      vertex 4.31477 8.74949 35.2699
    endloop
  endfacet
  facet normal 0.382326 -0.269706 0.88379
    outer loop
      vertex 2.43889 4.22428 34.7004
      vertex 4.31477 8.74949 35.2699
      vertex 2.15739 4.37475 34.8681
    endloop
  endfacet
  facet normal 0.37827 -0.267916 0.886077
    outer loop
      vertex 2.15739 4.37475 34.8681
      vertex 4.31477 8.74949 35.2699
      vertex 3.73329 9.01296 35.5978
    endloop
  endfacet
  facet normal 0.384511 -0.269536 0.882894
    outer loop
      vertex 2.15739 4.37475 34.8681
      vertex 3.73329 9.01296 35.5978
      vertex 1.86664 4.50648 35.0349
    endloop
  endfacet
  facet normal 0.378508 -0.267452 0.886116
    outer loop
      vertex 1.86664 4.50648 35.0349
      vertex 3.73329 9.01296 35.5978
      vertex 3.13582 9.23783 35.9209
    endloop
  endfacet
  facet normal 0.386832 -0.268926 0.882065
    outer loop
      vertex 1.86664 4.50648 35.0349
      vertex 3.13582 9.23783 35.9209
      vertex 1.56791 4.61891 35.2002
    endloop
  endfacet
  facet normal 0.378967 -0.266884 0.886091
    outer loop
      vertex 1.56791 4.61891 35.2002
      vertex 3.13582 9.23783 35.9209
      vertex 2.52492 9.42314 36.2379
    endloop
  endfacet
  facet normal 0.389247 -0.2679 0.881315
    outer loop
      vertex 1.56791 4.61891 35.2002
      vertex 2.52492 9.42314 36.2379
      vertex 1.26246 4.71157 35.3633
    endloop
  endfacet
  facet normal 0.37966 -0.266201 0.886
    outer loop
      vertex 1.26246 4.71157 35.3633
      vertex 2.52492 9.42314 36.2379
      vertex 1.90321 9.56811 36.5479
    endloop
  endfacet
  facet normal 0.391716 -0.266487 0.880649
    outer loop
      vertex 1.26246 4.71157 35.3633
      vertex 1.90321 9.56811 36.5479
      vertex 0.951607 4.78405 35.5235
    endloop
  endfacet
  facet normal 0.380598 -0.265387 0.885842
    outer loop
      vertex 0.951607 4.78405 35.5235
      vertex 1.90321 9.56811 36.5479
      vertex 1.27336 9.6721 36.8497
    endloop
  endfacet
  facet normal 0.394204 -0.264717 0.880073
    outer loop
      vertex 0.951607 4.78405 35.5235
      vertex 1.27336 9.6721 36.8497
      vertex 0.636678 4.83605 35.6802
    endloop
  endfacet
  facet normal 0.381786 -0.264424 0.885618
    outer loop
      vertex 0.636678 4.83605 35.6802
      vertex 1.27336 9.6721 36.8497
      vertex 0.638044 9.73467 37.1422
    endloop
  endfacet
  facet normal 0.396679 -0.262628 0.879587
    outer loop
      vertex 0.636678 4.83605 35.6802
      vertex 0.638044 9.73467 37.1422
      vertex 0.319022 4.86733 35.8328
    endloop
  endfacet
  facet normal 0.383226 -0.263292 0.885333
    outer loop
      vertex 0.319022 4.86733 35.8328
      vertex 0.638044 9.73467 37.1422
      vertex 5.97355e-16 9.75556 37.4246
    endloop
  endfacet
  facet normal 0.399115 -0.260254 0.87919
    outer loop
      vertex 0.319022 4.86733 35.8328
      vertex 5.97355e-16 9.75556 37.4246
      vertex 2.98678e-16 4.87778 35.9807
    endloop
  endfacet
  facet normal 0.384913 -0.261972 0.884993
    outer loop
      vertex 2.98678e-16 4.87778 35.9807
      vertex 5.97355e-16 9.75556 37.4246
      vertex -0.638044 9.73467 37.696
    endloop
  endfacet
  facet normal 0.401489 -0.257636 0.87888
    outer loop
      vertex 2.98678e-16 4.87778 35.9807
      vertex -0.638044 9.73467 37.696
      vertex -0.319022 4.86733 36.1234
    endloop
  endfacet
  facet normal 0.386838 -0.260445 0.884604
    outer loop
      vertex -0.319022 4.86733 36.1234
      vertex -0.638044 9.73467 37.696
      vertex -1.27336 9.6721 37.9554
    endloop
  endfacet
  facet normal 0.403785 -0.25481 0.878652
    outer loop
      vertex -0.319022 4.86733 36.1234
      vertex -1.27336 9.6721 37.9554
      vertex -0.636678 4.83605 36.2603
    endloop
  endfacet
  facet normal 0.388989 -0.258694 0.884175
    outer loop
      vertex -0.636678 4.83605 36.2603
      vertex -1.27336 9.6721 37.9554
      vertex -1.90321 9.56811 38.202
    endloop
  endfacet
  facet normal 0.40599 -0.251815 0.8785
    outer loop
      vertex -0.636678 4.83605 36.2603
      vertex -1.90321 9.56811 38.202
      vertex -0.951607 4.78405 36.3909
    endloop
  endfacet
  facet normal 0.391348 -0.256701 0.883715
    outer loop
      vertex -0.951607 4.78405 36.3909
      vertex -1.90321 9.56811 38.202
      vertex -2.52492 9.42314 38.4352
    endloop
  endfacet
  facet normal 0.408098 -0.248685 0.878414
    outer loop
      vertex -0.951607 4.78405 36.3909
      vertex -2.52492 9.42314 38.4352
      vertex -1.26246 4.71157 36.5148
    endloop
  endfacet
  facet normal 0.393893 -0.254455 0.883233
    outer loop
      vertex -1.26246 4.71157 36.5148
      vertex -2.52492 9.42314 38.4352
      vertex -3.13582 9.23783 38.6543
    endloop
  endfacet
  facet normal 0.410106 -0.245455 0.878388
    outer loop
      vertex -1.26246 4.71157 36.5148
      vertex -3.13582 9.23783 38.6543
      vertex -1.56791 4.61891 36.6316
    endloop
  endfacet
  facet normal 0.396601 -0.251945 0.882741
    outer loop
      vertex -1.56791 4.61891 36.6316
      vertex -3.13582 9.23783 38.6543
      vertex -3.73329 9.01296 38.8585
    endloop
  endfacet
  facet normal 0.412015 -0.242155 0.87841
    outer loop
      vertex -1.56791 4.61891 36.6316
      vertex -3.73329 9.01296 38.8585
      vertex -1.86664 4.50648 36.7407
    endloop
  endfacet
  facet normal 0.399445 -0.249164 0.882247
    outer loop
      vertex -1.86664 4.50648 36.7407
      vertex -3.73329 9.01296 38.8585
      vertex -4.31477 8.74949 39.0474
    endloop
  endfacet
  facet normal 0.413831 -0.238812 0.878472
    outer loop
      vertex -1.86664 4.50648 36.7407
      vertex -4.31477 8.74949 39.0474
      vertex -2.15739 4.37475 36.8418
    endloop
  endfacet
  facet normal 0.402397 -0.24611 0.881763
    outer loop
      vertex -2.15739 4.37475 36.8418
      vertex -4.31477 8.74949 39.0474
      vertex -4.87778 8.44856 39.2203
    endloop
  endfacet
  facet normal 0.415561 -0.23545 0.878563
    outer loop
      vertex -2.15739 4.37475 36.8418
      vertex -4.87778 8.44856 39.2203
      vertex -2.43889 4.22428 36.9347
    endloop
  endfacet
  facet normal 0.405425 -0.242783 0.881299
    outer loop
      vertex -2.43889 4.22428 36.9347
      vertex -4.87778 8.44856 39.2203
      vertex -5.4199 8.11145 39.3769
    endloop
  endfacet
  facet normal 0.417217 -0.23209 0.878672
    outer loop
      vertex -2.43889 4.22428 36.9347
      vertex -5.4199 8.11145 39.3769
      vertex -2.70995 4.05572 37.0188
    endloop
  endfacet
  facet normal 0.408499 -0.239188 0.880862
    outer loop
      vertex -2.70995 4.05572 37.0188
      vertex -5.4199 8.11145 39.3769
      vertex -5.93881 7.7396 39.5165
    endloop
  endfacet
  facet normal 0.418811 -0.228746 0.878791
    outer loop
      vertex -2.70995 4.05572 37.0188
      vertex -5.93881 7.7396 39.5165
      vertex -2.9694 3.8698 37.0941
    endloop
  endfacet
  facet normal 0.411588 -0.235334 0.880462
    outer loop
      vertex -2.9694 3.8698 37.0941
      vertex -5.93881 7.7396 39.5165
      vertex -6.43228 7.33462 39.639
    endloop
  endfacet
  facet normal 0.420357 -0.22543 0.878909
    outer loop
      vertex -2.9694 3.8698 37.0941
      vertex -6.43228 7.33462 39.639
      vertex -3.21614 3.66731 37.1602
    endloop
  endfacet
  facet normal 0.414661 -0.231234 0.880106
    outer loop
      vertex -3.21614 3.66731 37.1602
      vertex -6.43228 7.33462 39.639
      vertex -6.89822 6.89822 39.7439
    endloop
  endfacet
  facet normal 0.42187 -0.222149 0.87902
    outer loop
      vertex -3.21614 3.66731 37.1602
      vertex -6.89822 6.89822 39.7439
      vertex -3.44911 3.44911 37.2168
    endloop
  endfacet
  facet normal 0.417688 -0.226904 0.879802
    outer loop
      vertex -3.44911 3.44911 37.2168
      vertex -6.89822 6.89822 39.7439
      vertex -7.33462 6.43228 39.8309
    endloop
  endfacet
  facet normal 0.423365 -0.218908 0.879114
    outer loop
      vertex -3.44911 3.44911 37.2168
      vertex -7.33462 6.43228 39.8309
      vertex -3.66731 3.21614 37.2639
    endloop
  endfacet
  facet normal 0.42064 -0.222366 0.879554
    outer loop
      vertex -3.66731 3.21614 37.2639
      vertex -7.33462 6.43228 39.8309
      vertex -7.7396 5.93881 39.8998
    endloop
  endfacet
  facet normal 0.424856 -0.215704 0.879187
    outer loop
      vertex -3.66731 3.21614 37.2639
      vertex -7.7396 5.93881 39.8998
      vertex -3.8698 2.9694 37.3012
    endloop
  endfacet
  facet normal 0.423491 -0.217642 0.879368
    outer loop
      vertex -3.8698 2.9694 37.3012
      vertex -7.7396 5.93881 39.8998
      vertex -8.11145 5.4199 39.9504
    endloop
  endfacet
  facet normal 0.426356 -0.212536 0.879232
    outer loop
      vertex -3.8698 2.9694 37.3012
      vertex -8.11145 5.4199 39.9504
      vertex -4.05572 2.70995 37.3287
    endloop
  endfacet
  facet normal 0.426216 -0.21276 0.879246
    outer loop
      vertex -4.05572 2.70995 37.3287
      vertex -8.11145 5.4199 39.9504
      vertex -8.44856 4.87778 39.9827
    endloop
  endfacet
  facet normal 0.427876 -0.209396 0.879247
    outer loop
      vertex -4.05572 2.70995 37.3287
      vertex -8.44856 4.87778 39.9827
      vertex -4.22428 2.43889 37.3461
    endloop
  endfacet
  facet normal 0.428793 -0.207747 0.879191
    outer loop
      vertex -4.22428 2.43889 37.3461
      vertex -8.44856 4.87778 39.9827
      vertex -8.74949 4.31477 39.9964
    endloop
  endfacet
  facet normal 0.429426 -0.206274 0.879229
    outer loop
      vertex -4.22428 2.43889 37.3461
      vertex -8.74949 4.31477 39.9964
      vertex -4.37475 2.15739 37.3536
    endloop
  endfacet
  facet normal 0.431205 -0.202636 0.879205
    outer loop
      vertex -4.37475 2.15739 37.3536
      vertex -8.74949 4.31477 39.9964
      vertex -9.01296 3.73329 39.9916
    endloop
  endfacet
  facet normal 0.431012 -0.203161 0.879178
    outer loop
      vertex -4.37475 2.15739 37.3536
      vertex -9.01296 3.73329 39.9916
      vertex -4.50648 1.86664 37.351
    endloop
  endfacet
  facet normal 0.433436 -0.197459 0.879285
    outer loop
      vertex -4.50648 1.86664 37.351
      vertex -9.01296 3.73329 39.9916
      vertex -9.23783 3.13582 39.9683
    endloop
  endfacet
  facet normal 0.432638 -0.200043 0.879095
    outer loop
      vertex -4.50648 1.86664 37.351
      vertex -9.23783 3.13582 39.9683
      vertex -4.61891 1.56791 37.3383
    endloop
  endfacet
  facet normal 0.435475 -0.192251 0.879432
    outer loop
      vertex -4.61891 1.56791 37.3383
      vertex -9.23783 3.13582 39.9683
      vertex -9.42314 2.52492 39.9265
    endloop
  endfacet
  facet normal 0.434304 -0.196907 0.878981
    outer loop
      vertex -4.61891 1.56791 37.3383
      vertex -9.42314 2.52492 39.9265
      vertex -4.71157 1.26246 37.3157
    endloop
  endfacet
  facet normal 0.437313 -0.187047 0.879642
    outer loop
      vertex -4.71157 1.26246 37.3157
      vertex -9.42314 2.52492 39.9265
      vertex -9.56811 1.90321 39.8664
    endloop
  endfacet
  facet normal 0.436009 -0.19374 0.878841
    outer loop
      vertex -4.71157 1.26246 37.3157
      vertex -9.56811 1.90321 39.8664
      vertex -4.78405 0.951607 37.2831
    endloop
  endfacet
  facet normal 0.438946 -0.181882 0.879912
    outer loop
      vertex -4.78405 0.951607 37.2831
      vertex -9.56811 1.90321 39.8664
      vertex -9.6721 1.27336 39.788
    endloop
  endfacet
  facet normal 0.437745 -0.190531 0.878679
    outer loop
      vertex -4.78405 0.951607 37.2831
      vertex -9.6721 1.27336 39.788
      vertex -4.83605 0.636678 37.2407
    endloop
  endfacet
  facet normal 0.440374 -0.176791 0.880236
    outer loop
      vertex -4.83605 0.636678 37.2407
      vertex -9.6721 1.27336 39.788
      vertex -9.73467 0.638044 39.6917
    endloop
  endfacet
  facet normal 0.439504 -0.187266 0.878503
    outer loop
      vertex -4.83605 0.636678 37.2407
      vertex -9.73467 0.638044 39.6917
      vertex -4.86733 0.319022 37.1887
    endloop
  endfacet
  facet normal 0.4416 -0.171807 0.880609
    outer loop
      vertex -4.86733 0.319022 37.1887
      vertex -9.73467 0.638044 39.6917
      vertex -9.75556 1.19471e-15 39.5777
    endloop
  endfacet
  facet normal 0.441273 -0.183938 0.87832
    outer loop
      vertex -4.86733 0.319022 37.1887
      vertex -9.75556 1.19471e-15 39.5777
      vertex -4.87778 5.97355e-16 37.1271
    endloop
  endfacet
  facet normal 0.442631 -0.166965 0.881023
    outer loop
      vertex -4.87778 5.97355e-16 37.1271
      vertex -9.75556 1.19471e-15 39.5777
      vertex -9.73467 -0.638044 39.4463
    endloop
  endfacet
  facet normal 0.443036 -0.180539 0.878137
    outer loop
      vertex -4.87778 5.97355e-16 37.1271
      vertex -9.73467 -0.638044 39.4463
      vertex -4.86733 -0.319022 37.0563
    endloop
  endfacet
  facet normal 0.443477 -0.162293 0.88147
    outer loop
      vertex -4.86733 -0.319022 37.0563
      vertex -9.73467 -0.638044 39.4463
      vertex -9.6721 -1.27336 39.2979
    endloop
  endfacet
  facet normal 0.444776 -0.177066 0.877965
    outer loop
      vertex -4.86733 -0.319022 37.0563
      vertex -9.6721 -1.27336 39.2979
      vertex -4.83605 -0.636678 36.9763
    endloop
  endfacet
  facet normal 0.444152 -0.157822 0.881942
    outer loop
      vertex -4.83605 -0.636678 36.9763
      vertex -9.6721 -1.27336 39.2979
      vertex -9.56811 -1.90321 39.1328
    endloop
  endfacet
  facet normal 0.446471 -0.17352 0.877812
    outer loop
      vertex -4.83605 -0.636678 36.9763
      vertex -9.56811 -1.90321 39.1328
      vertex -4.78405 -0.951607 36.8876
    endloop
  endfacet
  facet normal 0.444671 -0.153576 0.88243
    outer loop
      vertex -4.78405 -0.951607 36.8876
      vertex -9.56811 -1.90321 39.1328
      vertex -9.42314 -2.52492 38.9515
    endloop
  endfacet
  facet normal 0.4481 -0.169904 0.87769
    outer loop
      vertex -4.78405 -0.951607 36.8876
      vertex -9.42314 -2.52492 38.9515
      vertex -4.71157 -1.26246 36.7905
    endloop
  endfacet
  facet normal 0.445054 -0.149578 0.882923
    outer loop
      vertex -4.71157 -1.26246 36.7905
      vertex -9.42314 -2.52492 38.9515
      vertex -9.23783 -3.13582 38.7546
    endloop
  endfacet
  facet normal 0.449637 -0.166226 0.877608
    outer loop
      vertex -4.71157 -1.26246 36.7905
      vertex -9.23783 -3.13582 38.7546
      vertex -4.61891 -1.56791 36.6851
    endloop
  endfacet
  facet normal 0.445321 -0.145847 0.883413
    outer loop
      vertex -4.61891 -1.56791 36.6851
      vertex -9.23783 -3.13582 38.7546
      vertex -9.01296 -3.73329 38.5426
    endloop
  endfacet
  facet normal 0.45106 -0.162501 0.877575
    outer loop
      vertex -4.61891 -1.56791 36.6851
      vertex -9.01296 -3.73329 38.5426
      vertex -4.50648 -1.86664 36.572
    endloop
  endfacet
  facet normal 0.445493 -0.142397 0.883888
    outer loop
      vertex -4.50648 -1.86664 36.572
      vertex -9.01296 -3.73329 38.5426
      vertex -8.74949 -4.31477 38.3162
    endloop
  endfacet
  facet normal 0.452343 -0.158746 0.877602
    outer loop
      vertex -4.50648 -1.86664 36.572
      vertex -8.74949 -4.31477 38.3162
      vertex -4.37475 -2.15739 36.4515
    endloop
  endfacet
  facet normal 0.445595 -0.139239 0.884341
    outer loop
      vertex -4.37475 -2.15739 36.4515
      vertex -8.74949 -4.31477 38.3162
      vertex -8.44856 -4.87778 38.0759
    endloop
  endfacet
  facet normal 0.453461 -0.154984 0.877698
    outer loop
      vertex -4.37475 -2.15739 36.4515
      vertex -8.44856 -4.87778 38.0759
      vertex -4.22428 -2.43889 36.3241
    endloop
  endfacet
  facet normal 0.445647 -0.136379 0.88476
    outer loop
      vertex -4.22428 -2.43889 36.3241
      vertex -8.44856 -4.87778 38.0759
      vertex -8.11145 -5.4199 37.8225
    endloop
  endfacet
  facet normal 0.454391 -0.151244 0.877869
    outer loop
      vertex -4.22428 -2.43889 36.3241
      vertex -8.11145 -5.4199 37.8225
      vertex -4.05572 -2.70995 36.1901
    endloop
  endfacet
  facet normal 0.445674 -0.13382 0.885137
    outer loop
      vertex -4.05572 -2.70995 36.1901
      vertex -8.11145 -5.4199 37.8225
      vertex -7.7396 -5.93881 37.5569
    endloop
  endfacet
  facet normal 0.455112 -0.147557 0.878123
    outer loop
      vertex -4.05572 -2.70995 36.1901
      vertex -7.7396 -5.93881 37.5569
      vertex -3.8698 -2.9694 36.0502
    endloop
  endfacet
  facet normal 0.445695 -0.131559 0.885465
    outer loop
      vertex -3.8698 -2.9694 36.0502
      vertex -7.7396 -5.93881 37.5569
      vertex -7.33462 -6.43228 37.2797
    endloop
  endfacet
  facet normal 0.455604 -0.14396 0.878465
    outer loop
      vertex -3.8698 -2.9694 36.0502
      vertex -7.33462 -6.43228 37.2797
      vertex -3.66731 -3.21614 35.9047
    endloop
  endfacet
  facet normal 0.44573 -0.129592 0.885737
    outer loop
      vertex -3.66731 -3.21614 35.9047
      vertex -7.33462 -6.43228 37.2797
      vertex -6.89822 -6.89822 36.9919
    endloop
  endfacet
  facet normal 0.455852 -0.140493 0.878897
    outer loop
      vertex -3.66731 -3.21614 35.9047
      vertex -6.89822 -6.89822 36.9919
      vertex -3.44911 -3.44911 35.7543
    endloop
  endfacet
  facet normal 0.445796 -0.127907 0.885949
    outer loop
      vertex -3.44911 -3.44911 35.7543
      vertex -6.89822 -6.89822 36.9919
      vertex -6.43228 -7.33462 36.6945
    endloop
  endfacet
  facet normal 0.455844 -0.1372 0.879422
    outer loop
      vertex -3.44911 -3.44911 35.7543
      vertex -6.43228 -7.33462 36.6945
      vertex -3.21614 -3.66731 35.5995
    endloop
  endfacet
  facet normal 0.445906 -0.126492 0.886097
    outer loop
      vertex -3.21614 -3.66731 35.5995
      vertex -6.43228 -7.33462 36.6945
      vertex -5.93881 -7.7396 36.3883
    endloop
  endfacet
  facet normal 0.455571 -0.134128 0.880037
    outer loop
      vertex -3.21614 -3.66731 35.5995
      vertex -5.93881 -7.7396 36.3883
      vertex -2.9694 -3.8698 35.4409
    endloop
  endfacet
  facet normal 0.446069 -0.125332 0.88618
    outer loop
      vertex -2.9694 -3.8698 35.4409
      vertex -5.93881 -7.7396 36.3883
      vertex -5.4199 -8.11145 36.0745
    endloop
  endfacet
  facet normal 0.455031 -0.131323 0.880739
    outer loop
      vertex -2.9694 -3.8698 35.4409
      vertex -5.4199 -8.11145 36.0745
      vertex -2.70995 -4.05572 35.2792
    endloop
  endfacet
  facet normal 0.446289 -0.124411 0.886199
    outer loop
      vertex -2.70995 -4.05572 35.2792
      vertex -5.4199 -8.11145 36.0745
      vertex -4.87778 -8.44856 35.7542
    endloop
  endfacet
  facet normal 0.454225 -0.128833 0.881522
    outer loop
      vertex -2.70995 -4.05572 35.2792
      vertex -4.87778 -8.44856 35.7542
      vertex -2.43889 -4.22428 35.1149
    endloop
  endfacet
  facet normal 0.446566 -0.123709 0.886158
    outer loop
      vertex -2.43889 -4.22428 35.1149
      vertex -4.87778 -8.44856 35.7542
      vertex -4.31477 -8.74949 35.4285
    endloop
  endfacet
  facet normal 0.453161 -0.126705 0.882378
    outer loop
      vertex -2.43889 -4.22428 35.1149
      vertex -4.31477 -8.74949 35.4285
      vertex -2.15739 -4.37475 34.9487
    endloop
  endfacet
  facet normal 0.446893 -0.12321 0.886062
    outer loop
      vertex -2.15739 -4.37475 34.9487
      vertex -4.31477 -8.74949 35.4285
      vertex -3.73329 -9.01296 35.0985
    endloop
  endfacet
  facet normal 0.451851 -0.124984 0.883295
    outer loop
      vertex -2.15739 -4.37475 34.9487
      vertex -3.73329 -9.01296 35.0985
      vertex -1.86664 -4.50648 34.7813
    endloop
  endfacet
  facet normal 0.44726 -0.122898 0.88592
    outer loop
      vertex -1.86664 -4.50648 34.7813
      vertex -3.73329 -9.01296 35.0985
      vertex -3.13582 -9.23783 34.7657
    endloop
  endfacet
  facet normal 0.450315 -0.123712 0.884258
    outer loop
      vertex -1.86664 -4.50648 34.7813
      vertex -3.13582 -9.23783 34.7657
      vertex -1.56791 -4.61891 34.6134
    endloop
  endfacet
  facet normal 0.447647 -0.122757 0.885744
    outer loop
      vertex -1.56791 -4.61891 34.6134
      vertex -3.13582 -9.23783 34.7657
      vertex -2.52492 -9.42314 34.4313
    endloop
  endfacet
  facet normal 0.448577 -0.122923 0.885251
    outer loop
      vertex -1.56791 -4.61891 34.6134
      vertex -2.52492 -9.42314 34.4313
      vertex -1.26246 -4.71157 34.4458
    endloop
  endfacet
  facet normal 0.448033 -0.122779 0.885546
    outer loop
      vertex -1.26246 -4.71157 34.4458
      vertex -2.52492 -9.42314 34.4313
      vertex -1.90321 -9.56811 34.0966
    endloop
  endfacet
  facet normal 0.446664 -0.122649 0.886255
    outer loop
      vertex -1.26246 -4.71157 34.4458
      vertex -1.90321 -9.56811 34.0966
      vertex -0.951607 -4.78405 34.2791
    endloop
  endfacet
  facet normal 0.448387 -0.122957 0.885342
    outer loop
      vertex -0.951607 -4.78405 34.2791
      vertex -1.90321 -9.56811 34.0966
      vertex -1.27336 -9.6721 33.7632
    endloop
  endfacet
  facet normal 0.444611 -0.12291 0.887251
    outer loop
      vertex -0.951607 -4.78405 34.2791
      vertex -1.27336 -9.6721 33.7632
      vertex -0.636678 -4.83605 34.1141
    endloop
  endfacet
  facet normal 0.448678 -0.123293 0.885148
    outer loop
      vertex -0.636678 -4.83605 34.1141
      vertex -1.27336 -9.6721 33.7632
      vertex -0.638044 -9.73467 33.4325
    endloop
  endfacet
  facet normal 0.442453 -0.123718 0.888217
    outer loop
      vertex -0.636678 -4.83605 34.1141
      vertex -0.638044 -9.73467 33.4325
      vertex -0.319022 -4.86733 33.9515
    endloop
  endfacet
  facet normal 0.448866 -0.123794 0.884983
    outer loop
      vertex -0.319022 -4.86733 33.9515
      vertex -0.638044 -9.73467 33.4325
      vertex -1.79207e-15 -9.75556 33.1059
    endloop
  endfacet
  facet normal 0.440229 -0.125075 0.889132
    outer loop
      vertex -0.319022 -4.86733 33.9515
      vertex -1.79207e-15 -9.75556 33.1059
      vertex -8.96033e-16 -4.87778 33.7921
    endloop
  endfacet
  facet normal 0.448913 -0.124475 0.884864
    outer loop
      vertex -8.96033e-16 -4.87778 33.7921
      vertex -1.79207e-15 -9.75556 33.1059
      vertex 0.638044 -9.73467 32.7852
    endloop
  endfacet
  facet normal 0.437978 -0.126971 0.889974
    outer loop
      vertex -8.96033e-16 -4.87778 33.7921
      vertex 0.638044 -9.73467 32.7852
      vertex 0.319022 -4.86733 33.6366
    endloop
  endfacet
  facet normal 0.448775 -0.125359 0.884808
    outer loop
      vertex 0.319022 -4.86733 33.6366
      vertex 0.638044 -9.73467 32.7852
      vertex 1.27336 -9.6721 32.4718
    endloop
  endfacet
  facet normal 0.435739 -0.129383 0.890725
    outer loop
      vertex 0.319022 -4.86733 33.6366
      vertex 1.27336 -9.6721 32.4718
      vertex 0.636678 -4.83605 33.4857
    endloop
  endfacet
  facet normal 0.448412 -0.126479 0.884833
    outer loop
      vertex 0.636678 -4.83605 33.4857
      vertex 1.27336 -9.6721 32.4718
      vertex 1.90321 -9.56811 32.1675
    endloop
  endfacet
  facet normal 0.433548 -0.132278 0.891369
    outer loop
      vertex 0.636678 -4.83605 33.4857
      vertex 1.90321 -9.56811 32.1675
      vertex 0.951607 -4.78405 33.3403
    endloop
  endfacet
  facet normal 0.447783 -0.127873 0.884951
    outer loop
      vertex 0.951607 -4.78405 33.3403
      vertex 1.90321 -9.56811 32.1675
      vertex 2.52492 -9.42314 31.8738
    endloop
  endfacet
  facet normal 0.431437 -0.135611 0.891892
    outer loop
      vertex 0.951607 -4.78405 33.3403
      vertex 2.52492 -9.42314 31.8738
      vertex 1.26246 -4.71157 33.2009
    endloop
  endfacet
  facet normal 0.446853 -0.129587 0.885172
    outer loop
      vertex 1.26246 -4.71157 33.2009
      vertex 2.52492 -9.42314 31.8738
      vertex 3.13582 -9.23783 31.5926
    endloop
  endfacet
  facet normal 0.429431 -0.139327 0.892288
    outer loop
      vertex 1.26246 -4.71157 33.2009
      vertex 3.13582 -9.23783 31.5926
      vertex 1.56791 -4.61891 33.0684
    endloop
  endfacet
  facet normal 0.445593 -0.131672 0.8855
    outer loop
      vertex 1.56791 -4.61891 33.0684
      vertex 3.13582 -9.23783 31.5926
      vertex 3.73329 -9.01296 31.3253
    endloop
  endfacet
  facet normal 0.427548 -0.143362 0.892553
    outer loop
      vertex 1.56791 -4.61891 33.0684
      vertex 3.73329 -9.01296 31.3253
      vertex 1.86664 -4.50648 32.9433
    endloop
  endfacet
  facet normal 0.44398 -0.134179 0.885933
    outer loop
      vertex 1.86664 -4.50648 32.9433
      vertex 3.73329 -9.01296 31.3253
      vertex 4.31477 -8.74949 31.0738
    endloop
  endfacet
  facet normal 0.425797 -0.147647 0.892691
    outer loop
      vertex 1.86664 -4.50648 32.9433
      vertex 4.31477 -8.74949 31.0738
      vertex 2.15739 -4.37475 32.8264
    endloop
  endfacet
  facet normal 0.442004 -0.137161 0.886465
    outer loop
      vertex 2.15739 -4.37475 32.8264
      vertex 4.31477 -8.74949 31.0738
      vertex 4.87778 -8.44856 30.8397
    endloop
  endfacet
  facet normal 0.424178 -0.152111 0.892712
    outer loop
      vertex 2.15739 -4.37475 32.8264
      vertex 4.87778 -8.44856 30.8397
      vertex 2.43889 -4.22428 32.7183
    endloop
  endfacet
  facet normal 0.439665 -0.140665 0.887079
    outer loop
      vertex 2.43889 -4.22428 32.7183
      vertex 4.87778 -8.44856 30.8397
      vertex 5.4199 -8.11145 30.6244
    endloop
  endfacet
  facet normal 0.422679 -0.156683 0.892633
    outer loop
      vertex 2.43889 -4.22428 32.7183
      vertex 5.4199 -8.11145 30.6244
      vertex 2.70995 -4.05572 32.6196
    endloop
  endfacet
  facet normal 0.436978 -0.144728 0.887752
    outer loop
      vertex 2.70995 -4.05572 32.6196
      vertex 5.4199 -8.11145 30.6244
      vertex 5.93881 -7.7396 30.4296
    endloop
  endfacet
  facet normal 0.421279 -0.161294 0.892473
    outer loop
      vertex 2.70995 -4.05572 32.6196
      vertex 5.93881 -7.7396 30.4296
      vertex 2.9694 -3.8698 32.5307
    endloop
  endfacet
  facet normal 0.43397 -0.149375 0.888458
    outer loop
      vertex 2.9694 -3.8698 32.5307
      vertex 5.93881 -7.7396 30.4296
      vertex 6.43228 -7.33462 30.2567
    endloop
  endfacet
  facet normal 0.419947 -0.165886 0.892259
    outer loop
      vertex 2.9694 -3.8698 32.5307
      vertex 6.43228 -7.33462 30.2567
      vertex 3.21614 -3.66731 32.4522
    endloop
  endfacet
  facet normal 0.430684 -0.154615 0.88916
    outer loop
      vertex 3.21614 -3.66731 32.4522
      vertex 6.43228 -7.33462 30.2567
      vertex 6.89822 -6.89822 30.1069
    endloop
  endfacet
  facet normal 0.418646 -0.170408 0.892018
    outer loop
      vertex 3.21614 -3.66731 32.4522
      vertex 6.89822 -6.89822 30.1069
      vertex 3.44911 -3.44911 32.3845
    endloop
  endfacet
  facet normal 0.427173 -0.160431 0.889823
    outer loop
      vertex 3.44911 -3.44911 32.3845
      vertex 6.89822 -6.89822 30.1069
      vertex 7.33462 -6.43228 29.9814
    endloop
  endfacet
  facet normal 0.417332 -0.174825 0.891779
    outer loop
      vertex 3.44911 -3.44911 32.3845
      vertex 7.33462 -6.43228 29.9814
      vertex 3.66731 -3.21614 32.3281
    endloop
  endfacet
  facet normal 0.423504 -0.166787 0.890408
    outer loop
      vertex 3.66731 -3.21614 32.3281
      vertex 7.33462 -6.43228 29.9814
      vertex 7.7396 -5.93881 29.8812
    endloop
  endfacet
  facet normal 0.415961 -0.179112 0.891569
    outer loop
      vertex 3.66731 -3.21614 32.3281
      vertex 7.7396 -5.93881 29.8812
      vertex 3.8698 -2.9694 32.2832
    endloop
  endfacet
  facet normal 0.419748 -0.17362 0.89088
    outer loop
      vertex 3.8698 -2.9694 32.2832
      vertex 7.7396 -5.93881 29.8812
      vertex 8.11145 -5.4199 29.8071
    endloop
  endfacet
  facet normal 0.414487 -0.183263 0.891412
    outer loop
      vertex 3.8698 -2.9694 32.2832
      vertex 8.11145 -5.4199 29.8071
      vertex 4.05572 -2.70995 32.2501
    endloop
  endfacet
  facet normal 0.415981 -0.180845 0.89121
    outer loop
      vertex 4.05572 -2.70995 32.2501
      vertex 8.11145 -5.4199 29.8071
      vertex 8.44856 -4.87778 29.7598
    endloop
  endfacet
  facet normal 0.41287 -0.187283 0.891327
    outer loop
      vertex 4.05572 -2.70995 32.2501
      vertex 8.44856 -4.87778 29.7598
      vertex 4.22428 -2.43889 32.229
    endloop
  endfacet
  facet normal 0.41228 -0.188354 0.891374
    outer loop
      vertex 4.22428 -2.43889 32.229
      vertex 8.44856 -4.87778 29.7598
      vertex 8.74949 -4.31477 29.7396
    endloop
  endfacet
  facet normal 0.411077 -0.191191 0.891326
    outer loop
      vertex 4.22428 -2.43889 32.229
      vertex 8.74949 -4.31477 29.7396
      vertex 4.37475 -2.15739 32.22
    endloop
  endfacet
  facet normal 0.408713 -0.196026 0.891363
    outer loop
      vertex 4.37475 -2.15739 32.22
      vertex 8.74949 -4.31477 29.7396
      vertex 9.01296 -3.73329 29.7466
    endloop
  endfacet
  facet normal 0.409084 -0.195015 0.891414
    outer loop
      vertex 4.37475 -2.15739 32.22
      vertex 9.01296 -3.73329 29.7466
      vertex 4.50648 -1.86664 32.2231
    endloop
  endfacet
  facet normal 0.405343 -0.203728 0.891174
    outer loop
      vertex 4.50648 -1.86664 32.2231
      vertex 9.01296 -3.73329 29.7466
      vertex 9.23783 -3.13582 29.781
    endloop
  endfacet
  facet normal 0.406882 -0.19879 0.891588
    outer loop
      vertex 4.50648 -1.86664 32.2231
      vertex 9.23783 -3.13582 29.781
      vertex 4.61891 -1.56791 32.2384
    endloop
  endfacet
  facet normal 0.402218 -0.211327 0.890821
    outer loop
      vertex 4.61891 -1.56791 32.2384
      vertex 9.23783 -3.13582 29.781
      vertex 9.42314 -2.52492 29.8422
    endloop
  endfacet
  facet normal 0.404472 -0.202553 0.891838
    outer loop
      vertex 4.61891 -1.56791 32.2384
      vertex 9.42314 -2.52492 29.8422
      vertex 4.71157 -1.26246 32.2658
    endloop
  endfacet
  facet normal 0.399369 -0.218694 0.890324
    outer loop
      vertex 4.71157 -1.26246 32.2658
      vertex 9.42314 -2.52492 29.8422
      vertex 9.56811 -1.90321 29.9299
    endloop
  endfacet
  facet normal 0.401874 -0.206342 0.892144
    outer loop
      vertex 4.71157 -1.26246 32.2658
      vertex 9.56811 -1.90321 29.9299
      vertex 4.78405 -0.951607 32.305
    endloop
  endfacet
  facet normal 0.396815 -0.22571 0.889715
    outer loop
      vertex 4.78405 -0.951607 32.305
      vertex 9.56811 -1.90321 29.9299
      vertex 9.6721 -1.27336 30.0433
    endloop
  endfacet
  facet normal 0.399118 -0.210187 0.892483
    outer loop
      vertex 4.78405 -0.951607 32.305
      vertex 9.6721 -1.27336 30.0433
      vertex 4.83605 -0.636678 32.3559
    endloop
  endfacet
  facet normal 0.394558 -0.232278 0.889028
    outer loop
      vertex 4.83605 -0.636678 32.3559
      vertex 9.6721 -1.27336 30.0433
      vertex 9.73467 -0.638044 30.1815
    endloop
  endfacet
  facet normal 0.39625 -0.214112 0.892828
    outer loop
      vertex 4.83605 -0.636678 32.3559
      vertex 9.73467 -0.638044 30.1815
      vertex 4.86733 -0.319022 32.4182
    endloop
  endfacet
  facet normal 0.392584 -0.238318 0.888303
    outer loop
      vertex 4.86733 -0.319022 32.4182
      vertex 9.73467 -0.638044 30.1815
      vertex 9.75556 0 30.3435
    endloop
  endfacet
  facet normal 0.393323 -0.218129 0.89315
    outer loop
      vertex 4.86733 -0.319022 32.4182
      vertex 9.75556 0 30.3435
      vertex 4.87778 0 32.4915
    endloop
  endfacet
  facet normal 0.364586 -0.272549 0.89039
    outer loop
      vertex 9.75556 0 30.3435
      vertex 14.6333 0 28.3462
      vertex 14.602 0.957066 28.652
    endloop
  endfacet
  facet normal 0.362509 -0.247839 0.898422
    outer loop
      vertex 9.75556 0 30.3435
      vertex 14.602 0.957066 28.652
      vertex 9.73467 0.638044 30.5279
    endloop
  endfacet
  facet normal 0.361172 -0.279904 0.889499
    outer loop
      vertex 9.73467 0.638044 30.5279
      vertex 14.602 0.957066 28.652
      vertex 14.5081 1.91003 28.9899
    endloop
  endfacet
  facet normal 0.357492 -0.255454 0.8983
    outer loop
      vertex 9.73467 0.638044 30.5279
      vertex 14.5081 1.91003 28.9899
      vertex 9.6721 1.27336 30.7335
    endloop
  endfacet
  facet normal 0.358094 -0.286208 0.888737
    outer loop
      vertex 9.6721 1.27336 30.7335
      vertex 14.5081 1.91003 28.9899
      vertex 14.3522 2.85482 29.3571
    endloop
  endfacet
  facet normal 0.352915 -0.262841 0.897978
    outer loop
      vertex 9.6721 1.27336 30.7335
      vertex 14.3522 2.85482 29.3571
      vertex 9.56811 1.90321 30.9587
    endloop
  endfacet
  facet normal 0.355322 -0.291537 0.888117
    outer loop
      vertex 9.56811 1.90321 30.9587
      vertex 14.3522 2.85482 29.3571
      vertex 14.1347 3.78739 29.7502
    endloop
  endfacet
  facet normal 0.348877 -0.269927 0.897454
    outer loop
      vertex 9.56811 1.90321 30.9587
      vertex 14.1347 3.78739 29.7502
      vertex 9.42314 2.52492 31.202
    endloop
  endfacet
  facet normal 0.352834 -0.295982 0.887639
    outer loop
      vertex 9.42314 2.52492 31.202
      vertex 14.1347 3.78739 29.7502
      vertex 13.8567 4.70373 30.1662
    endloop
  endfacet
  facet normal 0.345452 -0.276638 0.896735
    outer loop
      vertex 9.42314 2.52492 31.202
      vertex 13.8567 4.70373 30.1662
      vertex 9.23783 3.13582 31.4619
    endloop
  endfacet
  facet normal 0.350612 -0.299643 0.887291
    outer loop
      vertex 9.23783 3.13582 31.4619
      vertex 13.8567 4.70373 30.1662
      vertex 13.5194 5.59993 30.6022
    endloop
  endfacet
  facet normal 0.342694 -0.282902 0.895839
    outer loop
      vertex 9.23783 3.13582 31.4619
      vertex 13.5194 5.59993 30.6022
      vertex 9.01296 3.73329 31.7366
    endloop
  endfacet
  facet normal 0.34865 -0.302619 0.887054
    outer loop
      vertex 9.01296 3.73329 31.7366
      vertex 13.5194 5.59993 30.6022
      vertex 13.1242 6.47216 31.0551
    endloop
  endfacet
  facet normal 0.340631 -0.288657 0.894789
    outer loop
      vertex 9.01296 3.73329 31.7366
      vertex 13.1242 6.47216 31.0551
      vertex 8.74949 4.31477 32.0245
    endloop
  endfacet
  facet normal 0.346944 -0.305002 0.886907
    outer loop
      vertex 8.74949 4.31477 32.0245
      vertex 13.1242 6.47216 31.0551
      vertex 12.6728 7.31667 31.5221
    endloop
  endfacet
  facet normal 0.339269 -0.293848 0.893616
    outer loop
      vertex 8.74949 4.31477 32.0245
      vertex 12.6728 7.31667 31.5221
      vertex 8.44856 4.87778 32.3239
    endloop
  endfacet
  facet normal 0.345501 -0.306875 0.886824
    outer loop
      vertex 8.44856 4.87778 32.3239
      vertex 12.6728 7.31667 31.5221
      vertex 12.1672 8.12984 32.0005
    endloop
  endfacet
  facet normal 0.338598 -0.298432 0.892351
    outer loop
      vertex 8.44856 4.87778 32.3239
      vertex 12.1672 8.12984 32.0005
      vertex 8.11145 5.4199 32.6331
    endloop
  endfacet
  facet normal 0.344331 -0.308312 0.886781
    outer loop
      vertex 8.11145 5.4199 32.6331
      vertex 12.1672 8.12984 32.0005
      vertex 11.6094 8.90821 32.4876
    endloop
  endfacet
  facet normal 0.338588 -0.302377 0.891026
    outer loop
      vertex 8.11145 5.4199 32.6331
      vertex 11.6094 8.90821 32.4876
      vertex 7.7396 5.93881 32.9505
    endloop
  endfacet
  facet normal 0.343446 -0.309373 0.886754
    outer loop
      vertex 7.7396 5.93881 32.9505
      vertex 11.6094 8.90821 32.4876
      vertex 11.0019 9.64843 32.9812
    endloop
  endfacet
  facet normal 0.339199 -0.305663 0.889671
    outer loop
      vertex 7.7396 5.93881 32.9505
      vertex 11.0019 9.64843 32.9812
      vertex 7.33462 6.43228 33.2744
    endloop
  endfacet
  facet normal 0.34286 -0.310106 0.886725
    outer loop
      vertex 7.33462 6.43228 33.2744
      vertex 11.0019 9.64843 32.9812
      vertex 10.3473 10.3473 33.4787
    endloop
  endfacet
  facet normal 0.340382 -0.308282 0.888315
    outer loop
      vertex 7.33462 6.43228 33.2744
      vertex 10.3473 10.3473 33.4787
      vertex 6.89822 6.89822 33.6033
    endloop
  endfacet
  facet normal 0.342589 -0.310549 0.886675
    outer loop
      vertex 6.89822 6.89822 33.6033
      vertex 10.3473 10.3473 33.4787
      vertex 9.64843 11.0019 33.978
    endloop
  endfacet
  facet normal 0.34208 -0.310235 0.886981
    outer loop
      vertex 6.89822 6.89822 33.6033
      vertex 9.64843 11.0019 33.978
      vertex 6.43228 7.33462 33.9357
    endloop
  endfacet
  facet normal 0.342646 -0.310727 0.88659
    outer loop
      vertex 6.43228 7.33462 33.9357
      vertex 9.64843 11.0019 33.978
      vertex 8.90821 11.6094 34.477
    endloop
  endfacet
  facet normal 0.344233 -0.311533 0.885692
    outer loop
      vertex 6.43228 7.33462 33.9357
      vertex 8.90821 11.6094 34.477
      vertex 5.93881 7.7396 34.2699
    endloop
  endfacet
  facet normal 0.343042 -0.31066 0.88646
    outer loop
      vertex 5.93881 7.7396 34.2699
      vertex 8.90821 11.6094 34.477
      vertex 8.12984 12.1672 34.9737
    endloop
  endfacet
  facet normal 0.346782 -0.312193 0.884465
    outer loop
      vertex 5.93881 7.7396 34.2699
      vertex 8.12984 12.1672 34.9737
      vertex 5.4199 8.11145 34.6046
    endloop
  endfacet
  facet normal 0.343786 -0.310357 0.886278
    outer loop
      vertex 5.4199 8.11145 34.6046
      vertex 8.12984 12.1672 34.9737
      vertex 7.31667 12.6728 35.4662
    endloop
  endfacet
  facet normal 0.349665 -0.312241 0.883312
    outer loop
      vertex 5.4199 8.11145 34.6046
      vertex 7.31667 12.6728 35.4662
      vertex 4.87778 8.44856 34.9384
    endloop
  endfacet
  facet normal 0.344883 -0.309821 0.88604
    outer loop
      vertex 4.87778 8.44856 34.9384
      vertex 7.31667 12.6728 35.4662
      vertex 6.47216 13.1242 35.9527
    endloop
  endfacet
  facet normal 0.352826 -0.311706 0.882243
    outer loop
      vertex 4.87778 8.44856 34.9384
      vertex 6.47216 13.1242 35.9527
      vertex 4.31477 8.74949 35.2699
    endloop
  endfacet
  facet normal 0.346333 -0.309051 0.885743
    outer loop
      vertex 4.31477 8.74949 35.2699
      vertex 6.47216 13.1242 35.9527
      vertex 5.59993 13.5194 36.4317
    endloop
  endfacet
  facet normal 0.356208 -0.310621 0.881266
    outer loop
      vertex 4.31477 8.74949 35.2699
      vertex 5.59993 13.5194 36.4317
      vertex 3.73329 9.01296 35.5978
    endloop
  endfacet
  facet normal 0.348135 -0.30804 0.885389
    outer loop
      vertex 3.73329 9.01296 35.5978
      vertex 5.59993 13.5194 36.4317
      vertex 4.70373 13.8567 36.9014
    endloop
  endfacet
  facet normal 0.359763 -0.309022 0.880384
    outer loop
      vertex 3.73329 9.01296 35.5978
      vertex 4.70373 13.8567 36.9014
      vertex 3.13582 9.23783 35.9209
    endloop
  endfacet
  facet normal 0.350281 -0.306779 0.88498
    outer loop
      vertex 3.13582 9.23783 35.9209
      vertex 4.70373 13.8567 36.9014
      vertex 3.78739 14.1347 37.3605
    endloop
  endfacet
  facet normal 0.363443 -0.306948 0.879598
    outer loop
      vertex 3.13582 9.23783 35.9209
      vertex 3.78739 14.1347 37.3605
      vertex 2.52492 9.42314 36.2379
    endloop
  endfacet
  facet normal 0.35276 -0.305259 0.884521
    outer loop
      vertex 2.52492 9.42314 36.2379
      vertex 3.78739 14.1347 37.3605
      vertex 2.85482 14.3522 37.8074
    endloop
  endfacet
  facet normal 0.367208 -0.304438 0.878906
    outer loop
      vertex 2.52492 9.42314 36.2379
      vertex 2.85482 14.3522 37.8074
      vertex 1.90321 9.56811 36.5479
    endloop
  endfacet
  facet normal 0.355558 -0.303466 0.884017
    outer loop
      vertex 1.90321 9.56811 36.5479
      vertex 2.85482 14.3522 37.8074
      vertex 1.91003 14.5081 38.241
    endloop
  endfacet
  facet normal 0.37102 -0.30153 0.878307
    outer loop
      vertex 1.90321 9.56811 36.5479
      vertex 1.91003 14.5081 38.241
      vertex 1.27336 9.6721 36.8497
    endloop
  endfacet
  facet normal 0.358657 -0.30139 0.883476
    outer loop
      vertex 1.27336 9.6721 36.8497
      vertex 1.91003 14.5081 38.241
      vertex 0.957066 14.602 38.6599
    endloop
  endfacet
  facet normal 0.374851 -0.298265 0.877796
    outer loop
      vertex 1.27336 9.6721 36.8497
      vertex 0.957066 14.602 38.6599
      vertex 0.638044 9.73467 37.1422
    endloop
  endfacet
  facet normal 0.362035 -0.299018 0.882904
    outer loop
      vertex 0.638044 9.73467 37.1422
      vertex 0.957066 14.602 38.6599
      vertex 8.96033e-16 14.6333 39.0629
    endloop
  endfacet
  facet normal 0.378672 -0.29468 0.877366
    outer loop
      vertex 0.638044 9.73467 37.1422
      vertex 8.96033e-16 14.6333 39.0629
      vertex 5.97355e-16 9.75556 37.4246
    endloop
  endfacet
  facet normal 0.365668 -0.29634 0.882309
    outer loop
      vertex 5.97355e-16 9.75556 37.4246
      vertex 8.96033e-16 14.6333 39.0629
      vertex -0.957066 14.602 39.449
    endloop
  endfacet
  facet normal 0.382463 -0.29081 0.877013
    outer loop
      vertex 5.97355e-16 9.75556 37.4246
      vertex -0.957066 14.602 39.449
      vertex -0.638044 9.73467 37.696
    endloop
  endfacet
  facet normal 0.369529 -0.293347 0.8817
    outer loop
      vertex -0.638044 9.73467 37.696
      vertex -0.957066 14.602 39.449
      vertex -1.91003 14.5081 39.8172
    endloop
  endfacet
  facet normal 0.386208 -0.286693 0.876728
    outer loop
      vertex -0.638044 9.73467 37.696
      vertex -1.91003 14.5081 39.8172
      vertex -1.27336 9.6721 37.9554
    endloop
  endfacet
  facet normal 0.373591 -0.290031 0.881086
    outer loop
      vertex -1.27336 9.6721 37.9554
      vertex -1.91003 14.5081 39.8172
      vertex -2.85482 14.3522 40.1665
    endloop
  endfacet
  facet normal 0.389892 -0.282358 0.876503
    outer loop
      vertex -1.27336 9.6721 37.9554
      vertex -2.85482 14.3522 40.1665
      vertex -1.90321 9.56811 38.202
    endloop
  endfacet
  facet normal 0.377821 -0.286389 0.880473
    outer loop
      vertex -1.90321 9.56811 38.202
      vertex -2.85482 14.3522 40.1665
      vertex -3.78739 14.1347 40.4959
    endloop
  endfacet
  facet normal 0.393507 -0.277838 0.876333
    outer loop
      vertex -1.90321 9.56811 38.202
      vertex -3.78739 14.1347 40.4959
      vertex -2.52492 9.42314 38.4352
    endloop
  endfacet
  facet normal 0.382189 -0.282418 0.87987
    outer loop
      vertex -2.52492 9.42314 38.4352
      vertex -3.78739 14.1347 40.4959
      vertex -4.70373 13.8567 40.8047
    endloop
  endfacet
  facet normal 0.397047 -0.273158 0.876207
    outer loop
      vertex -2.52492 9.42314 38.4352
      vertex -4.70373 13.8567 40.8047
      vertex -3.13582 9.23783 38.6543
    endloop
  endfacet
  facet normal 0.386662 -0.278117 0.879286
    outer loop
      vertex -3.13582 9.23783 38.6543
      vertex -4.70373 13.8567 40.8047
      vertex -5.59993 13.5194 41.0921
    endloop
  endfacet
  facet normal 0.400509 -0.268344 0.876119
    outer loop
      vertex -3.13582 9.23783 38.6543
      vertex -5.59993 13.5194 41.0921
      vertex -3.73329 9.01296 38.8585
    endloop
  endfacet
  facet normal 0.391206 -0.27349 0.878727
    outer loop
      vertex -3.73329 9.01296 38.8585
      vertex -5.59993 13.5194 41.0921
      vertex -6.47216 13.1242 41.3575
    endloop
  endfacet
  facet normal 0.403894 -0.263417 0.87606
    outer loop
      vertex -3.73329 9.01296 38.8585
      vertex -6.47216 13.1242 41.3575
      vertex -4.31477 8.74949 39.0474
    endloop
  endfacet
  facet normal 0.395789 -0.268544 0.8782
    outer loop
      vertex -4.31477 8.74949 39.0474
      vertex -6.47216 13.1242 41.3575
      vertex -7.31667 12.6728 41.6
    endloop
  endfacet
  facet normal 0.407201 -0.258396 0.876024
    outer loop
      vertex -4.31477 8.74949 39.0474
      vertex -7.31667 12.6728 41.6
      vertex -4.87778 8.44856 39.2203
    endloop
  endfacet
  facet normal 0.400378 -0.263286 0.877712
    outer loop
      vertex -4.87778 8.44856 39.2203
      vertex -7.31667 12.6728 41.6
      vertex -8.12984 12.1672 41.8193
    endloop
  endfacet
  facet normal 0.410435 -0.253297 0.876004
    outer loop
      vertex -4.87778 8.44856 39.2203
      vertex -8.12984 12.1672 41.8193
      vertex -5.4199 8.11145 39.3769
    endloop
  endfacet
  facet normal 0.404941 -0.257729 0.877268
    outer loop
      vertex -5.4199 8.11145 39.3769
      vertex -8.12984 12.1672 41.8193
      vertex -8.90821 11.6094 42.0147
    endloop
  endfacet
  facet normal 0.4136 -0.248134 0.875994
    outer loop
      vertex -5.4199 8.11145 39.3769
      vertex -8.90821 11.6094 42.0147
      vertex -5.93881 7.7396 39.5165
    endloop
  endfacet
  facet normal 0.409447 -0.251888 0.876873
    outer loop
      vertex -5.93881 7.7396 39.5165
      vertex -8.90821 11.6094 42.0147
      vertex -9.64843 11.0019 42.1858
    endloop
  endfacet
  facet normal 0.4167 -0.242915 0.875987
    outer loop
      vertex -5.93881 7.7396 39.5165
      vertex -9.64843 11.0019 42.1858
      vertex -6.43228 7.33462 39.639
    endloop
  endfacet
  facet normal 0.413866 -0.245779 0.876532
    outer loop
      vertex -6.43228 7.33462 39.639
      vertex -9.64843 11.0019 42.1858
      vertex -10.3473 10.3473 42.3323
    endloop
  endfacet
  facet normal 0.419742 -0.23765 0.875979
    outer loop
      vertex -6.43228 7.33462 39.639
      vertex -10.3473 10.3473 42.3323
      vertex -6.89822 6.89822 39.7439
    endloop
  endfacet
  facet normal 0.41817 -0.239423 0.876248
    outer loop
      vertex -6.89822 6.89822 39.7439
      vertex -10.3473 10.3473 42.3323
      vertex -11.0019 9.64843 42.4537
    endloop
  endfacet
  facet normal 0.422729 -0.232342 0.875966
    outer loop
      vertex -6.89822 6.89822 39.7439
      vertex -11.0019 9.64843 42.4537
      vertex -7.33462 6.43228 39.8309
    endloop
  endfacet
  facet normal 0.422333 -0.232841 0.876025
    outer loop
      vertex -7.33462 6.43228 39.8309
      vertex -11.0019 9.64843 42.4537
      vertex -11.6094 8.90821 42.5498
    endloop
  endfacet
  facet normal 0.425668 -0.226997 0.875945
    outer loop
      vertex -7.33462 6.43228 39.8309
      vertex -11.6094 8.90821 42.5498
      vertex -7.7396 5.93881 39.8998
    endloop
  endfacet
  facet normal 0.426332 -0.226059 0.875864
    outer loop
      vertex -7.7396 5.93881 39.8998
      vertex -11.6094 8.90821 42.5498
      vertex -12.1672 8.12984 42.6204
    endloop
  endfacet
  facet normal 0.428562 -0.221613 0.875912
    outer loop
      vertex -7.7396 5.93881 39.8998
      vertex -12.1672 8.12984 42.6204
      vertex -8.11145 5.4199 39.9504
    endloop
  endfacet
  facet normal 0.430144 -0.219103 0.875768
    outer loop
      vertex -8.11145 5.4199 39.9504
      vertex -12.1672 8.12984 42.6204
      vertex -12.6728 7.31667 42.6654
    endloop
  endfacet
  facet normal 0.431413 -0.216193 0.875867
    outer loop
      vertex -8.11145 5.4199 39.9504
      vertex -12.6728 7.31667 42.6654
      vertex -8.44856 4.87778 39.9827
    endloop
  endfacet
  facet normal 0.433751 -0.212 0.875737
    outer loop
      vertex -8.44856 4.87778 39.9827
      vertex -12.6728 7.31667 42.6654
      vertex -13.1242 6.47216 42.6845
    endloop
  endfacet
  facet normal 0.434225 -0.210733 0.875809
    outer loop
      vertex -8.44856 4.87778 39.9827
      vertex -13.1242 6.47216 42.6845
      vertex -8.74949 4.31477 39.9964
    endloop
  endfacet
  facet normal 0.437137 -0.204781 0.875772
    outer loop
      vertex -8.74949 4.31477 39.9964
      vertex -13.1242 6.47216 42.6845
      vertex -13.5194 5.59993 42.6778
    endloop
  endfacet
  facet normal 0.436996 -0.205231 0.875737
    outer loop
      vertex -8.74949 4.31477 39.9964
      vertex -13.5194 5.59993 42.6778
      vertex -9.01296 3.73329 39.9916
    endloop
  endfacet
  facet normal 0.440288 -0.197476 0.875871
    outer loop
      vertex -9.01296 3.73329 39.9916
      vertex -13.5194 5.59993 42.6778
      vertex -13.8567 4.70373 42.6453
    endloop
  endfacet
  facet normal 0.439726 -0.199685 0.875652
    outer loop
      vertex -9.01296 3.73329 39.9916
      vertex -13.8567 4.70373 42.6453
      vertex -9.23783 3.13582 39.9683
    endloop
  endfacet
  facet normal 0.443194 -0.190118 0.876033
    outer loop
      vertex -9.23783 3.13582 39.9683
      vertex -13.8567 4.70373 42.6453
      vertex -14.1347 3.78739 42.5871
    endloop
  endfacet
  facet normal 0.442411 -0.19409 0.875558
    outer loop
      vertex -9.23783 3.13582 39.9683
      vertex -14.1347 3.78739 42.5871
      vertex -9.42314 2.52492 39.9265
    endloop
  endfacet
  facet normal 0.445848 -0.182739 0.876257
    outer loop
      vertex -9.42314 2.52492 39.9265
      vertex -14.1347 3.78739 42.5871
      vertex -14.3522 2.85482 42.5032
    endloop
  endfacet
  facet normal 0.445047 -0.188445 0.875455
    outer loop
      vertex -9.42314 2.52492 39.9265
      vertex -14.3522 2.85482 42.5032
      vertex -9.56811 1.90321 39.8664
    endloop
  endfacet
  facet normal 0.448245 -0.175372 0.876539
    outer loop
      vertex -9.56811 1.90321 39.8664
      vertex -14.3522 2.85482 42.5032
      vertex -14.5081 1.91003 42.394
    endloop
  endfacet
  facet normal 0.447625 -0.182747 0.875349
    outer loop
      vertex -9.56811 1.90321 39.8664
      vertex -14.5081 1.91003 42.394
      vertex -9.6721 1.27336 39.788
    endloop
  endfacet
  facet normal 0.450384 -0.16805 0.876877
    outer loop
      vertex -9.6721 1.27336 39.788
      vertex -14.5081 1.91003 42.394
      vertex -14.602 0.957066 42.2595
    endloop
  endfacet
  facet normal 0.450138 -0.176995 0.875242
    outer loop
      vertex -9.6721 1.27336 39.788
      vertex -14.602 0.957066 42.2595
      vertex -9.73467 0.638044 39.6917
    endloop
  endfacet
  facet normal 0.452267 -0.160805 0.877266
    outer loop
      vertex -9.73467 0.638044 39.6917
      vertex -14.602 0.957066 42.2595
      vertex -14.6333 1.79207e-15 42.1003
    endloop
  endfacet
  facet normal 0.452574 -0.171189 0.87514
    outer loop
      vertex -9.73467 0.638044 39.6917
      vertex -14.6333 1.79207e-15 42.1003
      vertex -9.75556 1.19471e-15 39.5777
    endloop
  endfacet
  facet normal 0.453899 -0.15367 0.877702
    outer loop
      vertex -9.75556 1.19471e-15 39.5777
      vertex -14.6333 1.79207e-15 42.1003
      vertex -14.602 -0.957066 41.9165
    endloop
  endfacet
  facet normal 0.454922 -0.165332 0.875049
    outer loop
      vertex -9.75556 1.19471e-15 39.5777
      vertex -14.602 -0.957066 41.9165
      vertex -9.73467 -0.638044 39.4463
    endloop
  endfacet
  facet normal 0.455288 -0.146676 0.878179
    outer loop
      vertex -9.73467 -0.638044 39.4463
      vertex -14.602 -0.957066 41.9165
      vertex -14.5081 -1.91003 41.7087
    endloop
  endfacet
  facet normal 0.457167 -0.159428 0.874975
    outer loop
      vertex -9.73467 -0.638044 39.4463
      vertex -14.5081 -1.91003 41.7087
      vertex -9.6721 -1.27336 39.2979
    endloop
  endfacet
  facet normal 0.456443 -0.139854 0.878693
    outer loop
      vertex -9.6721 -1.27336 39.2979
      vertex -14.5081 -1.91003 41.7087
      vertex -14.3522 -2.85482 41.4773
    endloop
  endfacet
  facet normal 0.459294 -0.153483 0.874924
    outer loop
      vertex -9.6721 -1.27336 39.2979
      vertex -14.3522 -2.85482 41.4773
      vertex -9.56811 -1.90321 39.1328
    endloop
  endfacet
  facet normal 0.457378 -0.133231 0.879235
    outer loop
      vertex -9.56811 -1.90321 39.1328
      vertex -14.3522 -2.85482 41.4773
      vertex -14.1347 -3.78739 41.2228
    endloop
  endfacet
  facet normal 0.461286 -0.147508 0.874904
    outer loop
      vertex -9.56811 -1.90321 39.1328
      vertex -14.1347 -3.78739 41.2228
      vertex -9.42314 -2.52492 38.9515
    endloop
  endfacet
  facet normal 0.458108 -0.126835 0.879801
    outer loop
      vertex -9.42314 -2.52492 38.9515
      vertex -14.1347 -3.78739 41.2228
      vertex -13.8567 -4.70373 40.946
    endloop
  endfacet
  facet normal 0.463127 -0.141517 0.874921
    outer loop
      vertex -9.42314 -2.52492 38.9515
      vertex -13.8567 -4.70373 40.946
      vertex -9.23783 -3.13582 38.7546
    endloop
  endfacet
  facet normal 0.45865 -0.120692 0.880383
    outer loop
      vertex -9.23783 -3.13582 38.7546
      vertex -13.8567 -4.70373 40.946
      vertex -13.5194 -5.59993 40.6474
    endloop
  endfacet
  facet normal 0.464799 -0.135525 0.874983
    outer loop
      vertex -9.23783 -3.13582 38.7546
      vertex -13.5194 -5.59993 40.6474
      vertex -9.01296 -3.73329 38.5426
    endloop
  endfacet
  facet normal 0.459022 -0.114824 0.880973
    outer loop
      vertex -9.01296 -3.73329 38.5426
      vertex -13.5194 -5.59993 40.6474
      vertex -13.1242 -6.47216 40.3278
    endloop
  endfacet
  facet normal 0.466283 -0.129553 0.875098
    outer loop
      vertex -9.01296 -3.73329 38.5426
      vertex -13.1242 -6.47216 40.3278
      vertex -8.74949 -4.31477 38.3162
    endloop
  endfacet
  facet normal 0.459246 -0.109253 0.881565
    outer loop
      vertex -8.74949 -4.31477 38.3162
      vertex -13.1242 -6.47216 40.3278
      vertex -12.6728 -7.31667 39.988
    endloop
  endfacet
  facet normal 0.467562 -0.123626 0.875272
    outer loop
      vertex -8.74949 -4.31477 38.3162
      vertex -12.6728 -7.31667 39.988
      vertex -8.44856 -4.87778 38.0759
    endloop
  endfacet
  facet normal 0.459342 -0.103995 0.882151
    outer loop
      vertex -8.44856 -4.87778 38.0759
      vertex -12.6728 -7.31667 39.988
      vertex -12.1672 -8.12984 39.6288
    endloop
  endfacet
  facet normal 0.46862 -0.117773 0.875514
    outer loop
      vertex -8.44856 -4.87778 38.0759
      vertex -12.1672 -8.12984 39.6288
      vertex -8.11145 -5.4199 37.8225
    endloop
  endfacet
  facet normal 0.459332 -0.0990685 0.882723
    outer loop
      vertex -8.11145 -5.4199 37.8225
      vertex -12.1672 -8.12984 39.6288
      vertex -11.6094 -8.90821 39.2512
    endloop
  endfacet
  facet normal 0.469438 -0.112026 0.87583
    outer loop
      vertex -8.11145 -5.4199 37.8225
      vertex -11.6094 -8.90821 39.2512
      vertex -7.7396 -5.93881 37.5569
    endloop
  endfacet
  facet normal 0.459238 -0.094485 0.883274
    outer loop
      vertex -7.7396 -5.93881 37.5569
      vertex -11.6094 -8.90821 39.2512
      vertex -11.0019 -9.64843 38.8562
    endloop
  endfacet
  facet normal 0.470003 -0.106421 0.876226
    outer loop
      vertex -7.7396 -5.93881 37.5569
      vertex -11.0019 -9.64843 38.8562
      vertex -7.33462 -6.43228 37.2797
    endloop
  endfacet
  facet normal 0.459082 -0.0902557 0.883797
    outer loop
      vertex -7.33462 -6.43228 37.2797
      vertex -11.0019 -9.64843 38.8562
      vertex -10.3473 -10.3473 38.4448
    endloop
  endfacet
  facet normal 0.470302 -0.101 0.876707
    outer loop
      vertex -7.33462 -6.43228 37.2797
      vertex -10.3473 -10.3473 38.4448
      vertex -6.89822 -6.89822 36.9919
    endloop
  endfacet
  facet normal 0.458883 -0.0863887 0.884287
    outer loop
      vertex -6.89822 -6.89822 36.9919
      vertex -10.3473 -10.3473 38.4448
      vertex -9.64843 -11.0019 38.0182
    endloop
  endfacet
  facet normal 0.470324 -0.0958086 0.877278
    outer loop
      vertex -6.89822 -6.89822 36.9919
      vertex -9.64843 -11.0019 38.0182
      vertex -6.43228 -7.33462 36.6945
    endloop
  endfacet
  facet normal 0.458662 -0.0828897 0.884736
    outer loop
      vertex -6.43228 -7.33462 36.6945
      vertex -9.64843 -11.0019 38.0182
      vertex -8.90821 -11.6094 37.5775
    endloop
  endfacet
  facet normal 0.47006 -0.090895 0.877941
    outer loop
      vertex -6.43228 -7.33462 36.6945
      vertex -8.90821 -11.6094 37.5775
      vertex -5.93881 -7.7396 36.3883
    endloop
  endfacet
  facet normal 0.458436 -0.0797625 0.885141
    outer loop
      vertex -5.93881 -7.7396 36.3883
      vertex -8.90821 -11.6094 37.5775
      vertex -8.12984 -12.1672 37.1241
    endloop
  endfacet
  facet normal 0.469507 -0.0863119 0.8787
    outer loop
      vertex -5.93881 -7.7396 36.3883
      vertex -8.12984 -12.1672 37.1241
      vertex -5.4199 -8.11145 36.0745
    endloop
  endfacet
  facet normal 0.458217 -0.0770089 0.885498
    outer loop
      vertex -5.4199 -8.11145 36.0745
      vertex -8.12984 -12.1672 37.1241
      vertex -7.31667 -12.6728 36.6593
    endloop
  endfacet
  facet normal 0.468663 -0.0821147 0.879552
    outer loop
      vertex -5.4199 -8.11145 36.0745
      vertex -7.31667 -12.6728 36.6593
      vertex -4.87778 -8.44856 35.7542
    endloop
  endfacet
  facet normal 0.458019 -0.0746296 0.885804
    outer loop
      vertex -4.87778 -8.44856 35.7542
      vertex -7.31667 -12.6728 36.6593
      vertex -6.47216 -13.1242 36.1847
    endloop
  endfacet
  facet normal 0.46753 -0.0783615 0.880497
    outer loop
      vertex -4.87778 -8.44856 35.7542
      vertex -6.47216 -13.1242 36.1847
      vertex -4.31477 -8.74949 35.4285
    endloop
  endfacet
  facet normal 0.457846 -0.0726244 0.88606
    outer loop
      vertex -4.31477 -8.74949 35.4285
      vertex -6.47216 -13.1242 36.1847
      vertex -5.59993 -13.5194 35.7016
    endloop
  endfacet
  facet normal 0.466115 -0.0751117 0.88153
    outer loop
      vertex -4.31477 -8.74949 35.4285
      vertex -5.59993 -13.5194 35.7016
      vertex -3.73329 -9.01296 35.0985
    endloop
  endfacet
  facet normal 0.457702 -0.0709931 0.886267
    outer loop
      vertex -3.73329 -9.01296 35.0985
      vertex -5.59993 -13.5194 35.7016
      vertex -4.70373 -13.8567 35.2117
    endloop
  endfacet
  facet normal 0.46443 -0.0724257 0.882643
    outer loop
      vertex -3.73329 -9.01296 35.0985
      vertex -4.70373 -13.8567 35.2117
      vertex -3.13582 -9.23783 34.7657
    endloop
  endfacet
  facet normal 0.457584 -0.0697362 0.886428
    outer loop
      vertex -3.13582 -9.23783 34.7657
      vertex -4.70373 -13.8567 35.2117
      vertex -3.78739 -14.1347 34.7168
    endloop
  endfacet
  facet normal 0.462491 -0.0703632 0.883827
    outer loop
      vertex -3.13582 -9.23783 34.7657
      vertex -3.78739 -14.1347 34.7168
      vertex -2.52492 -9.42314 34.4313
    endloop
  endfacet
  facet normal 0.457482 -0.0688559 0.886549
    outer loop
      vertex -2.52492 -9.42314 34.4313
      vertex -3.78739 -14.1347 34.7168
      vertex -2.85482 -14.3522 34.2187
    endloop
  endfacet
  facet normal 0.46032 -0.0689821 0.885069
    outer loop
      vertex -2.52492 -9.42314 34.4313
      vertex -2.85482 -14.3522 34.2187
      vertex -1.90321 -9.56811 34.0966
    endloop
  endfacet
  facet normal 0.457381 -0.0683575 0.88664
    outer loop
      vertex -1.90321 -9.56811 34.0966
      vertex -2.85482 -14.3522 34.2187
      vertex -1.91003 -14.5081 33.7193
    endloop
  endfacet
  facet normal 0.45794 -0.0683363 0.886352
    outer loop
      vertex -1.90321 -9.56811 34.0966
      vertex -1.91003 -14.5081 33.7193
      vertex -1.27336 -9.6721 33.7632
    endloop
  endfacet
  facet normal 0.45726 -0.0682499 0.886711
    outer loop
      vertex -1.27336 -9.6721 33.7632
      vertex -1.91003 -14.5081 33.7193
      vertex -0.957066 -14.602 33.2206
    endloop
  endfacet
  facet normal 0.455384 -0.0684746 0.887658
    outer loop
      vertex -1.27336 -9.6721 33.7632
      vertex -0.957066 -14.602 33.2206
      vertex -0.638044 -9.73467 33.4325
    endloop
  endfacet
  facet normal 0.457088 -0.0685479 0.886776
    outer loop
      vertex -0.638044 -9.73467 33.4325
      vertex -0.957066 -14.602 33.2206
      vertex -2.6881e-15 -14.6333 32.7249
    endloop
  endfacet
  facet normal 0.452683 -0.0694376 0.888964
    outer loop
      vertex -0.638044 -9.73467 33.4325
      vertex -2.6881e-15 -14.6333 32.7249
      vertex -1.79207e-15 -9.75556 33.1059
    endloop
  endfacet
  facet normal 0.456829 -0.0692727 0.886853
    outer loop
      vertex -1.79207e-15 -9.75556 33.1059
      vertex -2.6881e-15 -14.6333 32.7249
      vertex 0.957066 -14.602 32.2344
    endloop
  endfacet
  facet normal 0.449875 -0.0712558 0.890244
    outer loop
      vertex -1.79207e-15 -9.75556 33.1059
      vertex 0.957066 -14.602 32.2344
      vertex 0.638044 -9.73467 32.7852
    endloop
  endfacet
  facet normal 0.456441 -0.0704538 0.88696
    outer loop
      vertex 0.638044 -9.73467 32.7852
      vertex 0.957066 -14.602 32.2344
      vertex 1.91003 -14.5081 31.7514
    endloop
  endfacet
  facet normal 0.446999 -0.0739473 0.891473
    outer loop
      vertex 0.638044 -9.73467 32.7852
      vertex 1.91003 -14.5081 31.7514
      vertex 1.27336 -9.6721 32.4718
    endloop
  endfacet
  facet normal 0.455873 -0.0721302 0.887117
    outer loop
      vertex 1.27336 -9.6721 32.4718
      vertex 1.91003 -14.5081 31.7514
      vertex 2.85482 -14.3522 31.2786
    endloop
  endfacet
  facet normal 0.444091 -0.0775149 0.892622
    outer loop
      vertex 1.27336 -9.6721 32.4718
      vertex 2.85482 -14.3522 31.2786
      vertex 1.90321 -9.56811 32.1675
    endloop
  endfacet
  facet normal 0.45507 -0.0743509 0.887346
    outer loop
      vertex 1.90321 -9.56811 32.1675
      vertex 2.85482 -14.3522 31.2786
      vertex 3.78739 -14.1347 30.8185
    endloop
  endfacet
  facet normal 0.441189 -0.0819442 0.893665
    outer loop
      vertex 1.90321 -9.56811 32.1675
      vertex 3.78739 -14.1347 30.8185
      vertex 2.52492 -9.42314 31.8738
    endloop
  endfacet
  facet normal 0.453972 -0.0771757 0.887667
    outer loop
      vertex 2.52492 -9.42314 31.8738
      vertex 3.78739 -14.1347 30.8185
      vertex 4.70373 -13.8567 30.3741
    endloop
  endfacet
  facet normal 0.438326 -0.087202 0.894576
    outer loop
      vertex 2.52492 -9.42314 31.8738
      vertex 4.70373 -13.8567 30.3741
      vertex 3.13582 -9.23783 31.5926
    endloop
  endfacet
  facet normal 0.45252 -0.0806746 0.888097
    outer loop
      vertex 3.13582 -9.23783 31.5926
      vertex 4.70373 -13.8567 30.3741
      vertex 5.59993 -13.5194 29.9481
    endloop
  endfacet
  facet normal 0.435525 -0.0932353 0.895335
    outer loop
      vertex 3.13582 -9.23783 31.5926
      vertex 5.59993 -13.5194 29.9481
      vertex 3.73329 -9.01296 31.3253
    endloop
  endfacet
  facet normal 0.450654 -0.0849256 0.88865
    outer loop
      vertex 3.73329 -9.01296 31.3253
      vertex 5.59993 -13.5194 29.9481
      vertex 6.47216 -13.1242 29.5435
    endloop
  endfacet
  facet normal 0.432803 -0.0999715 0.895928
    outer loop
      vertex 3.73329 -9.01296 31.3253
      vertex 6.47216 -13.1242 29.5435
      vertex 4.31477 -8.74949 31.0738
    endloop
  endfacet
  facet normal 0.448319 -0.0900121 0.88933
    outer loop
      vertex 4.31477 -8.74949 31.0738
      vertex 6.47216 -13.1242 29.5435
      vertex 7.31667 -12.6728 29.1635
    endloop
  endfacet
  facet normal 0.430164 -0.10732 0.896349
    outer loop
      vertex 4.31477 -8.74949 31.0738
      vertex 7.31667 -12.6728 29.1635
      vertex 4.87778 -8.44856 30.8397
    endloop
  endfacet
  facet normal 0.44547 -0.0960171 0.890133
    outer loop
      vertex 4.87778 -8.44856 30.8397
      vertex 7.31667 -12.6728 29.1635
      vertex 8.12984 -12.1672 28.811
    endloop
  endfacet
  facet normal 0.427597 -0.115177 0.896602
    outer loop
      vertex 4.87778 -8.44856 30.8397
      vertex 8.12984 -12.1672 28.811
      vertex 5.4199 -8.11145 30.6244
    endloop
  endfacet
  facet normal 0.442077 -0.103016 0.891042
    outer loop
      vertex 5.4199 -8.11145 30.6244
      vertex 8.12984 -12.1672 28.811
      vertex 8.90821 -11.6094 28.4894
    endloop
  endfacet
  facet normal 0.425074 -0.123427 0.896704
    outer loop
      vertex 5.4199 -8.11145 30.6244
      vertex 8.90821 -11.6094 28.4894
      vertex 5.93881 -7.7396 30.4296
    endloop
  endfacet
  facet normal 0.438127 -0.111066 0.892025
    outer loop
      vertex 5.93881 -7.7396 30.4296
      vertex 8.90821 -11.6094 28.4894
      vertex 9.64843 -11.0019 28.2014
    endloop
  endfacet
  facet normal 0.422554 -0.131954 0.896681
    outer loop
      vertex 5.93881 -7.7396 30.4296
      vertex 9.64843 -11.0019 28.2014
      vertex 6.43228 -7.33462 30.2567
    endloop
  endfacet
  facet normal 0.433631 -0.120198 0.893038
    outer loop
      vertex 6.43228 -7.33462 30.2567
      vertex 9.64843 -11.0019 28.2014
      vertex 10.3473 -10.3473 27.9502
    endloop
  endfacet
  facet normal 0.419979 -0.140642 0.89657
    outer loop
      vertex 6.43228 -7.33462 30.2567
      vertex 10.3473 -10.3473 27.9502
      vertex 6.89822 -6.89822 30.1069
    endloop
  endfacet
  facet normal 0.428629 -0.130399 0.894021
    outer loop
      vertex 6.89822 -6.89822 30.1069
      vertex 10.3473 -10.3473 27.9502
      vertex 11.0019 -9.64843 27.7383
    endloop
  endfacet
  facet normal 0.417282 -0.149391 0.896414
    outer loop
      vertex 6.89822 -6.89822 30.1069
      vertex 11.0019 -9.64843 27.7383
      vertex 7.33462 -6.43228 29.9814
    endloop
  endfacet
  facet normal 0.423186 -0.141609 0.894908
    outer loop
      vertex 7.33462 -6.43228 29.9814
      vertex 11.0019 -9.64843 27.7383
      vertex 11.6094 -8.90821 27.5681
    endloop
  endfacet
  facet normal 0.414387 -0.158117 0.89626
    outer loop
      vertex 7.33462 -6.43228 29.9814
      vertex 11.6094 -8.90821 27.5681
      vertex 7.7396 -5.93881 29.8812
    endloop
  endfacet
  facet normal 0.417395 -0.153708 0.895631
    outer loop
      vertex 7.7396 -5.93881 29.8812
      vertex 11.6094 -8.90821 27.5681
      vertex 12.1672 -8.12984 27.4418
    endloop
  endfacet
  facet normal 0.411223 -0.166759 0.896151
    outer loop
      vertex 7.7396 -5.93881 29.8812
      vertex 12.1672 -8.12984 27.4418
      vertex 8.11145 -5.4199 29.8071
    endloop
  endfacet
  facet normal 0.411371 -0.166518 0.896128
    outer loop
      vertex 8.11145 -5.4199 29.8071
      vertex 12.1672 -8.12984 27.4418
      vertex 12.6728 -7.31667 27.3608
    endloop
  endfacet
  facet normal 0.407724 -0.175281 0.896124
    outer loop
      vertex 8.11145 -5.4199 29.8071
      vertex 12.6728 -7.31667 27.3608
      vertex 8.44856 -4.87778 29.7598
    endloop
  endfacet
  facet normal 0.405241 -0.179808 0.896353
    outer loop
      vertex 8.44856 -4.87778 29.7598
      vertex 12.6728 -7.31667 27.3608
      vertex 13.1242 -6.47216 27.3261
    endloop
  endfacet
  facet normal 0.403844 -0.183672 0.8962
    outer loop
      vertex 8.44856 -4.87778 29.7598
      vertex 13.1242 -6.47216 27.3261
      vertex 8.74949 -4.31477 29.7396
    endloop
  endfacet
  facet normal 0.399136 -0.19331 0.896282
    outer loop
      vertex 8.74949 -4.31477 29.7396
      vertex 13.1242 -6.47216 27.3261
      vertex 13.5194 -5.59993 27.3382
    endloop
  endfacet
  facet normal 0.399559 -0.191939 0.896388
    outer loop
      vertex 8.74949 -4.31477 29.7396
      vertex 13.5194 -5.59993 27.3382
      vertex 9.01296 -3.73329 29.7466
    endloop
  endfacet
  facet normal 0.393179 -0.206735 0.895919
    outer loop
      vertex 9.01296 -3.73329 29.7466
      vertex 13.5194 -5.59993 27.3382
      vertex 13.8567 -4.70373 27.397
    endloop
  endfacet
  facet normal 0.394876 -0.200105 0.896678
    outer loop
      vertex 9.01296 -3.73329 29.7466
      vertex 13.8567 -4.70373 27.397
      vertex 9.23783 -3.13582 29.781
    endloop
  endfacet
  facet normal 0.387475 -0.219801 0.895294
    outer loop
      vertex 9.23783 -3.13582 29.781
      vertex 13.8567 -4.70373 27.397
      vertex 14.1347 -3.78739 27.5017
    endloop
  endfacet
  facet normal 0.389833 -0.208194 0.897042
    outer loop
      vertex 9.23783 -3.13582 29.781
      vertex 14.1347 -3.78739 27.5017
      vertex 9.42314 -2.52492 29.8422
    endloop
  endfacet
  facet normal 0.382103 -0.232252 0.894458
    outer loop
      vertex 9.42314 -2.52492 29.8422
      vertex 14.1347 -3.78739 27.5017
      vertex 14.3522 -2.85482 27.6509
    endloop
  endfacet
  facet normal 0.384502 -0.216231 0.897442
    outer loop
      vertex 9.42314 -2.52492 29.8422
      vertex 14.3522 -2.85482 27.6509
      vertex 9.56811 -1.90321 29.9299
    endloop
  endfacet
  facet normal 0.377116 -0.243877 0.893481
    outer loop
      vertex 9.56811 -1.90321 29.9299
      vertex 14.3522 -2.85482 27.6509
      vertex 14.5081 -1.91003 27.843
    endloop
  endfacet
  facet normal 0.37898 -0.224227 0.897829
    outer loop
      vertex 9.56811 -1.90321 29.9299
      vertex 14.5081 -1.91003 27.843
      vertex 9.6721 -1.27336 30.0433
    endloop
  endfacet
  facet normal 0.372536 -0.254522 0.892432
    outer loop
      vertex 9.6721 -1.27336 30.0433
      vertex 14.5081 -1.91003 27.843
      vertex 14.602 -0.957066 28.0756
    endloop
  endfacet
  facet normal 0.373385 -0.232178 0.898152
    outer loop
      vertex 9.6721 -1.27336 30.0433
      vertex 14.602 -0.957066 28.0756
      vertex 9.73467 -0.638044 30.1815
    endloop
  endfacet
  facet normal 0.368365 -0.264092 0.891383
    outer loop
      vertex 9.73467 -0.638044 30.1815
      vertex 14.602 -0.957066 28.0756
      vertex 14.6333 0 28.3462
    endloop
  endfacet
  facet normal 0.36785 -0.240062 0.898363
    outer loop
      vertex 9.73467 -0.638044 30.1815
      vertex 14.6333 0 28.3462
      vertex 9.75556 0 30.3435
    endloop
  endfacet
  facet normal 0.329989 -0.305665 0.893127
    outer loop
      vertex 14.6333 0 28.3462
      vertex 19.5111 0 26.544
      vertex 19.4693 1.27609 26.9961
    endloop
  endfacet
  facet normal 0.325651 -0.278068 0.903676
    outer loop
      vertex 14.6333 0 28.3462
      vertex 19.4693 1.27609 26.9961
      vertex 14.602 0.957066 28.652
    endloop
  endfacet
  facet normal 0.324125 -0.314726 0.892127
    outer loop
      vertex 14.602 0.957066 28.652
      vertex 19.4693 1.27609 26.9961
      vertex 19.3442 2.54671 27.4898
    endloop
  endfacet
  facet normal 0.318126 -0.288916 0.902953
    outer loop
      vertex 14.602 0.957066 28.652
      vertex 19.3442 2.54671 27.4898
      vertex 14.5081 1.91003 28.9899
    endloop
  endfacet
  facet normal 0.318906 -0.322229 0.891329
    outer loop
      vertex 14.5081 1.91003 28.9899
      vertex 19.3442 2.54671 27.4898
      vertex 19.1362 3.80643 28.0197
    endloop
  endfacet
  facet normal 0.311616 -0.29901 0.901936
    outer loop
      vertex 14.5081 1.91003 28.9899
      vertex 19.1362 3.80643 28.0197
      vertex 14.3522 2.85482 29.3571
    endloop
  endfacet
  facet normal 0.314321 -0.32839 0.890709
    outer loop
      vertex 14.3522 2.85482 29.3571
      vertex 19.1362 3.80643 28.0197
      vertex 18.8463 5.04985 28.5804
    endloop
  endfacet
  facet normal 0.306218 -0.308276 0.900665
    outer loop
      vertex 14.3522 2.85482 29.3571
      vertex 18.8463 5.04985 28.5804
      vertex 14.1347 3.78739 29.7502
    endloop
  endfacet
  facet normal 0.310362 -0.333413 0.890231
    outer loop
      vertex 14.1347 3.78739 29.7502
      vertex 18.8463 5.04985 28.5804
      vertex 18.4757 6.27164 29.1672
    endloop
  endfacet
  facet normal 0.301975 -0.316654 0.899189
    outer loop
      vertex 14.1347 3.78739 29.7502
      vertex 18.4757 6.27164 29.1672
      vertex 13.8567 4.70373 30.1662
    endloop
  endfacet
  facet normal 0.307025 -0.337478 0.889856
    outer loop
      vertex 13.8567 4.70373 30.1662
      vertex 18.4757 6.27164 29.1672
      vertex 18.0259 7.46658 29.7756
    endloop
  endfacet
  facet normal 0.298887 -0.324108 0.897563
    outer loop
      vertex 13.8567 4.70373 30.1662
      vertex 18.0259 7.46658 29.7756
      vertex 13.5194 5.59993 30.6022
    endloop
  endfacet
  facet normal 0.304306 -0.340741 0.889547
    outer loop
      vertex 13.5194 5.59993 30.6022
      vertex 18.0259 7.46658 29.7756
      vertex 17.499 8.62954 30.4013
    endloop
  endfacet
  facet normal 0.296919 -0.33062 0.89584
    outer loop
      vertex 13.5194 5.59993 30.6022
      vertex 17.499 8.62954 30.4013
      vertex 13.1242 6.47216 31.0551
    endloop
  endfacet
  facet normal 0.302204 -0.343327 0.889269
    outer loop
      vertex 13.1242 6.47216 31.0551
      vertex 17.499 8.62954 30.4013
      vertex 16.8971 9.75556 31.0405
    endloop
  endfacet
  facet normal 0.296008 -0.336188 0.894068
    outer loop
      vertex 13.1242 6.47216 31.0551
      vertex 16.8971 9.75556 31.0405
      vertex 12.6728 7.31667 31.5221
    endloop
  endfacet
  facet normal 0.300714 -0.34534 0.888995
    outer loop
      vertex 12.6728 7.31667 31.5221
      vertex 16.8971 9.75556 31.0405
      vertex 16.2229 10.8398 31.6898
    endloop
  endfacet
  facet normal 0.296077 -0.340824 0.892288
    outer loop
      vertex 12.6728 7.31667 31.5221
      vertex 16.2229 10.8398 31.6898
      vertex 12.1672 8.12984 32.0005
    endloop
  endfacet
  facet normal 0.299832 -0.346855 0.888702
    outer loop
      vertex 12.1672 8.12984 32.0005
      vertex 16.2229 10.8398 31.6898
      vertex 15.4792 11.8776 32.3458
    endloop
  endfacet
  facet normal 0.297036 -0.344553 0.890535
    outer loop
      vertex 12.1672 8.12984 32.0005
      vertex 15.4792 11.8776 32.3458
      vertex 11.6094 8.90821 32.4876
    endloop
  endfacet
  facet normal 0.299551 -0.347933 0.888376
    outer loop
      vertex 11.6094 8.90821 32.4876
      vertex 15.4792 11.8776 32.3458
      vertex 14.6692 12.8646 33.0054
    endloop
  endfacet
  facet normal 0.298793 -0.347407 0.888837
    outer loop
      vertex 11.6094 8.90821 32.4876
      vertex 14.6692 12.8646 33.0054
      vertex 11.0019 9.64843 32.9812
    endloop
  endfacet
  facet normal 0.299858 -0.348615 0.888005
    outer loop
      vertex 11.0019 9.64843 32.9812
      vertex 14.6692 12.8646 33.0054
      vertex 13.7964 13.7964 33.666
    endloop
  endfacet
  facet normal 0.301253 -0.349424 0.887214
    outer loop
      vertex 11.0019 9.64843 32.9812
      vertex 13.7964 13.7964 33.666
      vertex 10.3473 10.3473 33.4787
    endloop
  endfacet
  facet normal 0.300739 -0.34893 0.887583
    outer loop
      vertex 10.3473 10.3473 33.4787
      vertex 13.7964 13.7964 33.666
      vertex 12.8646 14.6692 34.3248
    endloop
  endfacet
  facet normal 0.304324 -0.350647 0.885683
    outer loop
      vertex 10.3473 10.3473 33.4787
      vertex 12.8646 14.6692 34.3248
      vertex 9.64843 11.0019 33.978
    endloop
  endfacet
  facet normal 0.302176 -0.348898 0.887108
    outer loop
      vertex 9.64843 11.0019 33.978
      vertex 12.8646 14.6692 34.3248
      vertex 11.8776 15.4792 34.9796
    endloop
  endfacet
  facet normal 0.307921 -0.351119 0.884251
    outer loop
      vertex 9.64843 11.0019 33.978
      vertex 11.8776 15.4792 34.9796
      vertex 8.90821 11.6094 34.477
    endloop
  endfacet
  facet normal 0.30415 -0.348527 0.886579
    outer loop
      vertex 8.90821 11.6094 34.477
      vertex 11.8776 15.4792 34.9796
      vertex 10.8398 16.2229 35.628
    endloop
  endfacet
  facet normal 0.311961 -0.350887 0.882926
    outer loop
      vertex 8.90821 11.6094 34.477
      vertex 10.8398 16.2229 35.628
      vertex 8.12984 12.1672 34.9737
    endloop
  endfacet
  facet normal 0.306635 -0.347823 0.885999
    outer loop
      vertex 8.12984 12.1672 34.9737
      vertex 10.8398 16.2229 35.628
      vertex 9.75556 16.8971 36.2679
    endloop
  endfacet
  facet normal 0.31637 -0.349996 0.88171
    outer loop
      vertex 8.12984 12.1672 34.9737
      vertex 9.75556 16.8971 36.2679
      vertex 7.31667 12.6728 35.4662
    endloop
  endfacet
  facet normal 0.309605 -0.346785 0.885373
    outer loop
      vertex 7.31667 12.6728 35.4662
      vertex 9.75556 16.8971 36.2679
      vertex 8.62954 17.499 36.8974
    endloop
  endfacet
  facet normal 0.32108 -0.348492 0.880602
    outer loop
      vertex 7.31667 12.6728 35.4662
      vertex 8.62954 17.499 36.8974
      vertex 6.47216 13.1242 35.9527
    endloop
  endfacet
  facet normal 0.313032 -0.345409 0.884705
    outer loop
      vertex 6.47216 13.1242 35.9527
      vertex 8.62954 17.499 36.8974
      vertex 7.46658 18.0259 37.5146
    endloop
  endfacet
  facet normal 0.326029 -0.346419 0.879601
    outer loop
      vertex 6.47216 13.1242 35.9527
      vertex 7.46658 18.0259 37.5146
      vertex 5.59993 13.5194 36.4317
    endloop
  endfacet
  facet normal 0.316884 -0.343689 0.884003
    outer loop
      vertex 5.59993 13.5194 36.4317
      vertex 7.46658 18.0259 37.5146
      vertex 6.27164 18.4757 38.1178
    endloop
  endfacet
  facet normal 0.331163 -0.343821 0.878702
    outer loop
      vertex 5.59993 13.5194 36.4317
      vertex 6.27164 18.4757 38.1178
      vertex 4.70373 13.8567 36.9014
    endloop
  endfacet
  facet normal 0.32113 -0.341619 0.883273
    outer loop
      vertex 4.70373 13.8567 36.9014
      vertex 6.27164 18.4757 38.1178
      vertex 5.04985 18.8463 38.7054
    endloop
  endfacet
  facet normal 0.336433 -0.340738 0.877901
    outer loop
      vertex 4.70373 13.8567 36.9014
      vertex 5.04985 18.8463 38.7054
      vertex 3.78739 14.1347 37.3605
    endloop
  endfacet
  facet normal 0.325735 -0.339191 0.882523
    outer loop
      vertex 3.78739 14.1347 37.3605
      vertex 5.04985 18.8463 38.7054
      vertex 3.80643 19.1362 39.2757
    endloop
  endfacet
  facet normal 0.341797 -0.337211 0.877191
    outer loop
      vertex 3.78739 14.1347 37.3605
      vertex 3.80643 19.1362 39.2757
      vertex 2.85482 14.3522 37.8074
    endloop
  endfacet
  facet normal 0.330664 -0.336398 0.881758
    outer loop
      vertex 2.85482 14.3522 37.8074
      vertex 3.80643 19.1362 39.2757
      vertex 2.54671 19.3442 39.8275
    endloop
  endfacet
  facet normal 0.347217 -0.333275 0.876566
    outer loop
      vertex 2.85482 14.3522 37.8074
      vertex 2.54671 19.3442 39.8275
      vertex 1.91003 14.5081 38.241
    endloop
  endfacet
  facet normal 0.33588 -0.333233 0.880988
    outer loop
      vertex 1.91003 14.5081 38.241
      vertex 2.54671 19.3442 39.8275
      vertex 1.27609 19.4693 40.3592
    endloop
  endfacet
  facet normal 0.352663 -0.328967 0.876019
    outer loop
      vertex 1.91003 14.5081 38.241
      vertex 1.27609 19.4693 40.3592
      vertex 0.957066 14.602 38.6599
    endloop
  endfacet
  facet normal 0.341347 -0.329692 0.880219
    outer loop
      vertex 0.957066 14.602 38.6599
      vertex 1.27609 19.4693 40.3592
      vertex 1.19471e-15 19.5111 40.8698
    endloop
  endfacet
  facet normal 0.358107 -0.32432 0.875543
    outer loop
      vertex 0.957066 14.602 38.6599
      vertex 1.19471e-15 19.5111 40.8698
      vertex 8.96033e-16 14.6333 39.0629
    endloop
  endfacet
  facet normal 0.347028 -0.32577 0.879457
    outer loop
      vertex 8.96033e-16 14.6333 39.0629
      vertex 1.19471e-15 19.5111 40.8698
      vertex -1.27609 19.4693 41.3578
    endloop
  endfacet
  facet normal 0.363526 -0.319364 0.875132
    outer loop
      vertex 8.96033e-16 14.6333 39.0629
      vertex -1.27609 19.4693 41.3578
      vertex -0.957066 14.602 39.449
    endloop
  endfacet
  facet normal 0.352886 -0.321465 0.878711
    outer loop
      vertex -0.957066 14.602 39.449
      vertex -1.27609 19.4693 41.3578
      vertex -2.54671 19.3442 41.8223
    endloop
  endfacet
  facet normal 0.368902 -0.314127 0.874777
    outer loop
      vertex -0.957066 14.602 39.449
      vertex -2.54671 19.3442 41.8223
      vertex -1.91003 14.5081 39.8172
    endloop
  endfacet
  facet normal 0.358882 -0.316776 0.877985
    outer loop
      vertex -1.91003 14.5081 39.8172
      vertex -2.54671 19.3442 41.8223
      vertex -3.80643 19.1362 42.2622
    endloop
  endfacet
  facet normal 0.374218 -0.308637 0.874473
    outer loop
      vertex -1.91003 14.5081 39.8172
      vertex -3.80643 19.1362 42.2622
      vertex -2.85482 14.3522 40.1665
    endloop
  endfacet
  facet normal 0.364979 -0.311707 0.877285
    outer loop
      vertex -2.85482 14.3522 40.1665
      vertex -3.80643 19.1362 42.2622
      vertex -5.04985 18.8463 42.6765
    endloop
  endfacet
  facet normal 0.379463 -0.302916 0.874213
    outer loop
      vertex -2.85482 14.3522 40.1665
      vertex -5.04985 18.8463 42.6765
      vertex -3.78739 14.1347 40.4959
    endloop
  endfacet
  facet normal 0.371142 -0.306259 0.876618
    outer loop
      vertex -3.78739 14.1347 40.4959
      vertex -5.04985 18.8463 42.6765
      vertex -6.27164 18.4757 43.0643
    endloop
  endfacet
  facet normal 0.384627 -0.296987 0.873991
    outer loop
      vertex -3.78739 14.1347 40.4959
      vertex -6.27164 18.4757 43.0643
      vertex -4.70373 13.8567 40.8047
    endloop
  endfacet
  facet normal 0.377334 -0.30044 0.875988
    outer loop
      vertex -4.70373 13.8567 40.8047
      vertex -6.27164 18.4757 43.0643
      vertex -7.46658 18.0259 43.4247
    endloop
  endfacet
  facet normal 0.389702 -0.290869 0.873801
    outer loop
      vertex -4.70373 13.8567 40.8047
      vertex -7.46658 18.0259 43.4247
      vertex -5.59993 13.5194 41.0921
    endloop
  endfacet
  facet normal 0.383519 -0.294258 0.8754
    outer loop
      vertex -5.59993 13.5194 41.0921
      vertex -7.46658 18.0259 43.4247
      vertex -8.62954 17.499 43.7571
    endloop
  endfacet
  facet normal 0.394682 -0.284579 0.873637
    outer loop
      vertex -5.59993 13.5194 41.0921
      vertex -8.62954 17.499 43.7571
      vertex -6.47216 13.1242 41.3575
    endloop
  endfacet
  facet normal 0.389665 -0.287723 0.874858
    outer loop
      vertex -6.47216 13.1242 41.3575
      vertex -8.62954 17.499 43.7571
      vertex -9.75556 16.8971 44.0607
    endloop
  endfacet
  facet normal 0.399563 -0.278132 0.873494
    outer loop
      vertex -6.47216 13.1242 41.3575
      vertex -9.75556 16.8971 44.0607
      vertex -7.31667 12.6728 41.6
    endloop
  endfacet
  facet normal 0.395738 -0.280848 0.874366
    outer loop
      vertex -7.31667 12.6728 41.6
      vertex -9.75556 16.8971 44.0607
      vertex -10.8398 16.2229 44.3349
    endloop
  endfacet
  facet normal 0.404341 -0.271542 0.873369
    outer loop
      vertex -7.31667 12.6728 41.6
      vertex -10.8398 16.2229 44.3349
      vertex -8.12984 12.1672 41.8193
    endloop
  endfacet
  facet normal 0.401707 -0.273648 0.873927
    outer loop
      vertex -8.12984 12.1672 41.8193
      vertex -10.8398 16.2229 44.3349
      vertex -11.8776 15.4792 44.5791
    endloop
  endfacet
  facet normal 0.409015 -0.26482 0.873256
    outer loop
      vertex -8.12984 12.1672 41.8193
      vertex -11.8776 15.4792 44.5791
      vertex -8.90821 11.6094 42.0147
    endloop
  endfacet
  facet normal 0.407543 -0.266141 0.873543
    outer loop
      vertex -8.90821 11.6094 42.0147
      vertex -11.8776 15.4792 44.5791
      vertex -12.8646 14.6692 44.7927
    endloop
  endfacet
  facet normal 0.413583 -0.257976 0.873154
    outer loop
      vertex -8.90821 11.6094 42.0147
      vertex -12.8646 14.6692 44.7927
      vertex -9.64843 11.0019 42.1858
    endloop
  endfacet
  facet normal 0.413217 -0.258344 0.873218
    outer loop
      vertex -9.64843 11.0019 42.1858
      vertex -12.8646 14.6692 44.7927
      vertex -13.7964 13.7964 44.9755
    endloop
  endfacet
  facet normal 0.418044 -0.251018 0.873057
    outer loop
      vertex -9.64843 11.0019 42.1858
      vertex -13.7964 13.7964 44.9755
      vertex -10.3473 10.3473 42.3323
    endloop
  endfacet
  facet normal 0.418703 -0.250279 0.872954
    outer loop
      vertex -10.3473 10.3473 42.3323
      vertex -13.7964 13.7964 44.9755
      vertex -14.6692 12.8646 45.1269
    endloop
  endfacet
  facet normal 0.422396 -0.243952 0.872966
    outer loop
      vertex -10.3473 10.3473 42.3323
      vertex -14.6692 12.8646 45.1269
      vertex -11.0019 9.64843 42.4537
    endloop
  endfacet
  facet normal 0.423979 -0.241968 0.87275
    outer loop
      vertex -11.0019 9.64843 42.4537
      vertex -14.6692 12.8646 45.1269
      vertex -15.4792 11.8776 45.2468
    endloop
  endfacet
  facet normal 0.426639 -0.236784 0.872876
    outer loop
      vertex -11.0019 9.64843 42.4537
      vertex -15.4792 11.8776 45.2468
      vertex -11.6094 8.90821 42.5498
    endloop
  endfacet
  facet normal 0.429021 -0.233437 0.87261
    outer loop
      vertex -11.6094 8.90821 42.5498
      vertex -15.4792 11.8776 45.2468
      vertex -16.2229 10.8398 45.3348
    endloop
  endfacet
  facet normal 0.430769 -0.229518 0.872788
    outer loop
      vertex -11.6094 8.90821 42.5498
      vertex -16.2229 10.8398 45.3348
      vertex -12.1672 8.12984 42.6204
    endloop
  endfacet
  facet normal 0.433811 -0.22471 0.872533
    outer loop
      vertex -12.1672 8.12984 42.6204
      vertex -16.2229 10.8398 45.3348
      vertex -16.8971 9.75556 45.3908
    endloop
  endfacet
  facet normal 0.434786 -0.222159 0.872701
    outer loop
      vertex -12.1672 8.12984 42.6204
      vertex -16.8971 9.75556 45.3908
      vertex -12.6728 7.31667 42.6654
    endloop
  endfacet
  facet normal 0.438332 -0.215815 0.872519
    outer loop
      vertex -12.6728 7.31667 42.6654
      vertex -16.8971 9.75556 45.3908
      vertex -17.499 8.62954 45.4146
    endloop
  endfacet
  facet normal 0.438687 -0.214709 0.872613
    outer loop
      vertex -12.6728 7.31667 42.6654
      vertex -17.499 8.62954 45.4146
      vertex -13.1242 6.47216 42.6845
    endloop
  endfacet
  facet normal 0.442569 -0.206779 0.872568
    outer loop
      vertex -13.1242 6.47216 42.6845
      vertex -17.499 8.62954 45.4146
      vertex -18.0259 7.46658 45.4063
    endloop
  endfacet
  facet normal 0.442466 -0.207171 0.872527
    outer loop
      vertex -13.1242 6.47216 42.6845
      vertex -18.0259 7.46658 45.4063
      vertex -13.5194 5.59993 42.6778
    endloop
  endfacet
  facet normal 0.44651 -0.197633 0.87268
    outer loop
      vertex -13.5194 5.59993 42.6778
      vertex -18.0259 7.46658 45.4063
      vertex -18.4757 6.27164 45.3658
    endloop
  endfacet
  facet normal 0.446121 -0.199548 0.872443
    outer loop
      vertex -13.5194 5.59993 42.6778
      vertex -18.4757 6.27164 45.3658
      vertex -13.8567 4.70373 42.6453
    endloop
  endfacet
  facet normal 0.450145 -0.188406 0.872853
    outer loop
      vertex -13.8567 4.70373 42.6453
      vertex -18.4757 6.27164 45.3658
      vertex -18.8463 5.04985 45.2932
    endloop
  endfacet
  facet normal 0.449646 -0.191842 0.872362
    outer loop
      vertex -13.8567 4.70373 42.6453
      vertex -18.8463 5.04985 45.2932
      vertex -14.1347 3.78739 42.5871
    endloop
  endfacet
  facet normal 0.453469 -0.179129 0.873086
    outer loop
      vertex -14.1347 3.78739 42.5871
      vertex -18.8463 5.04985 45.2932
      vertex -19.1362 3.80643 45.1887
    endloop
  endfacet
  facet normal 0.453034 -0.184058 0.872286
    outer loop
      vertex -14.1347 3.78739 42.5871
      vertex -19.1362 3.80643 45.1887
      vertex -14.3522 2.85482 42.5032
    endloop
  endfacet
  facet normal 0.456476 -0.169832 0.873377
    outer loop
      vertex -14.3522 2.85482 42.5032
      vertex -19.1362 3.80643 45.1887
      vertex -19.3442 2.54671 45.0524
    endloop
  endfacet
  facet normal 0.456277 -0.176199 0.872218
    outer loop
      vertex -14.3522 2.85482 42.5032
      vertex -19.3442 2.54671 45.0524
      vertex -14.5081 1.91003 42.394
    endloop
  endfacet
  facet normal 0.459165 -0.160546 0.873723
    outer loop
      vertex -14.5081 1.91003 42.394
      vertex -19.3442 2.54671 45.0524
      vertex -19.4693 1.27609 44.8847
    endloop
  endfacet
  facet normal 0.459368 -0.16827 0.872162
    outer loop
      vertex -14.5081 1.91003 42.394
      vertex -19.4693 1.27609 44.8847
      vertex -14.602 0.957066 42.2595
    endloop
  endfacet
  facet normal 0.461538 -0.151304 0.874122
    outer loop
      vertex -14.602 0.957066 42.2595
      vertex -19.4693 1.27609 44.8847
      vertex -19.5111 2.38942e-15 44.6859
    endloop
  endfacet
  facet normal 0.462297 -0.160277 0.87212
    outer loop
      vertex -14.602 0.957066 42.2595
      vertex -19.5111 2.38942e-15 44.6859
      vertex -14.6333 1.79207e-15 42.1003
    endloop
  endfacet
  facet normal 0.463597 -0.142135 0.874572
    outer loop
      vertex -14.6333 1.79207e-15 42.1003
      vertex -19.5111 2.38942e-15 44.6859
      vertex -19.4693 -1.27609 44.4564
    endloop
  endfacet
  facet normal 0.465054 -0.152229 0.872096
    outer loop
      vertex -14.6333 1.79207e-15 42.1003
      vertex -19.4693 -1.27609 44.4564
      vertex -14.602 -0.957066 41.9165
    endloop
  endfacet
  facet normal 0.465349 -0.133071 0.875067
    outer loop
      vertex -14.602 -0.957066 41.9165
      vertex -19.4693 -1.27609 44.4564
      vertex -19.3442 -2.54671 44.1966
    endloop
  endfacet
  facet normal 0.467628 -0.144134 0.872095
    outer loop
      vertex -14.602 -0.957066 41.9165
      vertex -19.3442 -2.54671 44.1966
      vertex -14.5081 -1.91003 41.7087
    endloop
  endfacet
  facet normal 0.466802 -0.124142 0.875605
    outer loop
      vertex -14.5081 -1.91003 41.7087
      vertex -19.3442 -2.54671 44.1966
      vertex -19.1362 -3.80643 43.9071
    endloop
  endfacet
  facet normal 0.470008 -0.136005 0.872121
    outer loop
      vertex -14.5081 -1.91003 41.7087
      vertex -19.1362 -3.80643 43.9071
      vertex -14.3522 -2.85482 41.4773
    endloop
  endfacet
  facet normal 0.467967 -0.115378 0.876182
    outer loop
      vertex -14.3522 -2.85482 41.4773
      vertex -19.1362 -3.80643 43.9071
      vertex -18.8463 -5.04985 43.5885
    endloop
  endfacet
  facet normal 0.472181 -0.127855 0.87218
    outer loop
      vertex -14.3522 -2.85482 41.4773
      vertex -18.8463 -5.04985 43.5885
      vertex -14.1347 -3.78739 41.2228
    endloop
  endfacet
  facet normal 0.468857 -0.106806 0.876793
    outer loop
      vertex -14.1347 -3.78739 41.2228
      vertex -18.8463 -5.04985 43.5885
      vertex -18.4757 -6.27164 43.2415
    endloop
  endfacet
  facet normal 0.474136 -0.1197 0.872277
    outer loop
      vertex -14.1347 -3.78739 41.2228
      vertex -18.4757 -6.27164 43.2415
      vertex -13.8567 -4.70373 40.946
    endloop
  endfacet
  facet normal 0.469487 -0.0984557 0.877433
    outer loop
      vertex -13.8567 -4.70373 40.946
      vertex -18.4757 -6.27164 43.2415
      vertex -18.0259 -7.46658 42.8668
    endloop
  endfacet
  facet normal 0.475861 -0.11156 0.872417
    outer loop
      vertex -13.8567 -4.70373 40.946
      vertex -18.0259 -7.46658 42.8668
      vertex -13.5194 -5.59993 40.6474
    endloop
  endfacet
  facet normal 0.469874 -0.0903528 0.878097
    outer loop
      vertex -13.5194 -5.59993 40.6474
      vertex -18.0259 -7.46658 42.8668
      vertex -17.499 -8.62954 42.4651
    endloop
  endfacet
  facet normal 0.477342 -0.103458 0.872606
    outer loop
      vertex -13.5194 -5.59993 40.6474
      vertex -17.499 -8.62954 42.4651
      vertex -13.1242 -6.47216 40.3278
    endloop
  endfacet
  facet normal 0.470035 -0.0825232 0.878781
    outer loop
      vertex -13.1242 -6.47216 40.3278
      vertex -17.499 -8.62954 42.4651
      vertex -16.8971 -9.75556 42.0375
    endloop
  endfacet
  facet normal 0.478569 -0.0954174 0.87285
    outer loop
      vertex -13.1242 -6.47216 40.3278
      vertex -16.8971 -9.75556 42.0375
      vertex -12.6728 -7.31667 39.988
    endloop
  endfacet
  facet normal 0.469992 -0.0749913 0.879479
    outer loop
      vertex -12.6728 -7.31667 39.988
      vertex -16.8971 -9.75556 42.0375
      vertex -16.2229 -10.8398 41.5847
    endloop
  endfacet
  facet normal 0.47953 -0.0874683 0.873155
    outer loop
      vertex -12.6728 -7.31667 39.988
      vertex -16.2229 -10.8398 41.5847
      vertex -12.1672 -8.12984 39.6288
    endloop
  endfacet
  facet normal 0.469765 -0.0677802 0.880185
    outer loop
      vertex -12.1672 -8.12984 39.6288
      vertex -16.2229 -10.8398 41.5847
      vertex -15.4792 -11.8776 41.1079
    endloop
  endfacet
  facet normal 0.480215 -0.0796428 0.873527
    outer loop
      vertex -12.1672 -8.12984 39.6288
      vertex -15.4792 -11.8776 41.1079
      vertex -11.6094 -8.90821 39.2512
    endloop
  endfacet
  facet normal 0.469377 -0.0609119 0.880894
    outer loop
      vertex -11.6094 -8.90821 39.2512
      vertex -15.4792 -11.8776 41.1079
      vertex -14.6692 -12.8646 40.6081
    endloop
  endfacet
  facet normal 0.480615 -0.0719773 0.873973
    outer loop
      vertex -11.6094 -8.90821 39.2512
      vertex -14.6692 -12.8646 40.6081
      vertex -11.0019 -9.64843 38.8562
    endloop
  endfacet
  facet normal 0.46885 -0.054407 0.8816
    outer loop
      vertex -11.0019 -9.64843 38.8562
      vertex -14.6692 -12.8646 40.6081
      vertex -13.7964 -13.7964 40.0864
    endloop
  endfacet
  facet normal 0.480723 -0.064512 0.874496
    outer loop
      vertex -11.0019 -9.64843 38.8562
      vertex -13.7964 -13.7964 40.0864
      vertex -10.3473 -10.3473 38.4448
    endloop
  endfacet
  facet normal 0.468208 -0.048285 0.882298
    outer loop
      vertex -10.3473 -10.3473 38.4448
      vertex -13.7964 -13.7964 40.0864
      vertex -12.8646 -14.6692 39.5441
    endloop
  endfacet
  facet normal 0.480531 -0.0572916 0.875105
    outer loop
      vertex -10.3473 -10.3473 38.4448
      vertex -12.8646 -14.6692 39.5441
      vertex -9.64843 -11.0019 38.0182
    endloop
  endfacet
  facet normal 0.467475 -0.0425643 0.882981
    outer loop
      vertex -9.64843 -11.0019 38.0182
      vertex -12.8646 -14.6692 39.5441
      vertex -11.8776 -15.4792 38.9825
    endloop
  endfacet
  facet normal 0.480036 -0.0503649 0.875802
    outer loop
      vertex -9.64843 -11.0019 38.0182
      vertex -11.8776 -15.4792 38.9825
      vertex -8.90821 -11.6094 37.5775
    endloop
  endfacet
  facet normal 0.466672 -0.0372623 0.883645
    outer loop
      vertex -8.90821 -11.6094 37.5775
      vertex -11.8776 -15.4792 38.9825
      vertex -10.8398 -16.2229 38.4031
    endloop
  endfacet
  facet normal 0.479237 -0.0437852 0.876593
    outer loop
      vertex -8.90821 -11.6094 37.5775
      vertex -10.8398 -16.2229 38.4031
      vertex -8.12984 -12.1672 37.1241
    endloop
  endfacet
  facet normal 0.465822 -0.032396 0.884285
    outer loop
      vertex -8.12984 -12.1672 37.1241
      vertex -10.8398 -16.2229 38.4031
      vertex -9.75556 -16.8971 37.8072
    endloop
  endfacet
  facet normal 0.478135 -0.0376105 0.877481
    outer loop
      vertex -8.12984 -12.1672 37.1241
      vertex -9.75556 -16.8971 37.8072
      vertex -7.31667 -12.6728 36.6593
    endloop
  endfacet
  facet normal 0.464947 -0.0279818 0.884896
    outer loop
      vertex -7.31667 -12.6728 36.6593
      vertex -9.75556 -16.8971 37.8072
      vertex -8.62954 -17.499 37.1966
    endloop
  endfacet
  facet normal 0.476733 -0.0319033 0.878469
    outer loop
      vertex -7.31667 -12.6728 36.6593
      vertex -8.62954 -17.499 37.1966
      vertex -6.47216 -13.1242 36.1847
    endloop
  endfacet
  facet normal 0.464066 -0.024036 0.885475
    outer loop
      vertex -6.47216 -13.1242 36.1847
      vertex -8.62954 -17.499 37.1966
      vertex -7.46658 -18.0259 36.5728
    endloop
  endfacet
  facet normal 0.475039 -0.0267307 0.879559
    outer loop
      vertex -6.47216 -13.1242 36.1847
      vertex -7.46658 -18.0259 36.5728
      vertex -5.59993 -13.5194 35.7016
    endloop
  endfacet
  facet normal 0.463194 -0.0205756 0.886018
    outer loop
      vertex -5.59993 -13.5194 35.7016
      vertex -7.46658 -18.0259 36.5728
      vertex -6.27164 -18.4757 35.9376
    endloop
  endfacet
  facet normal 0.473064 -0.0221642 0.880749
    outer loop
      vertex -5.59993 -13.5194 35.7016
      vertex -6.27164 -18.4757 35.9376
      vertex -4.70373 -13.8567 35.2117
    endloop
  endfacet
  facet normal 0.462347 -0.0176185 0.886524
    outer loop
      vertex -4.70373 -13.8567 35.2117
      vertex -6.27164 -18.4757 35.9376
      vertex -5.04985 -18.8463 35.2931
    endloop
  endfacet
  facet normal 0.470822 -0.0182796 0.882039
    outer loop
      vertex -4.70373 -13.8567 35.2117
      vertex -5.04985 -18.8463 35.2931
      vertex -3.78739 -14.1347 34.7168
    endloop
  endfacet
  facet normal 0.461533 -0.0151845 0.886993
    outer loop
      vertex -3.78739 -14.1347 34.7168
      vertex -5.04985 -18.8463 35.2931
      vertex -3.80643 -19.1362 34.6411
    endloop
  endfacet
  facet normal 0.468333 -0.0151563 0.883422
    outer loop
      vertex -3.78739 -14.1347 34.7168
      vertex -3.80643 -19.1362 34.6411
      vertex -2.85482 -14.3522 34.2187
    endloop
  endfacet
  facet normal 0.460757 -0.0132959 0.887427
    outer loop
      vertex -2.85482 -14.3522 34.2187
      vertex -3.80643 -19.1362 34.6411
      vertex -2.54671 -19.3442 33.9839
    endloop
  endfacet
  facet normal 0.465617 -0.0128768 0.884892
    outer loop
      vertex -2.85482 -14.3522 34.2187
      vertex -2.54671 -19.3442 33.9839
      vertex -1.91003 -14.5081 33.7193
    endloop
  endfacet
  facet normal 0.46002 -0.0119792 0.887828
    outer loop
      vertex -1.91003 -14.5081 33.7193
      vertex -2.54671 -19.3442 33.9839
      vertex -1.27609 -19.4693 33.3239
    endloop
  endfacet
  facet normal 0.462704 -0.0115255 0.886438
    outer loop
      vertex -1.91003 -14.5081 33.7193
      vertex -1.27609 -19.4693 33.3239
      vertex -0.957066 -14.602 33.2206
    endloop
  endfacet
  facet normal 0.459312 -0.0112657 0.888204
    outer loop
      vertex -0.957066 -14.602 33.2206
      vertex -1.27609 -19.4693 33.3239
      vertex -3.58413e-15 -19.5111 32.6635
    endloop
  endfacet
  facet normal 0.459622 -0.0111871 0.888044
    outer loop
      vertex -0.957066 -14.602 33.2206
      vertex -3.58413e-15 -19.5111 32.6635
      vertex -2.6881e-15 -14.6333 32.7249
    endloop
  endfacet
  facet normal 0.458618 -0.0111936 0.888563
    outer loop
      vertex -2.6881e-15 -14.6333 32.7249
      vertex -3.58413e-15 -19.5111 32.6635
      vertex 1.27609 -19.4693 32.0054
    endloop
  endfacet
  facet normal 0.456407 -0.0119447 0.889691
    outer loop
      vertex -2.6881e-15 -14.6333 32.7249
      vertex 1.27609 -19.4693 32.0054
      vertex 0.957066 -14.602 32.2344
    endloop
  endfacet
  facet normal 0.457911 -0.0118098 0.888919
    outer loop
      vertex 0.957066 -14.602 32.2344
      vertex 1.27609 -19.4693 32.0054
      vertex 2.54671 -19.3442 31.3525
    endloop
  endfacet
  facet normal 0.453096 -0.0138769 0.891354
    outer loop
      vertex 0.957066 -14.602 32.2344
      vertex 2.54671 -19.3442 31.3525
      vertex 1.91003 -14.5081 31.7514
    endloop
  endfacet
  facet normal 0.457156 -0.013172 0.889289
    outer loop
      vertex 1.91003 -14.5081 31.7514
      vertex 2.54671 -19.3442 31.3525
      vertex 3.80643 -19.1362 30.708
    endloop
  endfacet
  facet normal 0.449726 -0.0170541 0.893004
    outer loop
      vertex 1.91003 -14.5081 31.7514
      vertex 3.80643 -19.1362 30.708
      vertex 2.85482 -14.3522 31.2786
    endloop
  endfacet
  facet normal 0.456301 -0.0153512 0.889693
    outer loop
      vertex 2.85482 -14.3522 31.2786
      vertex 3.80643 -19.1362 30.708
      vertex 5.04985 -18.8463 30.0753
    endloop
  endfacet
  facet normal 0.446336 -0.0215341 0.894606
    outer loop
      vertex 2.85482 -14.3522 31.2786
      vertex 5.04985 -18.8463 30.0753
      vertex 3.78739 -14.1347 30.8185
    endloop
  endfacet
  facet normal 0.455285 -0.0184342 0.890155
    outer loop
      vertex 3.78739 -14.1347 30.8185
      vertex 5.04985 -18.8463 30.0753
      vertex 6.27164 -18.4757 29.458
    endloop
  endfacet
  facet normal 0.442961 -0.0273569 0.896123
    outer loop
      vertex 3.78739 -14.1347 30.8185
      vertex 6.27164 -18.4757 29.458
      vertex 4.70373 -13.8567 30.3741
    endloop
  endfacet
  facet normal 0.454027 -0.0225257 0.890703
    outer loop
      vertex 4.70373 -13.8567 30.3741
      vertex 6.27164 -18.4757 29.458
      vertex 7.46658 -18.0259 28.8603
    endloop
  endfacet
  facet normal 0.439632 -0.0345382 0.897514
    outer loop
      vertex 4.70373 -13.8567 30.3741
      vertex 7.46658 -18.0259 28.8603
      vertex 5.59993 -13.5194 29.9481
    endloop
  endfacet
  facet normal 0.452436 -0.0277504 0.891365
    outer loop
      vertex 5.59993 -13.5194 29.9481
      vertex 7.46658 -18.0259 28.8603
      vertex 8.62954 -17.499 28.2864
    endloop
  endfacet
  facet normal 0.436366 -0.0430633 0.898738
    outer loop
      vertex 5.59993 -13.5194 29.9481
      vertex 8.62954 -17.499 28.2864
      vertex 6.47216 -13.1242 29.5435
    endloop
  endfacet
  facet normal 0.450404 -0.0342519 0.892167
    outer loop
      vertex 6.47216 -13.1242 29.5435
      vertex 8.62954 -17.499 28.2864
      vertex 9.75556 -16.8971 27.7411
    endloop
  endfacet
  facet normal 0.433166 -0.0528814 0.899761
    outer loop
      vertex 6.47216 -13.1242 29.5435
      vertex 9.75556 -16.8971 27.7411
      vertex 7.31667 -12.6728 29.1635
    endloop
  endfacet
  facet normal 0.447816 -0.0421906 0.89313
    outer loop
      vertex 7.31667 -12.6728 29.1635
      vertex 9.75556 -16.8971 27.7411
      vertex 10.8398 -16.2229 27.2293
    endloop
  endfacet
  facet normal 0.430017 -0.0639011 0.900557
    outer loop
      vertex 7.31667 -12.6728 29.1635
      vertex 10.8398 -16.2229 27.2293
      vertex 8.12984 -12.1672 28.811
    endloop
  endfacet
  facet normal 0.444549 -0.0517348 0.894259
    outer loop
      vertex 8.12984 -12.1672 28.811
      vertex 10.8398 -16.2229 27.2293
      vertex 11.8776 -15.4792 26.7564
    endloop
  endfacet
  facet normal 0.426872 -0.0759893 0.901114
    outer loop
      vertex 8.12984 -12.1672 28.811
      vertex 11.8776 -15.4792 26.7564
      vertex 8.90821 -11.6094 28.4894
    endloop
  endfacet
  facet normal 0.440488 -0.0630463 0.895542
    outer loop
      vertex 8.90821 -11.6094 28.4894
      vertex 11.8776 -15.4792 26.7564
      vertex 12.8646 -14.6692 26.3279
    endloop
  endfacet
  facet normal 0.423659 -0.0889743 0.901442
    outer loop
      vertex 8.90821 -11.6094 28.4894
      vertex 12.8646 -14.6692 26.3279
      vertex 9.64843 -11.0019 28.2014
    endloop
  endfacet
  facet normal 0.435536 -0.0762565 0.896936
    outer loop
      vertex 9.64843 -11.0019 28.2014
      vertex 12.8646 -14.6692 26.3279
      vertex 13.7964 -13.7964 25.9496
    endloop
  endfacet
  facet normal 0.420269 -0.102655 0.901574
    outer loop
      vertex 9.64843 -11.0019 28.2014
      vertex 13.7964 -13.7964 25.9496
      vertex 10.3473 -10.3473 27.9502
    endloop
  endfacet
  facet normal 0.429629 -0.0914336 0.898365
    outer loop
      vertex 10.3473 -10.3473 27.9502
      vertex 13.7964 -13.7964 25.9496
      vertex 14.6692 -12.8646 25.6271
    endloop
  endfacet
  facet normal 0.416568 -0.116815 0.901568
    outer loop
      vertex 10.3473 -10.3473 27.9502
      vertex 14.6692 -12.8646 25.6271
      vertex 11.0019 -9.64843 27.7383
    endloop
  endfacet
  facet normal 0.422757 -0.108543 0.899719
    outer loop
      vertex 11.0019 -9.64843 27.7383
      vertex 14.6692 -12.8646 25.6271
      vertex 15.4792 -11.8776 25.3656
    endloop
  endfacet
  facet normal 0.4124 -0.131242 0.9015
    outer loop
      vertex 11.0019 -9.64843 27.7383
      vertex 15.4792 -11.8776 25.3656
      vertex 11.6094 -8.90821 27.5681
    endloop
  endfacet
  facet normal 0.414978 -0.127412 0.900866
    outer loop
      vertex 11.6094 -8.90821 27.5681
      vertex 15.4792 -11.8776 25.3656
      vertex 16.2229 -10.8398 25.1698
    endloop
  endfacet
  facet normal 0.407605 -0.145748 0.901452
    outer loop
      vertex 11.6094 -8.90821 27.5681
      vertex 16.2229 -10.8398 25.1698
      vertex 12.1672 -8.12984 27.4418
    endloop
  endfacet
  facet normal 0.406421 -0.147703 0.901669
    outer loop
      vertex 12.1672 -8.12984 27.4418
      vertex 16.2229 -10.8398 25.1698
      vertex 16.8971 -9.75556 25.0435
    endloop
  endfacet
  facet normal 0.402045 -0.160184 0.901499
    outer loop
      vertex 12.1672 -8.12984 27.4418
      vertex 16.8971 -9.75556 25.0435
      vertex 12.6728 -7.31667 27.3608
    endloop
  endfacet
  facet normal 0.397285 -0.168918 0.902015
    outer loop
      vertex 12.6728 -7.31667 27.3608
      vertex 16.8971 -9.75556 25.0435
      vertex 17.499 -8.62954 24.9893
    endloop
  endfacet
  facet normal 0.395623 -0.174448 0.901693
    outer loop
      vertex 12.6728 -7.31667 27.3608
      vertex 17.499 -8.62954 24.9893
      vertex 13.1242 -6.47216 27.3261
    endloop
  endfacet
  facet normal 0.387819 -0.190439 0.901848
    outer loop
      vertex 13.1242 -6.47216 27.3261
      vertex 17.499 -8.62954 24.9893
      vertex 18.0259 -7.46658 25.0082
    endloop
  endfacet
  facet normal 0.38831 -0.188485 0.902047
    outer loop
      vertex 13.1242 -6.47216 27.3261
      vertex 18.0259 -7.46658 25.0082
      vertex 13.5194 -5.59993 27.3382
    endloop
  endfacet
  facet normal 0.378287 -0.211599 0.901179
    outer loop
      vertex 13.5194 -5.59993 27.3382
      vertex 18.0259 -7.46658 25.0082
      vertex 18.4757 -6.27164 25.1
    endloop
  endfacet
  facet normal 0.380162 -0.20227 0.902532
    outer loop
      vertex 13.5194 -5.59993 27.3382
      vertex 18.4757 -6.27164 25.1
      vertex 13.8567 -4.70373 27.397
    endloop
  endfacet
  facet normal 0.368935 -0.231771 0.900094
    outer loop
      vertex 13.8567 -4.70373 27.397
      vertex 18.4757 -6.27164 25.1
      vertex 18.8463 -5.04985 25.2627
    endloop
  endfacet
  facet normal 0.371322 -0.215791 0.903081
    outer loop
      vertex 13.8567 -4.70373 27.397
      vertex 18.8463 -5.04985 25.2627
      vertex 14.1347 -3.78739 27.5017
    endloop
  endfacet
  facet normal 0.359966 -0.250443 0.898723
    outer loop
      vertex 14.1347 -3.78739 27.5017
      vertex 18.8463 -5.04985 25.2627
      vertex 19.1362 -3.80643 25.4931
    endloop
  endfacet
  facet normal 0.362007 -0.22903 0.903602
    outer loop
      vertex 14.1347 -3.78739 27.5017
      vertex 19.1362 -3.80643 25.4931
      vertex 14.3522 -2.85482 27.6509
    endloop
  endfacet
  facet normal 0.351522 -0.267267 0.897218
    outer loop
      vertex 14.3522 -2.85482 27.6509
      vertex 19.1362 -3.80643 25.4931
      vertex 19.3442 -2.54671 25.7869
    endloop
  endfacet
  facet normal 0.35249 -0.241949 0.903997
    outer loop
      vertex 14.3522 -2.85482 27.6509
      vertex 19.3442 -2.54671 25.7869
      vertex 14.5081 -1.91003 27.843
    endloop
  endfacet
  facet normal 0.343689 -0.282071 0.89572
    outer loop
      vertex 14.5081 -1.91003 27.843
      vertex 19.3442 -2.54671 25.7869
      vertex 19.4693 -1.27609 26.139
    endloop
  endfacet
  facet normal 0.343069 -0.254487 0.904179
    outer loop
      vertex 14.5081 -1.91003 27.843
      vertex 19.4693 -1.27609 26.139
      vertex 14.602 -0.957066 28.0756
    endloop
  endfacet
  facet normal 0.336508 -0.294837 0.894334
    outer loop
      vertex 14.602 -0.957066 28.0756
      vertex 19.4693 -1.27609 26.139
      vertex 19.5111 0 26.544
    endloop
  endfacet
  facet normal 0.334036 -0.266559 0.904083
    outer loop
      vertex 14.602 -0.957066 28.0756
      vertex 19.5111 0 26.544
      vertex 14.6333 0 28.3462
    endloop
  endfacet
  facet normal 0.283345 -0.341932 0.89599
    outer loop
      vertex 19.5111 0 26.544
      vertex 24.3889 0 25.0014
      vertex 24.3367 1.59511 25.6267
    endloop
  endfacet
  facet normal 0.276186 -0.312953 0.908725
    outer loop
      vertex 19.5111 0 26.544
      vertex 24.3367 1.59511 25.6267
      vertex 19.4693 1.27609 26.9961
    endloop
  endfacet
  facet normal 0.274846 -0.351214 0.895047
    outer loop
      vertex 19.4693 1.27609 26.9961
      vertex 24.3367 1.59511 25.6267
      vertex 24.1802 3.18339 26.2979
    endloop
  endfacet
  facet normal 0.266475 -0.326173 0.906974
    outer loop
      vertex 19.4693 1.27609 26.9961
      vertex 24.1802 3.18339 26.2979
      vertex 19.3442 2.54671 27.4898
    endloop
  endfacet
  facet normal 0.267622 -0.358595 0.894309
    outer loop
      vertex 19.3442 2.54671 27.4898
      vertex 24.1802 3.18339 26.2979
      vertex 23.9203 4.75804 27.0071
    endloop
  endfacet
  facet normal 0.258733 -0.337883 0.904927
    outer loop
      vertex 19.3442 2.54671 27.4898
      vertex 23.9203 4.75804 27.0071
      vertex 19.1362 3.80643 28.0197
    endloop
  endfacet
  facet normal 0.261647 -0.364476 0.893699
    outer loop
      vertex 19.1362 3.80643 28.0197
      vertex 23.9203 4.75804 27.0071
      vertex 23.5579 6.31231 27.7471
    endloop
  endfacet
  facet normal 0.252925 -0.348109 0.90269
    outer loop
      vertex 19.1362 3.80643 28.0197
      vertex 23.5579 6.31231 27.7471
      vertex 18.8463 5.04985 28.5804
    endloop
  endfacet
  facet normal 0.256883 -0.369175 0.893152
    outer loop
      vertex 18.8463 5.04985 28.5804
      vertex 23.5579 6.31231 27.7471
      vertex 23.0946 7.83955 28.5116
    endloop
  endfacet
  facet normal 0.248944 -0.356908 0.900358
    outer loop
      vertex 18.8463 5.04985 28.5804
      vertex 23.0946 7.83955 28.5116
      vertex 18.4757 6.27164 29.1672
    endloop
  endfacet
  facet normal 0.253284 -0.372928 0.892621
    outer loop
      vertex 18.4757 6.27164 29.1672
      vertex 23.0946 7.83955 28.5116
      vertex 22.5324 9.33322 29.2952
    endloop
  endfacet
  facet normal 0.246643 -0.364353 0.898006
    outer loop
      vertex 18.4757 6.27164 29.1672
      vertex 22.5324 9.33322 29.2952
      vertex 18.0259 7.46658 29.7756
    endloop
  endfacet
  facet normal 0.250798 -0.375912 0.892071
    outer loop
      vertex 18.0259 7.46658 29.7756
      vertex 22.5324 9.33322 29.2952
      vertex 21.8737 10.7869 30.0929
    endloop
  endfacet
  facet normal 0.245855 -0.37053 0.895691
    outer loop
      vertex 18.0259 7.46658 29.7756
      vertex 21.8737 10.7869 30.0929
      vertex 17.499 8.62954 30.4013
    endloop
  endfacet
  facet normal 0.249368 -0.378255 0.891481
    outer loop
      vertex 17.499 8.62954 30.4013
      vertex 21.8737 10.7869 30.0929
      vertex 21.1214 12.1944 30.9006
    endloop
  endfacet
  facet normal 0.24641 -0.375526 0.893455
    outer loop
      vertex 17.499 8.62954 30.4013
      vertex 21.1214 12.1944 30.9006
      vertex 16.8971 9.75556 31.0405
    endloop
  endfacet
  facet normal 0.248933 -0.380046 0.890841
    outer loop
      vertex 16.8971 9.75556 31.0405
      vertex 21.1214 12.1944 30.9006
      vertex 20.2786 13.5497 31.7143
    endloop
  endfacet
  facet normal 0.248142 -0.379427 0.891325
    outer loop
      vertex 16.8971 9.75556 31.0405
      vertex 20.2786 13.5497 31.7143
      vertex 16.2229 10.8398 31.6898
    endloop
  endfacet
  facet normal 0.249432 -0.381347 0.890145
    outer loop
      vertex 16.2229 10.8398 31.6898
      vertex 20.2786 13.5497 31.7143
      vertex 19.349 14.847 32.5305
    endloop
  endfacet
  facet normal 0.250893 -0.382314 0.889319
    outer loop
      vertex 16.2229 10.8398 31.6898
      vertex 19.349 14.847 32.5305
      vertex 15.4792 11.8776 32.3458
    endloop
  endfacet
  facet normal 0.250802 -0.3822 0.889394
    outer loop
      vertex 15.4792 11.8776 32.3458
      vertex 19.349 14.847 32.5305
      vertex 18.3365 16.0807 33.3462
    endloop
  endfacet
  facet normal 0.254522 -0.384265 0.887445
    outer loop
      vertex 15.4792 11.8776 32.3458
      vertex 18.3365 16.0807 33.3462
      vertex 14.6692 12.8646 33.0054
    endloop
  endfacet
  facet normal 0.252981 -0.382629 0.888592
    outer loop
      vertex 14.6692 12.8646 33.0054
      vertex 18.3365 16.0807 33.3462
      vertex 17.2455 17.2455 34.1584
    endloop
  endfacet
  facet normal 0.258898 -0.38535 0.885708
    outer loop
      vertex 14.6692 12.8646 33.0054
      vertex 17.2455 17.2455 34.1584
      vertex 13.7964 13.7964 33.666
    endloop
  endfacet
  facet normal 0.255909 -0.382651 0.887744
    outer loop
      vertex 13.7964 13.7964 33.666
      vertex 17.2455 17.2455 34.1584
      vertex 16.0807 18.3365 34.9644
    endloop
  endfacet
  facet normal 0.263904 -0.385633 0.884105
    outer loop
      vertex 13.7964 13.7964 33.666
      vertex 16.0807 18.3365 34.9644
      vertex 12.8646 14.6692 34.3248
    endloop
  endfacet
  facet normal 0.259525 -0.382273 0.886856
    outer loop
      vertex 12.8646 14.6692 34.3248
      vertex 16.0807 18.3365 34.9644
      vertex 14.847 19.349 35.7619
    endloop
  endfacet
  facet normal 0.269437 -0.385175 0.882635
    outer loop
      vertex 12.8646 14.6692 34.3248
      vertex 14.847 19.349 35.7619
      vertex 11.8776 15.4792 34.9796
    endloop
  endfacet
  facet normal 0.263772 -0.381496 0.885937
    outer loop
      vertex 11.8776 15.4792 34.9796
      vertex 14.847 19.349 35.7619
      vertex 13.5497 20.2786 36.5484
    endloop
  endfacet
  facet normal 0.275405 -0.38403 0.881291
    outer loop
      vertex 11.8776 15.4792 34.9796
      vertex 13.5497 20.2786 36.5484
      vertex 10.8398 16.2229 35.628
    endloop
  endfacet
  facet normal 0.268593 -0.380319 0.884994
    outer loop
      vertex 10.8398 16.2229 35.628
      vertex 13.5497 20.2786 36.5484
      vertex 12.1944 21.1214 37.3219
    endloop
  endfacet
  facet normal 0.281727 -0.382247 0.880066
    outer loop
      vertex 10.8398 16.2229 35.628
      vertex 12.1944 21.1214 37.3219
      vertex 9.75556 16.8971 36.2679
    endloop
  endfacet
  facet normal 0.273935 -0.378738 0.884034
    outer loop
      vertex 9.75556 16.8971 36.2679
      vertex 12.1944 21.1214 37.3219
      vertex 10.7869 21.8737 38.0804
    endloop
  endfacet
  facet normal 0.288332 -0.379872 0.878955
    outer loop
      vertex 9.75556 16.8971 36.2679
      vertex 10.7869 21.8737 38.0804
      vertex 8.62954 17.499 36.8974
    endloop
  endfacet
  facet normal 0.279744 -0.376748 0.883065
    outer loop
      vertex 8.62954 17.499 36.8974
      vertex 10.7869 21.8737 38.0804
      vertex 9.33322 22.5324 38.8219
    endloop
  endfacet
  facet normal 0.295156 -0.376947 0.877949
    outer loop
      vertex 8.62954 17.499 36.8974
      vertex 9.33322 22.5324 38.8219
      vertex 7.46658 18.0259 37.5146
    endloop
  endfacet
  facet normal 0.285968 -0.374343 0.882094
    outer loop
      vertex 7.46658 18.0259 37.5146
      vertex 9.33322 22.5324 38.8219
      vertex 7.83955 23.0946 39.5447
    endloop
  endfacet
  facet normal 0.302146 -0.37351 0.87704
    outer loop
      vertex 7.46658 18.0259 37.5146
      vertex 7.83955 23.0946 39.5447
      vertex 6.27164 18.4757 38.1178
    endloop
  endfacet
  facet normal 0.29256 -0.371518 0.881126
    outer loop
      vertex 6.27164 18.4757 38.1178
      vertex 7.83955 23.0946 39.5447
      vertex 6.31231 23.5579 40.2472
    endloop
  endfacet
  facet normal 0.309252 -0.369596 0.87622
    outer loop
      vertex 6.27164 18.4757 38.1178
      vertex 6.31231 23.5579 40.2472
      vertex 5.04985 18.8463 38.7054
    endloop
  endfacet
  facet normal 0.299469 -0.368267 0.880169
    outer loop
      vertex 5.04985 18.8463 38.7054
      vertex 6.31231 23.5579 40.2472
      vertex 4.75804 23.9203 40.9276
    endloop
  endfacet
  facet normal 0.316432 -0.365239 0.875483
    outer loop
      vertex 5.04985 18.8463 38.7054
      vertex 4.75804 23.9203 40.9276
      vertex 3.80643 19.1362 39.2757
    endloop
  endfacet
  facet normal 0.30665 -0.364586 0.879228
    outer loop
      vertex 3.80643 19.1362 39.2757
      vertex 4.75804 23.9203 40.9276
      vertex 3.18339 24.1802 41.5846
    endloop
  endfacet
  facet normal 0.323651 -0.360469 0.874821
    outer loop
      vertex 3.80643 19.1362 39.2757
      vertex 3.18339 24.1802 41.5846
      vertex 2.54671 19.3442 39.8275
    endloop
  endfacet
  facet normal 0.314057 -0.360473 0.878309
    outer loop
      vertex 2.54671 19.3442 39.8275
      vertex 3.18339 24.1802 41.5846
      vertex 1.59511 24.3367 42.2167
    endloop
  endfacet
  facet normal 0.330876 -0.355314 0.874227
    outer loop
      vertex 2.54671 19.3442 39.8275
      vertex 1.59511 24.3367 42.2167
      vertex 1.27609 19.4693 40.3592
    endloop
  endfacet
  facet normal 0.321646 -0.355926 0.877417
    outer loop
      vertex 1.27609 19.4693 40.3592
      vertex 1.59511 24.3367 42.2167
      vertex 1.49339e-15 24.3889 42.8227
    endloop
  endfacet
  facet normal 0.338079 -0.3498 0.873695
    outer loop
      vertex 1.27609 19.4693 40.3592
      vertex 1.49339e-15 24.3889 42.8227
      vertex 1.19471e-15 19.5111 40.8698
    endloop
  endfacet
  facet normal 0.329374 -0.350945 0.876556
    outer loop
      vertex 1.19471e-15 19.5111 40.8698
      vertex 1.49339e-15 24.3889 42.8227
      vertex -1.59511 24.3367 43.4011
    endloop
  endfacet
  facet normal 0.345237 -0.34395 0.873218
    outer loop
      vertex 1.19471e-15 19.5111 40.8698
      vertex -1.59511 24.3367 43.4011
      vertex -1.27609 19.4693 41.3578
    endloop
  endfacet
  facet normal 0.3372 -0.345532 0.875731
    outer loop
      vertex -1.27609 19.4693 41.3578
      vertex -1.59511 24.3367 43.4011
      vertex -3.18339 24.1802 43.951
    endloop
  endfacet
  facet normal 0.352329 -0.337788 0.872791
    outer loop
      vertex -1.27609 19.4693 41.3578
      vertex -3.18339 24.1802 43.951
      vertex -2.54671 19.3442 41.8223
    endloop
  endfacet
  facet normal 0.345083 -0.33969 0.874945
    outer loop
      vertex -2.54671 19.3442 41.8223
      vertex -3.18339 24.1802 43.951
      vertex -4.75804 23.9203 44.4711
    endloop
  endfacet
  facet normal 0.359337 -0.331333 0.872407
    outer loop
      vertex -2.54671 19.3442 41.8223
      vertex -4.75804 23.9203 44.4711
      vertex -3.80643 19.1362 42.2622
    endloop
  endfacet
  facet normal 0.352986 -0.333425 0.874202
    outer loop
      vertex -3.80643 19.1362 42.2622
      vertex -4.75804 23.9203 44.4711
      vertex -6.31231 23.5579 44.9605
    endloop
  endfacet
  facet normal 0.366247 -0.324605 0.872064
    outer loop
      vertex -3.80643 19.1362 42.2622
      vertex -6.31231 23.5579 44.9605
      vertex -5.04985 18.8463 42.6765
    endloop
  endfacet
  facet normal 0.36087 -0.326745 0.873505
    outer loop
      vertex -5.04985 18.8463 42.6765
      vertex -6.31231 23.5579 44.9605
      vertex -7.83955 23.0946 45.4181
    endloop
  endfacet
  facet normal 0.373044 -0.31762 0.871754
    outer loop
      vertex -5.04985 18.8463 42.6765
      vertex -7.83955 23.0946 45.4181
      vertex -6.27164 18.4757 43.0643
    endloop
  endfacet
  facet normal 0.368699 -0.319657 0.872857
    outer loop
      vertex -6.27164 18.4757 43.0643
      vertex -7.83955 23.0946 45.4181
      vertex -9.33322 22.5324 45.8432
    endloop
  endfacet
  facet normal 0.379719 -0.310394 0.871475
    outer loop
      vertex -6.27164 18.4757 43.0643
      vertex -9.33322 22.5324 45.8432
      vertex -7.46658 18.0259 43.4247
    endloop
  endfacet
  facet normal 0.37644 -0.312174 0.872262
    outer loop
      vertex -7.46658 18.0259 43.4247
      vertex -9.33322 22.5324 45.8432
      vertex -10.7869 21.8737 46.2348
    endloop
  endfacet
  facet normal 0.38626 -0.302942 0.871223
    outer loop
      vertex -7.46658 18.0259 43.4247
      vertex -10.7869 21.8737 46.2348
      vertex -8.62954 17.499 43.7571
    endloop
  endfacet
  facet normal 0.384059 -0.304309 0.87172
    outer loop
      vertex -8.62954 17.499 43.7571
      vertex -10.7869 21.8737 46.2348
      vertex -12.1944 21.1214 46.5923
    endloop
  endfacet
  facet normal 0.39266 -0.295276 0.870994
    outer loop
      vertex -8.62954 17.499 43.7571
      vertex -12.1944 21.1214 46.5923
      vertex -9.75556 16.8971 44.0607
    endloop
  endfacet
  facet normal 0.391525 -0.296075 0.871234
    outer loop
      vertex -9.75556 16.8971 44.0607
      vertex -12.1944 21.1214 46.5923
      vertex -13.5497 20.2786 46.9149
    endloop
  endfacet
  facet normal 0.398912 -0.287408 0.870785
    outer loop
      vertex -9.75556 16.8971 44.0607
      vertex -13.5497 20.2786 46.9149
      vertex -10.8398 16.2229 44.3349
    endloop
  endfacet
  facet normal 0.398808 -0.28749 0.870805
    outer loop
      vertex -10.8398 16.2229 44.3349
      vertex -13.5497 20.2786 46.9149
      vertex -14.847 19.349 47.2022
    endloop
  endfacet
  facet normal 0.405008 -0.279348 0.870594
    outer loop
      vertex -10.8398 16.2229 44.3349
      vertex -14.847 19.349 47.2022
      vertex -11.8776 15.4792 44.5791
    endloop
  endfacet
  facet normal 0.405881 -0.278572 0.870436
    outer loop
      vertex -11.8776 15.4792 44.5791
      vertex -14.847 19.349 47.2022
      vertex -16.0807 18.3365 47.4534
    endloop
  endfacet
  facet normal 0.410942 -0.271108 0.870418
    outer loop
      vertex -11.8776 15.4792 44.5791
      vertex -16.0807 18.3365 47.4534
      vertex -12.8646 14.6692 44.7927
    endloop
  endfacet
  facet normal 0.412717 -0.26934 0.870127
    outer loop
      vertex -12.8646 14.6692 44.7927
      vertex -16.0807 18.3365 47.4534
      vertex -17.2455 17.2455 47.6682
    endloop
  endfacet
  facet normal 0.41671 -0.262694 0.870255
    outer loop
      vertex -12.8646 14.6692 44.7927
      vertex -17.2455 17.2455 47.6682
      vertex -13.7964 13.7964 44.9755
    endloop
  endfacet
  facet normal 0.419294 -0.259816 0.869878
    outer loop
      vertex -13.7964 13.7964 44.9755
      vertex -17.2455 17.2455 47.6682
      vertex -18.3365 16.0807 47.8461
    endloop
  endfacet
  facet normal 0.422306 -0.254115 0.870105
    outer loop
      vertex -13.7964 13.7964 44.9755
      vertex -18.3365 16.0807 47.8461
      vertex -14.6692 12.8646 45.1269
    endloop
  endfacet
  facet normal 0.425588 -0.250022 0.869692
    outer loop
      vertex -14.6692 12.8646 45.1269
      vertex -18.3365 16.0807 47.8461
      vertex -19.349 14.847 47.9869
    endloop
  endfacet
  facet normal 0.427723 -0.245379 0.869967
    outer loop
      vertex -14.6692 12.8646 45.1269
      vertex -19.349 14.847 47.9869
      vertex -15.4792 11.8776 45.2468
    endloop
  endfacet
  facet normal 0.43158 -0.239983 0.869567
    outer loop
      vertex -15.4792 11.8776 45.2468
      vertex -19.349 14.847 47.9869
      vertex -20.2786 13.5497 48.0903
    endloop
  endfacet
  facet normal 0.432958 -0.236493 0.869838
    outer loop
      vertex -15.4792 11.8776 45.2468
      vertex -20.2786 13.5497 48.0903
      vertex -16.2229 10.8398 45.3348
    endloop
  endfacet
  facet normal 0.437253 -0.229724 0.869504
    outer loop
      vertex -16.2229 10.8398 45.3348
      vertex -20.2786 13.5497 48.0903
      vertex -21.1214 12.1944 48.156
    endloop
  endfacet
  facet normal 0.438003 -0.227462 0.869721
    outer loop
      vertex -16.2229 10.8398 45.3348
      vertex -21.1214 12.1944 48.156
      vertex -16.8971 9.75556 45.3908
    endloop
  endfacet
  facet normal 0.44259 -0.21927 0.869503
    outer loop
      vertex -16.8971 9.75556 45.3908
      vertex -21.1214 12.1944 48.156
      vertex -21.8737 10.7869 48.184
    endloop
  endfacet
  facet normal 0.442855 -0.218294 0.869613
    outer loop
      vertex -16.8971 9.75556 45.3908
      vertex -21.8737 10.7869 48.184
      vertex -17.499 8.62954 45.4146
    endloop
  endfacet
  facet normal 0.447578 -0.20865 0.869563
    outer loop
      vertex -17.499 8.62954 45.4146
      vertex -21.8737 10.7869 48.184
      vertex -22.5324 9.33322 48.1743
    endloop
  endfacet
  facet normal 0.447505 -0.208994 0.869517
    outer loop
      vertex -17.499 8.62954 45.4146
      vertex -22.5324 9.33322 48.1743
      vertex -18.0259 7.46658 45.4063
    endloop
  endfacet
  facet normal 0.452206 -0.197891 0.869683
    outer loop
      vertex -18.0259 7.46658 45.4063
      vertex -22.5324 9.33322 48.1743
      vertex -23.0946 7.83955 48.1267
    endloop
  endfacet
  facet normal 0.451949 -0.19957 0.869433
    outer loop
      vertex -18.0259 7.46658 45.4063
      vertex -23.0946 7.83955 48.1267
      vertex -18.4757 6.27164 45.3658
    endloop
  endfacet
  facet normal 0.456466 -0.187021 0.869863
    outer loop
      vertex -18.4757 6.27164 45.3658
      vertex -23.0946 7.83955 48.1267
      vertex -23.5579 6.31231 48.0414
    endloop
  endfacet
  facet normal 0.456178 -0.190029 0.869362
    outer loop
      vertex -18.4757 6.27164 45.3658
      vertex -23.5579 6.31231 48.0414
      vertex -18.8463 5.04985 45.2932
    endloop
  endfacet
  facet normal 0.46035 -0.17607 0.870102
    outer loop
      vertex -18.8463 5.04985 45.2932
      vertex -23.5579 6.31231 48.0414
      vertex -23.9203 4.75804 47.9187
    endloop
  endfacet
  facet normal 0.460186 -0.180377 0.869306
    outer loop
      vertex -18.8463 5.04985 45.2932
      vertex -23.9203 4.75804 47.9187
      vertex -19.1362 3.80643 45.1887
    endloop
  endfacet
  facet normal 0.463854 -0.165067 0.870398
    outer loop
      vertex -19.1362 3.80643 45.1887
      vertex -23.9203 4.75804 47.9187
      vertex -24.1802 3.18339 47.7586
    endloop
  endfacet
  facet normal 0.463964 -0.170623 0.869267
    outer loop
      vertex -19.1362 3.80643 45.1887
      vertex -24.1802 3.18339 47.7586
      vertex -19.3442 2.54671 45.0524
    endloop
  endfacet
  facet normal 0.466977 -0.154042 0.870749
    outer loop
      vertex -19.3442 2.54671 45.0524
      vertex -24.1802 3.18339 47.7586
      vertex -24.3367 1.59511 47.5615
    endloop
  endfacet
  facet normal 0.467505 -0.160777 0.869247
    outer loop
      vertex -19.3442 2.54671 45.0524
      vertex -24.3367 1.59511 47.5615
      vertex -19.4693 1.27609 44.8847
    endloop
  endfacet
  facet normal 0.469718 -0.143025 0.871154
    outer loop
      vertex -19.4693 1.27609 44.8847
      vertex -24.3367 1.59511 47.5615
      vertex -24.3889 2.98678e-15 47.3278
    endloop
  endfacet
  facet normal 0.4708 -0.150848 0.869248
    outer loop
      vertex -19.4693 1.27609 44.8847
      vertex -24.3889 2.98678e-15 47.3278
      vertex -19.5111 2.38942e-15 44.6859
    endloop
  endfacet
  facet normal 0.47208 -0.132046 0.87161
    outer loop
      vertex -19.5111 2.38942e-15 44.6859
      vertex -24.3889 2.98678e-15 47.3278
      vertex -24.3367 -1.59511 47.0578
    endloop
  endfacet
  facet normal 0.473841 -0.140847 0.869274
    outer loop
      vertex -19.5111 2.38942e-15 44.6859
      vertex -24.3367 -1.59511 47.0578
      vertex -19.4693 -1.27609 44.4564
    endloop
  endfacet
  facet normal 0.474068 -0.121135 0.872116
    outer loop
      vertex -19.4693 -1.27609 44.4564
      vertex -24.3367 -1.59511 47.0578
      vertex -24.1802 -3.18339 46.7522
    endloop
  endfacet
  facet normal 0.476617 -0.130788 0.869328
    outer loop
      vertex -19.4693 -1.27609 44.4564
      vertex -24.1802 -3.18339 46.7522
      vertex -19.3442 -2.54671 44.1966
    endloop
  endfacet
  facet normal 0.475688 -0.110321 0.872669
    outer loop
      vertex -19.3442 -2.54671 44.1966
      vertex -24.1802 -3.18339 46.7522
      vertex -23.9203 -4.75804 46.4114
    endloop
  endfacet
  facet normal 0.479121 -0.120686 0.869413
    outer loop
      vertex -19.3442 -2.54671 44.1966
      vertex -23.9203 -4.75804 46.4114
      vertex -19.1362 -3.80643 43.9071
    endloop
  endfacet
  facet normal 0.47695 -0.0996335 0.873265
    outer loop
      vertex -19.1362 -3.80643 43.9071
      vertex -23.9203 -4.75804 46.4114
      vertex -23.5579 -6.31231 46.0362
    endloop
  endfacet
  facet normal 0.481342 -0.110556 0.869533
    outer loop
      vertex -19.1362 -3.80643 43.9071
      vertex -23.5579 -6.31231 46.0362
      vertex -18.8463 -5.04985 43.5885
    endloop
  endfacet
  facet normal 0.477864 -0.0891015 0.873903
    outer loop
      vertex -18.8463 -5.04985 43.5885
      vertex -23.5579 -6.31231 46.0362
      vertex -23.0946 -7.83955 45.6271
    endloop
  endfacet
  facet normal 0.483273 -0.100416 0.869692
    outer loop
      vertex -18.8463 -5.04985 43.5885
      vertex -23.0946 -7.83955 45.6271
      vertex -18.4757 -6.27164 43.2415
    endloop
  endfacet
  facet normal 0.478444 -0.0787533 0.874579
    outer loop
      vertex -18.4757 -6.27164 43.2415
      vertex -23.0946 -7.83955 45.6271
      vertex -22.5324 -9.33322 45.1851
    endloop
  endfacet
  facet normal 0.484905 -0.0902887 0.869894
    outer loop
      vertex -18.4757 -6.27164 43.2415
      vertex -22.5324 -9.33322 45.1851
      vertex -18.0259 -7.46658 42.8668
    endloop
  endfacet
  facet normal 0.478705 -0.0686168 0.875291
    outer loop
      vertex -18.0259 -7.46658 42.8668
      vertex -22.5324 -9.33322 45.1851
      vertex -21.8737 -10.7869 44.7109
    endloop
  endfacet
  facet normal 0.486229 -0.0801954 0.870144
    outer loop
      vertex -18.0259 -7.46658 42.8668
      vertex -21.8737 -10.7869 44.7109
      vertex -17.499 -8.62954 42.4651
    endloop
  endfacet
  facet normal 0.478662 -0.0587193 0.876034
    outer loop
      vertex -17.499 -8.62954 42.4651
      vertex -21.8737 -10.7869 44.7109
      vertex -21.1214 -12.1944 44.2055
    endloop
  endfacet
  facet normal 0.487239 -0.0701621 0.870446
    outer loop
      vertex -17.499 -8.62954 42.4651
      vertex -21.1214 -12.1944 44.2055
      vertex -16.8971 -9.75556 42.0375
    endloop
  endfacet
  facet normal 0.478335 -0.0490876 0.876805
    outer loop
      vertex -16.8971 -9.75556 42.0375
      vertex -21.1214 -12.1944 44.2055
      vertex -20.2786 -13.5497 43.6698
    endloop
  endfacet
  facet normal 0.487926 -0.0602171 0.870805
    outer loop
      vertex -16.8971 -9.75556 42.0375
      vertex -20.2786 -13.5497 43.6698
      vertex -16.2229 -10.8398 41.5847
    endloop
  endfacet
  facet normal 0.477743 -0.039748 0.8776
    outer loop
      vertex -16.2229 -10.8398 41.5847
      vertex -20.2786 -13.5497 43.6698
      vertex -19.349 -14.847 43.105
    endloop
  endfacet
  facet normal 0.488287 -0.0503918 0.871227
    outer loop
      vertex -16.2229 -10.8398 41.5847
      vertex -19.349 -14.847 43.105
      vertex -15.4792 -11.8776 41.1079
    endloop
  endfacet
  facet normal 0.476907 -0.0307261 0.878416
    outer loop
      vertex -15.4792 -11.8776 41.1079
      vertex -19.349 -14.847 43.105
      vertex -18.3365 -16.0807 42.5122
    endloop
  endfacet
  facet normal 0.488316 -0.0407207 0.871716
    outer loop
      vertex -15.4792 -11.8776 41.1079
      vertex -18.3365 -16.0807 42.5122
      vertex -14.6692 -12.8646 40.6081
    endloop
  endfacet
  facet normal 0.475851 -0.0220472 0.879249
    outer loop
      vertex -14.6692 -12.8646 40.6081
      vertex -18.3365 -16.0807 42.5122
      vertex -17.2455 -17.2455 41.8925
    endloop
  endfacet
  facet normal 0.488011 -0.031242 0.872278
    outer loop
      vertex -14.6692 -12.8646 40.6081
      vertex -17.2455 -17.2455 41.8925
      vertex -13.7964 -13.7964 40.0864
    endloop
  endfacet
  facet normal 0.474599 -0.0137362 0.880095
    outer loop
      vertex -13.7964 -13.7964 40.0864
      vertex -17.2455 -17.2455 41.8925
      vertex -16.0807 -18.3365 41.2473
    endloop
  endfacet
  facet normal 0.487371 -0.0219975 0.872918
    outer loop
      vertex -13.7964 -13.7964 40.0864
      vertex -16.0807 -18.3365 41.2473
      vertex -12.8646 -14.6692 39.5441
    endloop
  endfacet
  facet normal 0.473175 -0.00581788 0.880949
    outer loop
      vertex -12.8646 -14.6692 39.5441
      vertex -16.0807 -18.3365 41.2473
      vertex -14.847 -19.349 40.578
    endloop
  endfacet
  facet normal 0.486396 -0.0130331 0.873641
    outer loop
      vertex -12.8646 -14.6692 39.5441
      vertex -14.847 -19.349 40.578
      vertex -11.8776 -15.4792 38.9825
    endloop
  endfacet
  facet normal 0.471606 0.00168298 0.881808
    outer loop
      vertex -11.8776 -15.4792 38.9825
      vertex -14.847 -19.349 40.578
      vertex -13.5497 -20.2786 39.886
    endloop
  endfacet
  facet normal 0.485089 -0.00439913 0.874454
    outer loop
      vertex -11.8776 -15.4792 38.9825
      vertex -13.5497 -20.2786 39.886
      vertex -10.8398 -16.2229 38.4031
    endloop
  endfacet
  facet normal 0.469917 0.00874138 0.882667
    outer loop
      vertex -10.8398 -16.2229 38.4031
      vertex -13.5497 -20.2786 39.886
      vertex -12.1944 -21.1214 39.1728
    endloop
  endfacet
  facet normal 0.483456 0.00384914 0.87536
    outer loop
      vertex -10.8398 -16.2229 38.4031
      vertex -12.1944 -21.1214 39.1728
      vertex -9.75556 -16.8971 37.8072
    endloop
  endfacet
  facet normal 0.468138 0.0153317 0.883522
    outer loop
      vertex -9.75556 -16.8971 37.8072
      vertex -12.1944 -21.1214 39.1728
      vertex -10.7869 -21.8737 38.4401
    endloop
  endfacet
  facet normal 0.481505 0.0116514 0.876366
    outer loop
      vertex -9.75556 -16.8971 37.8072
      vertex -10.7869 -21.8737 38.4401
      vertex -8.62954 -17.499 37.1966
    endloop
  endfacet
  facet normal 0.466295 0.0214274 0.88437
    outer loop
      vertex -8.62954 -17.499 37.1966
      vertex -10.7869 -21.8737 38.4401
      vertex -9.33322 -22.5324 37.6895
    endloop
  endfacet
  facet normal 0.479248 0.0189414 0.877475
    outer loop
      vertex -8.62954 -17.499 37.1966
      vertex -9.33322 -22.5324 37.6895
      vertex -7.46658 -18.0259 36.5728
    endloop
  endfacet
  facet normal 0.464416 0.0270005 0.885205
    outer loop
      vertex -7.46658 -18.0259 36.5728
      vertex -9.33322 -22.5324 37.6895
      vertex -7.83955 -23.0946 36.923
    endloop
  endfacet
  facet normal 0.476698 0.0256467 0.878693
    outer loop
      vertex -7.46658 -18.0259 36.5728
      vertex -7.83955 -23.0946 36.923
      vertex -6.27164 -18.4757 35.9376
    endloop
  endfacet
  facet normal 0.462529 0.0320209 0.886026
    outer loop
      vertex -6.27164 -18.4757 35.9376
      vertex -7.83955 -23.0946 36.923
      vertex -6.31231 -23.5579 36.1425
    endloop
  endfacet
  facet normal 0.473874 0.0316881 0.880023
    outer loop
      vertex -6.27164 -18.4757 35.9376
      vertex -6.31231 -23.5579 36.1425
      vertex -5.04985 -18.8463 35.2931
    endloop
  endfacet
  facet normal 0.46066 0.0364557 0.886828
    outer loop
      vertex -5.04985 -18.8463 35.2931
      vertex -6.31231 -23.5579 36.1425
      vertex -4.75804 -23.9203 35.3501
    endloop
  endfacet
  facet normal 0.470797 0.0369785 0.881466
    outer loop
      vertex -5.04985 -18.8463 35.2931
      vertex -4.75804 -23.9203 35.3501
      vertex -3.80643 -19.1362 34.6411
    endloop
  endfacet
  facet normal 0.458834 0.0402685 0.887609
    outer loop
      vertex -3.80643 -19.1362 34.6411
      vertex -4.75804 -23.9203 35.3501
      vertex -3.18339 -24.1802 34.5479
    endloop
  endfacet
  facet normal 0.467495 0.041423 0.883025
    outer loop
      vertex -3.80643 -19.1362 34.6411
      vertex -3.18339 -24.1802 34.5479
      vertex -2.54671 -19.3442 33.9839
    endloop
  endfacet
  facet normal 0.457076 0.0434178 0.888367
    outer loop
      vertex -2.54671 -19.3442 33.9839
      vertex -3.18339 -24.1802 34.5479
      vertex -1.59511 -24.3367 33.7383
    endloop
  endfacet
  facet normal 0.463997 0.0449176 0.884697
    outer loop
      vertex -2.54671 -19.3442 33.9839
      vertex -1.59511 -24.3367 33.7383
      vertex -1.27609 -19.4693 33.3239
    endloop
  endfacet
  facet normal 0.455405 0.0458559 0.889103
    outer loop
      vertex -1.27609 -19.4693 33.3239
      vertex -1.59511 -24.3367 33.7383
      vertex -4.48017e-15 -24.3889 32.924
    endloop
  endfacet
  facet normal 0.460339 0.047349 0.88648
    outer loop
      vertex -1.27609 -19.4693 33.3239
      vertex -4.48017e-15 -24.3889 32.924
      vertex -3.58413e-15 -19.5111 32.6635
    endloop
  endfacet
  facet normal 0.453837 0.0475272 0.889817
    outer loop
      vertex -3.58413e-15 -19.5111 32.6635
      vertex -4.48017e-15 -24.3889 32.924
      vertex 1.59511 -24.3367 32.1076
    endloop
  endfacet
  facet normal 0.456559 0.0485941 0.888365
    outer loop
      vertex -3.58413e-15 -19.5111 32.6635
      vertex 1.59511 -24.3367 32.1076
      vertex 1.27609 -19.4693 32.0054
    endloop
  endfacet
  facet normal 0.452381 0.0483654 0.890513
    outer loop
      vertex 1.27609 -19.4693 32.0054
      vertex 1.59511 -24.3367 32.1076
      vertex 3.18339 -24.1802 31.2923
    endloop
  endfacet
  facet normal 0.4527 0.0485207 0.890342
    outer loop
      vertex 1.27609 -19.4693 32.0054
      vertex 3.18339 -24.1802 31.2923
      vertex 2.54671 -19.3442 31.3525
    endloop
  endfacet
  facet normal 0.451038 0.0482911 0.891198
    outer loop
      vertex 2.54671 -19.3442 31.3525
      vertex 3.18339 -24.1802 31.2923
      vertex 4.75804 -23.9203 30.4813
    endloop
  endfacet
  facet normal 0.44881 0.0469877 0.892391
    outer loop
      vertex 2.54671 -19.3442 31.3525
      vertex 4.75804 -23.9203 30.4813
      vertex 3.80643 -19.1362 30.708
    endloop
  endfacet
  facet normal 0.449796 0.0472078 0.891883
    outer loop
      vertex 3.80643 -19.1362 30.708
      vertex 4.75804 -23.9203 30.4813
      vertex 6.31231 -23.5579 29.6782
    endloop
  endfacet
  facet normal 0.444938 0.0438478 0.894487
    outer loop
      vertex 3.80643 -19.1362 30.708
      vertex 6.31231 -23.5579 29.6782
      vertex 5.04985 -18.8463 30.0753
    endloop
  endfacet
  facet normal 0.448629 0.0449973 0.892585
    outer loop
      vertex 5.04985 -18.8463 30.0753
      vertex 6.31231 -23.5579 29.6782
      vertex 7.83955 -23.0946 28.8873
    endloop
  endfacet
  facet normal 0.441131 0.0389515 0.896597
    outer loop
      vertex 5.04985 -18.8463 30.0753
      vertex 7.83955 -23.0946 28.8873
      vertex 6.27164 -18.4757 29.458
    endloop
  endfacet
  facet normal 0.447488 0.0415134 0.893326
    outer loop
      vertex 6.27164 -18.4757 29.458
      vertex 7.83955 -23.0946 28.8873
      vertex 9.33322 -22.5324 28.1129
    endloop
  endfacet
  facet normal 0.437435 0.0321533 0.898675
    outer loop
      vertex 6.27164 -18.4757 29.458
      vertex 9.33322 -22.5324 28.1129
      vertex 7.46658 -18.0259 28.8603
    endloop
  endfacet
  facet normal 0.446295 0.0365755 0.894138
    outer loop
      vertex 7.46658 -18.0259 28.8603
      vertex 9.33322 -22.5324 28.1129
      vertex 10.7869 -21.8737 27.3604
    endloop
  endfacet
  facet normal 0.433885 0.0233223 0.900666
    outer loop
      vertex 7.46658 -18.0259 28.8603
      vertex 10.7869 -21.8737 27.3604
      vertex 8.62954 -17.499 28.2864
    endloop
  endfacet
  facet normal 0.444938 0.0299599 0.89506
    outer loop
      vertex 8.62954 -17.499 28.2864
      vertex 10.7869 -21.8737 27.3604
      vertex 12.1944 -21.1214 26.6355
    endloop
  endfacet
  facet normal 0.430499 0.0123563 0.902506
    outer loop
      vertex 8.62954 -17.499 28.2864
      vertex 12.1944 -21.1214 26.6355
      vertex 9.75556 -16.8971 27.7411
    endloop
  endfacet
  facet normal 0.443263 0.0213926 0.896136
    outer loop
      vertex 9.75556 -16.8971 27.7411
      vertex 12.1944 -21.1214 26.6355
      vertex 13.5497 -20.2786 25.945
    endloop
  endfacet
  facet normal 0.427267 -0.000798933 0.904125
    outer loop
      vertex 9.75556 -16.8971 27.7411
      vertex 13.5497 -20.2786 25.945
      vertex 10.8398 -16.2229 27.2293
    endloop
  endfacet
  facet normal 0.441063 0.0105442 0.897414
    outer loop
      vertex 10.8398 -16.2229 27.2293
      vertex 13.5497 -20.2786 25.945
      vertex 14.847 -19.349 25.2965
    endloop
  endfacet
  facet normal 0.424135 -0.016127 0.905456
    outer loop
      vertex 10.8398 -16.2229 27.2293
      vertex 14.847 -19.349 25.2965
      vertex 11.8776 -15.4792 26.7564
    endloop
  endfacet
  facet normal 0.438079 -0.00296635 0.898932
    outer loop
      vertex 11.8776 -15.4792 26.7564
      vertex 14.847 -19.349 25.2965
      vertex 16.0807 -18.3365 24.6986
    endloop
  endfacet
  facet normal 0.420988 -0.0335177 0.906447
    outer loop
      vertex 11.8776 -15.4792 26.7564
      vertex 16.0807 -18.3365 24.6986
      vertex 12.8646 -14.6692 26.3279
    endloop
  endfacet
  facet normal 0.434005 -0.0195489 0.900698
    outer loop
      vertex 12.8646 -14.6692 26.3279
      vertex 16.0807 -18.3365 24.6986
      vertex 17.2455 -17.2455 24.161
    endloop
  endfacet
  facet normal 0.417638 -0.0527494 0.907081
    outer loop
      vertex 12.8646 -14.6692 26.3279
      vertex 17.2455 -17.2455 24.161
      vertex 13.7964 -13.7964 25.9496
    endloop
  endfacet
  facet normal 0.428512 -0.039587 0.902669
    outer loop
      vertex 13.7964 -13.7964 25.9496
      vertex 17.2455 -17.2455 24.161
      vertex 18.3365 -16.0807 23.6942
    endloop
  endfacet
  facet normal 0.413804 -0.073486 0.907395
    outer loop
      vertex 13.7964 -13.7964 25.9496
      vertex 18.3365 -16.0807 23.6942
      vertex 14.6692 -12.8646 25.6271
    endloop
  endfacet
  facet normal 0.421292 -0.0633338 0.904711
    outer loop
      vertex 14.6692 -12.8646 25.6271
      vertex 18.3365 -16.0807 23.6942
      vertex 19.349 -14.847 23.3091
    endloop
  endfacet
  facet normal 0.409127 -0.0952987 0.907487
    outer loop
      vertex 14.6692 -12.8646 25.6271
      vertex 19.349 -14.847 23.3091
      vertex 15.4792 -11.8776 25.3656
    endloop
  endfacet
  facet normal 0.412135 -0.0907583 0.906591
    outer loop
      vertex 15.4792 -11.8776 25.3656
      vertex 19.349 -14.847 23.3091
      vertex 20.2786 -13.5497 23.0164
    endloop
  endfacet
  facet normal 0.403194 -0.117714 0.907512
    outer loop
      vertex 15.4792 -11.8776 25.3656
      vertex 20.2786 -13.5497 23.0164
      vertex 16.2229 -10.8398 25.1698
    endloop
  endfacet
  facet normal 0.401007 -0.121374 0.907999
    outer loop
      vertex 16.2229 -10.8398 25.1698
      vertex 20.2786 -13.5497 23.0164
      vertex 21.1214 -12.1944 22.8253
    endloop
  endfacet
  facet normal 0.395607 -0.140283 0.907643
    outer loop
      vertex 16.2229 -10.8398 25.1698
      vertex 21.1214 -12.1944 22.8253
      vertex 16.8971 -9.75556 25.0435
    endloop
  endfacet
  facet normal 0.388124 -0.154139 0.908626
    outer loop
      vertex 16.8971 -9.75556 25.0435
      vertex 21.1214 -12.1944 22.8253
      vertex 21.8737 -10.7869 22.7427
    endloop
  endfacet
  facet normal 0.386079 -0.162639 0.908015
    outer loop
      vertex 16.8971 -9.75556 25.0435
      vertex 21.8737 -10.7869 22.7427
      vertex 17.499 -8.62954 24.9893
    endloop
  endfacet
  facet normal 0.37395 -0.187526 0.908293
    outer loop
      vertex 17.499 -8.62954 24.9893
      vertex 21.8737 -10.7869 22.7427
      vertex 22.5324 -9.33322 22.7717
    endloop
  endfacet
  facet normal 0.374533 -0.18453 0.908666
    outer loop
      vertex 17.499 -8.62954 24.9893
      vertex 22.5324 -9.33322 22.7717
      vertex 18.0259 -7.46658 25.0082
    endloop
  endfacet
  facet normal 0.359112 -0.219812 0.90704
    outer loop
      vertex 18.0259 -7.46658 25.0082
      vertex 22.5324 -9.33322 22.7717
      vertex 23.0946 -7.83955 22.9111
    endloop
  endfacet
  facet normal 0.361165 -0.205795 0.90951
    outer loop
      vertex 18.0259 -7.46658 25.0082
      vertex 23.0946 -7.83955 22.9111
      vertex 18.4757 -6.27164 25.1
    endloop
  endfacet
  facet normal 0.344258 -0.249478 0.905123
    outer loop
      vertex 18.4757 -6.27164 25.1
      vertex 23.0946 -7.83955 22.9111
      vertex 23.5579 -6.31231 23.1558
    endloop
  endfacet
  facet normal 0.346447 -0.226317 0.91036
    outer loop
      vertex 18.4757 -6.27164 25.1
      vertex 23.5579 -6.31231 23.1558
      vertex 18.8463 -5.04985 25.2627
    endloop
  endfacet
  facet normal 0.329929 -0.275518 0.902905
    outer loop
      vertex 18.8463 -5.04985 25.2627
      vertex 23.5579 -6.31231 23.1558
      vertex 23.9203 -4.75804 23.4977
    endloop
  endfacet
  facet normal 0.331044 -0.245973 0.910993
    outer loop
      vertex 18.8463 -5.04985 25.2627
      vertex 23.9203 -4.75804 23.4977
      vertex 19.1362 -3.80643 25.4931
    endloop
  endfacet
  facet normal 0.316503 -0.297537 0.900721
    outer loop
      vertex 19.1362 -3.80643 25.4931
      vertex 23.9203 -4.75804 23.4977
      vertex 24.1802 -3.18339 23.9265
    endloop
  endfacet
  facet normal 0.315696 -0.264616 0.911216
    outer loop
      vertex 19.1362 -3.80643 25.4931
      vertex 24.1802 -3.18339 23.9265
      vertex 19.3442 -2.54671 25.7869
    endloop
  endfacet
  facet normal 0.3042 -0.315644 0.898795
    outer loop
      vertex 19.3442 -2.54671 25.7869
      vertex 24.1802 -3.18339 23.9265
      vertex 24.3367 -1.59511 24.4313
    endloop
  endfacet
  facet normal 0.301095 -0.282087 0.910916
    outer loop
      vertex 19.3442 -2.54671 25.7869
      vertex 24.3367 -1.59511 24.4313
      vertex 19.4693 -1.27609 26.139
    endloop
  endfacet
  facet normal 0.293132 -0.330259 0.897219
    outer loop
      vertex 19.4693 -1.27609 26.139
      vertex 24.3367 -1.59511 24.4313
      vertex 24.3889 0 25.0014
    endloop
  endfacet
  facet normal 0.287797 -0.298236 0.91007
    outer loop
      vertex 19.4693 -1.27609 26.139
      vertex 24.3889 0 25.0014
      vertex 19.5111 0 26.544
    endloop
  endfacet
  facet normal 0.219872 -0.377458 0.899545
    outer loop
      vertex 24.3889 0 25.0014
      vertex 29.2667 0 23.8092
      vertex 29.204 1.91413 24.6277
    endloop
  endfacet
  facet normal 0.210286 -0.350807 0.912532
    outer loop
      vertex 24.3889 0 25.0014
      vertex 29.204 1.91413 24.6277
      vertex 24.3367 1.59511 25.6267
    endloop
  endfacet
  facet normal 0.2097 -0.385161 0.898708
    outer loop
      vertex 24.3367 1.59511 25.6267
      vertex 29.204 1.91413 24.6277
      vertex 29.0163 3.82007 25.4883
    endloop
  endfacet
  facet normal 0.200247 -0.364615 0.909372
    outer loop
      vertex 24.3367 1.59511 25.6267
      vertex 29.0163 3.82007 25.4883
      vertex 24.1802 3.18339 26.2979
    endloop
  endfacet
  facet normal 0.201826 -0.391175 0.897913
    outer loop
      vertex 24.1802 3.18339 26.2979
      vertex 29.0163 3.82007 25.4883
      vertex 28.7043 5.70964 26.3816
    endloop
  endfacet
  facet normal 0.193309 -0.376197 0.90615
    outer loop
      vertex 24.1802 3.18339 26.2979
      vertex 28.7043 5.70964 26.3816
      vertex 23.9203 4.75804 27.0071
    endloop
  endfacet
  facet normal 0.196058 -0.395971 0.897089
    outer loop
      vertex 23.9203 4.75804 27.0071
      vertex 28.7043 5.70964 26.3816
      vertex 28.2694 7.57477 27.2999
    endloop
  endfacet
  facet normal 0.189085 -0.385819 0.90299
    outer loop
      vertex 23.9203 4.75804 27.0071
      vertex 28.2694 7.57477 27.2999
      vertex 23.5579 6.31231 27.7471
    endloop
  endfacet
  facet normal 0.192201 -0.399851 0.896202
    outer loop
      vertex 23.5579 6.31231 27.7471
      vertex 28.2694 7.57477 27.2999
      vertex 27.7135 9.40746 28.2368
    endloop
  endfacet
  facet normal 0.187195 -0.393725 0.899966
    outer loop
      vertex 23.5579 6.31231 27.7471
      vertex 27.7135 9.40746 28.2368
      vertex 23.0946 7.83955 28.5116
    endloop
  endfacet
  facet normal 0.190066 -0.40301 0.895242
    outer loop
      vertex 23.0946 7.83955 28.5116
      vertex 27.7135 9.40746 28.2368
      vertex 27.0389 11.1999 29.1869
    endloop
  endfacet
  facet normal 0.187288 -0.400127 0.897119
    outer loop
      vertex 23.0946 7.83955 28.5116
      vertex 27.0389 11.1999 29.1869
      vertex 22.5324 9.33322 29.2952
    endloop
  endfacet
  facet normal 0.189473 -0.405572 0.89421
    outer loop
      vertex 22.5324 9.33322 29.2952
      vertex 27.0389 11.1999 29.1869
      vertex 26.2485 12.9443 30.1456
    endloop
  endfacet
  facet normal 0.189055 -0.405202 0.894466
    outer loop
      vertex 22.5324 9.33322 29.2952
      vertex 26.2485 12.9443 30.1456
      vertex 21.8737 10.7869 30.0929
    endloop
  endfacet
  facet normal 0.19026 -0.407612 0.893115
    outer loop
      vertex 21.8737 10.7869 30.0929
      vertex 26.2485 12.9443 30.1456
      vertex 25.3457 14.6333 31.1088
    endloop
  endfacet
  facet normal 0.192231 -0.4091 0.892011
    outer loop
      vertex 21.8737 10.7869 30.0929
      vertex 25.3457 14.6333 31.1088
      vertex 21.1214 12.1944 30.9006
    endloop
  endfacet
  facet normal 0.192277 -0.409175 0.891967
    outer loop
      vertex 21.1214 12.1944 30.9006
      vertex 25.3457 14.6333 31.1088
      vertex 24.3343 16.2597 32.0729
    endloop
  endfacet
  facet normal 0.196587 -0.411943 0.889751
    outer loop
      vertex 21.1214 12.1944 30.9006
      vertex 24.3343 16.2597 32.0729
      vertex 20.2786 13.5497 31.7143
    endloop
  endfacet
  facet normal 0.19539 -0.410287 0.890779
    outer loop
      vertex 20.2786 13.5497 31.7143
      vertex 24.3343 16.2597 32.0729
      vertex 23.2188 17.8164 33.0346
    endloop
  endfacet
  facet normal 0.201929 -0.413833 0.887675
    outer loop
      vertex 20.2786 13.5497 31.7143
      vertex 23.2188 17.8164 33.0346
      vertex 19.349 14.847 32.5305
    endloop
  endfacet
  facet normal 0.199479 -0.41096 0.889561
    outer loop
      vertex 19.349 14.847 32.5305
      vertex 23.2188 17.8164 33.0346
      vertex 22.0038 19.2969 33.991
    endloop
  endfacet
  facet normal 0.208093 -0.414856 0.885772
    outer loop
      vertex 19.349 14.847 32.5305
      vertex 22.0038 19.2969 33.991
      vertex 18.3365 16.0807 33.3462
    endloop
  endfacet
  facet normal 0.204437 -0.411198 0.888325
    outer loop
      vertex 18.3365 16.0807 33.3462
      vertex 22.0038 19.2969 33.991
      vertex 20.6947 20.6947 34.9393
    endloop
  endfacet
  facet normal 0.214936 -0.415082 0.88403
    outer loop
      vertex 18.3365 16.0807 33.3462
      vertex 20.6947 20.6947 34.9393
      vertex 17.2455 17.2455 34.1584
    endloop
  endfacet
  facet normal 0.210164 -0.411 0.88708
    outer loop
      vertex 17.2455 17.2455 34.1584
      vertex 20.6947 20.6947 34.9393
      vertex 19.2969 22.0038 35.877
    endloop
  endfacet
  facet normal 0.22234 -0.414572 0.882437
    outer loop
      vertex 17.2455 17.2455 34.1584
      vertex 19.2969 22.0038 35.877
      vertex 16.0807 18.3365 34.9644
    endloop
  endfacet
  facet normal 0.216574 -0.41036 0.885833
    outer loop
      vertex 16.0807 18.3365 34.9644
      vertex 19.2969 22.0038 35.877
      vertex 17.8164 23.2188 36.8018
    endloop
  endfacet
  facet normal 0.230199 -0.413378 0.880981
    outer loop
      vertex 16.0807 18.3365 34.9644
      vertex 17.8164 23.2188 36.8018
      vertex 14.847 19.349 35.7619
    endloop
  endfacet
  facet normal 0.223585 -0.409273 0.884593
    outer loop
      vertex 14.847 19.349 35.7619
      vertex 17.8164 23.2188 36.8018
      vertex 16.2597 24.3343 37.7114
    endloop
  endfacet
  facet normal 0.238426 -0.411546 0.879649
    outer loop
      vertex 14.847 19.349 35.7619
      vertex 16.2597 24.3343 37.7114
      vertex 13.5497 20.2786 36.5484
    endloop
  endfacet
  facet normal 0.231124 -0.407733 0.883366
    outer loop
      vertex 13.5497 20.2786 36.5484
      vertex 16.2597 24.3343 37.7114
      vertex 14.6333 25.3457 38.6037
    endloop
  endfacet
  facet normal 0.246943 -0.409114 0.878433
    outer loop
      vertex 13.5497 20.2786 36.5484
      vertex 14.6333 25.3457 38.6037
      vertex 12.1944 21.1214 37.3219
    endloop
  endfacet
  facet normal 0.239124 -0.40573 0.882158
    outer loop
      vertex 12.1944 21.1214 37.3219
      vertex 14.6333 25.3457 38.6037
      vertex 12.9443 26.2485 39.4768
    endloop
  endfacet
  facet normal 0.255682 -0.40612 0.877322
    outer loop
      vertex 12.1944 21.1214 37.3219
      vertex 12.9443 26.2485 39.4768
      vertex 10.7869 21.8737 38.0804
    endloop
  endfacet
  facet normal 0.24752 -0.40326 0.880974
    outer loop
      vertex 10.7869 21.8737 38.0804
      vertex 12.9443 26.2485 39.4768
      vertex 11.1999 27.0389 40.3287
    endloop
  endfacet
  facet normal 0.264586 -0.402593 0.876307
    outer loop
      vertex 10.7869 21.8737 38.0804
      vertex 11.1999 27.0389 40.3287
      vertex 9.33322 22.5324 38.8219
    endloop
  endfacet
  facet normal 0.256256 -0.400317 0.879818
    outer loop
      vertex 9.33322 22.5324 38.8219
      vertex 11.1999 27.0389 40.3287
      vertex 9.40746 27.7135 41.1577
    endloop
  endfacet
  facet normal 0.273603 -0.398564 0.875379
    outer loop
      vertex 9.33322 22.5324 38.8219
      vertex 9.40746 27.7135 41.1577
      vertex 7.83955 23.0946 39.5447
    endloop
  endfacet
  facet normal 0.265274 -0.396894 0.878695
    outer loop
      vertex 7.83955 23.0946 39.5447
      vertex 9.40746 27.7135 41.1577
      vertex 7.57477 28.2694 41.9621
    endloop
  endfacet
  facet normal 0.282689 -0.394059 0.874531
    outer loop
      vertex 7.83955 23.0946 39.5447
      vertex 7.57477 28.2694 41.9621
      vertex 6.31231 23.5579 40.2472
    endloop
  endfacet
  facet normal 0.274524 -0.392991 0.877608
    outer loop
      vertex 6.31231 23.5579 40.2472
      vertex 7.57477 28.2694 41.9621
      vertex 5.70964 28.7043 42.7403
    endloop
  endfacet
  facet normal 0.291804 -0.389102 0.873757
    outer loop
      vertex 6.31231 23.5579 40.2472
      vertex 5.70964 28.7043 42.7403
      vertex 4.75804 23.9203 40.9276
    endloop
  endfacet
  facet normal 0.283956 -0.388603 0.87656
    outer loop
      vertex 4.75804 23.9203 40.9276
      vertex 5.70964 28.7043 42.7403
      vertex 3.82007 29.0163 43.4907
    endloop
  endfacet
  facet normal 0.300913 -0.383716 0.873049
    outer loop
      vertex 4.75804 23.9203 40.9276
      vertex 3.82007 29.0163 43.4907
      vertex 3.18339 24.1802 41.5846
    endloop
  endfacet
  facet normal 0.293523 -0.38373 0.875554
    outer loop
      vertex 3.18339 24.1802 41.5846
      vertex 3.82007 29.0163 43.4907
      vertex 1.91413 29.204 44.2119
    endloop
  endfacet
  facet normal 0.309987 -0.377922 0.872401
    outer loop
      vertex 3.18339 24.1802 41.5846
      vertex 1.91413 29.204 44.2119
      vertex 1.59511 24.3367 42.2167
    endloop
  endfacet
  facet normal 0.303181 -0.378374 0.874594
    outer loop
      vertex 1.59511 24.3367 42.2167
      vertex 1.91413 29.204 44.2119
      vertex 1.79207e-15 29.2667 44.9025
    endloop
  endfacet
  facet normal 0.318997 -0.37174 0.871809
    outer loop
      vertex 1.59511 24.3367 42.2167
      vertex 1.79207e-15 29.2667 44.9025
      vertex 1.49339e-15 24.3889 42.8227
    endloop
  endfacet
  facet normal 0.312887 -0.372538 0.87368
    outer loop
      vertex 1.49339e-15 24.3889 42.8227
      vertex 1.79207e-15 29.2667 44.9025
      vertex -1.91413 29.204 45.5613
    endloop
  endfacet
  facet normal 0.327922 -0.365188 0.871266
    outer loop
      vertex 1.49339e-15 24.3889 42.8227
      vertex -1.91413 29.204 45.5613
      vertex -1.59511 24.3367 43.4011
    endloop
  endfacet
  facet normal 0.3226 -0.366225 0.872816
    outer loop
      vertex -1.59511 24.3367 43.4011
      vertex -1.91413 29.204 45.5613
      vertex -3.82007 29.0163 46.187
    endloop
  endfacet
  facet normal 0.336738 -0.358284 0.87077
    outer loop
      vertex -1.59511 24.3367 43.4011
      vertex -3.82007 29.0163 46.187
      vertex -3.18339 24.1802 43.951
    endloop
  endfacet
  facet normal 0.332281 -0.359442 0.872004
    outer loop
      vertex -3.18339 24.1802 43.951
      vertex -3.82007 29.0163 46.187
      vertex -5.70964 28.7043 46.7784
    endloop
  endfacet
  facet normal 0.345428 -0.351044 0.870314
    outer loop
      vertex -3.18339 24.1802 43.951
      vertex -5.70964 28.7043 46.7784
      vertex -4.75804 23.9203 44.4711
    endloop
  endfacet
  facet normal 0.341893 -0.352196 0.871244
    outer loop
      vertex -4.75804 23.9203 44.4711
      vertex -5.70964 28.7043 46.7784
      vertex -7.57477 28.2694 47.3346
    endloop
  endfacet
  facet normal 0.353976 -0.343484 0.869897
    outer loop
      vertex -4.75804 23.9203 44.4711
      vertex -7.57477 28.2694 47.3346
      vertex -6.31231 23.5579 44.9605
    endloop
  endfacet
  facet normal 0.351401 -0.344498 0.870539
    outer loop
      vertex -6.31231 23.5579 44.9605
      vertex -7.57477 28.2694 47.3346
      vertex -9.40746 27.7135 47.8543
    endloop
  endfacet
  facet normal 0.362365 -0.335617 0.869513
    outer loop
      vertex -6.31231 23.5579 44.9605
      vertex -9.40746 27.7135 47.8543
      vertex -7.83955 23.0946 45.4181
    endloop
  endfacet
  facet normal 0.360769 -0.336357 0.86989
    outer loop
      vertex -7.83955 23.0946 45.4181
      vertex -9.40746 27.7135 47.8543
      vertex -11.1999 27.0389 48.3369
    endloop
  endfacet
  facet normal 0.370583 -0.327457 0.869161
    outer loop
      vertex -7.83955 23.0946 45.4181
      vertex -11.1999 27.0389 48.3369
      vertex -9.33322 22.5324 45.8432
    endloop
  endfacet
  facet normal 0.369966 -0.327788 0.869299
    outer loop
      vertex -9.33322 22.5324 45.8432
      vertex -11.1999 27.0389 48.3369
      vertex -12.9443 26.2485 48.7812
    endloop
  endfacet
  facet normal 0.378617 -0.319016 0.868837
    outer loop
      vertex -9.33322 22.5324 45.8432
      vertex -12.9443 26.2485 48.7812
      vertex -10.7869 21.8737 46.2348
    endloop
  endfacet
  facet normal 0.37896 -0.318805 0.868765
    outer loop
      vertex -10.7869 21.8737 46.2348
      vertex -12.9443 26.2485 48.7812
      vertex -14.6333 25.3457 49.1867
    endloop
  endfacet
  facet normal 0.386457 -0.310308 0.868539
    outer loop
      vertex -10.7869 21.8737 46.2348
      vertex -14.6333 25.3457 49.1867
      vertex -12.1944 21.1214 46.5923
    endloop
  endfacet
  facet normal 0.387724 -0.309424 0.86829
    outer loop
      vertex -12.1944 21.1214 46.5923
      vertex -14.6333 25.3457 49.1867
      vertex -16.2597 24.3343 49.5525
    endloop
  endfacet
  facet normal 0.394093 -0.301342 0.868265
    outer loop
      vertex -12.1944 21.1214 46.5923
      vertex -16.2597 24.3343 49.5525
      vertex -13.5497 20.2786 46.9149
    endloop
  endfacet
  facet normal 0.396228 -0.299661 0.867875
    outer loop
      vertex -13.5497 20.2786 46.9149
      vertex -16.2597 24.3343 49.5525
      vertex -17.8164 23.2188 49.8781
    endloop
  endfacet
  facet normal 0.401514 -0.29213 0.868013
    outer loop
      vertex -13.5497 20.2786 46.9149
      vertex -17.8164 23.2188 49.8781
      vertex -14.847 19.349 47.2022
    endloop
  endfacet
  facet normal 0.404448 -0.289538 0.86752
    outer loop
      vertex -14.847 19.349 47.2022
      vertex -17.8164 23.2188 49.8781
      vertex -19.2969 22.0038 50.1628
    endloop
  endfacet
  facet normal 0.408713 -0.282681 0.867782
    outer loop
      vertex -14.847 19.349 47.2022
      vertex -19.2969 22.0038 50.1628
      vertex -16.0807 18.3365 47.4534
    endloop
  endfacet
  facet normal 0.412358 -0.279072 0.867225
    outer loop
      vertex -16.0807 18.3365 47.4534
      vertex -19.2969 22.0038 50.1628
      vertex -20.6947 20.6947 50.4061
    endloop
  endfacet
  facet normal 0.41568 -0.273006 0.86757
    outer loop
      vertex -16.0807 18.3365 47.4534
      vertex -20.6947 20.6947 50.4061
      vertex -17.2455 17.2455 47.6682
    endloop
  endfacet
  facet normal 0.419938 -0.268288 0.866991
    outer loop
      vertex -17.2455 17.2455 47.6682
      vertex -20.6947 20.6947 50.4061
      vertex -22.0038 19.2969 50.6077
    endloop
  endfacet
  facet normal 0.422407 -0.263114 0.867377
    outer loop
      vertex -17.2455 17.2455 47.6682
      vertex -22.0038 19.2969 50.6077
      vertex -18.3365 16.0807 47.8461
    endloop
  endfacet
  facet normal 0.427167 -0.257207 0.866818
    outer loop
      vertex -18.3365 16.0807 47.8461
      vertex -22.0038 19.2969 50.6077
      vertex -23.2188 17.8164 50.7672
    endloop
  endfacet
  facet normal 0.428887 -0.253014 0.867202
    outer loop
      vertex -18.3365 16.0807 47.8461
      vertex -23.2188 17.8164 50.7672
      vertex -19.349 14.847 47.9869
    endloop
  endfacet
  facet normal 0.434026 -0.245853 0.866705
    outer loop
      vertex -19.349 14.847 47.9869
      vertex -23.2188 17.8164 50.7672
      vertex -24.3343 16.2597 50.8842
    endloop
  endfacet
  facet normal 0.435112 -0.242715 0.867045
    outer loop
      vertex -19.349 14.847 47.9869
      vertex -24.3343 16.2597 50.8842
      vertex -20.2786 13.5497 48.0903
    endloop
  endfacet
  facet normal 0.440498 -0.234251 0.866653
    outer loop
      vertex -20.2786 13.5497 48.0903
      vertex -24.3343 16.2597 50.8842
      vertex -25.3457 14.6333 50.9586
    endloop
  endfacet
  facet normal 0.441074 -0.232226 0.866905
    outer loop
      vertex -20.2786 13.5497 48.0903
      vertex -25.3457 14.6333 50.9586
      vertex -21.1214 12.1944 48.156
    endloop
  endfacet
  facet normal 0.446569 -0.222427 0.866661
    outer loop
      vertex -21.1214 12.1944 48.156
      vertex -25.3457 14.6333 50.9586
      vertex -26.2485 12.9443 50.9903
    endloop
  endfacet
  facet normal 0.446764 -0.221556 0.866784
    outer loop
      vertex -21.1214 12.1944 48.156
      vertex -26.2485 12.9443 50.9903
      vertex -21.8737 10.7869 48.184
    endloop
  endfacet
  facet normal 0.452227 -0.210408 0.866729
    outer loop
      vertex -21.8737 10.7869 48.184
      vertex -26.2485 12.9443 50.9903
      vertex -27.0389 11.1999 50.9793
    endloop
  endfacet
  facet normal 0.452176 -0.210714 0.866681
    outer loop
      vertex -21.8737 10.7869 48.184
      vertex -27.0389 11.1999 50.9793
      vertex -22.5324 9.33322 48.1743
    endloop
  endfacet
  facet normal 0.45746 -0.198221 0.866856
    outer loop
      vertex -22.5324 9.33322 48.1743
      vertex -27.0389 11.1999 50.9793
      vertex -27.7135 9.40746 50.9254
    endloop
  endfacet
  facet normal 0.457302 -0.19971 0.866598
    outer loop
      vertex -22.5324 9.33322 48.1743
      vertex -27.7135 9.40746 50.9254
      vertex -23.0946 7.83955 48.1267
    endloop
  endfacet
  facet normal 0.46226 -0.185893 0.867041
    outer loop
      vertex -23.0946 7.83955 48.1267
      vertex -27.7135 9.40746 50.9254
      vertex -28.2694 7.57477 50.8289
    endloop
  endfacet
  facet normal 0.462132 -0.188554 0.866534
    outer loop
      vertex -23.0946 7.83955 48.1267
      vertex -28.2694 7.57477 50.8289
      vertex -23.5579 6.31231 48.0414
    endloop
  endfacet
  facet normal 0.46662 -0.173454 0.867283
    outer loop
      vertex -23.5579 6.31231 48.0414
      vertex -28.2694 7.57477 50.8289
      vertex -28.7043 5.70964 50.6898
    endloop
  endfacet
  facet normal 0.466659 -0.177256 0.866493
    outer loop
      vertex -23.5579 6.31231 48.0414
      vertex -28.7043 5.70964 50.6898
      vertex -23.9203 4.75804 47.9187
    endloop
  endfacet
  facet normal 0.470536 -0.160932 0.867581
    outer loop
      vertex -23.9203 4.75804 47.9187
      vertex -28.7043 5.70964 50.6898
      vertex -29.0163 3.82007 50.5085
    endloop
  endfacet
  facet normal 0.470875 -0.165827 0.866474
    outer loop
      vertex -23.9203 4.75804 47.9187
      vertex -29.0163 3.82007 50.5085
      vertex -24.1802 3.18339 47.7586
    endloop
  endfacet
  facet normal 0.474005 -0.148355 0.867934
    outer loop
      vertex -24.1802 3.18339 47.7586
      vertex -29.0163 3.82007 50.5085
      vertex -29.204 1.91413 50.2853
    endloop
  endfacet
  facet normal 0.474772 -0.15428 0.866481
    outer loop
      vertex -24.1802 3.18339 47.7586
      vertex -29.204 1.91413 50.2853
      vertex -24.3367 1.59511 47.5615
    endloop
  endfacet
  facet normal 0.477027 -0.135753 0.868341
    outer loop
      vertex -24.3367 1.59511 47.5615
      vertex -29.204 1.91413 50.2853
      vertex -29.2667 3.58413e-15 50.0204
    endloop
  endfacet
  facet normal 0.47834 -0.142628 0.866515
    outer loop
      vertex -24.3367 1.59511 47.5615
      vertex -29.2667 3.58413e-15 50.0204
      vertex -24.3889 2.98678e-15 47.3278
    endloop
  endfacet
  facet normal 0.479602 -0.123155 0.868801
    outer loop
      vertex -24.3889 2.98678e-15 47.3278
      vertex -29.2667 3.58413e-15 50.0204
      vertex -29.204 -1.91413 49.7145
    endloop
  endfacet
  facet normal 0.481573 -0.130884 0.866578
    outer loop
      vertex -24.3889 2.98678e-15 47.3278
      vertex -29.204 -1.91413 49.7145
      vertex -24.3367 -1.59511 47.0578
    endloop
  endfacet
  facet normal 0.481734 -0.11059 0.869311
    outer loop
      vertex -24.3367 -1.59511 47.0578
      vertex -29.204 -1.91413 49.7145
      vertex -29.0163 -3.82007 49.368
    endloop
  endfacet
  facet normal 0.484461 -0.119064 0.866673
    outer loop
      vertex -24.3367 -1.59511 47.0578
      vertex -29.0163 -3.82007 49.368
      vertex -24.1802 -3.18339 46.7522
    endloop
  endfacet
  facet normal 0.483429 -0.0980862 0.869871
    outer loop
      vertex -24.1802 -3.18339 46.7522
      vertex -29.0163 -3.82007 49.368
      vertex -28.7043 -5.70964 48.9816
    endloop
  endfacet
  facet normal 0.486997 -0.107184 0.866802
    outer loop
      vertex -24.1802 -3.18339 46.7522
      vertex -28.7043 -5.70964 48.9816
      vertex -23.9203 -4.75804 46.4114
    endloop
  endfacet
  facet normal 0.484693 -0.0856732 0.870478
    outer loop
      vertex -23.9203 -4.75804 46.4114
      vertex -28.7043 -5.70964 48.9816
      vertex -28.2694 -7.57477 48.5559
    endloop
  endfacet
  facet normal 0.489174 -0.095263 0.866968
    outer loop
      vertex -23.9203 -4.75804 46.4114
      vertex -28.2694 -7.57477 48.5559
      vertex -23.5579 -6.31231 46.0362
    endloop
  endfacet
  facet normal 0.485536 -0.0733793 0.871132
    outer loop
      vertex -23.5579 -6.31231 46.0362
      vertex -28.2694 -7.57477 48.5559
      vertex -27.7135 -9.40746 48.0916
    endloop
  endfacet
  facet normal 0.490983 -0.0833199 0.867175
    outer loop
      vertex -23.5579 -6.31231 46.0362
      vertex -27.7135 -9.40746 48.0916
      vertex -23.0946 -7.83955 45.6271
    endloop
  endfacet
  facet normal 0.485968 -0.0612326 0.871829
    outer loop
      vertex -23.0946 -7.83955 45.6271
      vertex -27.7135 -9.40746 48.0916
      vertex -27.0389 -11.1999 47.5897
    endloop
  endfacet
  facet normal 0.49242 -0.0713763 0.867426
    outer loop
      vertex -23.0946 -7.83955 45.6271
      vertex -27.0389 -11.1999 47.5897
      vertex -22.5324 -9.33322 45.1851
    endloop
  endfacet
  facet normal 0.486003 -0.049261 0.872568
    outer loop
      vertex -22.5324 -9.33322 45.1851
      vertex -27.0389 -11.1999 47.5897
      vertex -26.2485 -12.9443 47.051
    endloop
  endfacet
  facet normal 0.493477 -0.0594553 0.867724
    outer loop
      vertex -22.5324 -9.33322 45.1851
      vertex -26.2485 -12.9443 47.051
      vertex -21.8737 -10.7869 44.7109
    endloop
  endfacet
  facet normal 0.485654 -0.037492 0.873347
    outer loop
      vertex -21.8737 -10.7869 44.7109
      vertex -26.2485 -12.9443 47.051
      vertex -25.3457 -14.6333 46.4765
    endloop
  endfacet
  facet normal 0.49415 -0.0475822 0.868073
    outer loop
      vertex -21.8737 -10.7869 44.7109
      vertex -25.3457 -14.6333 46.4765
      vertex -21.1214 -12.1944 44.2055
    endloop
  endfacet
  facet normal 0.484937 -0.025953 0.874164
    outer loop
      vertex -21.1214 -12.1944 44.2055
      vertex -25.3457 -14.6333 46.4765
      vertex -24.3343 -16.2597 45.8671
    endloop
  endfacet
  facet normal 0.494435 -0.0357844 0.868477
    outer loop
      vertex -21.1214 -12.1944 44.2055
      vertex -24.3343 -16.2597 45.8671
      vertex -20.2786 -13.5497 43.6698
    endloop
  endfacet
  facet normal 0.483871 -0.0146708 0.875017
    outer loop
      vertex -20.2786 -13.5497 43.6698
      vertex -24.3343 -16.2597 45.8671
      vertex -23.2188 -17.8164 45.2242
    endloop
  endfacet
  facet normal 0.49433 -0.0240917 0.868941
    outer loop
      vertex -20.2786 -13.5497 43.6698
      vertex -23.2188 -17.8164 45.2242
      vertex -19.349 -14.847 43.105
    endloop
  endfacet
  facet normal 0.482474 -0.00367213 0.875903
    outer loop
      vertex -19.349 -14.847 43.105
      vertex -23.2188 -17.8164 45.2242
      vertex -22.0038 -19.2969 44.5487
    endloop
  endfacet
  facet normal 0.493832 -0.0125363 0.869467
    outer loop
      vertex -19.349 -14.847 43.105
      vertex -22.0038 -19.2969 44.5487
      vertex -18.3365 -16.0807 42.5122
    endloop
  endfacet
  facet normal 0.480768 0.0070164 0.87682
    outer loop
      vertex -18.3365 -16.0807 42.5122
      vertex -22.0038 -19.2969 44.5487
      vertex -20.6947 -20.6947 43.8421
    endloop
  endfacet
  facet normal 0.492941 -0.00115338 0.870062
    outer loop
      vertex -18.3365 -16.0807 42.5122
      vertex -20.6947 -20.6947 43.8421
      vertex -17.2455 -17.2455 41.8925
    endloop
  endfacet
  facet normal 0.478774 0.0173683 0.877766
    outer loop
      vertex -17.2455 -17.2455 41.8925
      vertex -20.6947 -20.6947 43.8421
      vertex -19.2969 -22.0038 43.1055
    endloop
  endfacet
  facet normal 0.491661 0.010019 0.870729
    outer loop
      vertex -17.2455 -17.2455 41.8925
      vertex -19.2969 -22.0038 43.1055
      vertex -16.0807 -18.3365 41.2473
    endloop
  endfacet
  facet normal 0.476518 0.0273568 0.878739
    outer loop
      vertex -16.0807 -18.3365 41.2473
      vertex -19.2969 -22.0038 43.1055
      vertex -17.8164 -23.2188 42.3406
    endloop
  endfacet
  facet normal 0.489994 0.0209395 0.871474
    outer loop
      vertex -16.0807 -18.3365 41.2473
      vertex -17.8164 -23.2188 42.3406
      vertex -14.847 -19.349 40.578
    endloop
  endfacet
  facet normal 0.474026 0.0369549 0.879735
    outer loop
      vertex -14.847 -19.349 40.578
      vertex -17.8164 -23.2188 42.3406
      vertex -16.2597 -24.3343 41.5486
    endloop
  endfacet
  facet normal 0.487947 0.031563 0.872303
    outer loop
      vertex -14.847 -19.349 40.578
      vertex -16.2597 -24.3343 41.5486
      vertex -13.5497 -20.2786 39.886
    endloop
  endfacet
  facet normal 0.471323 0.046135 0.880753
    outer loop
      vertex -13.5497 -20.2786 39.886
      vertex -16.2597 -24.3343 41.5486
      vertex -14.6333 -25.3457 40.7313
    endloop
  endfacet
  facet normal 0.485528 0.0418404 0.873219
    outer loop
      vertex -13.5497 -20.2786 39.886
      vertex -14.6333 -25.3457 40.7313
      vertex -12.1944 -21.1214 39.1728
    endloop
  endfacet
  facet normal 0.46844 0.0548686 0.88179
    outer loop
      vertex -12.1944 -21.1214 39.1728
      vertex -14.6333 -25.3457 40.7313
      vertex -12.9443 -26.2485 39.8902
    endloop
  endfacet
  facet normal 0.482749 0.0517178 0.87423
    outer loop
      vertex -12.1944 -21.1214 39.1728
      vertex -12.9443 -26.2485 39.8902
      vertex -10.7869 -21.8737 38.4401
    endloop
  endfacet
  facet normal 0.465406 0.0631257 0.882843
    outer loop
      vertex -10.7869 -21.8737 38.4401
      vertex -12.9443 -26.2485 39.8902
      vertex -11.1999 -27.0389 39.0271
    endloop
  endfacet
  facet normal 0.479625 0.0611362 0.875341
    outer loop
      vertex -10.7869 -21.8737 38.4401
      vertex -11.1999 -27.0389 39.0271
      vertex -9.33322 -22.5324 37.6895
    endloop
  endfacet
  facet normal 0.462255 0.0708746 0.88391
    outer loop
      vertex -9.33322 -22.5324 37.6895
      vertex -11.1999 -27.0389 39.0271
      vertex -9.40746 -27.7135 38.1438
    endloop
  endfacet
  facet normal 0.476174 0.0700306 0.876558
    outer loop
      vertex -9.33322 -22.5324 37.6895
      vertex -9.40746 -27.7135 38.1438
      vertex -7.83955 -23.0946 36.923
    endloop
  endfacet
  facet normal 0.459021 0.0780812 0.884988
    outer loop
      vertex -7.83955 -23.0946 36.923
      vertex -9.40746 -27.7135 38.1438
      vertex -7.57477 -28.2694 37.2423
    endloop
  endfacet
  facet normal 0.472417 0.0783287 0.877888
    outer loop
      vertex -7.83955 -23.0946 36.923
      vertex -7.57477 -28.2694 37.2423
      vertex -6.31231 -23.5579 36.1425
    endloop
  endfacet
  facet normal 0.455739 0.0847082 0.886074
    outer loop
      vertex -6.31231 -23.5579 36.1425
      vertex -7.57477 -28.2694 37.2423
      vertex -5.70964 -28.7043 36.3246
    endloop
  endfacet
  facet normal 0.46838 0.0859502 0.879336
    outer loop
      vertex -6.31231 -23.5579 36.1425
      vertex -5.70964 -28.7043 36.3246
      vertex -4.75804 -23.9203 35.3501
    endloop
  endfacet
  facet normal 0.452448 0.090714 0.887165
    outer loop
      vertex -4.75804 -23.9203 35.3501
      vertex -5.70964 -28.7043 36.3246
      vertex -3.82007 -29.0163 35.3928
    endloop
  endfacet
  facet normal 0.464095 0.0928053 0.88091
    outer loop
      vertex -4.75804 -23.9203 35.3501
      vertex -3.82007 -29.0163 35.3928
      vertex -3.18339 -24.1802 34.5479
    endloop
  endfacet
  facet normal 0.449189 0.0960517 0.888259
    outer loop
      vertex -3.18339 -24.1802 34.5479
      vertex -3.82007 -29.0163 35.3928
      vertex -1.91413 -29.204 34.4493
    endloop
  endfacet
  facet normal 0.459598 0.0987924 0.882615
    outer loop
      vertex -3.18339 -24.1802 34.5479
      vertex -1.91413 -29.204 34.4493
      vertex -1.59511 -24.3367 33.7383
    endloop
  endfacet
  facet normal 0.446002 0.100668 0.889353
    outer loop
      vertex -1.59511 -24.3367 33.7383
      vertex -1.91413 -29.204 34.4493
      vertex -5.3762e-15 -29.2667 33.4964
    endloop
  endfacet
  facet normal 0.45493 0.103797 0.884457
    outer loop
      vertex -1.59511 -24.3367 33.7383
      vertex -5.3762e-15 -29.2667 33.4964
      vertex -4.48017e-15 -24.3889 32.924
    endloop
  endfacet
  facet normal 0.442932 0.104499 0.890444
    outer loop
      vertex -4.48017e-15 -24.3889 32.924
      vertex -5.3762e-15 -29.2667 33.4964
      vertex 1.91413 -29.204 32.5369
    endloop
  endfacet
  facet normal 0.45014 0.107686 0.886441
    outer loop
      vertex -4.48017e-15 -24.3889 32.924
      vertex 1.91413 -29.204 32.5369
      vertex 1.59511 -24.3367 32.1076
    endloop
  endfacet
  facet normal 0.440024 0.107472 0.891532
    outer loop
      vertex 1.59511 -24.3367 32.1076
      vertex 1.91413 -29.204 32.5369
      vertex 3.82007 -29.0163 31.5736
    endloop
  endfacet
  facet normal 0.445282 0.11031 0.888569
    outer loop
      vertex 1.59511 -24.3367 32.1076
      vertex 3.82007 -29.0163 31.5736
      vertex 3.18339 -24.1802 31.2923
    endloop
  endfacet
  facet normal 0.437322 0.109498 0.892614
    outer loop
      vertex 3.18339 -24.1802 31.2923
      vertex 3.82007 -29.0163 31.5736
      vertex 5.70964 -28.7043 30.6096
    endloop
  endfacet
  facet normal 0.44042 0.111495 0.890842
    outer loop
      vertex 3.18339 -24.1802 31.2923
      vertex 5.70964 -28.7043 30.6096
      vertex 4.75804 -23.9203 30.4813
    endloop
  endfacet
  facet normal 0.43487 0.110467 0.893692
    outer loop
      vertex 4.75804 -23.9203 30.4813
      vertex 5.70964 -28.7043 30.6096
      vertex 7.57477 -28.2694 29.6482
    endloop
  endfacet
  facet normal 0.435622 0.111038 0.893255
    outer loop
      vertex 4.75804 -23.9203 30.4813
      vertex 7.57477 -28.2694 29.6482
      vertex 6.31231 -23.5579 29.6782
    endloop
  endfacet
  facet normal 0.432706 0.110247 0.894769
    outer loop
      vertex 6.31231 -23.5579 29.6782
      vertex 7.57477 -28.2694 29.6482
      vertex 9.40746 -27.7135 28.6935
    endloop
  endfacet
  facet normal 0.430966 0.108708 0.895796
    outer loop
      vertex 6.31231 -23.5579 29.6782
      vertex 9.40746 -27.7135 28.6935
      vertex 7.83955 -23.0946 28.8873
    endloop
  endfacet
  facet normal 0.430861 0.10867 0.895851
    outer loop
      vertex 7.83955 -23.0946 28.8873
      vertex 9.40746 -27.7135 28.6935
      vertex 11.1999 -27.0389 27.7496
    endloop
  endfacet
  facet normal 0.426534 0.104235 0.898445
    outer loop
      vertex 7.83955 -23.0946 28.8873
      vertex 11.1999 -27.0389 27.7496
      vertex 9.33322 -22.5324 28.1129
    endloop
  endfacet
  facet normal 0.429345 0.10552 0.896955
    outer loop
      vertex 9.33322 -22.5324 28.1129
      vertex 11.1999 -27.0389 27.7496
      vertex 12.9443 -26.2485 26.8216
    endloop
  endfacet
  facet normal 0.42241 0.0973178 0.901165
    outer loop
      vertex 9.33322 -22.5324 28.1129
      vertex 12.9443 -26.2485 26.8216
      vertex 10.7869 -21.8737 27.3604
    endloop
  endfacet
  facet normal 0.428142 0.100521 0.898104
    outer loop
      vertex 10.7869 -21.8737 27.3604
      vertex 12.9443 -26.2485 26.8216
      vertex 14.6333 -25.3457 25.9153
    endloop
  endfacet
  facet normal 0.418673 0.087618 0.903901
    outer loop
      vertex 10.7869 -21.8737 27.3604
      vertex 14.6333 -25.3457 25.9153
      vertex 12.1944 -21.1214 26.6355
    endloop
  endfacet
  facet normal 0.427183 0.0933098 0.899337
    outer loop
      vertex 12.1944 -21.1214 26.6355
      vertex 14.6333 -25.3457 25.9153
      vertex 16.2597 -24.3343 25.0379
    endloop
  endfacet
  facet normal 0.41538 0.0747797 0.906569
    outer loop
      vertex 12.1944 -21.1214 26.6355
      vertex 16.2597 -24.3343 25.0379
      vertex 13.5497 -20.2786 25.945
    endloop
  endfacet
  facet normal 0.426325 0.0834018 0.900717
    outer loop
      vertex 13.5497 -20.2786 25.945
      vertex 16.2597 -24.3343 25.0379
      vertex 17.8164 -23.2188 24.1978
    endloop
  endfacet
  facet normal 0.41255 0.0584558 0.909057
    outer loop
      vertex 13.5497 -20.2786 25.945
      vertex 17.8164 -23.2188 24.1978
      vertex 14.847 -19.349 25.2965
    endloop
  endfacet
  facet normal 0.425303 0.0701517 0.902328
    outer loop
      vertex 14.847 -19.349 25.2965
      vertex 17.8164 -23.2188 24.1978
      vertex 19.2969 -22.0038 23.4055
    endloop
  endfacet
  facet normal 0.410118 0.0383631 0.911225
    outer loop
      vertex 14.847 -19.349 25.2965
      vertex 19.2969 -22.0038 23.4055
      vertex 16.0807 -18.3365 24.6986
    endloop
  endfacet
  facet normal 0.423679 0.0527056 0.904278
    outer loop
      vertex 16.0807 -18.3365 24.6986
      vertex 19.2969 -22.0038 23.4055
      vertex 20.6947 -20.6947 22.6743
    endloop
  endfacet
  facet normal 0.407879 0.014369 0.912923
    outer loop
      vertex 16.0807 -18.3365 24.6986
      vertex 20.6947 -20.6947 22.6743
      vertex 17.2455 -17.2455 24.161
    endloop
  endfacet
  facet normal 0.420788 0.029976 0.906664
    outer loop
      vertex 17.2455 -17.2455 24.161
      vertex 20.6947 -20.6947 22.6743
      vertex 22.0038 -19.2969 22.0205
    endloop
  endfacet
  facet normal 0.405409 -0.0133926 0.914037
    outer loop
      vertex 17.2455 -17.2455 24.161
      vertex 22.0038 -19.2969 22.0205
      vertex 18.3365 -16.0807 23.6942
    endloop
  endfacet
  facet normal 0.415706 0.000710719 0.909499
    outer loop
      vertex 18.3365 -16.0807 23.6942
      vertex 22.0038 -19.2969 22.0205
      vertex 23.2188 -17.8164 21.464
    endloop
  endfacet
  facet normal 0.401982 -0.0444084 0.91457
    outer loop
      vertex 18.3365 -16.0807 23.6942
      vertex 23.2188 -17.8164 21.464
      vertex 19.349 -14.847 23.3091
    endloop
  endfacet
  facet normal 0.407327 -0.0361969 0.912565
    outer loop
      vertex 19.349 -14.847 23.3091
      vertex 23.2188 -17.8164 21.464
      vertex 24.3343 -16.2597 21.0278
    endloop
  endfacet
  facet normal 0.396539 -0.0777482 0.91472
    outer loop
      vertex 19.349 -14.847 23.3091
      vertex 24.3343 -16.2597 21.0278
      vertex 20.2786 -13.5497 23.0164
    endloop
  endfacet
  facet normal 0.394645 -0.0809782 0.915259
    outer loop
      vertex 20.2786 -13.5497 23.0164
      vertex 24.3343 -16.2597 21.0278
      vertex 25.3457 -14.6333 20.7357
    endloop
  endfacet
  facet normal 0.387803 -0.112193 0.914889
    outer loop
      vertex 20.2786 -13.5497 23.0164
      vertex 25.3457 -14.6333 20.7357
      vertex 21.1214 -12.1944 22.8253
    endloop
  endfacet
  facet normal 0.377272 -0.131946 0.916655
    outer loop
      vertex 21.1214 -12.1944 22.8253
      vertex 25.3457 -14.6333 20.7357
      vertex 26.2485 -12.9443 20.6072
    endloop
  endfacet
  facet normal 0.374646 -0.146531 0.915516
    outer loop
      vertex 21.1214 -12.1944 22.8253
      vertex 26.2485 -12.9443 20.6072
      vertex 21.8737 -10.7869 22.7427
    endloop
  endfacet
  facet normal 0.355924 -0.184995 0.916021
    outer loop
      vertex 21.8737 -10.7869 22.7427
      vertex 26.2485 -12.9443 20.6072
      vertex 27.0389 -11.1999 20.6524
    endloop
  endfacet
  facet normal 0.356638 -0.17985 0.916768
    outer loop
      vertex 21.8737 -10.7869 22.7427
      vertex 27.0389 -11.1999 20.6524
      vertex 22.5324 -9.33322 22.7717
    endloop
  endfacet
  facet normal 0.332337 -0.234777 0.913473
    outer loop
      vertex 22.5324 -9.33322 22.7717
      vertex 27.0389 -11.1999 20.6524
      vertex 27.7135 -9.40746 20.8676
    endloop
  endfacet
  facet normal 0.334461 -0.211589 0.918349
    outer loop
      vertex 22.5324 -9.33322 22.7717
      vertex 27.7135 -9.40746 20.8676
      vertex 23.0946 -7.83955 22.9111
    endloop
  endfacet
  facet normal 0.308512 -0.277105 0.909963
    outer loop
      vertex 23.0946 -7.83955 22.9111
      vertex 27.7135 -9.40746 20.8676
      vertex 28.2694 -7.57477 21.2373
    endloop
  endfacet
  facet normal 0.309816 -0.241358 0.919652
    outer loop
      vertex 23.0946 -7.83955 22.9111
      vertex 28.2694 -7.57477 21.2373
      vertex 23.5579 -6.31231 23.1558
    endloop
  endfacet
  facet normal 0.285977 -0.31043 0.906559
    outer loop
      vertex 23.5579 -6.31231 23.1558
      vertex 28.2694 -7.57477 21.2373
      vertex 28.7043 -5.70964 21.7387
    endloop
  endfacet
  facet normal 0.284835 -0.26879 0.92012
    outer loop
      vertex 23.5579 -6.31231 23.1558
      vertex 28.7043 -5.70964 21.7387
      vertex 23.9203 -4.75804 23.4977
    endloop
  endfacet
  facet normal 0.265594 -0.335442 0.903847
    outer loop
      vertex 23.9203 -4.75804 23.4977
      vertex 28.7043 -5.70964 21.7387
      vertex 29.0163 -3.82007 22.3483
    endloop
  endfacet
  facet normal 0.261416 -0.293557 0.919503
    outer loop
      vertex 23.9203 -4.75804 23.4977
      vertex 29.0163 -3.82007 22.3483
      vertex 24.1802 -3.18339 23.9265
    endloop
  endfacet
  facet normal 0.247737 -0.353832 0.901903
    outer loop
      vertex 24.1802 -3.18339 23.9265
      vertex 29.0163 -3.82007 22.3483
      vertex 29.204 -1.91413 23.0445
    endloop
  endfacet
  facet normal 0.240846 -0.315465 0.917864
    outer loop
      vertex 24.1802 -3.18339 23.9265
      vertex 29.204 -1.91413 23.0445
      vertex 24.3367 -1.59511 24.4313
    endloop
  endfacet
  facet normal 0.23251 -0.367361 0.900547
    outer loop
      vertex 24.3367 -1.59511 24.4313
      vertex 29.204 -1.91413 23.0445
      vertex 29.2667 0 23.8092
    endloop
  endfacet
  facet normal 0.223759 -0.334502 0.915445
    outer loop
      vertex 24.3367 -1.59511 24.4313
      vertex 29.2667 0 23.8092
      vertex 24.3889 0 25.0014
    endloop
  endfacet
  facet normal 0.135506 -0.404563 0.904415
    outer loop
      vertex 29.2667 0 23.8092
      vertex 34.1444 0 23.0783
      vertex 34.0713 2.23315 24.0882
    endloop
  endfacet
  facet normal 0.126582 -0.386505 0.913559
    outer loop
      vertex 29.2667 0 23.8092
      vertex 34.0713 2.23315 24.0882
      vertex 29.204 1.91413 24.6277
    endloop
  endfacet
  facet normal 0.126975 -0.410039 0.903186
    outer loop
      vertex 29.204 1.91413 24.6277
      vertex 34.0713 2.23315 24.0882
      vertex 33.8523 4.45674 25.1285
    endloop
  endfacet
  facet normal 0.120132 -0.398709 0.909175
    outer loop
      vertex 29.204 1.91413 24.6277
      vertex 33.8523 4.45674 25.1285
      vertex 29.0163 3.82007 25.4883
    endloop
  endfacet
  facet normal 0.121684 -0.414661 0.901803
    outer loop
      vertex 29.0163 3.82007 25.4883
      vertex 33.8523 4.45674 25.1285
      vertex 33.4884 6.66125 26.1913
    endloop
  endfacet
  facet normal 0.11728 -0.408562 0.905164
    outer loop
      vertex 29.0163 3.82007 25.4883
      vertex 33.4884 6.66125 26.1913
      vertex 28.7043 5.70964 26.3816
    endloop
  endfacet
  facet normal 0.119095 -0.418661 0.9003
    outer loop
      vertex 28.7043 5.70964 26.3816
      vertex 33.4884 6.66125 26.1913
      vertex 32.981 8.83723 27.2703
    endloop
  endfacet
  facet normal 0.117279 -0.416525 0.901528
    outer loop
      vertex 28.7043 5.70964 26.3816
      vertex 32.981 8.83723 27.2703
      vertex 28.2694 7.57477 27.2999
    endloop
  endfacet
  facet normal 0.118768 -0.42215 0.898712
    outer loop
      vertex 28.2694 7.57477 27.2999
      vertex 32.981 8.83723 27.2703
      vertex 32.3324 10.9754 28.3603
    endloop
  endfacet
  facet normal 0.119546 -0.422933 0.898241
    outer loop
      vertex 28.2694 7.57477 27.2999
      vertex 32.3324 10.9754 28.3603
      vertex 27.7135 9.40746 28.2368
    endloop
  endfacet
  facet normal 0.120341 -0.425181 0.897073
    outer loop
      vertex 27.7135 9.40746 28.2368
      vertex 32.3324 10.9754 28.3603
      vertex 31.5454 13.0665 29.457
    endloop
  endfacet
  facet normal 0.123634 -0.428028 0.895269
    outer loop
      vertex 27.7135 9.40746 28.2368
      vertex 31.5454 13.0665 29.457
      vertex 27.0389 11.1999 29.1869
    endloop
  endfacet
  facet normal 0.12352 -0.427773 0.895406
    outer loop
      vertex 27.0389 11.1999 29.1869
      vertex 31.5454 13.0665 29.457
      vertex 30.6232 15.1017 30.5565
    endloop
  endfacet
  facet normal 0.12919 -0.431989 0.892578
    outer loop
      vertex 27.0389 11.1999 29.1869
      vertex 30.6232 15.1017 30.5565
      vertex 26.2485 12.9443 30.1456
    endloop
  endfacet
  facet normal 0.128067 -0.429931 0.893733
    outer loop
      vertex 26.2485 12.9443 30.1456
      vertex 30.6232 15.1017 30.5565
      vertex 29.57 17.0722 31.6554
    endloop
  endfacet
  facet normal 0.135938 -0.434949 0.890135
    outer loop
      vertex 26.2485 12.9443 30.1456
      vertex 29.57 17.0722 31.6554
      vertex 25.3457 14.6333 31.1088
    endloop
  endfacet
  facet normal 0.133783 -0.431648 0.892066
    outer loop
      vertex 25.3457 14.6333 31.1088
      vertex 29.57 17.0722 31.6554
      vertex 28.3901 18.9696 32.7505
    endloop
  endfacet
  facet normal 0.143655 -0.437007 0.887912
    outer loop
      vertex 25.3457 14.6333 31.1088
      vertex 28.3901 18.9696 32.7505
      vertex 24.3343 16.2597 32.0729
    endloop
  endfacet
  facet normal 0.140502 -0.432914 0.890418
    outer loop
      vertex 24.3343 16.2597 32.0729
      vertex 28.3901 18.9696 32.7505
      vertex 27.0886 20.7858 33.8388
    endloop
  endfacet
  facet normal 0.152162 -0.438241 0.885885
    outer loop
      vertex 24.3343 16.2597 32.0729
      vertex 27.0886 20.7858 33.8388
      vertex 23.2188 17.8164 33.0346
    endloop
  endfacet
  facet normal 0.148085 -0.433717 0.888797
    outer loop
      vertex 23.2188 17.8164 33.0346
      vertex 27.0886 20.7858 33.8388
      vertex 25.6712 22.513 34.9178
    endloop
  endfacet
  facet normal 0.161311 -0.438712 0.884031
    outer loop
      vertex 23.2188 17.8164 33.0346
      vertex 25.6712 22.513 34.9178
      vertex 22.0038 19.2969 33.991
    endloop
  endfacet
  facet normal 0.156414 -0.434045 0.887209
    outer loop
      vertex 22.0038 19.2969 33.991
      vertex 25.6712 22.513 34.9178
      vertex 24.1438 24.1438 35.9849
    endloop
  endfacet
  facet normal 0.170979 -0.438469 0.882333
    outer loop
      vertex 22.0038 19.2969 33.991
      vertex 24.1438 24.1438 35.9849
      vertex 20.6947 20.6947 34.9393
    endloop
  endfacet
  facet normal 0.165386 -0.433884 0.885659
    outer loop
      vertex 20.6947 20.6947 34.9393
      vertex 24.1438 24.1438 35.9849
      vertex 22.513 25.6712 37.0377
    endloop
  endfacet
  facet normal 0.181064 -0.437553 0.880774
    outer loop
      vertex 20.6947 20.6947 34.9393
      vertex 22.513 25.6712 37.0377
      vertex 19.2969 22.0038 35.877
    endloop
  endfacet
  facet normal 0.17491 -0.433225 0.884151
    outer loop
      vertex 19.2969 22.0038 35.877
      vertex 22.513 25.6712 37.0377
      vertex 20.7858 27.0886 38.0739
    endloop
  endfacet
  facet normal 0.191478 -0.435998 0.879342
    outer loop
      vertex 19.2969 22.0038 35.877
      vertex 20.7858 27.0886 38.0739
      vertex 17.8164 23.2188 36.8018
    endloop
  endfacet
  facet normal 0.184907 -0.432056 0.882687
    outer loop
      vertex 17.8164 23.2188 36.8018
      vertex 20.7858 27.0886 38.0739
      vertex 18.9696 28.3901 39.0914
    endloop
  endfacet
  facet normal 0.202145 -0.433835 0.878023
    outer loop
      vertex 17.8164 23.2188 36.8018
      vertex 18.9696 28.3901 39.0914
      vertex 16.2597 24.3343 37.7114
    endloop
  endfacet
  facet normal 0.195304 -0.430369 0.881271
    outer loop
      vertex 16.2597 24.3343 37.7114
      vertex 18.9696 28.3901 39.0914
      vertex 17.0722 29.57 40.0881
    endloop
  endfacet
  facet normal 0.213001 -0.43109 0.876808
    outer loop
      vertex 16.2597 24.3343 37.7114
      vertex 17.0722 29.57 40.0881
      vertex 14.6333 25.3457 38.6037
    endloop
  endfacet
  facet normal 0.206038 -0.428157 0.879903
    outer loop
      vertex 14.6333 25.3457 38.6037
      vertex 17.0722 29.57 40.0881
      vertex 15.1017 30.6232 41.0621
    endloop
  endfacet
  facet normal 0.22399 -0.427786 0.875687
    outer loop
      vertex 14.6333 25.3457 38.6037
      vertex 15.1017 30.6232 41.0621
      vertex 12.9443 26.2485 39.4768
    endloop
  endfacet
  facet normal 0.217048 -0.425413 0.878586
    outer loop
      vertex 12.9443 26.2485 39.4768
      vertex 15.1017 30.6232 41.0621
      vertex 13.0665 31.5454 42.0113
    endloop
  endfacet
  facet normal 0.23506 -0.423946 0.874652
    outer loop
      vertex 12.9443 26.2485 39.4768
      vertex 13.0665 31.5454 42.0113
      vertex 11.1999 27.0389 40.3287
    endloop
  endfacet
  facet normal 0.228278 -0.422134 0.877321
    outer loop
      vertex 11.1999 27.0389 40.3287
      vertex 13.0665 31.5454 42.0113
      vertex 10.9754 32.3324 42.9341
    endloop
  endfacet
  facet normal 0.24617 -0.41959 0.873696
    outer loop
      vertex 11.1999 27.0389 40.3287
      vertex 10.9754 32.3324 42.9341
      vertex 9.40746 27.7135 41.1577
    endloop
  endfacet
  facet normal 0.239679 -0.418315 0.876109
    outer loop
      vertex 9.40746 27.7135 41.1577
      vertex 10.9754 32.3324 42.9341
      vertex 8.83723 32.981 43.8288
    endloop
  endfacet
  facet normal 0.257279 -0.414738 0.872812
    outer loop
      vertex 9.40746 27.7135 41.1577
      vertex 8.83723 32.981 43.8288
      vertex 7.57477 28.2694 41.9621
    endloop
  endfacet
  facet normal 0.251201 -0.413956 0.874951
    outer loop
      vertex 7.57477 28.2694 41.9621
      vertex 8.83723 32.981 43.8288
      vertex 6.66125 33.4884 44.6935
    endloop
  endfacet
  facet normal 0.268354 -0.409406 0.871993
    outer loop
      vertex 7.57477 28.2694 41.9621
      vertex 6.66125 33.4884 44.6935
      vertex 5.70964 28.7043 42.7403
    endloop
  endfacet
  facet normal 0.262798 -0.409058 0.873847
    outer loop
      vertex 5.70964 28.7043 42.7403
      vertex 6.66125 33.4884 44.6935
      vertex 4.45674 33.8523 45.5269
    endloop
  endfacet
  facet normal 0.279364 -0.403613 0.871236
    outer loop
      vertex 5.70964 28.7043 42.7403
      vertex 4.45674 33.8523 45.5269
      vertex 3.82007 29.0163 43.4907
    endloop
  endfacet
  facet normal 0.274428 -0.403621 0.872799
    outer loop
      vertex 3.82007 29.0163 43.4907
      vertex 4.45674 33.8523 45.5269
      vertex 2.23315 34.0713 46.3273
    endloop
  endfacet
  facet normal 0.29028 -0.397375 0.870535
    outer loop
      vertex 3.82007 29.0163 43.4907
      vertex 2.23315 34.0713 46.3273
      vertex 1.91413 29.204 44.2119
    endloop
  endfacet
  facet normal 0.28605 -0.397651 0.871808
    outer loop
      vertex 1.91413 29.204 44.2119
      vertex 2.23315 34.0713 46.3273
      vertex 2.09074e-15 34.1444 47.0934
    endloop
  endfacet
  facet normal 0.301079 -0.390706 0.869885
    outer loop
      vertex 1.91413 29.204 44.2119
      vertex 2.09074e-15 34.1444 47.0934
      vertex 1.79207e-15 29.2667 44.9025
    endloop
  endfacet
  facet normal 0.297624 -0.391151 0.870874
    outer loop
      vertex 1.79207e-15 29.2667 44.9025
      vertex 2.09074e-15 34.1444 47.0934
      vertex -2.23315 34.0713 47.8237
    endloop
  endfacet
  facet normal 0.311736 -0.383624 0.869283
    outer loop
      vertex 1.79207e-15 29.2667 44.9025
      vertex -2.23315 34.0713 47.8237
      vertex -1.91413 29.204 45.5613
    endloop
  endfacet
  facet normal 0.309112 -0.384128 0.869997
    outer loop
      vertex -1.91413 29.204 45.5613
      vertex -2.23315 34.0713 47.8237
      vertex -4.45674 33.8523 48.5171
    endloop
  endfacet
  facet normal 0.322234 -0.376142 0.868725
    outer loop
      vertex -1.91413 29.204 45.5613
      vertex -4.45674 33.8523 48.5171
      vertex -3.82007 29.0163 46.187
    endloop
  endfacet
  facet normal 0.320479 -0.376591 0.869179
    outer loop
      vertex -3.82007 29.0163 46.187
      vertex -4.45674 33.8523 48.5171
      vertex -6.66125 33.4884 49.1722
    endloop
  endfacet
  facet normal 0.332551 -0.368273 0.868208
    outer loop
      vertex -3.82007 29.0163 46.187
      vertex -6.66125 33.4884 49.1722
      vertex -5.70964 28.7043 46.7784
    endloop
  endfacet
  facet normal 0.33169 -0.368551 0.868419
    outer loop
      vertex -5.70964 28.7043 46.7784
      vertex -6.66125 33.4884 49.1722
      vertex -8.83723 32.981 49.788
    endloop
  endfacet
  facet normal 0.342672 -0.360033 0.867728
    outer loop
      vertex -5.70964 28.7043 46.7784
      vertex -8.83723 32.981 49.788
      vertex -7.57477 28.2694 47.3346
    endloop
  endfacet
  facet normal 0.342713 -0.360017 0.867719
    outer loop
      vertex -7.57477 28.2694 47.3346
      vertex -8.83723 32.981 49.788
      vertex -10.9754 32.3324 50.3634
    endloop
  endfacet
  facet normal 0.352581 -0.351433 0.867284
    outer loop
      vertex -7.57477 28.2694 47.3346
      vertex -10.9754 32.3324 50.3634
      vertex -9.40746 27.7135 47.8543
    endloop
  endfacet
  facet normal 0.353515 -0.351004 0.867077
    outer loop
      vertex -9.40746 27.7135 47.8543
      vertex -10.9754 32.3324 50.3634
      vertex -13.0665 31.5454 50.8974
    endloop
  endfacet
  facet normal 0.362264 -0.342487 0.866872
    outer loop
      vertex -9.40746 27.7135 47.8543
      vertex -13.0665 31.5454 50.8974
      vertex -11.1999 27.0389 48.3369
    endloop
  endfacet
  facet normal 0.364067 -0.341527 0.866496
    outer loop
      vertex -11.1999 27.0389 48.3369
      vertex -13.0665 31.5454 50.8974
      vertex -15.1017 30.6232 51.389
    endloop
  endfacet
  facet normal 0.371706 -0.333207 0.866492
    outer loop
      vertex -11.1999 27.0389 48.3369
      vertex -15.1017 30.6232 51.389
      vertex -12.9443 26.2485 48.7812
    endloop
  endfacet
  facet normal 0.37434 -0.3316 0.865974
    outer loop
      vertex -12.9443 26.2485 48.7812
      vertex -15.1017 30.6232 51.389
      vertex -17.0722 29.57 51.8375
    endloop
  endfacet
  facet normal 0.380896 -0.323605 0.86614
    outer loop
      vertex -12.9443 26.2485 48.7812
      vertex -17.0722 29.57 51.8375
      vertex -14.6333 25.3457 49.1867
    endloop
  endfacet
  facet normal 0.384307 -0.321241 0.865513
    outer loop
      vertex -14.6333 25.3457 49.1867
      vertex -17.0722 29.57 51.8375
      vertex -18.9696 28.3901 52.2421
    endloop
  endfacet
  facet normal 0.389821 -0.313692 0.865816
    outer loop
      vertex -14.6333 25.3457 49.1867
      vertex -18.9696 28.3901 52.2421
      vertex -16.2597 24.3343 49.5525
    endloop
  endfacet
  facet normal 0.393943 -0.31047 0.865111
    outer loop
      vertex -16.2597 24.3343 49.5525
      vertex -18.9696 28.3901 52.2421
      vertex -20.7858 27.0886 52.602
    endloop
  endfacet
  facet normal 0.398471 -0.303479 0.865518
    outer loop
      vertex -16.2597 24.3343 49.5525
      vertex -20.7858 27.0886 52.602
      vertex -17.8164 23.2188 49.8781
    endloop
  endfacet
  facet normal 0.403224 -0.299306 0.86477
    outer loop
      vertex -17.8164 23.2188 49.8781
      vertex -20.7858 27.0886 52.602
      vertex -22.513 25.6712 52.9168
    endloop
  endfacet
  facet normal 0.406835 -0.292979 0.865245
    outer loop
      vertex -17.8164 23.2188 49.8781
      vertex -22.513 25.6712 52.9168
      vertex -19.2969 22.0038 50.1628
    endloop
  endfacet
  facet normal 0.412126 -0.28777 0.864488
    outer loop
      vertex -19.2969 22.0038 50.1628
      vertex -22.513 25.6712 52.9168
      vertex -24.1438 24.1438 53.1858
    endloop
  endfacet
  facet normal 0.414902 -0.282202 0.864996
    outer loop
      vertex -19.2969 22.0038 50.1628
      vertex -24.1438 24.1438 53.1858
      vertex -20.6947 20.6947 50.4061
    endloop
  endfacet
  facet normal 0.420631 -0.275885 0.864267
    outer loop
      vertex -20.6947 20.6947 50.4061
      vertex -24.1438 24.1438 53.1858
      vertex -25.6712 22.513 53.4086
    endloop
  endfacet
  facet normal 0.422662 -0.271159 0.864771
    outer loop
      vertex -20.6947 20.6947 50.4061
      vertex -25.6712 22.513 53.4086
      vertex -22.0038 19.2969 50.6077
    endloop
  endfacet
  facet normal 0.428717 -0.263674 0.864105
    outer loop
      vertex -22.0038 19.2969 50.6077
      vertex -25.6712 22.513 53.4086
      vertex -27.0886 20.7858 53.5848
    endloop
  endfacet
  facet normal 0.430106 -0.259861 0.86457
    outer loop
      vertex -22.0038 19.2969 50.6077
      vertex -27.0886 20.7858 53.5848
      vertex -23.2188 17.8164 50.7672
    endloop
  endfacet
  facet normal 0.436369 -0.251161 0.864003
    outer loop
      vertex -23.2188 17.8164 50.7672
      vertex -27.0886 20.7858 53.5848
      vertex -28.3901 18.9696 53.7142
    endloop
  endfacet
  facet normal 0.437224 -0.248319 0.864392
    outer loop
      vertex -23.2188 17.8164 50.7672
      vertex -28.3901 18.9696 53.7142
      vertex -24.3343 16.2597 50.8842
    endloop
  endfacet
  facet normal 0.443569 -0.238371 0.863959
    outer loop
      vertex -24.3343 16.2597 50.8842
      vertex -28.3901 18.9696 53.7142
      vertex -29.57 17.0722 53.7964
    endloop
  endfacet
  facet normal 0.444007 -0.236544 0.864236
    outer loop
      vertex -24.3343 16.2597 50.8842
      vertex -29.57 17.0722 53.7964
      vertex -25.3457 14.6333 50.9586
    endloop
  endfacet
  facet normal 0.450305 -0.22533 0.863974
    outer loop
      vertex -25.3457 14.6333 50.9586
      vertex -29.57 17.0722 53.7964
      vertex -30.6232 15.1017 53.8315
    endloop
  endfacet
  facet normal 0.450446 -0.224547 0.864105
    outer loop
      vertex -25.3457 14.6333 50.9586
      vertex -30.6232 15.1017 53.8315
      vertex -26.2485 12.9443 50.9903
    endloop
  endfacet
  facet normal 0.456563 -0.212066 0.864047
    outer loop
      vertex -26.2485 12.9443 50.9903
      vertex -30.6232 15.1017 53.8315
      vertex -31.5454 13.0665 53.8192
    endloop
  endfacet
  facet normal 0.45653 -0.21234 0.863997
    outer loop
      vertex -26.2485 12.9443 50.9903
      vertex -31.5454 13.0665 53.8192
      vertex -27.0389 11.1999 50.9793
    endloop
  endfacet
  facet normal 0.462334 -0.198604 0.864178
    outer loop
      vertex -27.0389 11.1999 50.9793
      vertex -31.5454 13.0665 53.8192
      vertex -32.3324 10.9754 53.7597
    endloop
  endfacet
  facet normal 0.462252 -0.199936 0.863915
    outer loop
      vertex -27.0389 11.1999 50.9793
      vertex -32.3324 10.9754 53.7597
      vertex -27.7135 9.40746 50.9254
    endloop
  endfacet
  facet normal 0.467608 -0.184973 0.864366
    outer loop
      vertex -27.7135 9.40746 50.9254
      vertex -32.3324 10.9754 53.7597
      vertex -32.981 8.83723 53.653
    endloop
  endfacet
  facet normal 0.467602 -0.187346 0.863858
    outer loop
      vertex -27.7135 9.40746 50.9254
      vertex -32.981 8.83723 53.653
      vertex -28.2694 7.57477 50.8289
    endloop
  endfacet
  facet normal 0.472379 -0.1712 0.864609
    outer loop
      vertex -28.2694 7.57477 50.8289
      vertex -32.981 8.83723 53.653
      vertex -33.4884 6.66125 53.4994
    endloop
  endfacet
  facet normal 0.472571 -0.174584 0.863827
    outer loop
      vertex -28.2694 7.57477 50.8289
      vertex -33.4884 6.66125 53.4994
      vertex -28.7043 5.70964 50.6898
    endloop
  endfacet
  facet normal 0.476641 -0.157315 0.864908
    outer loop
      vertex -28.7043 5.70964 50.6898
      vertex -33.4884 6.66125 53.4994
      vertex -33.8523 4.45674 53.299
    endloop
  endfacet
  facet normal 0.47715 -0.161663 0.863825
    outer loop
      vertex -28.7043 5.70964 50.6898
      vertex -33.8523 4.45674 53.299
      vertex -29.0163 3.82007 50.5085
    endloop
  endfacet
  facet normal 0.480391 -0.143344 0.865261
    outer loop
      vertex -29.0163 3.82007 50.5085
      vertex -33.8523 4.45674 53.299
      vertex -34.0713 2.23315 53.0522
    endloop
  endfacet
  facet normal 0.481331 -0.148598 0.863851
    outer loop
      vertex -29.0163 3.82007 50.5085
      vertex -34.0713 2.23315 53.0522
      vertex -29.204 1.91413 50.2853
    endloop
  endfacet
  facet normal 0.483627 -0.129318 0.865668
    outer loop
      vertex -29.204 1.91413 50.2853
      vertex -34.0713 2.23315 53.0522
      vertex -34.1444 4.18149e-15 52.7594
    endloop
  endfacet
  facet normal 0.485104 -0.135404 0.863909
    outer loop
      vertex -29.204 1.91413 50.2853
      vertex -34.1444 4.18149e-15 52.7594
      vertex -29.2667 3.58413e-15 50.0204
    endloop
  endfacet
  facet normal 0.48635 -0.115265 0.866128
    outer loop
      vertex -29.2667 3.58413e-15 50.0204
      vertex -34.1444 4.18149e-15 52.7594
      vertex -34.0713 -2.23315 52.4212
    endloop
  endfacet
  facet normal 0.488463 -0.122098 0.864
    outer loop
      vertex -29.2667 3.58413e-15 50.0204
      vertex -34.0713 -2.23315 52.4212
      vertex -29.204 -1.91413 49.7145
    endloop
  endfacet
  facet normal 0.488562 -0.101212 0.866639
    outer loop
      vertex -29.204 -1.91413 49.7145
      vertex -34.0713 -2.23315 52.4212
      vertex -33.8523 -4.45674 52.038
    endloop
  endfacet
  facet normal 0.491398 -0.108695 0.864126
    outer loop
      vertex -29.204 -1.91413 49.7145
      vertex -33.8523 -4.45674 52.038
      vertex -29.0163 -3.82007 49.368
    endloop
  endfacet
  facet normal 0.490265 -0.0871901 0.867201
    outer loop
      vertex -29.0163 -3.82007 49.368
      vertex -33.8523 -4.45674 52.038
      vertex -33.4884 -6.66125 51.6106
    endloop
  endfacet
  facet normal 0.493903 -0.0952152 0.864288
    outer loop
      vertex -29.0163 -3.82007 49.368
      vertex -33.4884 -6.66125 51.6106
      vertex -28.7043 -5.70964 48.9816
    endloop
  endfacet
  facet normal 0.491466 -0.073226 0.867813
    outer loop
      vertex -28.7043 -5.70964 48.9816
      vertex -33.4884 -6.66125 51.6106
      vertex -32.981 -8.83723 51.1397
    endloop
  endfacet
  facet normal 0.495969 -0.0816772 0.86449
    outer loop
      vertex -28.7043 -5.70964 48.9816
      vertex -32.981 -8.83723 51.1397
      vertex -28.2694 -7.57477 48.5559
    endloop
  endfacet
  facet normal 0.492171 -0.0593483 0.868473
    outer loop
      vertex -28.2694 -7.57477 48.5559
      vertex -32.981 -8.83723 51.1397
      vertex -32.3324 -10.9754 50.626
    endloop
  endfacet
  facet normal 0.497592 -0.0681016 0.864734
    outer loop
      vertex -28.2694 -7.57477 48.5559
      vertex -32.3324 -10.9754 50.626
      vertex -27.7135 -9.40746 48.0916
    endloop
  endfacet
  facet normal 0.492389 -0.0455848 0.869181
    outer loop
      vertex -27.7135 -9.40746 48.0916
      vertex -32.3324 -10.9754 50.626
      vertex -31.5454 -13.0665 50.0705
    endloop
  endfacet
  facet normal 0.498764 -0.0545106 0.865022
    outer loop
      vertex -27.7135 -9.40746 48.0916
      vertex -31.5454 -13.0665 50.0705
      vertex -27.0389 -11.1999 47.5897
    endloop
  endfacet
  facet normal 0.492129 -0.0319631 0.869935
    outer loop
      vertex -27.0389 -11.1999 47.5897
      vertex -31.5454 -13.0665 50.0705
      vertex -30.6232 -15.1017 49.474
    endloop
  endfacet
  facet normal 0.499481 -0.0409274 0.865358
    outer loop
      vertex -27.0389 -11.1999 47.5897
      vertex -30.6232 -15.1017 49.474
      vertex -26.2485 -12.9443 47.051
    endloop
  endfacet
  facet normal 0.491405 -0.0185106 0.870735
    outer loop
      vertex -26.2485 -12.9443 47.051
      vertex -30.6232 -15.1017 49.474
      vertex -29.57 -17.0722 48.8377
    endloop
  endfacet
  facet normal 0.499739 -0.027377 0.865743
    outer loop
      vertex -26.2485 -12.9443 47.051
      vertex -29.57 -17.0722 48.8377
      vertex -25.3457 -14.6333 46.4765
    endloop
  endfacet
  facet normal 0.490228 -0.00525414 0.871579
    outer loop
      vertex -25.3457 -14.6333 46.4765
      vertex -29.57 -17.0722 48.8377
      vertex -28.3901 -18.9696 48.1627
    endloop
  endfacet
  facet normal 0.499534 -0.0138859 0.866183
    outer loop
      vertex -25.3457 -14.6333 46.4765
      vertex -28.3901 -18.9696 48.1627
      vertex -24.3343 -16.2597 45.8671
    endloop
  endfacet
  facet normal 0.488614 0.00777938 0.872466
    outer loop
      vertex -24.3343 -16.2597 45.8671
      vertex -28.3901 -18.9696 48.1627
      vertex -27.0886 -20.7858 47.45
    endloop
  endfacet
  facet normal 0.498865 -0.000482376 0.866679
    outer loop
      vertex -24.3343 -16.2597 45.8671
      vertex -27.0886 -20.7858 47.45
      vertex -23.2188 -17.8164 45.2242
    endloop
  endfacet
  facet normal 0.486579 0.0205635 0.873395
    outer loop
      vertex -23.2188 -17.8164 45.2242
      vertex -27.0886 -20.7858 47.45
      vertex -25.6712 -22.513 46.701
    endloop
  endfacet
  facet normal 0.497732 0.0128035 0.867237
    outer loop
      vertex -23.2188 -17.8164 45.2242
      vertex -25.6712 -22.513 46.701
      vertex -22.0038 -19.2969 44.5487
    endloop
  endfacet
  facet normal 0.48414 0.0330717 0.874365
    outer loop
      vertex -22.0038 -19.2969 44.5487
      vertex -25.6712 -22.513 46.701
      vertex -24.1438 -24.1438 45.9169
    endloop
  endfacet
  facet normal 0.496134 0.0259396 0.867858
    outer loop
      vertex -22.0038 -19.2969 44.5487
      vertex -24.1438 -24.1438 45.9169
      vertex -20.6947 -20.6947 43.8421
    endloop
  endfacet
  facet normal 0.481318 0.0452779 0.875376
    outer loop
      vertex -20.6947 -20.6947 43.8421
      vertex -24.1438 -24.1438 45.9169
      vertex -22.513 -25.6712 45.0993
    endloop
  endfacet
  facet normal 0.494076 0.0388915 0.868548
    outer loop
      vertex -20.6947 -20.6947 43.8421
      vertex -22.513 -25.6712 45.0993
      vertex -19.2969 -22.0038 43.1055
    endloop
  endfacet
  facet normal 0.478133 0.0571554 0.876426
    outer loop
      vertex -19.2969 -22.0038 43.1055
      vertex -22.513 -25.6712 45.0993
      vertex -20.7858 -27.0886 44.2494
    endloop
  endfacet
  facet normal 0.491562 0.0516227 0.869311
    outer loop
      vertex -19.2969 -22.0038 43.1055
      vertex -20.7858 -27.0886 44.2494
      vertex -17.8164 -23.2188 42.3406
    endloop
  endfacet
  facet normal 0.474608 0.0686777 0.877514
    outer loop
      vertex -17.8164 -23.2188 42.3406
      vertex -20.7858 -27.0886 44.2494
      vertex -18.9696 -28.3901 43.369
    endloop
  endfacet
  facet normal 0.488598 0.0640938 0.870152
    outer loop
      vertex -17.8164 -23.2188 42.3406
      vertex -18.9696 -28.3901 43.369
      vertex -16.2597 -24.3343 41.5486
    endloop
  endfacet
  facet normal 0.470767 0.0798177 0.87864
    outer loop
      vertex -16.2597 -24.3343 41.5486
      vertex -18.9696 -28.3901 43.369
      vertex -17.0722 -29.57 42.4596
    endloop
  endfacet
  facet normal 0.485193 0.0762625 0.871075
    outer loop
      vertex -16.2597 -24.3343 41.5486
      vertex -17.0722 -29.57 42.4596
      vertex -14.6333 -25.3457 40.7313
    endloop
  endfacet
  facet normal 0.466636 0.0905474 0.879802
    outer loop
      vertex -14.6333 -25.3457 40.7313
      vertex -17.0722 -29.57 42.4596
      vertex -15.1017 -30.6232 41.5228
    endloop
  endfacet
  facet normal 0.481361 0.0880832 0.872086
    outer loop
      vertex -14.6333 -25.3457 40.7313
      vertex -15.1017 -30.6232 41.5228
      vertex -12.9443 -26.2485 39.8902
    endloop
  endfacet
  facet normal 0.462243 0.100838 0.881001
    outer loop
      vertex -12.9443 -26.2485 39.8902
      vertex -15.1017 -30.6232 41.5228
      vertex -13.0665 -31.5454 40.5606
    endloop
  endfacet
  facet normal 0.477114 0.0995064 0.87319
    outer loop
      vertex -12.9443 -26.2485 39.8902
      vertex -13.0665 -31.5454 40.5606
      vertex -11.1999 -27.0389 39.0271
    endloop
  endfacet
  facet normal 0.457619 0.110659 0.882235
    outer loop
      vertex -11.1999 -27.0389 39.0271
      vertex -13.0665 -31.5454 40.5606
      vertex -10.9754 -32.3324 39.5746
    endloop
  endfacet
  facet normal 0.472472 0.110478 0.874394
    outer loop
      vertex -11.1999 -27.0389 39.0271
      vertex -10.9754 -32.3324 39.5746
      vertex -9.40746 -27.7135 38.1438
    endloop
  endfacet
  facet normal 0.452797 0.119979 0.883504
    outer loop
      vertex -9.40746 -27.7135 38.1438
      vertex -10.9754 -32.3324 39.5746
      vertex -8.83723 -32.981 38.5669
    endloop
  endfacet
  facet normal 0.467455 0.120939 0.875705
    outer loop
      vertex -9.40746 -27.7135 38.1438
      vertex -8.83723 -32.981 38.5669
      vertex -7.57477 -28.2694 37.2423
    endloop
  endfacet
  facet normal 0.447813 0.128761 0.884808
    outer loop
      vertex -7.57477 -28.2694 37.2423
      vertex -8.83723 -32.981 38.5669
      vertex -6.66125 -33.4884 37.5394
    endloop
  endfacet
  facet normal 0.462091 0.130824 0.87713
    outer loop
      vertex -7.57477 -28.2694 37.2423
      vertex -6.66125 -33.4884 37.5394
      vertex -5.70964 -28.7043 36.3246
    endloop
  endfacet
  facet normal 0.442705 0.136969 0.886145
    outer loop
      vertex -5.70964 -28.7043 36.3246
      vertex -6.66125 -33.4884 37.5394
      vertex -4.45674 -33.8523 36.4943
    endloop
  endfacet
  facet normal 0.45641 0.140058 0.878677
    outer loop
      vertex -5.70964 -28.7043 36.3246
      vertex -4.45674 -33.8523 36.4943
      vertex -3.82007 -29.0163 35.3928
    endloop
  endfacet
  facet normal 0.437517 0.144558 0.887515
    outer loop
      vertex -3.82007 -29.0163 35.3928
      vertex -4.45674 -33.8523 36.4943
      vertex -2.23315 -34.0713 35.4338
    endloop
  endfacet
  facet normal 0.450448 0.14856 0.880356
    outer loop
      vertex -3.82007 -29.0163 35.3928
      vertex -2.23315 -34.0713 35.4338
      vertex -1.91413 -29.204 34.4493
    endloop
  endfacet
  facet normal 0.432296 0.151481 0.888917
    outer loop
      vertex -1.91413 -29.204 34.4493
      vertex -2.23315 -34.0713 35.4338
      vertex -6.27223e-15 -34.1444 34.3603
    endloop
  endfacet
  facet normal 0.444249 0.156233 0.882176
    outer loop
      vertex -1.91413 -29.204 34.4493
      vertex -6.27223e-15 -34.1444 34.3603
      vertex -5.3762e-15 -29.2667 33.4964
    endloop
  endfacet
  facet normal 0.427097 0.157681 0.890351
    outer loop
      vertex -5.3762e-15 -29.2667 33.4964
      vertex -6.27223e-15 -34.1444 34.3603
      vertex 2.23315 -34.0713 33.2761
    endloop
  endfacet
  facet normal 0.437862 0.162969 0.884148
    outer loop
      vertex -5.3762e-15 -29.2667 33.4964
      vertex 2.23315 -34.0713 33.2761
      vertex 1.91413 -29.204 32.5369
    endloop
  endfacet
  facet normal 0.421979 0.163092 0.891815
    outer loop
      vertex 1.91413 -29.204 32.5369
      vertex 2.23315 -34.0713 33.2761
      vertex 4.45674 -33.8523 32.1839
    endloop
  endfacet
  facet normal 0.431348 0.168636 0.886285
    outer loop
      vertex 1.91413 -29.204 32.5369
      vertex 4.45674 -33.8523 32.1839
      vertex 3.82007 -29.0163 31.5736
    endloop
  endfacet
  facet normal 0.41701 0.167635 0.893309
    outer loop
      vertex 3.82007 -29.0163 31.5736
      vertex 4.45674 -33.8523 32.1839
      vertex 6.66125 -33.4884 31.0865
    endloop
  endfacet
  facet normal 0.424776 0.173082 0.888599
    outer loop
      vertex 3.82007 -29.0163 31.5736
      vertex 6.66125 -33.4884 31.0865
      vertex 5.70964 -28.7043 30.6096
    endloop
  endfacet
  facet normal 0.412266 0.171215 0.894831
    outer loop
      vertex 5.70964 -28.7043 30.6096
      vertex 6.66125 -33.4884 31.0865
      vertex 8.83723 -32.981 29.9869
    endloop
  endfacet
  facet normal 0.418229 0.176118 0.891105
    outer loop
      vertex 5.70964 -28.7043 30.6096
      vertex 8.83723 -32.981 29.9869
      vertex 7.57477 -28.2694 29.6482
    endloop
  endfacet
  facet normal 0.407836 0.173712 0.896378
    outer loop
      vertex 7.57477 -28.2694 29.6482
      vertex 8.83723 -32.981 29.9869
      vertex 10.9754 -32.3324 28.8884
    endloop
  endfacet
  facet normal 0.411805 0.177513 0.893815
    outer loop
      vertex 7.57477 -28.2694 29.6482
      vertex 10.9754 -32.3324 28.8884
      vertex 9.40746 -27.7135 28.6935
    endloop
  endfacet
  facet normal 0.403818 0.174976 0.89795
    outer loop
      vertex 9.40746 -27.7135 28.6935
      vertex 10.9754 -32.3324 28.8884
      vertex 13.0665 -31.5454 27.7946
    endloop
  endfacet
  facet normal 0.40562 0.176981 0.896744
    outer loop
      vertex 9.40746 -27.7135 28.6935
      vertex 13.0665 -31.5454 27.7946
      vertex 11.1999 -27.0389 27.7496
    endloop
  endfacet
  facet normal 0.400323 0.174815 0.899545
    outer loop
      vertex 11.1999 -27.0389 27.7496
      vertex 13.0665 -31.5454 27.7946
      vertex 15.1017 -30.6232 26.7097
    endloop
  endfacet
  facet normal 0.399813 0.174156 0.8999
    outer loop
      vertex 11.1999 -27.0389 27.7496
      vertex 15.1017 -30.6232 26.7097
      vertex 12.9443 -26.2485 26.8216
    endloop
  endfacet
  facet normal 0.397475 0.172971 0.901163
    outer loop
      vertex 12.9443 -26.2485 26.8216
      vertex 15.1017 -30.6232 26.7097
      vertex 17.0722 -29.57 25.6384
    endloop
  endfacet
  facet normal 0.394545 0.168575 0.903281
    outer loop
      vertex 12.9443 -26.2485 26.8216
      vertex 17.0722 -29.57 25.6384
      vertex 14.6333 -25.3457 25.9153
    endloop
  endfacet
  facet normal 0.395397 0.169098 0.90281
    outer loop
      vertex 14.6333 -25.3457 25.9153
      vertex 17.0722 -29.57 25.6384
      vertex 18.9696 -28.3901 24.5864
    endloop
  endfacet
  facet normal 0.390001 0.15964 0.906871
    outer loop
      vertex 14.6333 -25.3457 25.9153
      vertex 18.9696 -28.3901 24.5864
      vertex 16.2597 -24.3343 25.0379
    endloop
  endfacet
  facet normal 0.394204 0.162711 0.904504
    outer loop
      vertex 16.2597 -24.3343 25.0379
      vertex 18.9696 -28.3901 24.5864
      vertex 20.7858 -27.0886 23.5608
    endloop
  endfacet
  facet normal 0.386387 0.146589 0.910613
    outer loop
      vertex 16.2597 -24.3343 25.0379
      vertex 20.7858 -27.0886 23.5608
      vertex 17.8164 -23.2188 24.1978
    endloop
  endfacet
  facet normal 0.393957 0.153109 0.906287
    outer loop
      vertex 17.8164 -23.2188 24.1978
      vertex 20.7858 -27.0886 23.5608
      vertex 22.513 -25.6712 22.5705
    endloop
  endfacet
  facet normal 0.3839 0.128469 0.914394
    outer loop
      vertex 17.8164 -23.2188 24.1978
      vertex 22.513 -25.6712 22.5705
      vertex 19.2969 -22.0038 23.4055
    endloop
  endfacet
  facet normal 0.394578 0.139232 0.908252
    outer loop
      vertex 19.2969 -22.0038 23.4055
      vertex 22.513 -25.6712 22.5705
      vertex 24.1438 -24.1438 21.6279
    endloop
  endfacet
  facet normal 0.382666 0.104157 0.917997
    outer loop
      vertex 19.2969 -22.0038 23.4055
      vertex 24.1438 -24.1438 21.6279
      vertex 20.6947 -20.6947 22.6743
    endloop
  endfacet
  facet normal 0.395681 0.119419 0.910591
    outer loop
      vertex 20.6947 -20.6947 22.6743
      vertex 24.1438 -24.1438 21.6279
      vertex 25.6712 -22.513 20.7503
    endloop
  endfacet
  facet normal 0.382587 0.0724943 0.921071
    outer loop
      vertex 20.6947 -20.6947 22.6743
      vertex 25.6712 -22.513 20.7503
      vertex 22.0038 -19.2969 22.0205
    endloop
  endfacet
  facet normal 0.396219 0.0909741 0.913638
    outer loop
      vertex 22.0038 -19.2969 22.0205
      vertex 25.6712 -22.513 20.7503
      vertex 27.0886 -20.7858 19.9636
    endloop
  endfacet
  facet normal 0.383005 0.0326855 0.923168
    outer loop
      vertex 22.0038 -19.2969 22.0205
      vertex 27.0886 -20.7858 19.9636
      vertex 23.2188 -17.8164 21.464
    endloop
  endfacet
  facet normal 0.393914 0.0496113 0.917807
    outer loop
      vertex 23.2188 -17.8164 21.464
      vertex 27.0886 -20.7858 19.9636
      vertex 28.3901 -18.9696 19.3069
    endloop
  endfacet
  facet normal 0.382106 -0.0149204 0.923998
    outer loop
      vertex 23.2188 -17.8164 21.464
      vertex 28.3901 -18.9696 19.3069
      vertex 24.3343 -16.2597 21.0278
    endloop
  endfacet
  facet normal 0.384701 -0.0103908 0.922983
    outer loop
      vertex 24.3343 -16.2597 21.0278
      vertex 28.3901 -18.9696 19.3069
      vertex 29.57 -17.0722 18.8365
    endloop
  endfacet
  facet normal 0.376213 -0.067939 0.924039
    outer loop
      vertex 24.3343 -16.2597 21.0278
      vertex 29.57 -17.0722 18.8365
      vertex 25.3457 -14.6333 20.7357
    endloop
  endfacet
  facet normal 0.363682 -0.0919302 0.926976
    outer loop
      vertex 25.3457 -14.6333 20.7357
      vertex 29.57 -17.0722 18.8365
      vertex 30.6232 -15.1017 18.6187
    endloop
  endfacet
  facet normal 0.360149 -0.12217 0.92486
    outer loop
      vertex 25.3457 -14.6333 20.7357
      vertex 30.6232 -15.1017 18.6187
      vertex 26.2485 -12.9443 20.6072
    endloop
  endfacet
  facet normal 0.329759 -0.184684 0.925824
    outer loop
      vertex 26.2485 -12.9443 20.6072
      vertex 30.6232 -15.1017 18.6187
      vertex 31.5454 -13.0665 18.6962
    endloop
  endfacet
  facet normal 0.330651 -0.173844 0.927603
    outer loop
      vertex 26.2485 -12.9443 20.6072
      vertex 31.5454 -13.0665 18.6962
      vertex 27.0389 -11.1999 20.6524
    endloop
  endfacet
  facet normal 0.289179 -0.265657 0.919675
    outer loop
      vertex 27.0389 -11.1999 20.6524
      vertex 31.5454 -13.0665 18.6962
      vertex 32.3324 -10.9754 19.0528
    endloop
  endfacet
  facet normal 0.290686 -0.221193 0.9309
    outer loop
      vertex 27.0389 -11.1999 20.6524
      vertex 32.3324 -10.9754 19.0528
      vertex 27.7135 -9.40746 20.8676
    endloop
  endfacet
  facet normal 0.249789 -0.321414 0.9134
    outer loop
      vertex 27.7135 -9.40746 20.8676
      vertex 32.3324 -10.9754 19.0528
      vertex 32.981 -8.83723 19.6278
    endloop
  endfacet
  facet normal 0.247946 -0.263242 0.932323
    outer loop
      vertex 27.7135 -9.40746 20.8676
      vertex 32.981 -8.83723 19.6278
      vertex 28.2694 -7.57477 21.2373
    endloop
  endfacet
  facet normal 0.215484 -0.355362 0.909552
    outer loop
      vertex 28.2694 -7.57477 21.2373
      vertex 32.981 -8.83723 19.6278
      vertex 33.4884 -6.66125 20.3577
    endloop
  endfacet
  facet normal 0.209251 -0.29911 0.930993
    outer loop
      vertex 28.2694 -7.57477 21.2373
      vertex 33.4884 -6.66125 20.3577
      vertex 28.7043 -5.70964 21.7387
    endloop
  endfacet
  facet normal 0.187245 -0.375783 0.907594
    outer loop
      vertex 28.7043 -5.70964 21.7387
      vertex 33.4884 -6.66125 20.3577
      vertex 33.8523 -4.45674 21.1954
    endloop
  endfacet
  facet normal 0.177872 -0.328611 0.927565
    outer loop
      vertex 28.7043 -5.70964 21.7387
      vertex 33.8523 -4.45674 21.1954
      vertex 29.0163 -3.82007 22.3483
    endloop
  endfacet
  facet normal 0.164918 -0.388776 0.906452
    outer loop
      vertex 29.0163 -3.82007 22.3483
      vertex 33.8523 -4.45674 21.1954
      vertex 34.0713 -2.23315 22.1093
    endloop
  endfacet
  facet normal 0.15427 -0.352355 0.923064
    outer loop
      vertex 29.0163 -3.82007 22.3483
      vertex 34.0713 -2.23315 22.1093
      vertex 29.204 -1.91413 23.0445
    endloop
  endfacet
  facet normal 0.147914 -0.397776 0.905481
    outer loop
      vertex 29.204 -1.91413 23.0445
      vertex 34.0713 -2.23315 22.1093
      vertex 34.1444 0 23.0783
    endloop
  endfacet
  facet normal 0.137579 -0.371326 0.918253
    outer loop
      vertex 29.204 -1.91413 23.0445
      vertex 34.1444 0 23.0783
      vertex 29.2667 0 23.8092
    endloop
  endfacet
  facet normal 0.0320369 -0.413977 0.909724
    outer loop
      vertex 34.1444 0 23.0783
      vertex 39.0222 0 22.9066
      vertex 38.9387 2.55218 24.0709
    endloop
  endfacet
  facet normal 0.0301856 -0.411041 0.911117
    outer loop
      vertex 34.1444 0 23.0783
      vertex 38.9387 2.55218 24.0709
      vertex 34.0713 2.23315 24.0882
    endloop
  endfacet
  facet normal 0.0307301 -0.41956 0.907207
    outer loop
      vertex 34.0713 2.23315 24.0882
      vertex 38.9387 2.55218 24.0709
      vertex 38.6884 5.09342 25.2546
    endloop
  endfacet
  facet normal 0.0317794 -0.420973 0.906517
    outer loop
      vertex 34.0713 2.23315 24.0882
      vertex 38.6884 5.09342 25.2546
      vertex 33.8523 4.45674 25.1285
    endloop
  endfacet
  facet normal 0.032336 -0.424838 0.904692
    outer loop
      vertex 33.8523 4.45674 25.1285
      vertex 38.6884 5.09342 25.2546
      vertex 38.2724 7.61286 26.4526
    endloop
  endfacet
  facet normal 0.0360603 -0.429142 0.902517
    outer loop
      vertex 33.8523 4.45674 25.1285
      vertex 38.2724 7.61286 26.4526
      vertex 33.4884 6.66125 26.1913
    endloop
  endfacet
  facet normal 0.0361972 -0.429749 0.902222
    outer loop
      vertex 33.4884 6.66125 26.1913
      vertex 38.2724 7.61286 26.4526
      vertex 37.6926 10.0997 27.6604
    endloop
  endfacet
  facet normal 0.0423601 -0.435906 0.898995
    outer loop
      vertex 33.4884 6.66125 26.1913
      vertex 37.6926 10.0997 27.6604
      vertex 32.981 8.83723 27.2703
    endloop
  endfacet
  facet normal 0.0418459 -0.434243 0.899823
    outer loop
      vertex 32.981 8.83723 27.2703
      vertex 37.6926 10.0997 27.6604
      vertex 36.9513 12.5433 28.8741
    endloop
  endfacet
  facet normal 0.050213 -0.441491 0.89586
    outer loop
      vertex 32.981 8.83723 27.2703
      vertex 36.9513 12.5433 28.8741
      vertex 32.3324 10.9754 28.3603
    endloop
  endfacet
  facet normal 0.0489396 -0.438279 0.897506
    outer loop
      vertex 32.3324 10.9754 28.3603
      vertex 36.9513 12.5433 28.8741
      vertex 36.0518 14.9332 30.0902
    endloop
  endfacet
  facet normal 0.0592819 -0.446048 0.893043
    outer loop
      vertex 32.3324 10.9754 28.3603
      vertex 36.0518 14.9332 30.0902
      vertex 31.5454 13.0665 29.457
    endloop
  endfacet
  facet normal 0.0572199 -0.441827 0.895274
    outer loop
      vertex 31.5454 13.0665 29.457
      vertex 36.0518 14.9332 30.0902
      vertex 34.998 17.2591 31.3055
    endloop
  endfacet
  facet normal 0.0693152 -0.449681 0.890496
    outer loop
      vertex 31.5454 13.0665 29.457
      vertex 34.998 17.2591 31.3055
      vertex 30.6232 15.1017 30.5565
    endloop
  endfacet
  facet normal 0.0664872 -0.44486 0.893129
    outer loop
      vertex 30.6232 15.1017 30.5565
      vertex 34.998 17.2591 31.3055
      vertex 33.7942 19.5111 32.5168
    endloop
  endfacet
  facet normal 0.0801192 -0.452462 0.888177
    outer loop
      vertex 30.6232 15.1017 30.5565
      vertex 33.7942 19.5111 32.5168
      vertex 29.57 17.0722 31.6554
    endloop
  endfacet
  facet normal 0.0765831 -0.447359 0.89107
    outer loop
      vertex 29.57 17.0722 31.6554
      vertex 33.7942 19.5111 32.5168
      vertex 32.4458 21.6796 33.7213
    endloop
  endfacet
  facet normal 0.091541 -0.454448 0.886057
    outer loop
      vertex 29.57 17.0722 31.6554
      vertex 32.4458 21.6796 33.7213
      vertex 28.3901 18.9696 32.7505
    endloop
  endfacet
  facet normal 0.0873788 -0.449307 0.889094
    outer loop
      vertex 28.3901 18.9696 32.7505
      vertex 32.4458 21.6796 33.7213
      vertex 30.9584 23.7552 34.9165
    endloop
  endfacet
  facet normal 0.103457 -0.45568 0.884111
    outer loop
      vertex 28.3901 18.9696 32.7505
      vertex 30.9584 23.7552 34.9165
      vertex 27.0886 20.7858 33.8388
    endloop
  endfacet
  facet normal 0.0987672 -0.450689 0.8872
    outer loop
      vertex 27.0886 20.7858 33.8388
      vertex 30.9584 23.7552 34.9165
      vertex 29.3385 25.7291 36.0995
    endloop
  endfacet
  facet normal 0.115766 -0.456194 0.882318
    outer loop
      vertex 27.0886 20.7858 33.8388
      vertex 29.3385 25.7291 36.0995
      vertex 25.6712 22.513 34.9178
    endloop
  endfacet
  facet normal 0.110658 -0.451495 0.885385
    outer loop
      vertex 25.6712 22.513 34.9178
      vertex 29.3385 25.7291 36.0995
      vertex 27.5929 27.5929 37.2681
    endloop
  endfacet
  facet normal 0.128383 -0.456016 0.880663
    outer loop
      vertex 25.6712 22.513 34.9178
      vertex 27.5929 27.5929 37.2681
      vertex 24.1438 24.1438 35.9849
    endloop
  endfacet
  facet normal 0.122972 -0.451715 0.883647
    outer loop
      vertex 24.1438 24.1438 35.9849
      vertex 27.5929 27.5929 37.2681
      vertex 25.7291 29.3385 38.4198
    endloop
  endfacet
  facet normal 0.141234 -0.455172 0.879131
    outer loop
      vertex 24.1438 24.1438 35.9849
      vertex 25.7291 29.3385 38.4198
      vertex 22.513 25.6712 37.0377
    endloop
  endfacet
  facet normal 0.135639 -0.45134 0.881983
    outer loop
      vertex 22.513 25.6712 37.0377
      vertex 25.7291 29.3385 38.4198
      vertex 23.7552 30.9584 39.5523
    endloop
  endfacet
  facet normal 0.154257 -0.453683 0.877711
    outer loop
      vertex 22.513 25.6712 37.0377
      vertex 23.7552 30.9584 39.5523
      vertex 20.7858 27.0886 38.0739
    endloop
  endfacet
  facet normal 0.1486 -0.450366 0.880391
    outer loop
      vertex 20.7858 27.0886 38.0739
      vertex 23.7552 30.9584 39.5523
      vertex 21.6796 32.4458 40.6636
    endloop
  endfacet
  facet normal 0.167397 -0.451569 0.876392
    outer loop
      vertex 20.7858 27.0886 38.0739
      vertex 21.6796 32.4458 40.6636
      vertex 18.9696 28.3901 39.0914
    endloop
  endfacet
  facet normal 0.161795 -0.448786 0.87887
    outer loop
      vertex 18.9696 28.3901 39.0914
      vertex 21.6796 32.4458 40.6636
      vertex 19.5111 33.7942 41.7513
    endloop
  endfacet
  facet normal 0.180607 -0.448848 0.875166
    outer loop
      vertex 18.9696 28.3901 39.0914
      vertex 19.5111 33.7942 41.7513
      vertex 17.0722 29.57 40.0881
    endloop
  endfacet
  facet normal 0.175175 -0.446599 0.877418
    outer loop
      vertex 17.0722 29.57 40.0881
      vertex 19.5111 33.7942 41.7513
      vertex 17.2591 34.998 42.8136
    endloop
  endfacet
  facet normal 0.193842 -0.445538 0.874026
    outer loop
      vertex 17.0722 29.57 40.0881
      vertex 17.2591 34.998 42.8136
      vertex 15.1017 30.6232 41.0621
    endloop
  endfacet
  facet normal 0.188691 -0.443802 0.876034
    outer loop
      vertex 15.1017 30.6232 41.0621
      vertex 17.2591 34.998 42.8136
      vertex 14.9332 36.0518 43.8485
    endloop
  endfacet
  facet normal 0.207066 -0.441655 0.872963
    outer loop
      vertex 15.1017 30.6232 41.0621
      vertex 14.9332 36.0518 43.8485
      vertex 13.0665 31.5454 42.0113
    endloop
  endfacet
  facet normal 0.202297 -0.440395 0.874716
    outer loop
      vertex 13.0665 31.5454 42.0113
      vertex 14.9332 36.0518 43.8485
      vertex 12.5433 36.9513 44.8541
    endloop
  endfacet
  facet normal 0.220242 -0.437215 0.871973
    outer loop
      vertex 13.0665 31.5454 42.0113
      vertex 12.5433 36.9513 44.8541
      vertex 10.9754 32.3324 42.9341
    endloop
  endfacet
  facet normal 0.215951 -0.436378 0.873464
    outer loop
      vertex 10.9754 32.3324 42.9341
      vertex 12.5433 36.9513 44.8541
      vertex 10.0997 37.6926 45.8286
    endloop
  endfacet
  facet normal 0.23334 -0.432234 0.871049
    outer loop
      vertex 10.9754 32.3324 42.9341
      vertex 10.0997 37.6926 45.8286
      vertex 8.83723 32.981 43.8288
    endloop
  endfacet
  facet normal 0.229611 -0.431756 0.872276
    outer loop
      vertex 8.83723 32.981 43.8288
      vertex 10.0997 37.6926 45.8286
      vertex 7.61286 38.2724 46.7702
    endloop
  endfacet
  facet normal 0.24633 -0.426726 0.870188
    outer loop
      vertex 8.83723 32.981 43.8288
      vertex 7.61286 38.2724 46.7702
      vertex 6.66125 33.4884 44.6935
    endloop
  endfacet
  facet normal 0.24324 -0.42653 0.871153
    outer loop
      vertex 6.66125 33.4884 44.6935
      vertex 7.61286 38.2724 46.7702
      vertex 5.09342 38.6884 47.6773
    endloop
  endfacet
  facet normal 0.259188 -0.420707 0.869384
    outer loop
      vertex 6.66125 33.4884 44.6935
      vertex 5.09342 38.6884 47.6773
      vertex 4.45674 33.8523 45.5269
    endloop
  endfacet
  facet normal 0.256798 -0.420707 0.870092
    outer loop
      vertex 4.45674 33.8523 45.5269
      vertex 5.09342 38.6884 47.6773
      vertex 2.55218 38.9387 48.5484
    endloop
  endfacet
  facet normal 0.271888 -0.41419 0.868633
    outer loop
      vertex 4.45674 33.8523 45.5269
      vertex 2.55218 38.9387 48.5484
      vertex 2.23315 34.0713 46.3273
    endloop
  endfacet
  facet normal 0.270251 -0.414293 0.869094
    outer loop
      vertex 2.23315 34.0713 46.3273
      vertex 2.55218 38.9387 48.5484
      vertex 2.38942e-15 39.0222 49.3818
    endloop
  endfacet
  facet normal 0.284408 -0.407191 0.867933
    outer loop
      vertex 2.23315 34.0713 46.3273
      vertex 2.38942e-15 39.0222 49.3818
      vertex 2.09074e-15 34.1444 47.0934
    endloop
  endfacet
  facet normal 0.283564 -0.407297 0.868159
    outer loop
      vertex 2.09074e-15 34.1444 47.0934
      vertex 2.38942e-15 39.0222 49.3818
      vertex -2.55218 38.9387 50.1762
    endloop
  endfacet
  facet normal 0.296729 -0.399723 0.867279
    outer loop
      vertex 2.09074e-15 34.1444 47.0934
      vertex -2.55218 38.9387 50.1762
      vertex -2.23315 34.0713 47.8237
    endloop
  endfacet
  facet normal 0.296703 -0.399728 0.867286
    outer loop
      vertex -2.23315 34.0713 47.8237
      vertex -2.55218 38.9387 50.1762
      vertex -5.09342 38.6884 50.9302
    endloop
  endfacet
  facet normal 0.30883 -0.391801 0.86667
    outer loop
      vertex -2.23315 34.0713 47.8237
      vertex -5.09342 38.6884 50.9302
      vertex -4.45674 33.8523 48.5171
    endloop
  endfacet
  facet normal 0.309636 -0.391597 0.866474
    outer loop
      vertex -4.45674 33.8523 48.5171
      vertex -5.09342 38.6884 50.9302
      vertex -7.61286 38.2724 51.6426
    endloop
  endfacet
  facet normal 0.320695 -0.383437 0.866101
    outer loop
      vertex -4.45674 33.8523 48.5171
      vertex -7.61286 38.2724 51.6426
      vertex -6.66125 33.4884 49.1722
    endloop
  endfacet
  facet normal 0.322331 -0.382916 0.865724
    outer loop
      vertex -6.66125 33.4884 49.1722
      vertex -7.61286 38.2724 51.6426
      vertex -10.0997 37.6926 52.312
    endloop
  endfacet
  facet normal 0.332306 -0.374645 0.865571
    outer loop
      vertex -6.66125 33.4884 49.1722
      vertex -10.0997 37.6926 52.312
      vertex -8.83723 32.981 49.788
    endloop
  endfacet
  facet normal 0.334759 -0.3737 0.865034
    outer loop
      vertex -8.83723 32.981 49.788
      vertex -10.0997 37.6926 52.312
      vertex -12.5433 36.9513 52.9374
    endloop
  endfacet
  facet normal 0.343647 -0.365439 0.865079
    outer loop
      vertex -8.83723 32.981 49.788
      vertex -12.5433 36.9513 52.9374
      vertex -10.9754 32.3324 50.3634
    endloop
  endfacet
  facet normal 0.346891 -0.363963 0.864406
    outer loop
      vertex -10.9754 32.3324 50.3634
      vertex -12.5433 36.9513 52.9374
      vertex -14.9332 36.0518 53.5178
    endloop
  endfacet
  facet normal 0.354704 -0.355831 0.864621
    outer loop
      vertex -10.9754 32.3324 50.3634
      vertex -14.9332 36.0518 53.5178
      vertex -13.0665 31.5454 50.8974
    endloop
  endfacet
  facet normal 0.3587 -0.353721 0.863838
    outer loop
      vertex -13.0665 31.5454 50.8974
      vertex -14.9332 36.0518 53.5178
      vertex -17.2591 34.998 54.052
    endloop
  endfacet
  facet normal 0.365463 -0.345835 0.864196
    outer loop
      vertex -13.0665 31.5454 50.8974
      vertex -17.2591 34.998 54.052
      vertex -15.1017 30.6232 51.389
    endloop
  endfacet
  facet normal 0.370158 -0.342993 0.86333
    outer loop
      vertex -15.1017 30.6232 51.389
      vertex -17.2591 34.998 54.052
      vertex -19.5111 33.7942 54.5394
    endloop
  endfacet
  facet normal 0.375911 -0.335463 0.863803
    outer loop
      vertex -15.1017 30.6232 51.389
      vertex -19.5111 33.7942 54.5394
      vertex -17.0722 29.57 51.8375
    endloop
  endfacet
  facet normal 0.381241 -0.331797 0.862882
    outer loop
      vertex -17.0722 29.57 51.8375
      vertex -19.5111 33.7942 54.5394
      vertex -21.6796 32.4458 54.979
    endloop
  endfacet
  facet normal 0.386034 -0.324728 0.863441
    outer loop
      vertex -17.0722 29.57 51.8375
      vertex -21.6796 32.4458 54.979
      vertex -18.9696 28.3901 52.2421
    endloop
  endfacet
  facet normal 0.391925 -0.320154 0.862494
    outer loop
      vertex -18.9696 28.3901 52.2421
      vertex -21.6796 32.4458 54.979
      vertex -23.7552 30.9584 55.37
    endloop
  endfacet
  facet normal 0.39582 -0.313643 0.863108
    outer loop
      vertex -18.9696 28.3901 52.2421
      vertex -23.7552 30.9584 55.37
      vertex -20.7858 27.0886 52.602
    endloop
  endfacet
  facet normal 0.402187 -0.308084 0.862166
    outer loop
      vertex -20.7858 27.0886 52.602
      vertex -23.7552 30.9584 55.37
      vertex -25.7291 29.3385 55.712
    endloop
  endfacet
  facet normal 0.405257 -0.30222 0.862804
    outer loop
      vertex -20.7858 27.0886 52.602
      vertex -25.7291 29.3385 55.712
      vertex -22.513 25.6712 52.9168
    endloop
  endfacet
  facet normal 0.412007 -0.295609 0.861897
    outer loop
      vertex -22.513 25.6712 52.9168
      vertex -25.7291 29.3385 55.712
      vertex -27.5929 27.5929 56.0042
    endloop
  endfacet
  facet normal 0.414333 -0.290472 0.862528
    outer loop
      vertex -22.513 25.6712 52.9168
      vertex -27.5929 27.5929 56.0042
      vertex -24.1438 24.1438 53.1858
    endloop
  endfacet
  facet normal 0.421364 -0.282754 0.861686
    outer loop
      vertex -24.1438 24.1438 53.1858
      vertex -27.5929 27.5929 56.0042
      vertex -29.3385 25.7291 56.2462
    endloop
  endfacet
  facet normal 0.423038 -0.278412 0.862279
    outer loop
      vertex -24.1438 24.1438 53.1858
      vertex -29.3385 25.7291 56.2462
      vertex -25.6712 22.513 53.4086
    endloop
  endfacet
  facet normal 0.43024 -0.269542 0.861534
    outer loop
      vertex -25.6712 22.513 53.4086
      vertex -29.3385 25.7291 56.2462
      vertex -30.9584 23.7552 56.4376
    endloop
  endfacet
  facet normal 0.431361 -0.266052 0.862058
    outer loop
      vertex -25.6712 22.513 53.4086
      vertex -30.9584 23.7552 56.4376
      vertex -27.0886 20.7858 53.5848
    endloop
  endfacet
  facet normal 0.438619 -0.255998 0.86144
    outer loop
      vertex -27.0886 20.7858 53.5848
      vertex -30.9584 23.7552 56.4376
      vertex -32.4458 21.6796 56.5781
    endloop
  endfacet
  facet normal 0.439289 -0.253406 0.861865
    outer loop
      vertex -27.0886 20.7858 53.5848
      vertex -32.4458 21.6796 56.5781
      vertex -28.3901 18.9696 53.7142
    endloop
  endfacet
  facet normal 0.446486 -0.242148 0.861403
    outer loop
      vertex -28.3901 18.9696 53.7142
      vertex -32.4458 21.6796 56.5781
      vertex -33.7942 19.5111 56.6675
    endloop
  endfacet
  facet normal 0.446814 -0.240486 0.861698
    outer loop
      vertex -28.3901 18.9696 53.7142
      vertex -33.7942 19.5111 56.6675
      vertex -29.57 17.0722 53.7964
    endloop
  endfacet
  facet normal 0.453826 -0.228018 0.861423
    outer loop
      vertex -29.57 17.0722 53.7964
      vertex -33.7942 19.5111 56.6675
      vertex -34.998 17.2591 56.7055
    endloop
  endfacet
  facet normal 0.453923 -0.227307 0.86156
    outer loop
      vertex -29.57 17.0722 53.7964
      vertex -34.998 17.2591 56.7055
      vertex -30.6232 15.1017 53.8315
    endloop
  endfacet
  facet normal 0.460627 -0.213634 0.861501
    outer loop
      vertex -30.6232 15.1017 53.8315
      vertex -34.998 17.2591 56.7055
      vertex -36.0518 14.9332 56.6922
    endloop
  endfacet
  facet normal 0.460608 -0.213883 0.861449
    outer loop
      vertex -30.6232 15.1017 53.8315
      vertex -36.0518 14.9332 56.6922
      vertex -31.5454 13.0665 53.8192
    endloop
  endfacet
  facet normal 0.466879 -0.199026 0.861634
    outer loop
      vertex -31.5454 13.0665 53.8192
      vertex -36.0518 14.9332 56.6922
      vertex -36.9513 12.5433 56.6276
    endloop
  endfacet
  facet normal 0.466857 -0.200226 0.861367
    outer loop
      vertex -31.5454 13.0665 53.8192
      vertex -36.9513 12.5433 56.6276
      vertex -32.3324 10.9754 53.7597
    endloop
  endfacet
  facet normal 0.472573 -0.18422 0.861822
    outer loop
      vertex -32.3324 10.9754 53.7597
      vertex -36.9513 12.5433 56.6276
      vertex -37.6926 10.0997 56.5117
    endloop
  endfacet
  facet normal 0.472661 -0.186353 0.861315
    outer loop
      vertex -32.3324 10.9754 53.7597
      vertex -37.6926 10.0997 56.5117
      vertex -32.981 8.83723 53.653
    endloop
  endfacet
  facet normal 0.477701 -0.169244 0.862066
    outer loop
      vertex -32.981 8.83723 53.653
      vertex -37.6926 10.0997 56.5117
      vertex -38.2724 7.61286 56.3448
    endloop
  endfacet
  facet normal 0.47801 -0.172279 0.861293
    outer loop
      vertex -32.981 8.83723 53.653
      vertex -38.2724 7.61286 56.3448
      vertex -33.4884 6.66125 53.4994
    endloop
  endfacet
  facet normal 0.482258 -0.154127 0.862364
    outer loop
      vertex -33.4884 6.66125 53.4994
      vertex -38.2724 7.61286 56.3448
      vertex -38.6884 5.09342 56.1271
    endloop
  endfacet
  facet normal 0.482895 -0.158019 0.861303
    outer loop
      vertex -33.4884 6.66125 53.4994
      vertex -38.6884 5.09342 56.1271
      vertex -33.8523 4.45674 53.299
    endloop
  endfacet
  facet normal 0.486239 -0.138898 0.862716
    outer loop
      vertex -33.8523 4.45674 53.299
      vertex -38.6884 5.09342 56.1271
      vertex -38.9387 2.55218 55.8591
    endloop
  endfacet
  facet normal 0.487306 -0.143591 0.861345
    outer loop
      vertex -33.8523 4.45674 53.299
      vertex -38.9387 2.55218 55.8591
      vertex -34.0713 2.23315 53.0522
    endloop
  endfacet
  facet normal 0.489641 -0.123585 0.863121
    outer loop
      vertex -34.0713 2.23315 53.0522
      vertex -38.9387 2.55218 55.8591
      vertex -39.0222 4.77884e-15 55.541
    endloop
  endfacet
  facet normal 0.491234 -0.12901 0.861421
    outer loop
      vertex -34.0713 2.23315 53.0522
      vertex -39.0222 4.77884e-15 55.541
      vertex -34.1444 4.18149e-15 52.7594
    endloop
  endfacet
  facet normal 0.492464 -0.108217 0.863579
    outer loop
      vertex -34.1444 4.18149e-15 52.7594
      vertex -39.0222 4.77884e-15 55.541
      vertex -38.9387 -2.55218 55.1736
    endloop
  endfacet
  facet normal 0.49467 -0.114296 0.861533
    outer loop
      vertex -34.1444 4.18149e-15 52.7594
      vertex -38.9387 -2.55218 55.1736
      vertex -34.0713 -2.23315 52.4212
    endloop
  endfacet
  facet normal 0.494707 -0.0928227 0.864088
    outer loop
      vertex -34.0713 -2.23315 52.4212
      vertex -38.9387 -2.55218 55.1736
      vertex -38.6884 -5.09342 54.7573
    endloop
  endfacet
  facet normal 0.497606 -0.0994673 0.861681
    outer loop
      vertex -34.0713 -2.23315 52.4212
      vertex -38.6884 -5.09342 54.7573
      vertex -33.8523 -4.45674 52.038
    endloop
  endfacet
  facet normal 0.496373 -0.07743 0.864649
    outer loop
      vertex -33.8523 -4.45674 52.038
      vertex -38.6884 -5.09342 54.7573
      vertex -38.2724 -7.61286 54.2929
    endloop
  endfacet
  facet normal 0.500034 -0.0845433 0.861869
    outer loop
      vertex -33.8523 -4.45674 52.038
      vertex -38.2724 -7.61286 54.2929
      vertex -33.4884 -6.66125 51.6106
    endloop
  endfacet
  facet normal 0.497465 -0.0620676 0.865261
    outer loop
      vertex -33.4884 -6.66125 51.6106
      vertex -38.2724 -7.61286 54.2929
      vertex -37.6926 -10.0997 53.7811
    endloop
  endfacet
  facet normal 0.501948 -0.069545 0.862097
    outer loop
      vertex -33.4884 -6.66125 51.6106
      vertex -37.6926 -10.0997 53.7811
      vertex -32.981 -8.83723 51.1397
    endloop
  endfacet
  facet normal 0.497988 -0.0467635 0.865922
    outer loop
      vertex -32.981 -8.83723 51.1397
      vertex -37.6926 -10.0997 53.7811
      vertex -36.9513 -12.5433 53.2229
    endloop
  endfacet
  facet normal 0.503339 -0.0544939 0.862369
    outer loop
      vertex -32.981 -8.83723 51.1397
      vertex -36.9513 -12.5433 53.2229
      vertex -32.3324 -10.9754 50.626
    endloop
  endfacet
  facet normal 0.497947 -0.0315454 0.866634
    outer loop
      vertex -32.3324 -10.9754 50.626
      vertex -36.9513 -12.5433 53.2229
      vertex -36.0518 -14.9332 52.619
    endloop
  endfacet
  facet normal 0.504203 -0.0394127 0.862685
    outer loop
      vertex -32.3324 -10.9754 50.626
      vertex -36.0518 -14.9332 52.619
      vertex -31.5454 -13.0665 50.0705
    endloop
  endfacet
  facet normal 0.49735 -0.016441 0.867394
    outer loop
      vertex -31.5454 -13.0665 50.0705
      vertex -36.0518 -14.9332 52.619
      vertex -34.998 -17.2591 51.9707
    endloop
  endfacet
  facet normal 0.504533 -0.0243251 0.86305
    outer loop
      vertex -31.5454 -13.0665 50.0705
      vertex -34.998 -17.2591 51.9707
      vertex -30.6232 -15.1017 49.474
    endloop
  endfacet
  facet normal 0.496207 -0.0014772 0.868203
    outer loop
      vertex -30.6232 -15.1017 49.474
      vertex -34.998 -17.2591 51.9707
      vertex -33.7942 -19.5111 51.2789
    endloop
  endfacet
  facet normal 0.504326 -0.00925594 0.863464
    outer loop
      vertex -30.6232 -15.1017 49.474
      vertex -33.7942 -19.5111 51.2789
      vertex -29.57 -17.0722 48.8377
    endloop
  endfacet
  facet normal 0.494527 0.013319 0.86906
    outer loop
      vertex -29.57 -17.0722 48.8377
      vertex -33.7942 -19.5111 51.2789
      vertex -32.4458 -21.6796 50.5448
    endloop
  endfacet
  facet normal 0.503578 0.00576866 0.863931
    outer loop
      vertex -29.57 -17.0722 48.8377
      vertex -32.4458 -21.6796 50.5448
      vertex -28.3901 -18.9696 48.1627
    endloop
  endfacet
  facet normal 0.492321 0.0279212 0.869966
    outer loop
      vertex -28.3901 -18.9696 48.1627
      vertex -32.4458 -21.6796 50.5448
      vertex -30.9584 -23.7552 49.7697
    endloop
  endfacet
  facet normal 0.502287 0.0207215 0.864453
    outer loop
      vertex -28.3901 -18.9696 48.1627
      vertex -30.9584 -23.7552 49.7697
      vertex -27.0886 -20.7858 47.45
    endloop
  endfacet
  facet normal 0.489603 0.0423031 0.870919
    outer loop
      vertex -27.0886 -20.7858 47.45
      vertex -30.9584 -23.7552 49.7697
      vertex -29.3385 -25.7291 48.9549
    endloop
  endfacet
  facet normal 0.500451 0.0355741 0.865034
    outer loop
      vertex -27.0886 -20.7858 47.45
      vertex -29.3385 -25.7291 48.9549
      vertex -25.6712 -22.513 46.701
    endloop
  endfacet
  facet normal 0.486385 0.0564388 0.87192
    outer loop
      vertex -25.6712 -22.513 46.701
      vertex -29.3385 -25.7291 48.9549
      vertex -27.5929 -27.5929 48.1018
    endloop
  endfacet
  facet normal 0.498071 0.0502964 0.865676
    outer loop
      vertex -25.6712 -22.513 46.701
      vertex -27.5929 -27.5929 48.1018
      vertex -24.1438 -24.1438 45.9169
    endloop
  endfacet
  facet normal 0.482684 0.0703027 0.872968
    outer loop
      vertex -24.1438 -24.1438 45.9169
      vertex -27.5929 -27.5929 48.1018
      vertex -25.7291 -29.3385 47.2119
    endloop
  endfacet
  facet normal 0.495148 0.0648574 0.866384
    outer loop
      vertex -24.1438 -24.1438 45.9169
      vertex -25.7291 -29.3385 47.2119
      vertex -22.513 -25.6712 45.0993
    endloop
  endfacet
  facet normal 0.478515 0.083869 0.874065
    outer loop
      vertex -22.513 -25.6712 45.0993
      vertex -25.7291 -29.3385 47.2119
      vertex -23.7552 -30.9584 46.2867
    endloop
  endfacet
  facet normal 0.491686 0.0792239 0.867161
    outer loop
      vertex -22.513 -25.6712 45.0993
      vertex -23.7552 -30.9584 46.2867
      vertex -20.7858 -27.0886 44.2494
    endloop
  endfacet
  facet normal 0.473896 0.0971121 0.87521
    outer loop
      vertex -20.7858 -27.0886 44.2494
      vertex -23.7552 -30.9584 46.2867
      vertex -21.6796 -32.4458 45.3278
    endloop
  endfacet
  facet normal 0.48769 0.0933617 0.868011
    outer loop
      vertex -20.7858 -27.0886 44.2494
      vertex -21.6796 -32.4458 45.3278
      vertex -18.9696 -28.3901 43.369
    endloop
  endfacet
  facet normal 0.468845 0.110006 0.876403
    outer loop
      vertex -18.9696 -28.3901 43.369
      vertex -21.6796 -32.4458 45.3278
      vertex -19.5111 -33.7942 44.337
    endloop
  endfacet
  facet normal 0.483165 0.107234 0.868937
    outer loop
      vertex -18.9696 -28.3901 43.369
      vertex -19.5111 -33.7942 44.337
      vertex -17.0722 -29.57 42.4596
    endloop
  endfacet
  facet normal 0.463384 0.122526 0.877646
    outer loop
      vertex -17.0722 -29.57 42.4596
      vertex -19.5111 -33.7942 44.337
      vertex -17.2591 -34.998 43.316
    endloop
  endfacet
  facet normal 0.478123 0.120804 0.869946
    outer loop
      vertex -17.0722 -29.57 42.4596
      vertex -17.2591 -34.998 43.316
      vertex -15.1017 -30.6232 41.5228
    endloop
  endfacet
  facet normal 0.457533 0.134644 0.87894
    outer loop
      vertex -15.1017 -30.6232 41.5228
      vertex -17.2591 -34.998 43.316
      vertex -14.9332 -36.0518 42.2667
    endloop
  endfacet
  facet normal 0.472572 0.134029 0.871041
    outer loop
      vertex -15.1017 -30.6232 41.5228
      vertex -14.9332 -36.0518 42.2667
      vertex -13.0665 -31.5454 40.5606
    endloop
  endfacet
  facet normal 0.451315 0.146333 0.880285
    outer loop
      vertex -13.0665 -31.5454 40.5606
      vertex -14.9332 -36.0518 42.2667
      vertex -12.5433 -36.9513 41.191
    endloop
  endfacet
  facet normal 0.466528 0.146866 0.872228
    outer loop
      vertex -13.0665 -31.5454 40.5606
      vertex -12.5433 -36.9513 41.191
      vertex -10.9754 -32.3324 39.5746
    endloop
  endfacet
  facet normal 0.444756 0.157566 0.881683
    outer loop
      vertex -10.9754 -32.3324 39.5746
      vertex -12.5433 -36.9513 41.191
      vertex -10.0997 -37.6926 40.0908
    endloop
  endfacet
  facet normal 0.460008 0.159271 0.873514
    outer loop
      vertex -10.9754 -32.3324 39.5746
      vertex -10.0997 -37.6926 40.0908
      vertex -8.83723 -32.981 38.5669
    endloop
  endfacet
  facet normal 0.437884 0.168311 0.883136
    outer loop
      vertex -8.83723 -32.981 38.5669
      vertex -10.0997 -37.6926 40.0908
      vertex -7.61286 -38.2724 38.9683
    endloop
  endfacet
  facet normal 0.45303 0.171191 0.874904
    outer loop
      vertex -8.83723 -32.981 38.5669
      vertex -7.61286 -38.2724 38.9683
      vertex -6.66125 -33.4884 37.5394
    endloop
  endfacet
  facet normal 0.430727 0.178537 0.884646
    outer loop
      vertex -6.66125 -33.4884 37.5394
      vertex -7.61286 -38.2724 38.9683
      vertex -5.09342 -38.6884 37.8255
    endloop
  endfacet
  facet normal 0.445618 0.182573 0.876408
    outer loop
      vertex -6.66125 -33.4884 37.5394
      vertex -5.09342 -38.6884 37.8255
      vertex -4.45674 -33.8523 36.4943
    endloop
  endfacet
  facet normal 0.423319 0.188209 0.886216
    outer loop
      vertex -4.45674 -33.8523 36.4943
      vertex -5.09342 -38.6884 37.8255
      vertex -2.55218 -38.9387 36.6648
    endloop
  endfacet
  facet normal 0.437801 0.193357 0.878034
    outer loop
      vertex -4.45674 -33.8523 36.4943
      vertex -2.55218 -38.9387 36.6648
      vertex -2.23315 -34.0713 35.4338
    endloop
  endfacet
  facet normal 0.415697 0.197288 0.887848
    outer loop
      vertex -2.23315 -34.0713 35.4338
      vertex -2.55218 -38.9387 36.6648
      vertex -7.16827e-15 -39.0222 35.4884
    endloop
  endfacet
  facet normal 0.429611 0.203476 0.879791
    outer loop
      vertex -2.23315 -34.0713 35.4338
      vertex -7.16827e-15 -39.0222 35.4884
      vertex -6.27223e-15 -34.1444 34.3603
    endloop
  endfacet
  facet normal 0.4079 0.205732 0.889546
    outer loop
      vertex -6.27223e-15 -34.1444 34.3603
      vertex -7.16827e-15 -39.0222 35.4884
      vertex 2.55218 -38.9387 34.2988
    endloop
  endfacet
  facet normal 0.421087 0.212852 0.881691
    outer loop
      vertex -6.27223e-15 -34.1444 34.3603
      vertex 2.55218 -38.9387 34.2988
      vertex 2.23315 -34.0713 33.2761
    endloop
  endfacet
  facet normal 0.399978 0.21349 0.891313
    outer loop
      vertex 2.23315 -34.0713 33.2761
      vertex 2.55218 -38.9387 34.2988
      vertex 5.09342 -38.6884 33.0984
    endloop
  endfacet
  facet normal 0.412275 0.221399 0.883749
    outer loop
      vertex 2.23315 -34.0713 33.2761
      vertex 5.09342 -38.6884 33.0984
      vertex 4.45674 -33.8523 32.1839
    endloop
  endfacet
  facet normal 0.391984 0.220507 0.893155
    outer loop
      vertex 4.45674 -33.8523 32.1839
      vertex 5.09342 -38.6884 33.0984
      vertex 7.61286 -38.2724 31.89
    endloop
  endfacet
  facet normal 0.403228 0.229012 0.88598
    outer loop
      vertex 4.45674 -33.8523 32.1839
      vertex 7.61286 -38.2724 31.89
      vertex 6.66125 -33.4884 31.0865
    endloop
  endfacet
  facet normal 0.383983 0.226712 0.895075
    outer loop
      vertex 6.66125 -33.4884 31.0865
      vertex 7.61286 -38.2724 31.89
      vertex 10.0997 -37.6926 30.6763
    endloop
  endfacet
  facet normal 0.394014 0.235567 0.888404
    outer loop
      vertex 6.66125 -33.4884 31.0865
      vertex 10.0997 -37.6926 30.6763
      vertex 8.83723 -32.981 29.9869
    endloop
  endfacet
  facet normal 0.376053 0.232023 0.897078
    outer loop
      vertex 8.83723 -32.981 29.9869
      vertex 10.0997 -37.6926 30.6763
      vertex 12.5433 -36.9513 29.4602
    endloop
  endfacet
  facet normal 0.384712 0.240906 0.891045
    outer loop
      vertex 8.83723 -32.981 29.9869
      vertex 12.5433 -36.9513 29.4602
      vertex 10.9754 -32.3324 28.8884
    endloop
  endfacet
  facet normal 0.368289 0.236338 0.89917
    outer loop
      vertex 10.9754 -32.3324 28.8884
      vertex 12.5433 -36.9513 29.4602
      vertex 14.9332 -36.0518 28.245
    endloop
  endfacet
  facet normal 0.375423 0.244835 0.893931
    outer loop
      vertex 10.9754 -32.3324 28.8884
      vertex 14.9332 -36.0518 28.245
      vertex 13.0665 -31.5454 27.7946
    endloop
  endfacet
  facet normal 0.36081 0.239524 0.901357
    outer loop
      vertex 13.0665 -31.5454 27.7946
      vertex 14.9332 -36.0518 28.245
      vertex 17.2591 -34.998 27.0339
    endloop
  endfacet
  facet normal 0.366272 0.247093 0.897101
    outer loop
      vertex 13.0665 -31.5454 27.7946
      vertex 17.2591 -34.998 27.0339
      vertex 15.1017 -30.6232 26.7097
    endloop
  endfacet
  facet normal 0.353768 0.241412 0.903642
    outer loop
      vertex 15.1017 -30.6232 26.7097
      vertex 17.2591 -34.998 27.0339
      vertex 19.5111 -33.7942 25.8306
    endloop
  endfacet
  facet normal 0.35742 0.247333 0.900598
    outer loop
      vertex 15.1017 -30.6232 26.7097
      vertex 19.5111 -33.7942 25.8306
      vertex 17.0722 -29.57 25.6384
    endloop
  endfacet
  facet normal 0.34736 0.241773 0.906028
    outer loop
      vertex 17.0722 -29.57 25.6384
      vertex 19.5111 -33.7942 25.8306
      vertex 21.6796 -32.4458 24.6394
    endloop
  endfacet
  facet normal 0.349082 0.245068 0.90448
    outer loop
      vertex 17.0722 -29.57 25.6384
      vertex 21.6796 -32.4458 24.6394
      vertex 18.9696 -28.3901 24.5864
    endloop
  endfacet
  facet normal 0.341849 0.240288 0.908516
    outer loop
      vertex 18.9696 -28.3901 24.5864
      vertex 21.6796 -32.4458 24.6394
      vertex 23.7552 -30.9584 23.465
    endloop
  endfacet
  facet normal 0.341545 0.239593 0.908813
    outer loop
      vertex 18.9696 -28.3901 24.5864
      vertex 23.7552 -30.9584 23.465
      vertex 20.7858 -27.0886 23.5608
    endloop
  endfacet
  facet normal 0.337586 0.236499 0.9111
    outer loop
      vertex 20.7858 -27.0886 23.5608
      vertex 23.7552 -30.9584 23.465
      vertex 25.7291 -29.3385 22.3131
    endloop
  endfacet
  facet normal 0.335211 0.229852 0.913675
    outer loop
      vertex 20.7858 -27.0886 23.5608
      vertex 25.7291 -29.3385 22.3131
      vertex 22.513 -25.6712 22.5705
    endloop
  endfacet
  facet normal 0.335052 0.229706 0.91377
    outer loop
      vertex 22.513 -25.6712 22.5705
      vertex 25.7291 -29.3385 22.3131
      vertex 27.5929 -27.5929 21.191
    endloop
  endfacet
  facet normal 0.330643 0.214206 0.919125
    outer loop
      vertex 22.513 -25.6712 22.5705
      vertex 27.5929 -27.5929 21.191
      vertex 24.1438 -24.1438 21.6279
    endloop
  endfacet
  facet normal 0.334877 0.218772 0.916513
    outer loop
      vertex 24.1438 -24.1438 21.6279
      vertex 27.5929 -27.5929 21.191
      vertex 29.3385 -25.7291 20.1083
    endloop
  endfacet
  facet normal 0.328634 0.190044 0.92514
    outer loop
      vertex 24.1438 -24.1438 21.6279
      vertex 29.3385 -25.7291 20.1083
      vertex 25.6712 -22.513 20.7503
    endloop
  endfacet
  facet normal 0.337804 0.201654 0.919361
    outer loop
      vertex 25.6712 -22.513 20.7503
      vertex 29.3385 -25.7291 20.1083
      vertex 30.9584 -23.7552 19.0801
    endloop
  endfacet
  facet normal 0.330222 0.153219 0.931385
    outer loop
      vertex 25.6712 -22.513 20.7503
      vertex 30.9584 -23.7552 19.0801
      vertex 27.0886 -20.7858 19.9636
    endloop
  endfacet
  facet normal 0.344217 0.174067 0.922613
    outer loop
      vertex 27.0886 -20.7858 19.9636
      vertex 30.9584 -23.7552 19.0801
      vertex 32.4458 -21.6796 18.1336
    endloop
  endfacet
  facet normal 0.336285 0.0977306 0.936675
    outer loop
      vertex 27.0886 -20.7858 19.9636
      vertex 32.4458 -21.6796 18.1336
      vertex 28.3901 -18.9696 19.3069
    endloop
  endfacet
  facet normal 0.351565 0.124415 0.92786
    outer loop
      vertex 28.3901 -18.9696 19.3069
      vertex 32.4458 -21.6796 18.1336
      vertex 33.7942 -19.5111 17.3319
    endloop
  endfacet
  facet normal 0.344814 0.0182581 0.938493
    outer loop
      vertex 28.3901 -18.9696 19.3069
      vertex 33.7942 -19.5111 17.3319
      vertex 29.57 -17.0722 18.8365
    endloop
  endfacet
  facet normal 0.342146 0.01298 0.939557
    outer loop
      vertex 29.57 -17.0722 18.8365
      vertex 33.7942 -19.5111 17.3319
      vertex 34.998 -17.2591 16.8624
    endloop
  endfacet
  facet normal 0.33841 -0.0772234 0.937825
    outer loop
      vertex 29.57 -17.0722 18.8365
      vertex 34.998 -17.2591 16.8624
      vertex 30.6232 -15.1017 18.6187
    endloop
  endfacet
  facet normal 0.278824 -0.199354 0.939423
    outer loop
      vertex 30.6232 -15.1017 18.6187
      vertex 34.998 -17.2591 16.8624
      vertex 36.0518 -14.9332 17.0432
    endloop
  endfacet
  facet normal 0.279656 -0.162758 0.946204
    outer loop
      vertex 30.6232 -15.1017 18.6187
      vertex 36.0518 -14.9332 17.0432
      vertex 31.5454 -13.0665 18.6962
    endloop
  endfacet
  facet normal 0.198415 -0.336248 0.920635
    outer loop
      vertex 31.5454 -13.0665 18.6962
      vertex 36.0518 -14.9332 17.0432
      vertex 36.9513 -12.5433 17.7222
    endloop
  endfacet
  facet normal 0.19436 -0.235521 0.952236
    outer loop
      vertex 31.5454 -13.0665 18.6962
      vertex 36.9513 -12.5433 17.7222
      vertex 32.3324 -10.9754 19.0528
    endloop
  endfacet
  facet normal 0.136816 -0.375022 0.916864
    outer loop
      vertex 32.3324 -10.9754 19.0528
      vertex 36.9513 -12.5433 17.7222
      vertex 37.6926 -10.0997 18.6111
    endloop
  endfacet
  facet normal 0.125976 -0.293093 0.947748
    outer loop
      vertex 32.3324 -10.9754 19.0528
      vertex 37.6926 -10.0997 18.6111
      vertex 32.981 -8.83723 19.6278
    endloop
  endfacet
  facet normal 0.0938302 -0.388147 0.916808
    outer loop
      vertex 32.981 -8.83723 19.6278
      vertex 37.6926 -10.0997 18.6111
      vertex 38.2724 -7.61286 19.6046
    endloop
  endfacet
  facet normal 0.0813972 -0.333994 0.939054
    outer loop
      vertex 32.981 -8.83723 19.6278
      vertex 38.2724 -7.61286 19.6046
      vertex 33.4884 -6.66125 20.3577
    endloop
  endfacet
  facet normal 0.0654841 -0.395761 0.916016
    outer loop
      vertex 33.4884 -6.66125 20.3577
      vertex 38.2724 -7.61286 19.6046
      vertex 38.6884 -5.09342 20.6634
    endloop
  endfacet
  facet normal 0.0546244 -0.362541 0.930366
    outer loop
      vertex 33.4884 -6.66125 20.3577
      vertex 38.6884 -5.09342 20.6634
      vertex 33.8523 -4.45674 21.1954
    endloop
  endfacet
  facet normal 0.0476498 -0.402128 0.914343
    outer loop
      vertex 33.8523 -4.45674 21.1954
      vertex 38.6884 -5.09342 20.6634
      vertex 38.9387 -2.55218 21.768
    endloop
  endfacet
  facet normal 0.0395934 -0.383165 0.922831
    outer loop
      vertex 33.8523 -4.45674 21.1954
      vertex 38.9387 -2.55218 21.768
      vertex 34.0713 -2.23315 22.1093
    endloop
  endfacet
  facet normal 0.0372069 -0.408154 0.912155
    outer loop
      vertex 34.0713 -2.23315 22.1093
      vertex 38.9387 -2.55218 21.768
      vertex 39.0222 0 22.9066
    endloop
  endfacet
  facet normal 0.032275 -0.398766 0.916485
    outer loop
      vertex 34.0713 -2.23315 22.1093
      vertex 39.0222 0 22.9066
      vertex 34.1444 0 23.0783
    endloop
  endfacet
  facet normal -0.0775693 -0.40187 0.912405
    outer loop
      vertex 39.0222 0 22.9066
      vertex 43.9 0 23.3213
      vertex 43.806 2.8712 24.5779
    endloop
  endfacet
  facet normal -0.0672035 -0.41594 0.906906
    outer loop
      vertex 39.0222 0 22.9066
      vertex 43.806 2.8712 24.5779
      vertex 38.9387 2.55218 24.0709
    endloop
  endfacet
  facet normal -0.0676346 -0.412098 0.908626
    outer loop
      vertex 38.9387 2.55218 24.0709
      vertex 43.806 2.8712 24.5779
      vertex 43.5244 5.7301 25.8536
    endloop
  endfacet
  facet normal -0.0557299 -0.426097 0.902959
    outer loop
      vertex 38.9387 2.55218 24.0709
      vertex 43.5244 5.7301 25.8536
      vertex 38.6884 5.09342 25.2546
    endloop
  endfacet
  facet normal -0.0566479 -0.421221 0.905187
    outer loop
      vertex 38.6884 5.09342 25.2546
      vertex 43.5244 5.7301 25.8536
      vertex 43.0565 8.56447 27.1432
    endloop
  endfacet
  facet normal -0.0433446 -0.434846 0.899461
    outer loop
      vertex 38.6884 5.09342 25.2546
      vertex 43.0565 8.56447 27.1432
      vertex 38.2724 7.61286 26.4526
    endloop
  endfacet
  facet normal -0.0448085 -0.429348 0.902027
    outer loop
      vertex 38.2724 7.61286 26.4526
      vertex 43.0565 8.56447 27.1432
      vertex 42.4041 11.3622 28.4425
    endloop
  endfacet
  facet normal -0.0302404 -0.442374 0.896321
    outer loop
      vertex 38.2724 7.61286 26.4526
      vertex 42.4041 11.3622 28.4425
      vertex 37.6926 10.0997 27.6604
    endloop
  endfacet
  facet normal -0.0322606 -0.436555 0.899099
    outer loop
      vertex 37.6926 10.0997 27.6604
      vertex 42.4041 11.3622 28.4425
      vertex 41.5702 14.1112 29.7473
    endloop
  endfacet
  facet normal -0.0165597 -0.448807 0.893475
    outer loop
      vertex 37.6926 10.0997 27.6604
      vertex 41.5702 14.1112 29.7473
      vertex 36.9513 12.5433 28.8741
    endloop
  endfacet
  facet normal -0.0191139 -0.442895 0.89637
    outer loop
      vertex 36.9513 12.5433 28.8741
      vertex 41.5702 14.1112 29.7473
      vertex 40.5583 16.7998 31.0542
    endloop
  endfacet
  facet normal -0.00241291 -0.454235 0.890879
    outer loop
      vertex 36.9513 12.5433 28.8741
      vertex 40.5583 16.7998 31.0542
      vertex 36.0518 14.9332 30.0902
    endloop
  endfacet
  facet normal -0.00545611 -0.448404 0.893814
    outer loop
      vertex 36.0518 14.9332 30.0902
      vertex 40.5583 16.7998 31.0542
      vertex 39.3727 19.4165 32.3597
    endloop
  endfacet
  facet normal 0.0121111 -0.458724 0.888496
    outer loop
      vertex 36.0518 14.9332 30.0902
      vertex 39.3727 19.4165 32.3597
      vertex 34.998 17.2591 31.3055
    endloop
  endfacet
  facet normal 0.0086403 -0.453111 0.891412
    outer loop
      vertex 34.998 17.2591 31.3055
      vertex 39.3727 19.4165 32.3597
      vertex 38.0185 21.95 33.6606
    endloop
  endfacet
  facet normal 0.0269381 -0.462327 0.8863
    outer loop
      vertex 34.998 17.2591 31.3055
      vertex 38.0185 21.95 33.6606
      vertex 33.7942 19.5111 32.5168
    endloop
  endfacet
  facet normal 0.0231132 -0.457037 0.889147
    outer loop
      vertex 33.7942 19.5111 32.5168
      vertex 38.0185 21.95 33.6606
      vertex 36.5015 24.3895 34.954
    endloop
  endfacet
  facet normal 0.0420048 -0.465084 0.884269
    outer loop
      vertex 33.7942 19.5111 32.5168
      vertex 36.5015 24.3895 34.954
      vertex 32.4458 21.6796 33.7213
    endloop
  endfacet
  facet normal 0.0379079 -0.460198 0.887007
    outer loop
      vertex 32.4458 21.6796 33.7213
      vertex 36.5015 24.3895 34.954
      vertex 34.8282 26.7246 36.237
    endloop
  endfacet
  facet normal 0.0572559 -0.46703 0.882386
    outer loop
      vertex 32.4458 21.6796 33.7213
      vertex 34.8282 26.7246 36.237
      vertex 30.9584 23.7552 34.9165
    endloop
  endfacet
  facet normal 0.0529752 -0.462605 0.88498
    outer loop
      vertex 30.9584 23.7552 34.9165
      vertex 34.8282 26.7246 36.237
      vertex 33.0058 28.9453 37.5069
    endloop
  endfacet
  facet normal 0.0726424 -0.468194 0.880634
    outer loop
      vertex 30.9584 23.7552 34.9165
      vertex 33.0058 28.9453 37.5069
      vertex 29.3385 25.7291 36.0995
    endloop
  endfacet
  facet normal 0.0682698 -0.464269 0.883059
    outer loop
      vertex 29.3385 25.7291 36.0995
      vertex 33.0058 28.9453 37.5069
      vertex 31.042 31.042 38.7611
    endloop
  endfacet
  facet normal 0.0881202 -0.468602 0.879003
    outer loop
      vertex 29.3385 25.7291 36.0995
      vertex 31.042 31.042 38.7611
      vertex 27.5929 27.5929 37.2681
    endloop
  endfacet
  facet normal 0.0837495 -0.465198 0.881236
    outer loop
      vertex 27.5929 27.5929 37.2681
      vertex 31.042 31.042 38.7611
      vertex 28.9453 33.0058 39.997
    endloop
  endfacet
  facet normal 0.103649 -0.468277 0.877481
    outer loop
      vertex 27.5929 27.5929 37.2681
      vertex 28.9453 33.0058 39.997
      vertex 25.7291 29.3385 38.4198
    endloop
  endfacet
  facet normal 0.0993742 -0.465399 0.879505
    outer loop
      vertex 25.7291 29.3385 38.4198
      vertex 28.9453 33.0058 39.997
      vertex 26.7246 34.8282 41.2123
    endloop
  endfacet
  facet normal 0.119193 -0.46724 0.876059
    outer loop
      vertex 25.7291 29.3385 38.4198
      vertex 26.7246 34.8282 41.2123
      vertex 23.7552 30.9584 39.5523
    endloop
  endfacet
  facet normal 0.115106 -0.464877 0.877861
    outer loop
      vertex 23.7552 30.9584 39.5523
      vertex 26.7246 34.8282 41.2123
      vertex 24.3895 36.5015 42.4046
    endloop
  endfacet
  facet normal 0.134717 -0.465509 0.87473
    outer loop
      vertex 23.7552 30.9584 39.5523
      vertex 24.3895 36.5015 42.4046
      vertex 21.6796 32.4458 40.6636
    endloop
  endfacet
  facet normal 0.130908 -0.463638 0.876301
    outer loop
      vertex 21.6796 32.4458 40.6636
      vertex 24.3895 36.5015 42.4046
      vertex 21.95 38.0185 43.5716
    endloop
  endfacet
  facet normal 0.15019 -0.463105 0.873485
    outer loop
      vertex 21.6796 32.4458 40.6636
      vertex 21.95 38.0185 43.5716
      vertex 19.5111 33.7942 41.7513
    endloop
  endfacet
  facet normal 0.146744 -0.46169 0.874819
    outer loop
      vertex 19.5111 33.7942 41.7513
      vertex 21.95 38.0185 43.5716
      vertex 19.4165 39.3727 44.7113
    endloop
  endfacet
  facet normal 0.165584 -0.460044 0.87232
    outer loop
      vertex 19.5111 33.7942 41.7513
      vertex 19.4165 39.3727 44.7113
      vertex 17.2591 34.998 42.8136
    endloop
  endfacet
  facet normal 0.162579 -0.459037 0.873414
    outer loop
      vertex 17.2591 34.998 42.8136
      vertex 19.4165 39.3727 44.7113
      vertex 16.7998 40.5583 45.8215
    endloop
  endfacet
  facet normal 0.18087 -0.456343 0.871227
    outer loop
      vertex 17.2591 34.998 42.8136
      vertex 16.7998 40.5583 45.8215
      vertex 14.9332 36.0518 43.8485
    endloop
  endfacet
  facet normal 0.178381 -0.455687 0.872084
    outer loop
      vertex 14.9332 36.0518 43.8485
      vertex 16.7998 40.5583 45.8215
      vertex 14.1112 41.5702 46.9002
    endloop
  endfacet
  facet normal 0.196023 -0.452019 0.870203
    outer loop
      vertex 14.9332 36.0518 43.8485
      vertex 14.1112 41.5702 46.9002
      vertex 12.5433 36.9513 44.8541
    endloop
  endfacet
  facet normal 0.194115 -0.451647 0.870824
    outer loop
      vertex 12.5433 36.9513 44.8541
      vertex 14.1112 41.5702 46.9002
      vertex 11.3622 42.4041 47.9454
    endloop
  endfacet
  facet normal 0.211018 -0.447089 0.869243
    outer loop
      vertex 12.5433 36.9513 44.8541
      vertex 11.3622 42.4041 47.9454
      vertex 10.0997 37.6926 45.8286
    endloop
  endfacet
  facet normal 0.209748 -0.446924 0.869635
    outer loop
      vertex 10.0997 37.6926 45.8286
      vertex 11.3622 42.4041 47.9454
      vertex 8.56447 43.0565 48.9555
    endloop
  endfacet
  facet normal 0.225834 -0.441567 0.868342
    outer loop
      vertex 10.0997 37.6926 45.8286
      vertex 8.56447 43.0565 48.9555
      vertex 7.61286 38.2724 46.7702
    endloop
  endfacet
  facet normal 0.225249 -0.441528 0.868513
    outer loop
      vertex 7.61286 38.2724 46.7702
      vertex 8.56447 43.0565 48.9555
      vertex 5.7301 43.5244 49.9285
    endloop
  endfacet
  facet normal 0.240448 -0.435469 0.867497
    outer loop
      vertex 7.61286 38.2724 46.7702
      vertex 5.7301 43.5244 49.9285
      vertex 5.09342 38.6884 47.6773
    endloop
  endfacet
  facet normal 0.240586 -0.435469 0.867459
    outer loop
      vertex 5.09342 38.6884 47.6773
      vertex 5.7301 43.5244 49.9285
      vertex 2.8712 43.806 50.8627
    endloop
  endfacet
  facet normal 0.254839 -0.428811 0.866705
    outer loop
      vertex 5.09342 38.6884 47.6773
      vertex 2.8712 43.806 50.8627
      vertex 2.55218 38.9387 48.5484
    endloop
  endfacet
  facet normal 0.255728 -0.428757 0.86647
    outer loop
      vertex 2.55218 38.9387 48.5484
      vertex 2.8712 43.806 50.8627
      vertex 2.6881e-15 43.9 51.7566
    endloop
  endfacet
  facet normal 0.268989 -0.421608 0.865963
    outer loop
      vertex 2.55218 38.9387 48.5484
      vertex 2.6881e-15 43.9 51.7566
      vertex 2.38942e-15 39.0222 49.3818
    endloop
  endfacet
  facet normal 0.270645 -0.421405 0.865546
    outer loop
      vertex 2.38942e-15 39.0222 49.3818
      vertex 2.6881e-15 43.9 51.7566
      vertex -2.8712 43.806 52.6086
    endloop
  endfacet
  facet normal 0.282879 -0.413874 0.865267
    outer loop
      vertex 2.38942e-15 39.0222 49.3818
      vertex -2.8712 43.806 52.6086
      vertex -2.55218 38.9387 50.1762
    endloop
  endfacet
  facet normal 0.285308 -0.413424 0.864685
    outer loop
      vertex -2.55218 38.9387 50.1762
      vertex -2.8712 43.806 52.6086
      vertex -5.7301 43.5244 53.4173
    endloop
  endfacet
  facet normal 0.296492 -0.405625 0.864616
    outer loop
      vertex -2.55218 38.9387 50.1762
      vertex -5.7301 43.5244 53.4173
      vertex -5.09342 38.6884 50.9302
    endloop
  endfacet
  facet normal 0.299687 -0.404829 0.863887
    outer loop
      vertex -5.09342 38.6884 50.9302
      vertex -5.7301 43.5244 53.4173
      vertex -8.56447 43.0565 54.1813
    endloop
  endfacet
  facet normal 0.30981 -0.396875 0.864007
    outer loop
      vertex -5.09342 38.6884 50.9302
      vertex -8.56447 43.0565 54.1813
      vertex -7.61286 38.2724 51.6426
    endloop
  endfacet
  facet normal 0.313755 -0.395636 0.863151
    outer loop
      vertex -7.61286 38.2724 51.6426
      vertex -8.56447 43.0565 54.1813
      vertex -11.3622 42.4041 54.8993
    endloop
  endfacet
  facet normal 0.322817 -0.387639 0.863438
    outer loop
      vertex -7.61286 38.2724 51.6426
      vertex -11.3622 42.4041 54.8993
      vertex -10.0997 37.6926 52.312
    endloop
  endfacet
  facet normal 0.327483 -0.385861 0.862477
    outer loop
      vertex -10.0997 37.6926 52.312
      vertex -11.3622 42.4041 54.8993
      vertex -14.1112 41.5702 55.57
    endloop
  endfacet
  facet normal 0.335498 -0.37793 0.862908
    outer loop
      vertex -10.0997 37.6926 52.312
      vertex -14.1112 41.5702 55.57
      vertex -12.5433 36.9513 52.9374
    endloop
  endfacet
  facet normal 0.340846 -0.37552 0.861864
    outer loop
      vertex -12.5433 36.9513 52.9374
      vertex -14.1112 41.5702 55.57
      vertex -16.7998 40.5583 56.1924
    endloop
  endfacet
  facet normal 0.347839 -0.367764 0.862414
    outer loop
      vertex -12.5433 36.9513 52.9374
      vertex -16.7998 40.5583 56.1924
      vertex -14.9332 36.0518 53.5178
    endloop
  endfacet
  facet normal 0.353817 -0.364633 0.861311
    outer loop
      vertex -14.9332 36.0518 53.5178
      vertex -16.7998 40.5583 56.1924
      vertex -19.4165 39.3727 56.7653
    endloop
  endfacet
  facet normal 0.359823 -0.357156 0.861955
    outer loop
      vertex -14.9332 36.0518 53.5178
      vertex -19.4165 39.3727 56.7653
      vertex -17.2591 34.998 54.052
    endloop
  endfacet
  facet normal 0.366373 -0.35322 0.860817
    outer loop
      vertex -17.2591 34.998 54.052
      vertex -19.4165 39.3727 56.7653
      vertex -21.95 38.0185 57.288
    endloop
  endfacet
  facet normal 0.371439 -0.346118 0.861531
    outer loop
      vertex -17.2591 34.998 54.052
      vertex -21.95 38.0185 57.288
      vertex -19.5111 33.7942 54.5394
    endloop
  endfacet
  facet normal 0.37849 -0.3413 0.860383
    outer loop
      vertex -19.5111 33.7942 54.5394
      vertex -21.95 38.0185 57.288
      vertex -24.3895 36.5015 57.7594
    endloop
  endfacet
  facet normal 0.382671 -0.334665 0.86114
    outer loop
      vertex -19.5111 33.7942 54.5394
      vertex -24.3895 36.5015 57.7594
      vertex -21.6796 32.4458 54.979
    endloop
  endfacet
  facet normal 0.390145 -0.328896 0.860008
    outer loop
      vertex -21.6796 32.4458 54.979
      vertex -24.3895 36.5015 57.7594
      vertex -26.7246 34.8282 58.1788
    endloop
  endfacet
  facet normal 0.393507 -0.322813 0.860781
    outer loop
      vertex -21.6796 32.4458 54.979
      vertex -26.7246 34.8282 58.1788
      vertex -23.7552 30.9584 55.37
    endloop
  endfacet
  facet normal 0.401316 -0.31603 0.859692
    outer loop
      vertex -23.7552 30.9584 55.37
      vertex -26.7246 34.8282 58.1788
      vertex -28.9453 33.0058 58.5455
    endloop
  endfacet
  facet normal 0.403934 -0.310574 0.860454
    outer loop
      vertex -23.7552 30.9584 55.37
      vertex -28.9453 33.0058 58.5455
      vertex -25.7291 29.3385 55.712
    endloop
  endfacet
  facet normal 0.411984 -0.302727 0.859433
    outer loop
      vertex -25.7291 29.3385 55.712
      vertex -28.9453 33.0058 58.5455
      vertex -31.042 31.042 58.8588
    endloop
  endfacet
  facet normal 0.41394 -0.297965 0.860157
    outer loop
      vertex -25.7291 29.3385 55.712
      vertex -31.042 31.042 58.8588
      vertex -27.5929 27.5929 56.0042
    endloop
  endfacet
  facet normal 0.42213 -0.289009 0.859232
    outer loop
      vertex -27.5929 27.5929 56.0042
      vertex -31.042 31.042 58.8588
      vertex -33.0058 28.9453 59.1184
    endloop
  endfacet
  facet normal 0.423511 -0.284999 0.859892
    outer loop
      vertex -27.5929 27.5929 56.0042
      vertex -33.0058 28.9453 59.1184
      vertex -29.3385 25.7291 56.2462
    endloop
  endfacet
  facet normal 0.431736 -0.274903 0.859088
    outer loop
      vertex -29.3385 25.7291 56.2462
      vertex -33.0058 28.9453 59.1184
      vertex -34.8282 26.7246 59.3236
    endloop
  endfacet
  facet normal 0.432637 -0.271691 0.859657
    outer loop
      vertex -29.3385 25.7291 56.2462
      vertex -34.8282 26.7246 59.3236
      vertex -30.9584 23.7552 56.4376
    endloop
  endfacet
  facet normal 0.440785 -0.260435 0.859001
    outer loop
      vertex -30.9584 23.7552 56.4376
      vertex -34.8282 26.7246 59.3236
      vertex -36.5015 24.3895 59.4743
    endloop
  endfacet
  facet normal 0.441304 -0.258056 0.859452
    outer loop
      vertex -30.9584 23.7552 56.4376
      vertex -36.5015 24.3895 59.4743
      vertex -32.4458 21.6796 56.5781
    endloop
  endfacet
  facet normal 0.449263 -0.24563 0.85897
    outer loop
      vertex -32.4458 21.6796 56.5781
      vertex -36.5015 24.3895 59.4743
      vertex -38.0185 21.95 59.5701
    endloop
  endfacet
  facet normal 0.449502 -0.244111 0.859278
    outer loop
      vertex -32.4458 21.6796 56.5781
      vertex -38.0185 21.95 59.5701
      vertex -33.7942 19.5111 56.6675
    endloop
  endfacet
  facet normal 0.457155 -0.230517 0.858994
    outer loop
      vertex -33.7942 19.5111 56.6675
      vertex -38.0185 21.95 59.5701
      vertex -39.3727 19.4165 59.6109
    endloop
  endfacet
  facet normal 0.457218 -0.229869 0.859134
    outer loop
      vertex -33.7942 19.5111 56.6675
      vertex -39.3727 19.4165 59.6109
      vertex -34.998 17.2591 56.7055
    endloop
  endfacet
  facet normal 0.46445 -0.215123 0.859074
    outer loop
      vertex -34.998 17.2591 56.7055
      vertex -39.3727 19.4165 59.6109
      vertex -40.5583 16.7998 59.5967
    endloop
  endfacet
  facet normal 0.464442 -0.215349 0.859022
    outer loop
      vertex -34.998 17.2591 56.7055
      vertex -40.5583 16.7998 59.5967
      vertex -36.0518 14.9332 56.6922
    endloop
  endfacet
  facet normal 0.471137 -0.199476 0.859209
    outer loop
      vertex -36.0518 14.9332 56.6922
      vertex -40.5583 16.7998 59.5967
      vertex -41.5702 14.1112 59.5274
    endloop
  endfacet
  facet normal 0.471162 -0.200565 0.858941
    outer loop
      vertex -36.0518 14.9332 56.6922
      vertex -41.5702 14.1112 59.5274
      vertex -36.9513 12.5433 56.6276
    endloop
  endfacet
  facet normal 0.477206 -0.183604 0.859398
    outer loop
      vertex -36.9513 12.5433 56.6276
      vertex -41.5702 14.1112 59.5274
      vertex -42.4041 11.3622 59.4031
    endloop
  endfacet
  facet normal 0.477367 -0.185535 0.858893
    outer loop
      vertex -36.9513 12.5433 56.6276
      vertex -42.4041 11.3622 59.4031
      vertex -37.6926 10.0997 56.5117
    endloop
  endfacet
  facet normal 0.482649 -0.167536 0.859641
    outer loop
      vertex -37.6926 10.0997 56.5117
      vertex -42.4041 11.3622 59.4031
      vertex -43.0565 8.56447 59.2241
    endloop
  endfacet
  facet normal 0.483047 -0.170277 0.858878
    outer loop
      vertex -37.6926 10.0997 56.5117
      vertex -43.0565 8.56447 59.2241
      vertex -38.2724 7.61286 56.3448
    endloop
  endfacet
  facet normal 0.487459 -0.151301 0.859937
    outer loop
      vertex -38.2724 7.61286 56.3448
      vertex -43.0565 8.56447 59.2241
      vertex -43.5244 5.7301 58.9907
    endloop
  endfacet
  facet normal 0.488192 -0.154808 0.858896
    outer loop
      vertex -38.2724 7.61286 56.3448
      vertex -43.5244 5.7301 58.9907
      vertex -38.6884 5.09342 56.1271
    endloop
  endfacet
  facet normal 0.491632 -0.134929 0.860286
    outer loop
      vertex -38.6884 5.09342 56.1271
      vertex -43.5244 5.7301 58.9907
      vertex -43.806 2.8712 58.7032
    endloop
  endfacet
  facet normal 0.492791 -0.139146 0.85895
    outer loop
      vertex -38.6884 5.09342 56.1271
      vertex -43.806 2.8712 58.7032
      vertex -38.9387 2.55218 55.8591
    endloop
  endfacet
  facet normal 0.495163 -0.118447 0.860688
    outer loop
      vertex -38.9387 2.55218 55.8591
      vertex -43.806 2.8712 58.7032
      vertex -43.9 5.3762e-15 58.3621
    endloop
  endfacet
  facet normal 0.496834 -0.123312 0.85904
    outer loop
      vertex -38.9387 2.55218 55.8591
      vertex -43.9 5.3762e-15 58.3621
      vertex -39.0222 4.77884e-15 55.541
    endloop
  endfacet
  facet normal 0.49805 -0.101886 0.861142
    outer loop
      vertex -39.0222 4.77884e-15 55.541
      vertex -43.9 5.3762e-15 58.3621
      vertex -43.806 -2.8712 57.9681
    endloop
  endfacet
  facet normal 0.500313 -0.107325 0.859167
    outer loop
      vertex -39.0222 4.77884e-15 55.541
      vertex -43.806 -2.8712 57.9681
      vertex -38.9387 -2.55218 55.1736
    endloop
  endfacet
  facet normal 0.500292 -0.0852739 0.861648
    outer loop
      vertex -38.9387 -2.55218 55.1736
      vertex -43.806 -2.8712 57.9681
      vertex -43.5244 -5.7301 57.5216
    endloop
  endfacet
  facet normal 0.503217 -0.0912056 0.859333
    outer loop
      vertex -38.9387 -2.55218 55.1736
      vertex -43.5244 -5.7301 57.5216
      vertex -38.6884 -5.09342 54.7573
    endloop
  endfacet
  facet normal 0.501888 -0.0686398 0.862205
    outer loop
      vertex -38.6884 -5.09342 54.7573
      vertex -43.5244 -5.7301 57.5216
      vertex -43.0565 -8.56447 57.0236
    endloop
  endfacet
  facet normal 0.505539 -0.074975 0.85954
    outer loop
      vertex -38.6884 -5.09342 54.7573
      vertex -43.0565 -8.56447 57.0236
      vertex -38.2724 -7.61286 54.2929
    endloop
  endfacet
  facet normal 0.50284 -0.0520124 0.862813
    outer loop
      vertex -38.2724 -7.61286 54.2929
      vertex -43.0565 -8.56447 57.0236
      vertex -42.4041 -11.3622 56.4748
    endloop
  endfacet
  facet normal 0.507271 -0.0586552 0.859788
    outer loop
      vertex -38.2724 -7.61286 54.2929
      vertex -42.4041 -11.3622 56.4748
      vertex -37.6926 -10.0997 53.7811
    endloop
  endfacet
  facet normal 0.503151 -0.03542 0.863472
    outer loop
      vertex -37.6926 -10.0997 53.7811
      vertex -42.4041 -11.3622 56.4748
      vertex -41.5702 -14.1112 55.8761
    endloop
  endfacet
  facet normal 0.508404 -0.0422691 0.860081
    outer loop
      vertex -37.6926 -10.0997 53.7811
      vertex -41.5702 -14.1112 55.8761
      vertex -36.9513 -12.5433 53.2229
    endloop
  endfacet
  facet normal 0.502824 -0.0188906 0.864182
    outer loop
      vertex -36.9513 -12.5433 53.2229
      vertex -41.5702 -14.1112 55.8761
      vertex -40.5583 -16.7998 55.2285
    endloop
  endfacet
  facet normal 0.508933 -0.0258404 0.860418
    outer loop
      vertex -36.9513 -12.5433 53.2229
      vertex -40.5583 -16.7998 55.2285
      vertex -36.0518 -14.9332 52.619
    endloop
  endfacet
  facet normal 0.501865 -0.00245207 0.864943
    outer loop
      vertex -36.0518 -14.9332 52.619
      vertex -40.5583 -16.7998 55.2285
      vertex -39.3727 -19.4165 54.5332
    endloop
  endfacet
  facet normal 0.50885 -0.00939345 0.860804
    outer loop
      vertex -36.0518 -14.9332 52.619
      vertex -39.3727 -19.4165 54.5332
      vertex -34.998 -17.2591 51.9707
    endloop
  endfacet
  facet normal 0.500278 0.0138683 0.865754
    outer loop
      vertex -34.998 -17.2591 51.9707
      vertex -39.3727 -19.4165 54.5332
      vertex -38.0185 -21.95 53.7913
    endloop
  endfacet
  facet normal 0.508151 0.00704649 0.861239
    outer loop
      vertex -34.998 -17.2591 51.9707
      vertex -38.0185 -21.95 53.7913
      vertex -33.7942 -19.5111 51.2789
    endloop
  endfacet
  facet normal 0.498072 0.0300434 0.866615
    outer loop
      vertex -33.7942 -19.5111 51.2789
      vertex -38.0185 -21.95 53.7913
      vertex -36.5015 -24.3895 53.004
    endloop
  endfacet
  facet normal 0.506831 0.0234533 0.861726
    outer loop
      vertex -33.7942 -19.5111 51.2789
      vertex -36.5015 -24.3895 53.004
      vertex -32.4458 -21.6796 50.5448
    endloop
  endfacet
  facet normal 0.495253 0.0460467 0.867528
    outer loop
      vertex -32.4458 -21.6796 50.5448
      vertex -36.5015 -24.3895 53.004
      vertex -34.8282 -26.7246 52.1727
    endloop
  endfacet
  facet normal 0.504886 0.0398001 0.862268
    outer loop
      vertex -32.4458 -21.6796 50.5448
      vertex -34.8282 -26.7246 52.1727
      vertex -30.9584 -23.7552 49.7697
    endloop
  endfacet
  facet normal 0.49183 0.0618519 0.868492
    outer loop
      vertex -30.9584 -23.7552 49.7697
      vertex -34.8282 -26.7246 52.1727
      vertex -33.0058 -28.9453 51.2987
    endloop
  endfacet
  facet normal 0.502314 0.056059 0.862866
    outer loop
      vertex -30.9584 -23.7552 49.7697
      vertex -33.0058 -28.9453 51.2987
      vertex -29.3385 -25.7291 48.9549
    endloop
  endfacet
  facet normal 0.487813 0.0774331 0.869507
    outer loop
      vertex -29.3385 -25.7291 48.9549
      vertex -33.0058 -28.9453 51.2987
      vertex -31.042 -31.042 50.3837
    endloop
  endfacet
  facet normal 0.499112 0.0722015 0.863524
    outer loop
      vertex -29.3385 -25.7291 48.9549
      vertex -31.042 -31.042 50.3837
      vertex -27.5929 -27.5929 48.1018
    endloop
  endfacet
  facet normal 0.483213 0.0927649 0.870575
    outer loop
      vertex -27.5929 -27.5929 48.1018
      vertex -31.042 -31.042 50.3837
      vertex -28.9453 -33.0058 49.4292
    endloop
  endfacet
  facet normal 0.495279 0.0881979 0.864245
    outer loop
      vertex -27.5929 -27.5929 48.1018
      vertex -28.9453 -33.0058 49.4292
      vertex -25.7291 -29.3385 47.2119
    endloop
  endfacet
  facet normal 0.478039 0.107822 0.871696
    outer loop
      vertex -25.7291 -29.3385 47.2119
      vertex -28.9453 -33.0058 49.4292
      vertex -26.7246 -34.8282 48.4368
    endloop
  endfacet
  facet normal 0.490816 0.104018 0.865031
    outer loop
      vertex -25.7291 -29.3385 47.2119
      vertex -26.7246 -34.8282 48.4368
      vertex -23.7552 -30.9584 46.2867
    endloop
  endfacet
  facet normal 0.472304 0.122579 0.872871
    outer loop
      vertex -23.7552 -30.9584 46.2867
      vertex -26.7246 -34.8282 48.4368
      vertex -24.3895 -36.5015 47.4083
    endloop
  endfacet
  facet normal 0.485725 0.11963 0.865887
    outer loop
      vertex -23.7552 -30.9584 46.2867
      vertex -24.3895 -36.5015 47.4083
      vertex -21.6796 -32.4458 45.3278
    endloop
  endfacet
  facet normal 0.466019 0.137012 0.874102
    outer loop
      vertex -21.6796 -32.4458 45.3278
      vertex -24.3895 -36.5015 47.4083
      vertex -21.95 -38.0185 46.3455
    endloop
  endfacet
  facet normal 0.480007 0.135002 0.866815
    outer loop
      vertex -21.6796 -32.4458 45.3278
      vertex -21.95 -38.0185 46.3455
      vertex -19.5111 -33.7942 44.337
    endloop
  endfacet
  facet normal 0.459196 0.151095 0.875391
    outer loop
      vertex -19.5111 -33.7942 44.337
      vertex -21.95 -38.0185 46.3455
      vertex -19.4165 -39.3727 45.2502
    endloop
  endfacet
  facet normal 0.473667 0.150101 0.867819
    outer loop
      vertex -19.5111 -33.7942 44.337
      vertex -19.4165 -39.3727 45.2502
      vertex -17.2591 -34.998 43.316
    endloop
  endfacet
  facet normal 0.45185 0.164804 0.876739
    outer loop
      vertex -17.2591 -34.998 43.316
      vertex -19.4165 -39.3727 45.2502
      vertex -16.7998 -40.5583 44.1245
    endloop
  endfacet
  facet normal 0.46671 0.164892 0.868903
    outer loop
      vertex -17.2591 -34.998 43.316
      vertex -16.7998 -40.5583 44.1245
      vertex -14.9332 -36.0518 42.2667
    endloop
  endfacet
  facet normal 0.443993 0.178113 0.878149
    outer loop
      vertex -14.9332 -36.0518 42.2667
      vertex -16.7998 -40.5583 44.1245
      vertex -14.1112 -41.5702 42.9704
    endloop
  endfacet
  facet normal 0.459141 0.17934 0.870073
    outer loop
      vertex -14.9332 -36.0518 42.2667
      vertex -14.1112 -41.5702 42.9704
      vertex -12.5433 -36.9513 41.191
    endloop
  endfacet
  facet normal 0.435638 0.190998 0.879625
    outer loop
      vertex -12.5433 -36.9513 41.191
      vertex -14.1112 -41.5702 42.9704
      vertex -11.3622 -42.4041 41.79
    endloop
  endfacet
  facet normal 0.450969 0.193408 0.871333
    outer loop
      vertex -12.5433 -36.9513 41.191
      vertex -11.3622 -42.4041 41.79
      vertex -10.0997 -37.6926 40.0908
    endloop
  endfacet
  facet normal 0.426799 0.203431 0.881169
    outer loop
      vertex -10.0997 -37.6926 40.0908
      vertex -11.3622 -42.4041 41.79
      vertex -8.56447 -43.0565 40.5855
    endloop
  endfacet
  facet normal 0.442202 0.207058 0.872688
    outer loop
      vertex -10.0997 -37.6926 40.0908
      vertex -8.56447 -43.0565 40.5855
      vertex -7.61286 -38.2724 38.9683
    endloop
  endfacet
  facet normal 0.417491 0.215386 0.882785
    outer loop
      vertex -7.61286 -38.2724 38.9683
      vertex -8.56447 -43.0565 40.5855
      vertex -5.7301 -43.5244 39.3593
    endloop
  endfacet
  facet normal 0.432851 0.220249 0.874145
    outer loop
      vertex -7.61286 -38.2724 38.9683
      vertex -5.7301 -43.5244 39.3593
      vertex -5.09342 -38.6884 37.8255
    endloop
  endfacet
  facet normal 0.407727 0.226835 0.88448
    outer loop
      vertex -5.09342 -38.6884 37.8255
      vertex -5.7301 -43.5244 39.3593
      vertex -2.8712 -43.806 38.1136
    endloop
  endfacet
  facet normal 0.422927 0.232941 0.875712
    outer loop
      vertex -5.09342 -38.6884 37.8255
      vertex -2.8712 -43.806 38.1136
      vertex -2.55218 -38.9387 36.6648
    endloop
  endfacet
  facet normal 0.397522 0.237745 0.886258
    outer loop
      vertex -2.55218 -38.9387 36.6648
      vertex -2.8712 -43.806 38.1136
      vertex -8.0643e-15 -43.9 36.8509
    endloop
  endfacet
  facet normal 0.412443 0.245089 0.877395
    outer loop
      vertex -2.55218 -38.9387 36.6648
      vertex -8.0643e-15 -43.9 36.8509
      vertex -7.16827e-15 -39.0222 35.4884
    endloop
  endfacet
  facet normal 0.38689 0.248086 0.888127
    outer loop
      vertex -7.16827e-15 -39.0222 35.4884
      vertex -8.0643e-15 -43.9 36.8509
      vertex 2.8712 -43.806 35.5739
    endloop
  endfacet
  facet normal 0.401414 0.256644 0.879205
    outer loop
      vertex -7.16827e-15 -39.0222 35.4884
      vertex 2.8712 -43.806 35.5739
      vertex 2.55218 -38.9387 34.2988
    endloop
  endfacet
  facet normal 0.375844 0.257821 0.890095
    outer loop
      vertex 2.55218 -38.9387 34.2988
      vertex 2.8712 -43.806 35.5739
      vertex 5.7301 -43.5244 34.2852
    endloop
  endfacet
  facet normal 0.389853 0.267556 0.881152
    outer loop
      vertex 2.55218 -38.9387 34.2988
      vertex 5.7301 -43.5244 34.2852
      vertex 5.09342 -38.6884 33.0984
    endloop
  endfacet
  facet normal 0.364399 0.26691 0.892173
    outer loop
      vertex 5.09342 -38.6884 33.0984
      vertex 5.7301 -43.5244 34.2852
      vertex 8.56447 -43.0565 32.9875
    endloop
  endfacet
  facet normal 0.377779 0.277768 0.883249
    outer loop
      vertex 5.09342 -38.6884 33.0984
      vertex 8.56447 -43.0565 32.9875
      vertex 7.61286 -38.2724 31.89
    endloop
  endfacet
  facet normal 0.352569 0.275306 0.894372
    outer loop
      vertex 7.61286 -38.2724 31.89
      vertex 8.56447 -43.0565 32.9875
      vertex 11.3622 -42.4041 31.6839
    endloop
  endfacet
  facet normal 0.365208 0.287217 0.885511
    outer loop
      vertex 7.61286 -38.2724 31.89
      vertex 11.3622 -42.4041 31.6839
      vertex 10.0997 -37.6926 30.6763
    endloop
  endfacet
  facet normal 0.340367 0.282955 0.896709
    outer loop
      vertex 10.0997 -37.6926 30.6763
      vertex 11.3622 -42.4041 31.6839
      vertex 14.1112 -41.5702 30.3772
    endloop
  endfacet
  facet normal 0.352159 0.29583 0.887958
    outer loop
      vertex 10.0997 -37.6926 30.6763
      vertex 14.1112 -41.5702 30.3772
      vertex 12.5433 -36.9513 29.4602
    endloop
  endfacet
  facet normal 0.327806 0.289795 0.899201
    outer loop
      vertex 12.5433 -36.9513 29.4602
      vertex 14.1112 -41.5702 30.3772
      vertex 16.7998 -40.5583 29.071
    endloop
  endfacet
  facet normal 0.338652 0.30352 0.890612
    outer loop
      vertex 12.5433 -36.9513 29.4602
      vertex 16.7998 -40.5583 29.071
      vertex 14.9332 -36.0518 28.245
    endloop
  endfacet
  facet normal 0.314899 0.295746 0.901872
    outer loop
      vertex 14.9332 -36.0518 28.245
      vertex 16.7998 -40.5583 29.071
      vertex 19.4165 -39.3727 27.7686
    endloop
  endfacet
  facet normal 0.324706 0.310185 0.893505
    outer loop
      vertex 14.9332 -36.0518 28.245
      vertex 19.4165 -39.3727 27.7686
      vertex 17.2591 -34.998 27.0339
    endloop
  endfacet
  facet normal 0.301657 0.300708 0.904753
    outer loop
      vertex 17.2591 -34.998 27.0339
      vertex 19.4165 -39.3727 27.7686
      vertex 21.95 -38.0185 26.4738
    endloop
  endfacet
  facet normal 0.310342 0.315693 0.896675
    outer loop
      vertex 17.2591 -34.998 27.0339
      vertex 21.95 -38.0185 26.4738
      vertex 19.5111 -33.7942 25.8306
    endloop
  endfacet
  facet normal 0.28809 0.304552 0.907883
    outer loop
      vertex 19.5111 -33.7942 25.8306
      vertex 21.95 -38.0185 26.4738
      vertex 24.3895 -36.5015 25.1908
    endloop
  endfacet
  facet normal 0.29558 0.319871 0.900175
    outer loop
      vertex 19.5111 -33.7942 25.8306
      vertex 24.3895 -36.5015 25.1908
      vertex 21.6796 -32.4458 24.6394
    endloop
  endfacet
  facet normal 0.274204 0.307103 0.911317
    outer loop
      vertex 21.6796 -32.4458 24.6394
      vertex 24.3895 -36.5015 25.1908
      vertex 26.7246 -34.8282 23.9243
    endloop
  endfacet
  facet normal 0.28044 0.322481 0.904079
    outer loop
      vertex 21.6796 -32.4458 24.6394
      vertex 26.7246 -34.8282 23.9243
      vertex 23.7552 -30.9584 23.465
    endloop
  endfacet
  facet normal 0.260002 0.30811 0.915132
    outer loop
      vertex 23.7552 -30.9584 23.465
      vertex 26.7246 -34.8282 23.9243
      vertex 28.9453 -33.0058 22.6798
    endloop
  endfacet
  facet normal 0.264939 0.323169 0.908498
    outer loop
      vertex 23.7552 -30.9584 23.465
      vertex 28.9453 -33.0058 22.6798
      vertex 25.7291 -29.3385 22.3131
    endloop
  endfacet
  facet normal 0.245475 0.307193 0.919442
    outer loop
      vertex 25.7291 -29.3385 22.3131
      vertex 28.9453 -33.0058 22.6798
      vertex 31.042 -31.042 21.4639
    endloop
  endfacet
  facet normal 0.24909 0.321379 0.913603
    outer loop
      vertex 25.7291 -29.3385 22.3131
      vertex 31.042 -31.042 21.4639
      vertex 27.5929 -27.5929 21.191
    endloop
  endfacet
  facet normal 0.230585 0.303732 0.924434
    outer loop
      vertex 27.5929 -27.5929 21.191
      vertex 31.042 -31.042 21.4639
      vertex 33.0058 -28.9453 20.2851
    endloop
  endfacet
  facet normal 0.23289 0.316136 0.919685
    outer loop
      vertex 27.5929 -27.5929 21.191
      vertex 33.0058 -28.9453 20.2851
      vertex 29.3385 -25.7291 20.1083
    endloop
  endfacet
  facet normal 0.215221 0.29658 0.930441
    outer loop
      vertex 29.3385 -25.7291 20.1083
      vertex 33.0058 -28.9453 20.2851
      vertex 34.8282 -26.7246 19.1558
    endloop
  endfacet
  facet normal 0.216295 0.305508 0.927298
    outer loop
      vertex 29.3385 -25.7291 20.1083
      vertex 34.8282 -26.7246 19.1558
      vertex 30.9584 -23.7552 19.0801
    endloop
  endfacet
  facet normal 0.198973 0.283211 0.93819
    outer loop
      vertex 30.9584 -23.7552 19.0801
      vertex 34.8282 -26.7246 19.1558
      vertex 36.5015 -24.3895 18.096
    endloop
  endfacet
  facet normal 0.199073 0.284932 0.937648
    outer loop
      vertex 30.9584 -23.7552 19.0801
      vertex 36.5015 -24.3895 18.096
      vertex 32.4458 -21.6796 18.1336
    endloop
  endfacet
  facet normal 0.179829 0.255963 0.949813
    outer loop
      vertex 32.4458 -21.6796 18.1336
      vertex 36.5015 -24.3895 18.096
      vertex 38.0185 -21.95 17.1513
    endloop
  endfacet
  facet normal 0.179792 0.24081 0.953774
    outer loop
      vertex 32.4458 -21.6796 18.1336
      vertex 38.0185 -21.95 17.1513
      vertex 33.7942 -19.5111 17.3319
    endloop
  endfacet
  facet normal 0.141161 0.172338 0.974871
    outer loop
      vertex 33.7942 -19.5111 17.3319
      vertex 38.0185 -21.95 17.1513
      vertex 39.3727 -19.4165 16.5074
    endloop
  endfacet
  facet normal 0.142875 0.128215 0.981401
    outer loop
      vertex 33.7942 -19.5111 17.3319
      vertex 39.3727 -19.4165 16.5074
      vertex 34.998 -17.2591 16.8624
    endloop
  endfacet
  facet normal 0.0248664 -0.113037 0.99328
    outer loop
      vertex 34.998 -17.2591 16.8624
      vertex 39.3727 -19.4165 16.5074
      vertex 40.5583 -16.7998 16.7755
    endloop
  endfacet
  facet normal 0.0228182 -0.0877481 0.995881
    outer loop
      vertex 34.998 -17.2591 16.8624
      vertex 40.5583 -16.7998 16.7755
      vertex 36.0518 -14.9332 17.0432
    endloop
  endfacet
  facet normal -0.0587739 -0.279351 0.958388
    outer loop
      vertex 36.0518 -14.9332 17.0432
      vertex 40.5583 -16.7998 16.7755
      vertex 41.5702 -14.1112 17.6212
    endloop
  endfacet
  facet normal -0.0638829 -0.250422 0.966027
    outer loop
      vertex 36.0518 -14.9332 17.0432
      vertex 41.5702 -14.1112 17.6212
      vertex 36.9513 -12.5433 17.7222
    endloop
  endfacet
  facet normal -0.0882702 -0.320784 0.94303
    outer loop
      vertex 36.9513 -12.5433 17.7222
      vertex 41.5702 -14.1112 17.6212
      vertex 42.4041 -11.3622 18.6344
    endloop
  endfacet
  facet normal -0.0894485 -0.316401 0.944399
    outer loop
      vertex 36.9513 -12.5433 17.7222
      vertex 42.4041 -11.3622 18.6344
      vertex 37.6926 -10.0997 18.6111
    endloop
  endfacet
  facet normal -0.0968767 -0.344318 0.933842
    outer loop
      vertex 37.6926 -10.0997 18.6111
      vertex 42.4041 -11.3622 18.6344
      vertex 43.0565 -8.56447 19.7336
    endloop
  endfacet
  facet normal -0.0947848 -0.350187 0.931872
    outer loop
      vertex 37.6926 -10.0997 18.6111
      vertex 43.0565 -8.56447 19.7336
      vertex 38.2724 -7.61286 19.6046
    endloop
  endfacet
  facet normal -0.0970647 -0.36231 0.92699
    outer loop
      vertex 38.2724 -7.61286 19.6046
      vertex 43.0565 -8.56447 19.7336
      vertex 43.5244 -5.7301 20.8904
    endloop
  endfacet
  facet normal -0.0924192 -0.372759 0.923315
    outer loop
      vertex 38.2724 -7.61286 19.6046
      vertex 43.5244 -5.7301 20.8904
      vertex 38.6884 -5.09342 20.6634
    endloop
  endfacet
  facet normal -0.0929328 -0.377343 0.921399
    outer loop
      vertex 38.6884 -5.09342 20.6634
      vertex 43.5244 -5.7301 20.8904
      vertex 43.806 -2.8712 22.0896
    endloop
  endfacet
  facet normal -0.0861447 -0.390007 0.916773
    outer loop
      vertex 38.6884 -5.09342 20.6634
      vertex 43.806 -2.8712 22.0896
      vertex 38.9387 -2.55218 21.768
    endloop
  endfacet
  facet normal -0.0861583 -0.390374 0.916616
    outer loop
      vertex 38.9387 -2.55218 21.768
      vertex 43.806 -2.8712 22.0896
      vertex 43.9 0 23.3213
    endloop
  endfacet
  facet normal -0.077487 -0.404079 0.911436
    outer loop
      vertex 38.9387 -2.55218 21.768
      vertex 43.9 0 23.3213
      vertex 39.0222 0 22.9066
    endloop
  endfacet
  facet normal -0.175147 -0.374091 0.910703
    outer loop
      vertex 43.9 0 23.3213
      vertex 48.7778 0 24.2594
      vertex 48.6733 3.19022 25.5497
    endloop
  endfacet
  facet normal -0.154113 -0.400388 0.903293
    outer loop
      vertex 43.9 0 23.3213
      vertex 48.6733 3.19022 25.5497
      vertex 43.806 2.8712 24.5779
    endloop
  endfacet
  facet normal -0.155341 -0.39208 0.906721
    outer loop
      vertex 43.806 2.8712 24.5779
      vertex 48.6733 3.19022 25.5497
      vertex 48.3605 6.36678 26.8697
    endloop
  endfacet
  facet normal -0.134484 -0.414797 0.899921
    outer loop
      vertex 43.806 2.8712 24.5779
      vertex 48.3605 6.36678 26.8697
      vertex 43.5244 5.7301 25.8536
    endloop
  endfacet
  facet normal -0.136151 -0.407241 0.903116
    outer loop
      vertex 43.5244 5.7301 25.8536
      vertex 48.3605 6.36678 26.8697
      vertex 47.8405 9.51607 28.2114
    endloop
  endfacet
  facet normal -0.115295 -0.427098 0.896825
    outer loop
      vertex 43.5244 5.7301 25.8536
      vertex 47.8405 9.51607 28.2114
      vertex 43.0565 8.56447 27.1432
    endloop
  endfacet
  facet normal -0.11734 -0.420182 0.899821
    outer loop
      vertex 43.0565 8.56447 27.1432
      vertex 47.8405 9.51607 28.2114
      vertex 47.1157 12.6246 29.5685
    endloop
  endfacet
  facet normal -0.0963892 -0.437634 0.893972
    outer loop
      vertex 43.0565 8.56447 27.1432
      vertex 47.1157 12.6246 29.5685
      vertex 42.4041 11.3622 28.4425
    endloop
  endfacet
  facet normal -0.0987584 -0.431302 0.896786
    outer loop
      vertex 42.4041 11.3622 28.4425
      vertex 47.1157 12.6246 29.5685
      vertex 46.1891 15.6791 30.9355
    endloop
  endfacet
  facet normal -0.0776694 -0.446644 0.891334
    outer loop
      vertex 42.4041 11.3622 28.4425
      vertex 46.1891 15.6791 30.9355
      vertex 41.5702 14.1112 29.7473
    endloop
  endfacet
  facet normal -0.0803085 -0.440869 0.893972
    outer loop
      vertex 41.5702 14.1112 29.7473
      vertex 46.1891 15.6791 30.9355
      vertex 45.0648 18.6664 32.3077
    endloop
  endfacet
  facet normal -0.0590772 -0.454299 0.888888
    outer loop
      vertex 41.5702 14.1112 29.7473
      vertex 45.0648 18.6664 32.3077
      vertex 40.5583 16.7998 31.0542
    endloop
  endfacet
  facet normal -0.0619281 -0.449069 0.891349
    outer loop
      vertex 40.5583 16.7998 31.0542
      vertex 45.0648 18.6664 32.3077
      vertex 43.7475 21.5739 33.681
    endloop
  endfacet
  facet normal -0.0405788 -0.460726 0.886615
    outer loop
      vertex 40.5583 16.7998 31.0542
      vertex 43.7475 21.5739 33.681
      vertex 39.3727 19.4165 32.3597
    endloop
  endfacet
  facet normal -0.0435794 -0.456037 0.888893
    outer loop
      vertex 39.3727 19.4165 32.3597
      vertex 43.7475 21.5739 33.681
      vertex 42.2428 24.3889 35.0514
    endloop
  endfacet
  facet normal -0.0221572 -0.466021 0.884496
    outer loop
      vertex 39.3727 19.4165 32.3597
      vertex 42.2428 24.3889 35.0514
      vertex 38.0185 21.95 33.6606
    endloop
  endfacet
  facet normal -0.0252415 -0.461872 0.886587
    outer loop
      vertex 38.0185 21.95 33.6606
      vertex 42.2428 24.3889 35.0514
      vertex 40.5572 27.0995 36.4155
    endloop
  endfacet
  facet normal -0.00380666 -0.470262 0.882518
    outer loop
      vertex 38.0185 21.95 33.6606
      vertex 40.5572 27.0995 36.4155
      vertex 36.5015 24.3895 34.954
    endloop
  endfacet
  facet normal -0.00690547 -0.466648 0.884416
    outer loop
      vertex 36.5015 24.3895 34.954
      vertex 40.5572 27.0995 36.4155
      vertex 38.698 29.694 37.77
    endloop
  endfacet
  facet normal 0.0144706 -0.47351 0.880669
    outer loop
      vertex 36.5015 24.3895 34.954
      vertex 38.698 29.694 37.77
      vertex 34.8282 26.7246 36.237
    endloop
  endfacet
  facet normal 0.0114288 -0.470423 0.882367
    outer loop
      vertex 34.8282 26.7246 36.237
      vertex 38.698 29.694 37.77
      vertex 36.6731 32.1614 39.1117
    endloop
  endfacet
  facet normal 0.032667 -0.475816 0.878938
    outer loop
      vertex 34.8282 26.7246 36.237
      vertex 36.6731 32.1614 39.1117
      vertex 33.0058 28.9453 37.5069
    endloop
  endfacet
  facet normal 0.0297549 -0.473241 0.880431
    outer loop
      vertex 33.0058 28.9453 37.5069
      vertex 36.6731 32.1614 39.1117
      vertex 34.4911 34.4911 40.4376
    endloop
  endfacet
  facet normal 0.0507712 -0.477223 0.877315
    outer loop
      vertex 33.0058 28.9453 37.5069
      vertex 34.4911 34.4911 40.4376
      vertex 31.042 31.042 38.7611
    endloop
  endfacet
  facet normal 0.0480615 -0.475137 0.878598
    outer loop
      vertex 31.042 31.042 38.7611
      vertex 34.4911 34.4911 40.4376
      vertex 32.1614 36.6731 41.7451
    endloop
  endfacet
  facet normal 0.068769 -0.477766 0.875791
    outer loop
      vertex 31.042 31.042 38.7611
      vertex 32.1614 36.6731 41.7451
      vertex 28.9453 33.0058 39.997
    endloop
  endfacet
  facet normal 0.0663337 -0.476141 0.876863
    outer loop
      vertex 28.9453 33.0058 39.997
      vertex 32.1614 36.6731 41.7451
      vertex 29.694 38.698 43.0313
    endloop
  endfacet
  facet normal 0.0866448 -0.477479 0.874361
    outer loop
      vertex 28.9453 33.0058 39.997
      vertex 29.694 38.698 43.0313
      vertex 26.7246 34.8282 41.2123
    endloop
  endfacet
  facet normal 0.0845534 -0.476278 0.87522
    outer loop
      vertex 26.7246 34.8282 41.2123
      vertex 29.694 38.698 43.0313
      vertex 27.0995 40.5572 44.2937
    endloop
  endfacet
  facet normal 0.104381 -0.47639 0.873016
    outer loop
      vertex 26.7246 34.8282 41.2123
      vertex 27.0995 40.5572 44.2937
      vertex 24.3895 36.5015 42.4046
    endloop
  endfacet
  facet normal 0.1027 -0.475568 0.873663
    outer loop
      vertex 24.3895 36.5015 42.4046
      vertex 27.0995 40.5572 44.2937
      vertex 24.3889 42.2428 45.5298
    endloop
  endfacet
  facet normal 0.121961 -0.474525 0.871752
    outer loop
      vertex 24.3895 36.5015 42.4046
      vertex 24.3889 42.2428 45.5298
      vertex 21.95 38.0185 43.5716
    endloop
  endfacet
  facet normal 0.120753 -0.47403 0.872189
    outer loop
      vertex 21.95 38.0185 43.5716
      vertex 24.3889 42.2428 45.5298
      vertex 21.5739 43.7475 46.7373
    endloop
  endfacet
  facet normal 0.139366 -0.471909 0.870562
    outer loop
      vertex 21.95 38.0185 43.5716
      vertex 21.5739 43.7475 46.7373
      vertex 19.4165 39.3727 44.7113
    endloop
  endfacet
  facet normal 0.138687 -0.471682 0.870794
    outer loop
      vertex 19.4165 39.3727 44.7113
      vertex 21.5739 43.7475 46.7373
      vertex 18.6664 45.0648 47.9139
    endloop
  endfacet
  facet normal 0.156578 -0.468564 0.869443
    outer loop
      vertex 19.4165 39.3727 44.7113
      vertex 18.6664 45.0648 47.9139
      vertex 16.7998 40.5583 45.8215
    endloop
  endfacet
  facet normal 0.156478 -0.468538 0.869475
    outer loop
      vertex 16.7998 40.5583 45.8215
      vertex 18.6664 45.0648 47.9139
      vertex 15.6791 46.1891 49.0575
    endloop
  endfacet
  facet normal 0.173578 -0.46451 0.86839
    outer loop
      vertex 16.7998 40.5583 45.8215
      vertex 15.6791 46.1891 49.0575
      vertex 14.1112 41.5702 46.9002
    endloop
  endfacet
  facet normal 0.174102 -0.464614 0.86823
    outer loop
      vertex 14.1112 41.5702 46.9002
      vertex 15.6791 46.1891 49.0575
      vertex 12.6246 47.1157 50.1658
    endloop
  endfacet
  facet normal 0.190348 -0.459769 0.867398
    outer loop
      vertex 14.1112 41.5702 46.9002
      vertex 12.6246 47.1157 50.1658
      vertex 11.3622 42.4041 47.9454
    endloop
  endfacet
  facet normal 0.191532 -0.459924 0.867055
    outer loop
      vertex 11.3622 42.4041 47.9454
      vertex 12.6246 47.1157 50.1658
      vertex 9.51607 47.8405 51.2369
    endloop
  endfacet
  facet normal 0.20687 -0.454359 0.866466
    outer loop
      vertex 11.3622 42.4041 47.9454
      vertex 9.51607 47.8405 51.2369
      vertex 8.56447 43.0565 48.9555
    endloop
  endfacet
  facet normal 0.208742 -0.454485 0.86595
    outer loop
      vertex 8.56447 43.0565 48.9555
      vertex 9.51607 47.8405 51.2369
      vertex 6.36678 48.3605 52.269
    endloop
  endfacet
  facet normal 0.223127 -0.448299 0.865588
    outer loop
      vertex 8.56447 43.0565 48.9555
      vertex 6.36678 48.3605 52.269
      vertex 5.7301 43.5244 49.9285
    endloop
  endfacet
  facet normal 0.225705 -0.448311 0.864913
    outer loop
      vertex 5.7301 43.5244 49.9285
      vertex 6.36678 48.3605 52.269
      vertex 3.19022 48.6733 53.2601
    endloop
  endfacet
  facet normal 0.2391 -0.441606 0.864763
    outer loop
      vertex 5.7301 43.5244 49.9285
      vertex 3.19022 48.6733 53.2601
      vertex 2.8712 43.806 50.8627
    endloop
  endfacet
  facet normal 0.242395 -0.441418 0.863942
    outer loop
      vertex 2.8712 43.806 50.8627
      vertex 3.19022 48.6733 53.2601
      vertex 2.98678e-15 48.7778 54.2085
    endloop
  endfacet
  facet normal 0.254774 -0.4343 0.863987
    outer loop
      vertex 2.8712 43.806 50.8627
      vertex 2.98678e-15 48.7778 54.2085
      vertex 2.6881e-15 43.9 51.7566
    endloop
  endfacet
  facet normal 0.258785 -0.433821 0.863035
    outer loop
      vertex 2.6881e-15 43.9 51.7566
      vertex 2.98678e-15 48.7778 54.2085
      vertex -3.19022 48.6733 55.1126
    endloop
  endfacet
  facet normal 0.27013 -0.426396 0.863259
    outer loop
      vertex 2.6881e-15 43.9 51.7566
      vertex -3.19022 48.6733 55.1126
      vertex -2.8712 43.806 52.6086
    endloop
  endfacet
  facet normal 0.274849 -0.425538 0.862192
    outer loop
      vertex -2.8712 43.806 52.6086
      vertex -3.19022 48.6733 55.1126
      vertex -6.36678 48.3605 55.9708
    endloop
  endfacet
  facet normal 0.285154 -0.417912 0.862576
    outer loop
      vertex -2.8712 43.806 52.6086
      vertex -6.36678 48.3605 55.9708
      vertex -5.7301 43.5244 53.4173
    endloop
  endfacet
  facet normal 0.29056 -0.416586 0.861412
    outer loop
      vertex -5.7301 43.5244 53.4173
      vertex -6.36678 48.3605 55.9708
      vertex -9.51607 47.8405 56.7817
    endloop
  endfacet
  facet normal 0.299827 -0.408865 0.861936
    outer loop
      vertex -5.7301 43.5244 53.4173
      vertex -9.51607 47.8405 56.7817
      vertex -8.56447 43.0565 54.1813
    endloop
  endfacet
  facet normal 0.305893 -0.406983 0.860694
    outer loop
      vertex -8.56447 43.0565 54.1813
      vertex -9.51607 47.8405 56.7817
      vertex -12.6246 47.1157 57.5437
    endloop
  endfacet
  facet normal 0.314136 -0.399271 0.861337
    outer loop
      vertex -8.56447 43.0565 54.1813
      vertex -12.6246 47.1157 57.5437
      vertex -11.3622 42.4041 54.8993
    endloop
  endfacet
  facet normal 0.320823 -0.39675 0.860036
    outer loop
      vertex -11.3622 42.4041 54.8993
      vertex -12.6246 47.1157 57.5437
      vertex -15.6791 46.1891 58.2557
    endloop
  endfacet
  facet normal 0.328065 -0.389147 0.860778
    outer loop
      vertex -11.3622 42.4041 54.8993
      vertex -15.6791 46.1891 58.2557
      vertex -14.1112 41.5702 55.57
    endloop
  endfacet
  facet normal 0.335324 -0.385904 0.859439
    outer loop
      vertex -14.1112 41.5702 55.57
      vertex -15.6791 46.1891 58.2557
      vertex -18.6664 45.0648 58.9164
    endloop
  endfacet
  facet normal 0.341599 -0.378509 0.860257
    outer loop
      vertex -14.1112 41.5702 55.57
      vertex -18.6664 45.0648 58.9164
      vertex -16.7998 40.5583 56.1924
    endloop
  endfacet
  facet normal 0.349373 -0.374469 0.858901
    outer loop
      vertex -16.7998 40.5583 56.1924
      vertex -18.6664 45.0648 58.9164
      vertex -21.5739 43.7475 59.5247
    endloop
  endfacet
  facet normal 0.354722 -0.367373 0.859773
    outer loop
      vertex -16.7998 40.5583 56.1924
      vertex -21.5739 43.7475 59.5247
      vertex -19.4165 39.3727 56.7653
    endloop
  endfacet
  facet normal 0.362946 -0.362465 0.858422
    outer loop
      vertex -19.4165 39.3727 56.7653
      vertex -21.5739 43.7475 59.5247
      vertex -24.3889 42.2428 60.0796
    endloop
  endfacet
  facet normal 0.367421 -0.355755 0.859325
    outer loop
      vertex -19.4165 39.3727 56.7653
      vertex -24.3889 42.2428 60.0796
      vertex -21.95 38.0185 57.288
    endloop
  endfacet
  facet normal 0.376021 -0.349915 0.858002
    outer loop
      vertex -21.95 38.0185 57.288
      vertex -24.3889 42.2428 60.0796
      vertex -27.0995 40.5572 60.5801
    endloop
  endfacet
  facet normal 0.379681 -0.343673 0.858913
    outer loop
      vertex -21.95 38.0185 57.288
      vertex -27.0995 40.5572 60.5801
      vertex -24.3895 36.5015 57.7594
    endloop
  endfacet
  facet normal 0.388577 -0.336843 0.857639
    outer loop
      vertex -24.3895 36.5015 57.7594
      vertex -27.0995 40.5572 60.5801
      vertex -29.694 38.698 61.0254
    endloop
  endfacet
  facet normal 0.391489 -0.331141 0.858535
    outer loop
      vertex -24.3895 36.5015 57.7594
      vertex -29.694 38.698 61.0254
      vertex -26.7246 34.8282 58.1788
    endloop
  endfacet
  facet normal 0.400592 -0.323273 0.857334
    outer loop
      vertex -26.7246 34.8282 58.1788
      vertex -29.694 38.698 61.0254
      vertex -32.1614 36.6731 61.4148
    endloop
  endfacet
  facet normal 0.402831 -0.318178 0.85819
    outer loop
      vertex -26.7246 34.8282 58.1788
      vertex -32.1614 36.6731 61.4148
      vertex -28.9453 33.0058 58.5455
    endloop
  endfacet
  facet normal 0.412047 -0.309231 0.857085
    outer loop
      vertex -28.9453 33.0058 58.5455
      vertex -32.1614 36.6731 61.4148
      vertex -34.4911 34.4911 61.7475
    endloop
  endfacet
  facet normal 0.413692 -0.304798 0.857879
    outer loop
      vertex -28.9453 33.0058 58.5455
      vertex -34.4911 34.4911 61.7475
      vertex -31.042 31.042 58.8588
    endloop
  endfacet
  facet normal 0.422923 -0.294741 0.856892
    outer loop
      vertex -31.042 31.042 58.8588
      vertex -34.4911 34.4911 61.7475
      vertex -36.6731 32.1614 62.0231
    endloop
  endfacet
  facet normal 0.424061 -0.29102 0.857601
    outer loop
      vertex -31.042 31.042 58.8588
      vertex -36.6731 32.1614 62.0231
      vertex -33.0058 28.9453 59.1184
    endloop
  endfacet
  facet normal 0.433204 -0.279831 0.856755
    outer loop
      vertex -33.0058 28.9453 59.1184
      vertex -36.6731 32.1614 62.0231
      vertex -38.698 29.694 62.2411
    endloop
  endfacet
  facet normal 0.433924 -0.276859 0.857356
    outer loop
      vertex -33.0058 28.9453 59.1184
      vertex -38.698 29.694 62.2411
      vertex -34.8282 26.7246 59.3236
    endloop
  endfacet
  facet normal 0.442872 -0.264528 0.856673
    outer loop
      vertex -34.8282 26.7246 59.3236
      vertex -38.698 29.694 62.2411
      vertex -40.5572 27.0995 62.4011
    endloop
  endfacet
  facet normal 0.443268 -0.262334 0.857143
    outer loop
      vertex -34.8282 26.7246 59.3236
      vertex -40.5572 27.0995 62.4011
      vertex -36.5015 24.3895 59.4743
    endloop
  endfacet
  facet normal 0.451913 -0.248859 0.856647
    outer loop
      vertex -36.5015 24.3895 59.4743
      vertex -40.5572 27.0995 62.4011
      vertex -42.2428 24.3889 62.5029
    endloop
  endfacet
  facet normal 0.45208 -0.247461 0.856964
    outer loop
      vertex -36.5015 24.3895 59.4743
      vertex -42.2428 24.3889 62.5029
      vertex -38.0185 21.95 59.5701
    endloop
  endfacet
  facet normal 0.460313 -0.232853 0.856674
    outer loop
      vertex -38.0185 21.95 59.5701
      vertex -42.2428 24.3889 62.5029
      vertex -43.7475 21.5739 62.5462
    endloop
  endfacet
  facet normal 0.460348 -0.232259 0.856817
    outer loop
      vertex -38.0185 21.95 59.5701
      vertex -43.7475 21.5739 62.5462
      vertex -39.3727 19.4165 59.6109
    endloop
  endfacet
  facet normal 0.46806 -0.216539 0.856756
    outer loop
      vertex -39.3727 19.4165 59.6109
      vertex -43.7475 21.5739 62.5462
      vertex -45.0648 18.6664 62.531
    endloop
  endfacet
  facet normal 0.46806 -0.216746 0.856704
    outer loop
      vertex -39.3727 19.4165 59.6109
      vertex -45.0648 18.6664 62.531
      vertex -40.5583 16.7998 59.5967
    endloop
  endfacet
  facet normal 0.475141 -0.199945 0.856891
    outer loop
      vertex -40.5583 16.7998 59.5967
      vertex -45.0648 18.6664 62.531
      vertex -46.1891 15.6791 62.4574
    endloop
  endfacet
  facet normal 0.475203 -0.20094 0.856624
    outer loop
      vertex -40.5583 16.7998 59.5967
      vertex -46.1891 15.6791 62.4574
      vertex -41.5702 14.1112 59.5274
    endloop
  endfacet
  facet normal 0.481548 -0.183101 0.85708
    outer loop
      vertex -41.5702 14.1112 59.5274
      vertex -46.1891 15.6791 62.4574
      vertex -47.1157 12.6246 62.3255
    endloop
  endfacet
  facet normal 0.481766 -0.18486 0.856579
    outer loop
      vertex -41.5702 14.1112 59.5274
      vertex -47.1157 12.6246 62.3255
      vertex -42.4041 11.3622 59.4031
    endloop
  endfacet
  facet normal 0.48727 -0.166037 0.857321
    outer loop
      vertex -42.4041 11.3622 59.4031
      vertex -47.1157 12.6246 62.3255
      vertex -47.8405 9.51607 62.1354
    endloop
  endfacet
  facet normal 0.487738 -0.168526 0.856569
    outer loop
      vertex -42.4041 11.3622 59.4031
      vertex -47.8405 9.51607 62.1354
      vertex -43.0565 8.56447 59.2241
    endloop
  endfacet
  facet normal 0.492302 -0.148781 0.857615
    outer loop
      vertex -43.0565 8.56447 59.2241
      vertex -47.8405 9.51607 62.1354
      vertex -48.3605 6.36678 61.8875
    endloop
  endfacet
  facet normal 0.493106 -0.151958 0.856595
    outer loop
      vertex -43.0565 8.56447 59.2241
      vertex -48.3605 6.36678 61.8875
      vertex -43.5244 5.7301 58.9907
    endloop
  endfacet
  facet normal 0.496635 -0.131364 0.857961
    outer loop
      vertex -43.5244 5.7301 58.9907
      vertex -48.3605 6.36678 61.8875
      vertex -48.6733 3.19022 61.5823
    endloop
  endfacet
  facet normal 0.49786 -0.135177 0.856658
    outer loop
      vertex -43.5244 5.7301 58.9907
      vertex -48.6733 3.19022 61.5823
      vertex -43.806 2.8712 58.7032
    endloop
  endfacet
  facet normal 0.500266 -0.113817 0.858358
    outer loop
      vertex -43.806 2.8712 58.7032
      vertex -48.6733 3.19022 61.5823
      vertex -48.7778 5.97355e-15 61.2201
    endloop
  endfacet
  facet normal 0.50199 -0.118204 0.856758
    outer loop
      vertex -43.806 2.8712 58.7032
      vertex -48.7778 5.97355e-15 61.2201
      vertex -43.9 5.3762e-15 58.3621
    endloop
  endfacet
  facet normal 0.503191 -0.0961672 0.858808
    outer loop
      vertex -43.9 5.3762e-15 58.3621
      vertex -48.7778 5.97355e-15 61.2201
      vertex -48.6733 -3.19022 60.8017
    endloop
  endfacet
  facet normal 0.505484 -0.10106 0.856897
    outer loop
      vertex -43.9 5.3762e-15 58.3621
      vertex -48.6733 -3.19022 60.8017
      vertex -43.806 -2.8712 57.9681
    endloop
  endfacet
  facet normal 0.505406 -0.0784462 0.859308
    outer loop
      vertex -43.806 -2.8712 57.9681
      vertex -48.6733 -3.19022 60.8017
      vertex -48.3605 -6.36678 60.3277
    endloop
  endfacet
  facet normal 0.508334 -0.0837679 0.857076
    outer loop
      vertex -43.806 -2.8712 57.9681
      vertex -48.3605 -6.36678 60.3277
      vertex -43.5244 -5.7301 57.5216
    endloop
  endfacet
  facet normal 0.50691 -0.0606829 0.85986
    outer loop
      vertex -43.5244 -5.7301 57.5216
      vertex -48.3605 -6.36678 60.3277
      vertex -47.8405 -9.51607 59.7989
    endloop
  endfacet
  facet normal 0.510529 -0.0663507 0.857297
    outer loop
      vertex -43.5244 -5.7301 57.5216
      vertex -47.8405 -9.51607 59.7989
      vertex -43.0565 -8.56447 57.0236
    endloop
  endfacet
  facet normal 0.507703 -0.0429067 0.860463
    outer loop
      vertex -43.0565 -8.56447 57.0236
      vertex -47.8405 -9.51607 59.7989
      vertex -47.1157 -12.6246 59.2162
    endloop
  endfacet
  facet normal 0.512061 -0.0488318 0.85756
    outer loop
      vertex -43.0565 -8.56447 57.0236
      vertex -47.1157 -12.6246 59.2162
      vertex -42.4041 -11.3622 56.4748
    endloop
  endfacet
  facet normal 0.507784 -0.0251468 0.861117
    outer loop
      vertex -42.4041 -11.3622 56.4748
      vertex -47.1157 -12.6246 59.2162
      vertex -46.1891 -15.6791 58.5807
    endloop
  endfacet
  facet normal 0.512921 -0.0312356 0.857867
    outer loop
      vertex -42.4041 -11.3622 56.4748
      vertex -46.1891 -15.6791 58.5807
      vertex -41.5702 -14.1112 55.8761
    endloop
  endfacet
  facet normal 0.507156 -0.00743179 0.861822
    outer loop
      vertex -41.5702 -14.1112 55.8761
      vertex -46.1891 -15.6791 58.5807
      vertex -45.0648 -18.6664 57.8933
    endloop
  endfacet
  facet normal 0.513101 -0.0135869 0.858221
    outer loop
      vertex -41.5702 -14.1112 55.8761
      vertex -45.0648 -18.6664 57.8933
      vertex -40.5583 -16.7998 55.2285
    endloop
  endfacet
  facet normal 0.505821 0.0102098 0.862578
    outer loop
      vertex -40.5583 -16.7998 55.2285
      vertex -45.0648 -18.6664 57.8933
      vertex -43.7475 -21.5739 57.1552
    endloop
  endfacet
  facet normal 0.512593 0.00408874 0.858622
    outer loop
      vertex -40.5583 -16.7998 55.2285
      vertex -43.7475 -21.5739 57.1552
      vertex -39.3727 -19.4165 54.5332
    endloop
  endfacet
  facet normal 0.50378 0.0277498 0.863386
    outer loop
      vertex -39.3727 -19.4165 54.5332
      vertex -43.7475 -21.5739 57.1552
      vertex -42.2428 -24.3889 56.3677
    endloop
  endfacet
  facet normal 0.511392 0.0217652 0.859072
    outer loop
      vertex -39.3727 -19.4165 54.5332
      vertex -42.2428 -24.3889 56.3677
      vertex -38.0185 -21.95 53.7913
    endloop
  endfacet
  facet normal 0.501039 0.0451607 0.864245
    outer loop
      vertex -38.0185 -21.95 53.7913
      vertex -42.2428 -24.3889 56.3677
      vertex -40.5572 -27.0995 55.5321
    endloop
  endfacet
  facet normal 0.509489 0.0394157 0.859574
    outer loop
      vertex -38.0185 -21.95 53.7913
      vertex -40.5572 -27.0995 55.5321
      vertex -36.5015 -24.3895 53.004
    endloop
  endfacet
  facet normal 0.497602 0.062415 0.865157
    outer loop
      vertex -36.5015 -24.3895 53.004
      vertex -40.5572 -27.0995 55.5321
      vertex -38.698 -29.694 54.65
    endloop
  endfacet
  facet normal 0.50688 0.0570128 0.860129
    outer loop
      vertex -36.5015 -24.3895 53.004
      vertex -38.698 -29.694 54.65
      vertex -34.8282 -26.7246 52.1727
    endloop
  endfacet
  facet normal 0.493472 0.079486 0.866122
    outer loop
      vertex -34.8282 -26.7246 52.1727
      vertex -38.698 -29.694 54.65
      vertex -36.6731 -32.1614 53.7227
    endloop
  endfacet
  facet normal 0.50356 0.0745286 0.86074
    outer loop
      vertex -34.8282 -26.7246 52.1727
      vertex -36.6731 -32.1614 53.7227
      vertex -33.0058 -28.9453 51.2987
    endloop
  endfacet
  facet normal 0.488656 0.0963471 0.86714
    outer loop
      vertex -33.0058 -28.9453 51.2987
      vertex -36.6731 -32.1614 53.7227
      vertex -34.4911 -34.4911 52.752
    endloop
  endfacet
  facet normal 0.499523 0.0919346 0.861409
    outer loop
      vertex -33.0058 -28.9453 51.2987
      vertex -34.4911 -34.4911 52.752
      vertex -31.042 -31.042 50.3837
    endloop
  endfacet
  facet normal 0.483158 0.112972 0.868214
    outer loop
      vertex -31.042 -31.042 50.3837
      vertex -34.4911 -34.4911 52.752
      vertex -32.1614 -36.6731 51.7394
    endloop
  endfacet
  facet normal 0.494766 0.109202 0.862138
    outer loop
      vertex -31.042 -31.042 50.3837
      vertex -32.1614 -36.6731 51.7394
      vertex -28.9453 -33.0058 49.4292
    endloop
  endfacet
  facet normal 0.476984 0.129335 0.869344
    outer loop
      vertex -28.9453 -33.0058 49.4292
      vertex -32.1614 -36.6731 51.7394
      vertex -29.694 -38.698 50.6869
    endloop
  endfacet
  facet normal 0.489286 0.1263 0.862929
    outer loop
      vertex -28.9453 -33.0058 49.4292
      vertex -29.694 -38.698 50.6869
      vertex -26.7246 -34.8282 48.4368
    endloop
  endfacet
  facet normal 0.47014 0.145412 0.870531
    outer loop
      vertex -26.7246 -34.8282 48.4368
      vertex -29.694 -38.698 50.6869
      vertex -27.0995 -40.5572 49.5962
    endloop
  endfacet
  facet normal 0.483079 0.1432 0.863787
    outer loop
      vertex -26.7246 -34.8282 48.4368
      vertex -27.0995 -40.5572 49.5962
      vertex -24.3895 -36.5015 47.4083
    endloop
  endfacet
  facet normal 0.462629 0.161175 0.871778
    outer loop
      vertex -24.3895 -36.5015 47.4083
      vertex -27.0995 -40.5572 49.5962
      vertex -24.3889 -42.2428 48.4694
    endloop
  endfacet
  facet normal 0.476143 0.159871 0.864713
    outer loop
      vertex -24.3895 -36.5015 47.4083
      vertex -24.3889 -42.2428 48.4694
      vertex -21.95 -38.0185 46.3455
    endloop
  endfacet
  facet normal 0.454457 0.176601 0.873087
    outer loop
      vertex -21.95 -38.0185 46.3455
      vertex -24.3889 -42.2428 48.4694
      vertex -21.5739 -43.7475 47.3085
    endloop
  endfacet
  facet normal 0.468475 0.176282 0.865711
    outer loop
      vertex -21.95 -38.0185 46.3455
      vertex -21.5739 -43.7475 47.3085
      vertex -19.4165 -39.3727 45.2502
    endloop
  endfacet
  facet normal 0.445627 0.191665 0.87446
    outer loop
      vertex -19.4165 -39.3727 45.2502
      vertex -21.5739 -43.7475 47.3085
      vertex -18.6664 -45.0648 46.1156
    endloop
  endfacet
  facet normal 0.460072 0.192402 0.866785
    outer loop
      vertex -19.4165 -39.3727 45.2502
      vertex -18.6664 -45.0648 46.1156
      vertex -16.7998 -40.5583 44.1245
    endloop
  endfacet
  facet normal 0.436142 0.206342 0.875901
    outer loop
      vertex -16.7998 -40.5583 44.1245
      vertex -18.6664 -45.0648 46.1156
      vertex -15.6791 -46.1891 44.893
    endloop
  endfacet
  facet normal 0.450932 0.208198 0.867937
    outer loop
      vertex -16.7998 -40.5583 44.1245
      vertex -15.6791 -46.1891 44.893
      vertex -14.1112 -41.5702 42.9704
    endloop
  endfacet
  facet normal 0.426003 0.220605 0.877414
    outer loop
      vertex -14.1112 -41.5702 42.9704
      vertex -15.6791 -46.1891 44.893
      vertex -12.6246 -47.1157 43.6429
    endloop
  endfacet
  facet normal 0.441051 0.22364 0.869171
    outer loop
      vertex -14.1112 -41.5702 42.9704
      vertex -12.6246 -47.1157 43.6429
      vertex -11.3622 -42.4041 41.79
    endloop
  endfacet
  facet normal 0.415207 0.234431 0.879002
    outer loop
      vertex -11.3622 -42.4041 41.79
      vertex -12.6246 -47.1157 43.6429
      vertex -9.51607 -47.8405 42.3679
    endloop
  endfacet
  facet normal 0.430426 0.238694 0.870493
    outer loop
      vertex -11.3622 -42.4041 41.79
      vertex -9.51607 -47.8405 42.3679
      vertex -8.56447 -43.0565 40.5855
    endloop
  endfacet
  facet normal 0.403753 0.247792 0.880672
    outer loop
      vertex -8.56447 -43.0565 40.5855
      vertex -9.51607 -47.8405 42.3679
      vertex -6.36678 -48.3605 41.0703
    endloop
  endfacet
  facet normal 0.419049 0.253329 0.871907
    outer loop
      vertex -8.56447 -43.0565 40.5855
      vertex -6.36678 -48.3605 41.0703
      vertex -5.7301 -43.5244 39.3593
    endloop
  endfacet
  facet normal 0.391631 0.260661 0.882429
    outer loop
      vertex -5.7301 -43.5244 39.3593
      vertex -6.36678 -48.3605 41.0703
      vertex -3.19022 -48.6733 39.753
    endloop
  endfacet
  facet normal 0.406914 0.267511 0.873418
    outer loop
      vertex -5.7301 -43.5244 39.3593
      vertex -3.19022 -48.6733 39.753
      vertex -2.8712 -43.806 38.1136
    endloop
  endfacet
  facet normal 0.378832 0.27301 0.88428
    outer loop
      vertex -2.8712 -43.806 38.1136
      vertex -3.19022 -48.6733 39.753
      vertex -8.96033e-15 -48.7778 38.4185
    endloop
  endfacet
  facet normal 0.394008 0.281207 0.875032
    outer loop
      vertex -2.8712 -43.806 38.1136
      vertex -8.96033e-15 -48.7778 38.4185
      vertex -8.0643e-15 -43.9 36.8509
    endloop
  endfacet
  facet normal 0.365336 0.284808 0.886236
    outer loop
      vertex -8.0643e-15 -43.9 36.8509
      vertex -8.96033e-15 -48.7778 38.4185
      vertex 3.19022 -48.6733 37.0698
    endloop
  endfacet
  facet normal 0.380316 0.294384 0.876754
    outer loop
      vertex -8.0643e-15 -43.9 36.8509
      vertex 3.19022 -48.6733 37.0698
      vertex 2.8712 -43.806 35.5739
    endloop
  endfacet
  facet normal 0.35112 0.296021 0.888305
    outer loop
      vertex 2.8712 -43.806 35.5739
      vertex 3.19022 -48.6733 37.0698
      vertex 6.36678 -48.3605 35.71
    endloop
  endfacet
  facet normal 0.365814 0.307009 0.878593
    outer loop
      vertex 2.8712 -43.806 35.5739
      vertex 6.36678 -48.3605 35.71
      vertex 5.7301 -43.5244 34.2852
    endloop
  endfacet
  facet normal 0.336146 0.306612 0.890503
    outer loop
      vertex 5.7301 -43.5244 34.2852
      vertex 6.36678 -48.3605 35.71
      vertex 9.51607 -47.8405 34.3422
    endloop
  endfacet
  facet normal 0.350472 0.319047 0.880556
    outer loop
      vertex 5.7301 -43.5244 34.2852
      vertex 9.51607 -47.8405 34.3422
      vertex 8.56447 -43.0565 32.9875
    endloop
  endfacet
  facet normal 0.320366 0.316538 0.892843
    outer loop
      vertex 8.56447 -43.0565 32.9875
      vertex 9.51607 -47.8405 34.3422
      vertex 12.6246 -47.1157 32.9698
    endloop
  endfacet
  facet normal 0.334246 0.330465 0.882651
    outer loop
      vertex 8.56447 -43.0565 32.9875
      vertex 12.6246 -47.1157 32.9698
      vertex 11.3622 -42.4041 31.6839
    endloop
  endfacet
  facet normal 0.303711 0.325749 0.895348
    outer loop
      vertex 11.3622 -42.4041 31.6839
      vertex 12.6246 -47.1157 32.9698
      vertex 15.6791 -46.1891 31.5966
    endloop
  endfacet
  facet normal 0.317072 0.341228 0.884889
    outer loop
      vertex 11.3622 -42.4041 31.6839
      vertex 15.6791 -46.1891 31.5966
      vertex 14.1112 -41.5702 30.3772
    endloop
  endfacet
  facet normal 0.286086 0.334182 0.898041
    outer loop
      vertex 14.1112 -41.5702 30.3772
      vertex 15.6791 -46.1891 31.5966
      vertex 18.6664 -45.0648 30.2265
    endloop
  endfacet
  facet normal 0.298865 0.351303 0.88728
    outer loop
      vertex 14.1112 -41.5702 30.3772
      vertex 18.6664 -45.0648 30.2265
      vertex 16.7998 -40.5583 29.071
    endloop
  endfacet
  facet normal 0.267357 0.341759 0.900956
    outer loop
      vertex 16.7998 -40.5583 29.071
      vertex 18.6664 -45.0648 30.2265
      vertex 21.5739 -43.7475 28.864
    endloop
  endfacet
  facet normal 0.279498 0.360655 0.889836
    outer loop
      vertex 16.7998 -40.5583 29.071
      vertex 21.5739 -43.7475 28.864
      vertex 19.4165 -39.3727 27.7686
    endloop
  endfacet
  facet normal 0.247334 0.348374 0.904136
    outer loop
      vertex 19.4165 -39.3727 27.7686
      vertex 21.5739 -43.7475 28.864
      vertex 24.3889 -42.2428 27.5142
    endloop
  endfacet
  facet normal 0.258793 0.369252 0.892569
    outer loop
      vertex 19.4165 -39.3727 27.7686
      vertex 24.3889 -42.2428 27.5142
      vertex 21.95 -38.0185 26.4738
    endloop
  endfacet
  facet normal 0.225742 0.353881 0.907639
    outer loop
      vertex 21.95 -38.0185 26.4738
      vertex 24.3889 -42.2428 27.5142
      vertex 27.0995 -40.5572 26.1828
    endloop
  endfacet
  facet normal 0.236483 0.377061 0.895489
    outer loop
      vertex 21.95 -38.0185 26.4738
      vertex 27.0995 -40.5572 26.1828
      vertex 24.3895 -36.5015 25.1908
    endloop
  endfacet
  facet normal 0.202171 0.358062 0.911547
    outer loop
      vertex 24.3895 -36.5015 25.1908
      vertex 27.0995 -40.5572 26.1828
      vertex 29.694 -38.698 24.8771
    endloop
  endfacet
  facet normal 0.212168 0.384053 0.898604
    outer loop
      vertex 24.3895 -36.5015 25.1908
      vertex 29.694 -38.698 24.8771
      vertex 26.7246 -34.8282 23.9243
    endloop
  endfacet
  facet normal 0.175991 0.360571 0.915978
    outer loop
      vertex 26.7246 -34.8282 23.9243
      vertex 29.694 -38.698 24.8771
      vertex 32.1614 -36.6731 23.6059
    endloop
  endfacet
  facet normal 0.185221 0.3902 0.901907
    outer loop
      vertex 26.7246 -34.8282 23.9243
      vertex 32.1614 -36.6731 23.6059
      vertex 28.9453 -33.0058 22.6798
    endloop
  endfacet
  facet normal 0.146196 0.360824 0.921104
    outer loop
      vertex 28.9453 -33.0058 22.6798
      vertex 32.1614 -36.6731 23.6059
      vertex 34.4911 -34.4911 22.3814
    endloop
  endfacet
  facet normal 0.154629 0.395473 0.905368
    outer loop
      vertex 28.9453 -33.0058 22.6798
      vertex 34.4911 -34.4911 22.3814
      vertex 31.042 -31.042 21.4639
    endloop
  endfacet
  facet normal 0.111092 0.357741 0.927189
    outer loop
      vertex 31.042 -31.042 21.4639
      vertex 34.4911 -34.4911 22.3814
      vertex 36.6731 -32.1614 21.2211
    endloop
  endfacet
  facet normal 0.118667 0.399813 0.908883
    outer loop
      vertex 31.042 -31.042 21.4639
      vertex 36.6731 -32.1614 21.2211
      vertex 33.0058 -28.9453 20.2851
    endloop
  endfacet
  facet normal 0.0676844 0.349167 0.934613
    outer loop
      vertex 33.0058 -28.9453 20.2851
      vertex 36.6731 -32.1614 21.2211
      vertex 38.698 -29.694 20.1526
    endloop
  endfacet
  facet normal 0.0742427 0.402994 0.912186
    outer loop
      vertex 33.0058 -28.9453 20.2851
      vertex 38.698 -29.694 20.1526
      vertex 34.8282 -26.7246 19.1558
    endloop
  endfacet
  facet normal 0.0104568 0.330466 0.94376
    outer loop
      vertex 34.8282 -26.7246 19.1558
      vertex 38.698 -29.694 20.1526
      vertex 40.5572 -27.0995 19.2235
    endloop
  endfacet
  facet normal 0.0156078 0.403929 0.914657
    outer loop
      vertex 34.8282 -26.7246 19.1558
      vertex 40.5572 -27.0995 19.2235
      vertex 36.5015 -24.3895 18.096
    endloop
  endfacet
  facet normal -0.0703216 0.291667 0.953931
    outer loop
      vertex 36.5015 -24.3895 18.096
      vertex 40.5572 -27.0995 19.2235
      vertex 42.2428 -24.3889 18.519
    endloop
  endfacet
  facet normal -0.0675053 0.396498 0.91555
    outer loop
      vertex 36.5015 -24.3895 18.096
      vertex 42.2428 -24.3889 18.519
      vertex 38.0185 -21.95 17.1513
    endloop
  endfacet
  facet normal -0.185241 0.216665 0.95851
    outer loop
      vertex 38.0185 -21.95 17.1513
      vertex 42.2428 -24.3889 18.519
      vertex 43.7475 -21.5739 18.1735
    endloop
  endfacet
  facet normal -0.186768 0.334604 0.923666
    outer loop
      vertex 38.0185 -21.95 17.1513
      vertex 43.7475 -21.5739 18.1735
      vertex 39.3727 -19.4165 16.5074
    endloop
  endfacet
  facet normal -0.310615 0.100134 0.945247
    outer loop
      vertex 39.3727 -19.4165 16.5074
      vertex 43.7475 -21.5739 18.1735
      vertex 45.0648 -18.6664 18.2984
    endloop
  endfacet
  facet normal -0.304757 0.0405874 0.951565
    outer loop
      vertex 39.3727 -19.4165 16.5074
      vertex 45.0648 -18.6664 18.2984
      vertex 40.5583 -16.7998 16.7755
    endloop
  endfacet
  facet normal -0.33699 -0.0463686 0.940366
    outer loop
      vertex 40.5583 -16.7998 16.7755
      vertex 45.0648 -18.6664 18.2984
      vertex 46.1891 -15.6791 18.8486
    endloop
  endfacet
  facet normal -0.308649 -0.177765 0.934417
    outer loop
      vertex 40.5583 -16.7998 16.7755
      vertex 46.1891 -15.6791 18.8486
      vertex 41.5702 -14.1112 17.6212
    endloop
  endfacet
  facet normal -0.304927 -0.163863 0.938173
    outer loop
      vertex 41.5702 -14.1112 17.6212
      vertex 46.1891 -15.6791 18.8486
      vertex 47.1157 -12.6246 19.6833
    endloop
  endfacet
  facet normal -0.275264 -0.257838 0.926148
    outer loop
      vertex 41.5702 -14.1112 17.6212
      vertex 47.1157 -12.6246 19.6833
      vertex 42.4041 -11.3622 18.6344
    endloop
  endfacet
  facet normal -0.271629 -0.23925 0.932189
    outer loop
      vertex 42.4041 -11.3622 18.6344
      vertex 47.1157 -12.6246 19.6833
      vertex 47.8405 -9.51607 20.6923
    endloop
  endfacet
  facet normal -0.245023 -0.304515 0.920453
    outer loop
      vertex 42.4041 -11.3622 18.6344
      vertex 47.8405 -9.51607 20.6923
      vertex 43.0565 -8.56447 19.7336
    endloop
  endfacet
  facet normal -0.243075 -0.289256 0.925875
    outer loop
      vertex 43.0565 -8.56447 19.7336
      vertex 47.8405 -9.51607 20.6923
      vertex 48.3605 -6.36678 21.8127
    endloop
  endfacet
  facet normal -0.219024 -0.337483 0.915496
    outer loop
      vertex 43.0565 -8.56447 19.7336
      vertex 48.3605 -6.36678 21.8127
      vertex 43.5244 -5.7301 20.8904
    endloop
  endfacet
  facet normal -0.218275 -0.325018 0.920174
    outer loop
      vertex 43.5244 -5.7301 20.8904
      vertex 48.3605 -6.36678 21.8127
      vertex 48.6733 -3.19022 23.0089
    endloop
  endfacet
  facet normal -0.195847 -0.362858 0.911031
    outer loop
      vertex 43.5244 -5.7301 20.8904
      vertex 48.6733 -3.19022 23.0089
      vertex 43.806 -2.8712 22.0896
    endloop
  endfacet
  facet normal -0.195933 -0.352293 0.91515
    outer loop
      vertex 43.806 -2.8712 22.0896
      vertex 48.6733 -3.19022 23.0089
      vertex 48.7778 0 24.2594
    endloop
  endfacet
  facet normal -0.174431 -0.383352 0.906981
    outer loop
      vertex 43.806 -2.8712 22.0896
      vertex 48.7778 0 24.2594
      vertex 43.9 0 23.3213
    endloop
  endfacet
  facet normal -0.251112 -0.34046 0.906107
    outer loop
      vertex 48.7778 0 24.2594
      vertex 53.6556 0 25.6111
      vertex 53.5407 3.50924 26.8979
    endloop
  endfacet
  facet normal -0.225104 -0.371666 0.900662
    outer loop
      vertex 48.7778 0 24.2594
      vertex 53.5407 3.50924 26.8979
      vertex 48.6733 3.19022 25.5497
    endloop
  endfacet
  facet normal -0.226011 -0.366246 0.902653
    outer loop
      vertex 48.6733 3.19022 25.5497
      vertex 53.5407 3.50924 26.8979
      vertex 53.1965 7.00346 28.2295
    endloop
  endfacet
  facet normal -0.200648 -0.392713 0.897506
    outer loop
      vertex 48.6733 3.19022 25.5497
      vertex 53.1965 7.00346 28.2295
      vertex 48.3605 6.36678 26.8697
    endloop
  endfacet
  facet normal -0.201837 -0.387733 0.899402
    outer loop
      vertex 48.3605 6.36678 26.8697
      vertex 53.1965 7.00346 28.2295
      vertex 52.6246 10.4677 29.5945
    endloop
  endfacet
  facet normal -0.177006 -0.410351 0.894584
    outer loop
      vertex 48.3605 6.36678 26.8697
      vertex 52.6246 10.4677 29.5945
      vertex 47.8405 9.51607 28.2114
    endloop
  endfacet
  facet normal -0.178411 -0.405858 0.896353
    outer loop
      vertex 47.8405 9.51607 28.2114
      vertex 52.6246 10.4677 29.5945
      vertex 51.8273 13.8871 30.9841
    endloop
  endfacet
  facet normal -0.154017 -0.425263 0.891869
    outer loop
      vertex 47.8405 9.51607 28.2114
      vertex 51.8273 13.8871 30.9841
      vertex 47.1157 12.6246 29.5685
    endloop
  endfacet
  facet normal -0.155577 -0.421265 0.893494
    outer loop
      vertex 47.1157 12.6246 29.5685
      vertex 51.8273 13.8871 30.9841
      vertex 50.8081 17.247 32.3908
    endloop
  endfacet
  facet normal -0.131553 -0.437917 0.889338
    outer loop
      vertex 47.1157 12.6246 29.5685
      vertex 50.8081 17.247 32.3908
      vertex 46.1891 15.6791 30.9355
    endloop
  endfacet
  facet normal -0.133207 -0.43441 0.890811
    outer loop
      vertex 46.1891 15.6791 30.9355
      vertex 50.8081 17.247 32.3908
      vertex 49.5713 20.5331 33.8083
    endloop
  endfacet
  facet normal -0.109515 -0.448647 0.886974
    outer loop
      vertex 46.1891 15.6791 30.9355
      vertex 49.5713 20.5331 33.8083
      vertex 45.0648 18.6664 32.3077
    endloop
  endfacet
  facet normal -0.111206 -0.44562 0.888288
    outer loop
      vertex 45.0648 18.6664 32.3077
      vertex 49.5713 20.5331 33.8083
      vertex 48.1222 23.7312 35.2313
    endloop
  endfacet
  facet normal -0.087832 -0.457694 0.884761
    outer loop
      vertex 45.0648 18.6664 32.3077
      vertex 48.1222 23.7312 35.2313
      vertex 43.7475 21.5739 33.681
    endloop
  endfacet
  facet normal -0.0895018 -0.455135 0.885913
    outer loop
      vertex 43.7475 21.5739 33.681
      vertex 48.1222 23.7312 35.2313
      vertex 46.4671 26.8278 36.6549
    endloop
  endfacet
  facet normal -0.0664521 -0.465241 0.882686
    outer loop
      vertex 43.7475 21.5739 33.681
      vertex 46.4671 26.8278 36.6549
      vertex 42.2428 24.3889 35.0514
    endloop
  endfacet
  facet normal -0.0680415 -0.463136 0.883672
    outer loop
      vertex 42.2428 24.3889 35.0514
      vertex 46.4671 26.8278 36.6549
      vertex 44.613 29.8094 38.0748
    endloop
  endfacet
  facet normal -0.0453398 -0.471426 0.880739
    outer loop
      vertex 42.2428 24.3889 35.0514
      vertex 44.613 29.8094 38.0748
      vertex 40.5572 27.0995 36.4155
    endloop
  endfacet
  facet normal -0.0467891 -0.469757 0.881555
    outer loop
      vertex 40.5572 27.0995 36.4155
      vertex 44.613 29.8094 38.0748
      vertex 42.5678 32.6634 39.4871
    endloop
  endfacet
  facet normal -0.0244715 -0.476361 0.878909
    outer loop
      vertex 40.5572 27.0995 36.4155
      vertex 42.5678 32.6634 39.4871
      vertex 38.698 29.694 37.77
    endloop
  endfacet
  facet normal -0.0257212 -0.475105 0.879553
    outer loop
      vertex 38.698 29.694 37.77
      vertex 42.5678 32.6634 39.4871
      vertex 40.3404 35.3776 40.8881
    endloop
  endfacet
  facet normal -0.00383359 -0.480132 0.877188
    outer loop
      vertex 38.698 29.694 37.77
      vertex 40.3404 35.3776 40.8881
      vertex 36.6731 32.1614 39.1117
    endloop
  endfacet
  facet normal -0.00482419 -0.479262 0.877658
    outer loop
      vertex 36.6731 32.1614 39.1117
      vertex 40.3404 35.3776 40.8881
      vertex 37.9402 37.9402 42.2742
    endloop
  endfacet
  facet normal 0.0165808 -0.482811 0.875567
    outer loop
      vertex 36.6731 32.1614 39.1117
      vertex 37.9402 37.9402 42.2742
      vertex 34.4911 34.4911 40.4376
    endloop
  endfacet
  facet normal 0.0159074 -0.482296 0.875864
    outer loop
      vertex 34.4911 34.4911 40.4376
      vertex 37.9402 37.9402 42.2742
      vertex 35.3776 40.3404 43.6425
    endloop
  endfacet
  facet normal 0.0367726 -0.484459 0.874041
    outer loop
      vertex 34.4911 34.4911 40.4376
      vertex 35.3776 40.3404 43.6425
      vertex 32.1614 36.6731 41.7451
    endloop
  endfacet
  facet normal 0.0364727 -0.48426 0.874164
    outer loop
      vertex 32.1614 36.6731 41.7451
      vertex 35.3776 40.3404 43.6425
      vertex 32.6634 42.5678 44.9896
    endloop
  endfacet
  facet normal 0.0567386 -0.485126 0.872602
    outer loop
      vertex 32.1614 36.6731 41.7451
      vertex 32.6634 42.5678 44.9896
      vertex 29.694 38.698 43.0313
    endloop
  endfacet
  facet normal 0.0568659 -0.485199 0.872553
    outer loop
      vertex 29.694 38.698 43.0313
      vertex 32.6634 42.5678 44.9896
      vertex 29.8094 44.613 46.3129
    endloop
  endfacet
  facet normal 0.0764724 -0.484856 0.871244
    outer loop
      vertex 29.694 38.698 43.0313
      vertex 29.8094 44.613 46.3129
      vertex 27.0995 40.5572 44.2937
    endloop
  endfacet
  facet normal 0.077077 -0.485151 0.871027
    outer loop
      vertex 27.0995 40.5572 44.2937
      vertex 29.8094 44.613 46.3129
      vertex 26.8278 46.4671 47.6094
    endloop
  endfacet
  facet normal 0.095965 -0.483687 0.869964
    outer loop
      vertex 27.0995 40.5572 44.2937
      vertex 26.8278 46.4671 47.6094
      vertex 24.3889 42.2428 45.5298
    endloop
  endfacet
  facet normal 0.0970924 -0.484149 0.869582
    outer loop
      vertex 24.3889 42.2428 45.5298
      vertex 26.8278 46.4671 47.6094
      vertex 23.7312 48.1222 48.8767
    endloop
  endfacet
  facet normal 0.115205 -0.481653 0.868756
    outer loop
      vertex 24.3889 42.2428 45.5298
      vertex 23.7312 48.1222 48.8767
      vertex 21.5739 43.7475 46.7373
    endloop
  endfacet
  facet normal 0.116896 -0.482222 0.868215
    outer loop
      vertex 21.5739 43.7475 46.7373
      vertex 23.7312 48.1222 48.8767
      vertex 20.5331 49.5713 50.1121
    endloop
  endfacet
  facet normal 0.134181 -0.478787 0.867617
    outer loop
      vertex 21.5739 43.7475 46.7373
      vertex 20.5331 49.5713 50.1121
      vertex 18.6664 45.0648 47.9139
    endloop
  endfacet
  facet normal 0.13647 -0.479396 0.866923
    outer loop
      vertex 18.6664 45.0648 47.9139
      vertex 20.5331 49.5713 50.1121
      vertex 17.247 50.8081 51.3133
    endloop
  endfacet
  facet normal 0.15288 -0.475115 0.866541
    outer loop
      vertex 18.6664 45.0648 47.9139
      vertex 17.247 50.8081 51.3133
      vertex 15.6791 46.1891 49.0575
    endloop
  endfacet
  facet normal 0.155795 -0.475695 0.865703
    outer loop
      vertex 15.6791 46.1891 49.0575
      vertex 17.247 50.8081 51.3133
      vertex 13.8871 51.8273 52.4781
    endloop
  endfacet
  facet normal 0.171285 -0.470665 0.865526
    outer loop
      vertex 15.6791 46.1891 49.0575
      vertex 13.8871 51.8273 52.4781
      vertex 12.6246 47.1157 50.1658
    endloop
  endfacet
  facet normal 0.174848 -0.471142 0.864554
    outer loop
      vertex 12.6246 47.1157 50.1658
      vertex 13.8871 51.8273 52.4781
      vertex 10.4677 52.6246 53.6041
    endloop
  endfacet
  facet normal 0.189385 -0.46546 0.864569
    outer loop
      vertex 12.6246 47.1157 50.1658
      vertex 10.4677 52.6246 53.6041
      vertex 9.51607 47.8405 51.2369
    endloop
  endfacet
  facet normal 0.193608 -0.465758 0.863473
    outer loop
      vertex 9.51607 47.8405 51.2369
      vertex 10.4677 52.6246 53.6041
      vertex 7.00346 53.1965 54.6893
    endloop
  endfacet
  facet normal 0.207162 -0.459525 0.863667
    outer loop
      vertex 9.51607 47.8405 51.2369
      vertex 7.00346 53.1965 54.6893
      vertex 6.36678 48.3605 52.269
    endloop
  endfacet
  facet normal 0.212051 -0.459564 0.862459
    outer loop
      vertex 6.36678 48.3605 52.269
      vertex 7.00346 53.1965 54.6893
      vertex 3.50924 53.5407 55.7318
    endloop
  endfacet
  facet normal 0.224601 -0.452881 0.862817
    outer loop
      vertex 6.36678 48.3605 52.269
      vertex 3.50924 53.5407 55.7318
      vertex 3.19022 48.6733 53.2601
    endloop
  endfacet
  facet normal 0.230155 -0.452581 0.86151
    outer loop
      vertex 3.19022 48.6733 53.2601
      vertex 3.50924 53.5407 55.7318
      vertex 3.28546e-15 53.6556 56.7297
    endloop
  endfacet
  facet normal 0.241688 -0.445549 0.862017
    outer loop
      vertex 3.19022 48.6733 53.2601
      vertex 3.28546e-15 53.6556 56.7297
      vertex 2.98678e-15 48.7778 54.2085
    endloop
  endfacet
  facet normal 0.247893 -0.44483 0.860625
    outer loop
      vertex 2.98678e-15 48.7778 54.2085
      vertex 3.28546e-15 53.6556 56.7297
      vertex -3.50924 53.5407 57.6811
    endloop
  endfacet
  facet normal 0.258405 -0.437551 0.861264
    outer loop
      vertex 2.98678e-15 48.7778 54.2085
      vertex -3.50924 53.5407 57.6811
      vertex -3.19022 48.6733 55.1126
    endloop
  endfacet
  facet normal 0.265244 -0.436331 0.859803
    outer loop
      vertex -3.19022 48.6733 55.1126
      vertex -3.50924 53.5407 57.6811
      vertex -7.00346 53.1965 58.5844
    endloop
  endfacet
  facet normal 0.274739 -0.428905 0.860557
    outer loop
      vertex -3.19022 48.6733 55.1126
      vertex -7.00346 53.1965 58.5844
      vertex -6.36678 48.3605 55.9708
    endloop
  endfacet
  facet normal 0.282181 -0.427107 0.859042
    outer loop
      vertex -6.36678 48.3605 55.9708
      vertex -7.00346 53.1965 58.5844
      vertex -10.4677 52.6246 59.438
    endloop
  endfacet
  facet normal 0.290672 -0.419633 0.859894
    outer loop
      vertex -6.36678 48.3605 55.9708
      vertex -10.4677 52.6246 59.438
      vertex -9.51607 47.8405 56.7817
    endloop
  endfacet
  facet normal 0.298681 -0.417178 0.858342
    outer loop
      vertex -9.51607 47.8405 56.7817
      vertex -10.4677 52.6246 59.438
      vertex -13.8871 51.8273 60.2403
    endloop
  endfacet
  facet normal 0.306191 -0.409753 0.859273
    outer loop
      vertex -9.51607 47.8405 56.7817
      vertex -13.8871 51.8273 60.2403
      vertex -12.6246 47.1157 57.5437
    endloop
  endfacet
  facet normal 0.314721 -0.406568 0.857702
    outer loop
      vertex -12.6246 47.1157 57.5437
      vertex -13.8871 51.8273 60.2403
      vertex -17.247 50.8081 60.9901
    endloop
  endfacet
  facet normal 0.321278 -0.399283 0.858693
    outer loop
      vertex -12.6246 47.1157 57.5437
      vertex -17.247 50.8081 60.9901
      vertex -15.6791 46.1891 58.2557
    endloop
  endfacet
  facet normal 0.330275 -0.395299 0.857121
    outer loop
      vertex -15.6791 46.1891 58.2557
      vertex -17.247 50.8081 60.9901
      vertex -20.5331 49.5713 61.6859
    endloop
  endfacet
  facet normal 0.33592 -0.388243 0.858152
    outer loop
      vertex -15.6791 46.1891 58.2557
      vertex -20.5331 49.5713 61.6859
      vertex -18.6664 45.0648 58.9164
    endloop
  endfacet
  facet normal 0.345322 -0.383394 0.856599
    outer loop
      vertex -18.6664 45.0648 58.9164
      vertex -20.5331 49.5713 61.6859
      vertex -23.7312 48.1222 62.3266
    endloop
  endfacet
  facet normal 0.3501 -0.376652 0.85765
    outer loop
      vertex -18.6664 45.0648 58.9164
      vertex -23.7312 48.1222 62.3266
      vertex -21.5739 43.7475 59.5247
    endloop
  endfacet
  facet normal 0.359839 -0.370878 0.856134
    outer loop
      vertex -21.5739 43.7475 59.5247
      vertex -23.7312 48.1222 62.3266
      vertex -26.8278 46.4671 62.9111
    endloop
  endfacet
  facet normal 0.363804 -0.364527 0.857185
    outer loop
      vertex -21.5739 43.7475 59.5247
      vertex -26.8278 46.4671 62.9111
      vertex -24.3889 42.2428 60.0796
    endloop
  endfacet
  facet normal 0.373804 -0.357775 0.855726
    outer loop
      vertex -24.3889 42.2428 60.0796
      vertex -26.8278 46.4671 62.9111
      vertex -29.8094 44.613 63.4384
    endloop
  endfacet
  facet normal 0.377018 -0.351887 0.856757
    outer loop
      vertex -24.3889 42.2428 60.0796
      vertex -29.8094 44.613 63.4384
      vertex -27.0995 40.5572 60.5801
    endloop
  endfacet
  facet normal 0.387197 -0.344112 0.855375
    outer loop
      vertex -27.0995 40.5572 60.5801
      vertex -29.8094 44.613 63.4384
      vertex -32.6634 42.5678 63.9075
    endloop
  endfacet
  facet normal 0.389726 -0.338752 0.856365
    outer loop
      vertex -27.0995 40.5572 60.5801
      vertex -32.6634 42.5678 63.9075
      vertex -29.694 38.698 61.0254
    endloop
  endfacet
  facet normal 0.399995 -0.329914 0.855079
    outer loop
      vertex -29.694 38.698 61.0254
      vertex -32.6634 42.5678 63.9075
      vertex -35.3776 40.3404 64.3178
    endloop
  endfacet
  facet normal 0.401913 -0.325139 0.856008
    outer loop
      vertex -29.694 38.698 61.0254
      vertex -35.3776 40.3404 64.3178
      vertex -32.1614 36.6731 61.4148
    endloop
  endfacet
  facet normal 0.412182 -0.315208 0.854839
    outer loop
      vertex -32.1614 36.6731 61.4148
      vertex -35.3776 40.3404 64.3178
      vertex -37.9402 37.9402 64.6684
    endloop
  endfacet
  facet normal 0.413567 -0.311067 0.855687
    outer loop
      vertex -32.1614 36.6731 61.4148
      vertex -37.9402 37.9402 64.6684
      vertex -34.4911 34.4911 61.7475
    endloop
  endfacet
  facet normal 0.423737 -0.300022 0.854654
    outer loop
      vertex -34.4911 34.4911 61.7475
      vertex -37.9402 37.9402 64.6684
      vertex -40.3404 35.3776 64.9588
    endloop
  endfacet
  facet normal 0.424672 -0.296555 0.8554
    outer loop
      vertex -34.4911 34.4911 61.7475
      vertex -40.3404 35.3776 64.9588
      vertex -36.6731 32.1614 62.0231
    endloop
  endfacet
  facet normal 0.434644 -0.284384 0.854523
    outer loop
      vertex -36.6731 32.1614 62.0231
      vertex -40.3404 35.3776 64.9588
      vertex -42.5678 32.6634 65.1885
    endloop
  endfacet
  facet normal 0.435214 -0.281623 0.855147
    outer loop
      vertex -36.6731 32.1614 62.0231
      vertex -42.5678 32.6634 65.1885
      vertex -38.698 29.694 62.2411
    endloop
  endfacet
  facet normal 0.444886 -0.268323 0.854447
    outer loop
      vertex -38.698 29.694 62.2411
      vertex -42.5678 32.6634 65.1885
      vertex -44.613 29.8094 65.3571
    endloop
  endfacet
  facet normal 0.44518 -0.266289 0.854929
    outer loop
      vertex -38.698 29.694 62.2411
      vertex -44.613 29.8094 65.3571
      vertex -40.5572 27.0995 62.4011
    endloop
  endfacet
  facet normal 0.454449 -0.251867 0.854424
    outer loop
      vertex -40.5572 27.0995 62.4011
      vertex -44.613 29.8094 65.3571
      vertex -46.4671 26.8278 65.4643
    endloop
  endfacet
  facet normal 0.454556 -0.250574 0.854746
    outer loop
      vertex -40.5572 27.0995 62.4011
      vertex -46.4671 26.8278 65.4643
      vertex -42.2428 24.3889 62.5029
    endloop
  endfacet
  facet normal 0.463317 -0.235046 0.854454
    outer loop
      vertex -42.2428 24.3889 62.5029
      vertex -46.4671 26.8278 65.4643
      vertex -48.1222 23.7312 65.51
    endloop
  endfacet
  facet normal 0.463329 -0.234497 0.854598
    outer loop
      vertex -42.2428 24.3889 62.5029
      vertex -48.1222 23.7312 65.51
      vertex -43.7475 21.5739 62.5462
    endloop
  endfacet
  facet normal 0.471478 -0.217889 0.854537
    outer loop
      vertex -43.7475 21.5739 62.5462
      vertex -48.1222 23.7312 65.51
      vertex -49.5713 20.5331 65.494
    endloop
  endfacet
  facet normal 0.471485 -0.218079 0.854484
    outer loop
      vertex -43.7475 21.5739 62.5462
      vertex -49.5713 20.5331 65.494
      vertex -45.0648 18.6664 62.531
    endloop
  endfacet
  facet normal 0.47892 -0.200428 0.854672
    outer loop
      vertex -45.0648 18.6664 62.531
      vertex -49.5713 20.5331 65.494
      vertex -50.8081 17.247 65.4165
    endloop
  endfacet
  facet normal 0.479012 -0.201341 0.854406
    outer loop
      vertex -45.0648 18.6664 62.531
      vertex -50.8081 17.247 65.4165
      vertex -46.1891 15.6791 62.4574
    endloop
  endfacet
  facet normal 0.485633 -0.182693 0.854859
    outer loop
      vertex -46.1891 15.6791 62.4574
      vertex -50.8081 17.247 65.4165
      vertex -51.8273 13.8871 65.2774
    endloop
  endfacet
  facet normal 0.485896 -0.184303 0.854364
    outer loop
      vertex -46.1891 15.6791 62.4574
      vertex -51.8273 13.8871 65.2774
      vertex -47.1157 12.6246 62.3255
    endloop
  endfacet
  facet normal 0.491606 -0.164714 0.855098
    outer loop
      vertex -47.1157 12.6246 62.3255
      vertex -51.8273 13.8871 65.2774
      vertex -52.6246 10.4677 65.0771
    endloop
  endfacet
  facet normal 0.492126 -0.166988 0.854358
    outer loop
      vertex -47.1157 12.6246 62.3255
      vertex -52.6246 10.4677 65.0771
      vertex -47.8405 9.51607 62.1354
    endloop
  endfacet
  facet normal 0.496831 -0.146522 0.855389
    outer loop
      vertex -47.8405 9.51607 62.1354
      vertex -52.6246 10.4677 65.0771
      vertex -53.1965 7.00346 64.8159
    endloop
  endfacet
  facet normal 0.497689 -0.149417 0.854389
    outer loop
      vertex -47.8405 9.51607 62.1354
      vertex -53.1965 7.00346 64.8159
      vertex -48.3605 6.36678 61.8875
    endloop
  endfacet
  facet normal 0.501301 -0.128148 0.855731
    outer loop
      vertex -48.3605 6.36678 61.8875
      vertex -53.1965 7.00346 64.8159
      vertex -53.5407 3.50924 64.4943
    endloop
  endfacet
  facet normal 0.502572 -0.131613 0.854458
    outer loop
      vertex -48.3605 6.36678 61.8875
      vertex -53.5407 3.50924 64.4943
      vertex -48.6733 3.19022 61.5823
    endloop
  endfacet
  facet normal 0.50501 -0.109622 0.856124
    outer loop
      vertex -48.6733 3.19022 61.5823
      vertex -53.5407 3.50924 64.4943
      vertex -53.6556 6.57091e-15 64.1127
    endloop
  endfacet
  facet normal 0.506765 -0.113599 0.854567
    outer loop
      vertex -48.6733 3.19022 61.5823
      vertex -53.6556 6.57091e-15 64.1127
      vertex -48.7778 5.97355e-15 61.2201
    endloop
  endfacet
  facet normal 0.507952 -0.0909763 0.856568
    outer loop
      vertex -48.7778 5.97355e-15 61.2201
      vertex -53.6556 6.57091e-15 64.1127
      vertex -53.5407 -3.50924 63.6718
    endloop
  endfacet
  facet normal 0.510257 -0.0953991 0.854715
    outer loop
      vertex -48.7778 5.97355e-15 61.2201
      vertex -53.5407 -3.50924 63.6718
      vertex -48.6733 -3.19022 60.8017
    endloop
  endfacet
  facet normal 0.510123 -0.0722407 0.857062
    outer loop
      vertex -48.6733 -3.19022 60.8017
      vertex -53.5407 -3.50924 63.6718
      vertex -53.1965 -7.00346 63.1725
    endloop
  endfacet
  facet normal 0.513036 -0.0770374 0.854903
    outer loop
      vertex -48.6733 -3.19022 60.8017
      vertex -53.1965 -7.00346 63.1725
      vertex -48.3605 -6.36678 60.3277
    endloop
  endfacet
  facet normal 0.51152 -0.0534461 0.857607
    outer loop
      vertex -48.3605 -6.36678 60.3277
      vertex -53.1965 -7.00346 63.1725
      vertex -52.6246 -10.4677 62.6155
    endloop
  endfacet
  facet normal 0.515091 -0.0585387 0.855134
    outer loop
      vertex -48.3605 -6.36678 60.3277
      vertex -52.6246 -10.4677 62.6155
      vertex -47.8405 -9.51607 59.7989
    endloop
  endfacet
  facet normal 0.512141 -0.0346228 0.858203
    outer loop
      vertex -47.8405 -9.51607 59.7989
      vertex -52.6246 -10.4677 62.6155
      vertex -51.8273 -13.8871 62.0017
    endloop
  endfacet
  facet normal 0.516413 -0.0399283 0.855408
    outer loop
      vertex -47.8405 -9.51607 59.7989
      vertex -51.8273 -13.8871 62.0017
      vertex -47.1157 -12.6246 59.2162
    endloop
  endfacet
  facet normal 0.511983 -0.015801 0.85885
    outer loop
      vertex -47.1157 -12.6246 59.2162
      vertex -51.8273 -13.8871 62.0017
      vertex -50.8081 -17.247 61.3323
    endloop
  endfacet
  facet normal 0.516992 -0.021232 0.855727
    outer loop
      vertex -47.1157 -12.6246 59.2162
      vertex -50.8081 -17.247 61.3323
      vertex -46.1891 -15.6791 58.5807
    endloop
  endfacet
  facet normal 0.511047 0.00298954 0.859548
    outer loop
      vertex -46.1891 -15.6791 58.5807
      vertex -50.8081 -17.247 61.3323
      vertex -49.5713 -20.5331 60.6084
    endloop
  endfacet
  facet normal 0.516819 -0.0024764 0.856091
    outer loop
      vertex -46.1891 -15.6791 58.5807
      vertex -49.5713 -20.5331 60.6084
      vertex -45.0648 -18.6664 57.8933
    endloop
  endfacet
  facet normal 0.509331 0.0217192 0.860297
    outer loop
      vertex -45.0648 -18.6664 57.8933
      vertex -49.5713 -20.5331 60.6084
      vertex -48.1222 -23.7312 59.8312
    endloop
  endfacet
  facet normal 0.515884 0.0163116 0.856503
    outer loop
      vertex -45.0648 -18.6664 57.8933
      vertex -48.1222 -23.7312 59.8312
      vertex -43.7475 -21.5739 57.1552
    endloop
  endfacet
  facet normal 0.506836 0.0403587 0.861098
    outer loop
      vertex -43.7475 -21.5739 57.1552
      vertex -48.1222 -23.7312 59.8312
      vertex -46.4671 -26.8278 59.0022
    endloop
  endfacet
  facet normal 0.514179 0.0351044 0.856964
    outer loop
      vertex -43.7475 -21.5739 57.1552
      vertex -46.4671 -26.8278 59.0022
      vertex -42.2428 -24.3889 56.3677
    endloop
  endfacet
  facet normal 0.503562 0.0588791 0.86195
    outer loop
      vertex -42.2428 -24.3889 56.3677
      vertex -46.4671 -26.8278 59.0022
      vertex -44.613 -29.8094 58.1226
    endloop
  endfacet
  facet normal 0.511696 0.053874 0.857476
    outer loop
      vertex -42.2428 -24.3889 56.3677
      vertex -44.613 -29.8094 58.1226
      vertex -40.5572 -27.0995 55.5321
    endloop
  endfacet
  facet normal 0.499512 0.077252 0.862856
    outer loop
      vertex -40.5572 -27.0995 55.5321
      vertex -44.613 -29.8094 58.1226
      vertex -42.5678 -32.6634 57.1942
    endloop
  endfacet
  facet normal 0.508427 0.0725919 0.85804
    outer loop
      vertex -40.5572 -27.0995 55.5321
      vertex -42.5678 -32.6634 57.1942
      vertex -38.698 -29.694 54.65
    endloop
  endfacet
  facet normal 0.494684 0.0954492 0.863815
    outer loop
      vertex -38.698 -29.694 54.65
      vertex -42.5678 -32.6634 57.1942
      vertex -40.3404 -35.3776 56.2185
    endloop
  endfacet
  facet normal 0.504364 0.0912291 0.858659
    outer loop
      vertex -38.698 -29.694 54.65
      vertex -40.3404 -35.3776 56.2185
      vertex -36.6731 -32.1614 53.7227
    endloop
  endfacet
  facet normal 0.489082 0.113443 0.864829
    outer loop
      vertex -36.6731 -32.1614 53.7227
      vertex -40.3404 -35.3776 56.2185
      vertex -37.9402 -37.9402 55.1973
    endloop
  endfacet
  facet normal 0.499499 0.109756 0.859334
    outer loop
      vertex -36.6731 -32.1614 53.7227
      vertex -37.9402 -37.9402 55.1973
      vertex -34.4911 -34.4911 52.752
    endloop
  endfacet
  facet normal 0.482705 0.131205 0.865899
    outer loop
      vertex -34.4911 -34.4911 52.752
      vertex -37.9402 -37.9402 55.1973
      vertex -35.3776 -40.3404 54.1324
    endloop
  endfacet
  facet normal 0.493826 0.128143 0.860067
    outer loop
      vertex -34.4911 -34.4911 52.752
      vertex -35.3776 -40.3404 54.1324
      vertex -32.1614 -36.6731 51.7394
    endloop
  endfacet
  facet normal 0.475554 0.148709 0.867026
    outer loop
      vertex -32.1614 -36.6731 51.7394
      vertex -35.3776 -40.3404 54.1324
      vertex -32.6634 -42.5678 53.0258
    endloop
  endfacet
  facet normal 0.487337 0.14636 0.860861
    outer loop
      vertex -32.1614 -36.6731 51.7394
      vertex -32.6634 -42.5678 53.0258
      vertex -29.694 -38.698 50.6869
    endloop
  endfacet
  facet normal 0.467627 0.165928 0.868212
    outer loop
      vertex -29.694 -38.698 50.6869
      vertex -32.6634 -42.5678 53.0258
      vertex -29.8094 -44.613 51.8795
    endloop
  endfacet
  facet normal 0.480025 0.164376 0.861717
    outer loop
      vertex -29.694 -38.698 50.6869
      vertex -29.8094 -44.613 51.8795
      vertex -27.0995 -40.5572 49.5962
    endloop
  endfacet
  facet normal 0.458924 0.182834 0.86946
    outer loop
      vertex -27.0995 -40.5572 49.5962
      vertex -29.8094 -44.613 51.8795
      vertex -26.8278 -46.4671 50.6956
    endloop
  endfacet
  facet normal 0.47188 0.182161 0.862639
    outer loop
      vertex -27.0995 -40.5572 49.5962
      vertex -26.8278 -46.4671 50.6956
      vertex -24.3889 -42.2428 48.4694
    endloop
  endfacet
  facet normal 0.449441 0.199401 0.870771
    outer loop
      vertex -24.3889 -42.2428 48.4694
      vertex -26.8278 -46.4671 50.6956
      vertex -23.7312 -48.1222 49.4763
    endloop
  endfacet
  facet normal 0.462894 0.199683 0.863629
    outer loop
      vertex -24.3889 -42.2428 48.4694
      vertex -23.7312 -48.1222 49.4763
      vertex -21.5739 -43.7475 47.3085
    endloop
  endfacet
  facet normal 0.439174 0.215602 0.872148
    outer loop
      vertex -21.5739 -43.7475 47.3085
      vertex -23.7312 -48.1222 49.4763
      vertex -20.5331 -49.5713 48.2241
    endloop
  endfacet
  facet normal 0.453057 0.21691 0.86469
    outer loop
      vertex -21.5739 -43.7475 47.3085
      vertex -20.5331 -49.5713 48.2241
      vertex -18.6664 -45.0648 46.1156
    endloop
  endfacet
  facet normal 0.428113 0.231409 0.873595
    outer loop
      vertex -18.6664 -45.0648 46.1156
      vertex -20.5331 -49.5713 48.2241
      vertex -17.247 -50.8081 46.9414
    endloop
  endfacet
  facet normal 0.442357 0.233812 0.865824
    outer loop
      vertex -18.6664 -45.0648 46.1156
      vertex -17.247 -50.8081 46.9414
      vertex -15.6791 -46.1891 44.893
    endloop
  endfacet
  facet normal 0.41625 0.246795 0.875116
    outer loop
      vertex -15.6791 -46.1891 44.893
      vertex -17.247 -50.8081 46.9414
      vertex -13.8871 -51.8273 45.6306
    endloop
  endfacet
  facet normal 0.43078 0.250356 0.867035
    outer loop
      vertex -15.6791 -46.1891 44.893
      vertex -13.8871 -51.8273 45.6306
      vertex -12.6246 -47.1157 43.6429
    endloop
  endfacet
  facet normal 0.403568 0.261732 0.876715
    outer loop
      vertex -12.6246 -47.1157 43.6429
      vertex -13.8871 -51.8273 45.6306
      vertex -10.4677 -52.6246 44.2946
    endloop
  endfacet
  facet normal 0.418308 0.266511 0.868326
    outer loop
      vertex -12.6246 -47.1157 43.6429
      vertex -10.4677 -52.6246 44.2946
      vertex -9.51607 -47.8405 42.3679
    endloop
  endfacet
  facet normal 0.390047 0.276189 0.878398
    outer loop
      vertex -9.51607 -47.8405 42.3679
      vertex -10.4677 -52.6246 44.2946
      vertex -7.00346 -53.1965 42.9362
    endloop
  endfacet
  facet normal 0.40492 0.282243 0.8697
    outer loop
      vertex -9.51607 -47.8405 42.3679
      vertex -7.00346 -53.1965 42.9362
      vertex -6.36678 -48.3605 41.0703
    endloop
  endfacet
  facet normal 0.375662 0.290134 0.88017
    outer loop
      vertex -6.36678 -48.3605 41.0703
      vertex -7.00346 -53.1965 42.9362
      vertex -3.50924 -53.5407 41.5583
    endloop
  endfacet
  facet normal 0.390589 0.29752 0.871162
    outer loop
      vertex -6.36678 -48.3605 41.0703
      vertex -3.50924 -53.5407 41.5583
      vertex -3.19022 -48.6733 39.753
    endloop
  endfacet
  facet normal 0.360377 0.303535 0.88204
    outer loop
      vertex -3.19022 -48.6733 39.753
      vertex -3.50924 -53.5407 41.5583
      vertex -9.85637e-15 -53.6556 40.1641
    endloop
  endfacet
  facet normal 0.37528 0.312308 0.872714
    outer loop
      vertex -3.19022 -48.6733 39.753
      vertex -9.85637e-15 -53.6556 40.1641
      vertex -8.96033e-15 -48.7778 38.4185
    endloop
  endfacet
  facet normal 0.344147 0.316352 0.884016
    outer loop
      vertex -8.96033e-15 -48.7778 38.4185
      vertex -9.85637e-15 -53.6556 40.1641
      vertex 3.50924 -53.5407 38.7568
    endloop
  endfacet
  facet normal 0.358949 0.326573 0.87436
    outer loop
      vertex -8.96033e-15 -48.7778 38.4185
      vertex 3.50924 -53.5407 38.7568
      vertex 3.19022 -48.6733 37.0698
    endloop
  endfacet
  facet normal 0.32691 0.328544 0.886108
    outer loop
      vertex 3.19022 -48.6733 37.0698
      vertex 3.50924 -53.5407 38.7568
      vertex 7.00346 -53.1965 37.3401
    endloop
  endfacet
  facet normal 0.341538 0.340279 0.876106
    outer loop
      vertex 3.19022 -48.6733 37.0698
      vertex 7.00346 -53.1965 37.3401
      vertex 6.36678 -48.3605 35.71
    endloop
  endfacet
  facet normal 0.308591 0.340061 0.88833
    outer loop
      vertex 6.36678 -48.3605 35.71
      vertex 7.00346 -53.1965 37.3401
      vertex 10.4677 -52.6246 35.9177
    endloop
  endfacet
  facet normal 0.322974 0.353388 0.877955
    outer loop
      vertex 6.36678 -48.3605 35.71
      vertex 10.4677 -52.6246 35.9177
      vertex 9.51607 -47.8405 34.3422
    endloop
  endfacet
  facet normal 0.289085 0.350844 0.890696
    outer loop
      vertex 9.51607 -47.8405 34.3422
      vertex 10.4677 -52.6246 35.9177
      vertex 13.8871 -51.8273 34.4939
    endloop
  endfacet
  facet normal 0.303156 0.36586 0.87991
    outer loop
      vertex 9.51607 -47.8405 34.3422
      vertex 13.8871 -51.8273 34.4939
      vertex 12.6246 -47.1157 32.9698
    endloop
  endfacet
  facet normal 0.268259 0.360816 0.893224
    outer loop
      vertex 12.6246 -47.1157 32.9698
      vertex 13.8871 -51.8273 34.4939
      vertex 17.247 -50.8081 33.0731
    endloop
  endfacet
  facet normal 0.281956 0.377649 0.881976
    outer loop
      vertex 12.6246 -47.1157 32.9698
      vertex 17.247 -50.8081 33.0731
      vertex 15.6791 -46.1891 31.5966
    endloop
  endfacet
  facet normal 0.245934 0.369884 0.895937
    outer loop
      vertex 15.6791 -46.1891 31.5966
      vertex 17.247 -50.8081 33.0731
      vertex 20.5331 -49.5713 31.6604
    endloop
  endfacet
  facet normal 0.259199 0.388699 0.884155
    outer loop
      vertex 15.6791 -46.1891 31.5966
      vertex 20.5331 -49.5713 31.6604
      vertex 18.6664 -45.0648 30.2265
    endloop
  endfacet
  facet normal 0.22187 0.377916 0.898862
    outer loop
      vertex 18.6664 -45.0648 30.2265
      vertex 20.5331 -49.5713 31.6604
      vertex 23.7312 -48.1222 30.2618
    endloop
  endfacet
  facet normal 0.234648 0.398941 0.886446
    outer loop
      vertex 18.6664 -45.0648 30.2265
      vertex 23.7312 -48.1222 30.2618
      vertex 21.5739 -43.7475 28.864
    endloop
  endfacet
  facet normal 0.195741 0.384735 0.902033
    outer loop
      vertex 21.5739 -43.7475 28.864
      vertex 23.7312 -48.1222 30.2618
      vertex 26.8278 -46.4671 28.8839
    endloop
  endfacet
  facet normal 0.207981 0.408283 0.888847
    outer loop
      vertex 21.5739 -43.7475 28.864
      vertex 26.8278 -46.4671 28.8839
      vertex 24.3889 -42.2428 27.5142
    endloop
  endfacet
  facet normal 0.167103 0.390079 0.905491
    outer loop
      vertex 24.3889 -42.2428 27.5142
      vertex 26.8278 -46.4671 28.8839
      vertex 29.8094 -44.613 27.5349
    endloop
  endfacet
  facet normal 0.178748 0.416588 0.891349
    outer loop
      vertex 24.3889 -42.2428 27.5142
      vertex 29.8094 -44.613 27.5349
      vertex 27.0995 -40.5572 26.1828
    endloop
  endfacet
  facet normal 0.135332 0.393558 0.909284
    outer loop
      vertex 27.0995 -40.5572 26.1828
      vertex 29.8094 -44.613 27.5349
      vertex 32.6634 -42.5678 26.225
    endloop
  endfacet
  facet normal 0.146318 0.423637 0.893937
    outer loop
      vertex 27.0995 -40.5572 26.1828
      vertex 32.6634 -42.5678 26.225
      vertex 29.694 -38.698 24.8771
    endloop
  endfacet
  facet normal 0.0995573 0.394557 0.913462
    outer loop
      vertex 29.694 -38.698 24.8771
      vertex 32.6634 -42.5678 26.225
      vertex 35.3776 -40.3404 24.967
    endloop
  endfacet
  facet normal 0.109794 0.429056 0.89658
    outer loop
      vertex 29.694 -38.698 24.8771
      vertex 35.3776 -40.3404 24.967
      vertex 32.1614 -36.6731 23.6059
    endloop
  endfacet
  facet normal 0.0585451 0.392086 0.918064
    outer loop
      vertex 32.1614 -36.6731 23.6059
      vertex 35.3776 -40.3404 24.967
      vertex 37.9402 -37.9402 23.7786
    endloop
  endfacet
  facet normal 0.0678937 0.432156 0.89924
    outer loop
      vertex 32.1614 -36.6731 23.6059
      vertex 37.9402 -37.9402 23.7786
      vertex 34.4911 -34.4911 22.3814
    endloop
  endfacet
  facet normal 0.0105859 0.384499 0.923065
    outer loop
      vertex 34.4911 -34.4911 22.3814
      vertex 37.9402 -37.9402 23.7786
      vertex 40.3404 -35.3776 22.6836
    endloop
  endfacet
  facet normal 0.0188132 0.431566 0.901885
    outer loop
      vertex 34.4911 -34.4911 22.3814
      vertex 40.3404 -35.3776 22.6836
      vertex 36.6731 -32.1614 21.2211
    endloop
  endfacet
  facet normal -0.04653 0.369044 0.928246
    outer loop
      vertex 36.6731 -32.1614 21.2211
      vertex 40.3404 -35.3776 22.6836
      vertex 42.5678 -32.6634 21.7162
    endloop
  endfacet
  facet normal -0.0398293 0.424403 0.904597
    outer loop
      vertex 36.6731 -32.1614 21.2211
      vertex 42.5678 -32.6634 21.7162
      vertex 38.698 -29.694 20.1526
    endloop
  endfacet
  facet normal -0.115024 0.341304 0.932889
    outer loop
      vertex 38.698 -29.694 20.1526
      vertex 42.5678 -32.6634 21.7162
      vertex 44.613 -29.8094 20.9242
    endloop
  endfacet
  facet normal -0.110536 0.404331 0.907909
    outer loop
      vertex 38.698 -29.694 20.1526
      vertex 44.613 -29.8094 20.9242
      vertex 40.5572 -27.0995 19.2235
    endloop
  endfacet
  facet normal -0.194986 0.295157 0.935341
    outer loop
      vertex 40.5572 -27.0995 19.2235
      vertex 44.613 -29.8094 20.9242
      vertex 46.4671 -26.8278 20.3698
    endloop
  endfacet
  facet normal -0.19363 0.357834 0.913489
    outer loop
      vertex 40.5572 -27.0995 19.2235
      vertex 46.4671 -26.8278 20.3698
      vertex 42.2428 -24.3889 18.519
    endloop
  endfacet
  facet normal -0.279068 0.225056 0.933526
    outer loop
      vertex 42.2428 -24.3889 18.519
      vertex 46.4671 -26.8278 20.3698
      vertex 48.1222 -23.7312 20.1181
    endloop
  endfacet
  facet normal -0.28049 0.263225 0.923059
    outer loop
      vertex 42.2428 -24.3889 18.519
      vertex 48.1222 -23.7312 20.1181
      vertex 43.7475 -21.5739 18.1735
    endloop
  endfacet
  facet normal -0.347709 0.131654 0.928313
    outer loop
      vertex 43.7475 -21.5739 18.1735
      vertex 48.1222 -23.7312 20.1181
      vertex 49.5713 -20.5331 20.2073
    endloop
  endfacet
  facet normal -0.34597 0.116767 0.930951
    outer loop
      vertex 43.7475 -21.5739 18.1735
      vertex 49.5713 -20.5331 20.2073
      vertex 45.0648 -18.6664 18.2984
    endloop
  endfacet
  facet normal -0.380645 0.0263018 0.924347
    outer loop
      vertex 45.0648 -18.6664 18.2984
      vertex 49.5713 -20.5331 20.2073
      vertex 50.8081 -17.247 20.6231
    endloop
  endfacet
  facet normal -0.368058 -0.0326247 0.92923
    outer loop
      vertex 45.0648 -18.6664 18.2984
      vertex 50.8081 -17.247 20.6231
      vertex 46.1891 -15.6791 18.8486
    endloop
  endfacet
  facet normal -0.379226 -0.0732572 0.922399
    outer loop
      vertex 46.1891 -15.6791 18.8486
      vertex 50.8081 -17.247 20.6231
      vertex 51.8273 -13.8871 21.3089
    endloop
  endfacet
  facet normal -0.357012 -0.143903 0.922949
    outer loop
      vertex 46.1891 -15.6791 18.8486
      vertex 51.8273 -13.8871 21.3089
      vertex 47.1157 -12.6246 19.6833
    endloop
  endfacet
  facet normal -0.359214 -0.155687 0.920178
    outer loop
      vertex 47.1157 -12.6246 19.6833
      vertex 51.8273 -13.8871 21.3089
      vertex 52.6246 -10.4677 22.1987
    endloop
  endfacet
  facet normal -0.332548 -0.220127 0.917036
    outer loop
      vertex 47.1157 -12.6246 19.6833
      vertex 52.6246 -10.4677 22.1987
      vertex 47.8405 -9.51607 20.6923
    endloop
  endfacet
  facet normal -0.332536 -0.220017 0.917067
    outer loop
      vertex 47.8405 -9.51607 20.6923
      vertex 52.6246 -10.4677 22.1987
      vertex 53.1965 -7.00346 23.2372
    endloop
  endfacet
  facet normal -0.304775 -0.274172 0.912109
    outer loop
      vertex 47.8405 -9.51607 20.6923
      vertex 53.1965 -7.00346 23.2372
      vertex 48.3605 -6.36678 21.8127
    endloop
  endfacet
  facet normal -0.304602 -0.269835 0.913459
    outer loop
      vertex 48.3605 -6.36678 21.8127
      vertex 53.1965 -7.00346 23.2372
      vertex 53.5407 -3.50924 24.3842
    endloop
  endfacet
  facet normal -0.277141 -0.314587 0.90787
    outer loop
      vertex 48.3605 -6.36678 21.8127
      vertex 53.5407 -3.50924 24.3842
      vertex 48.6733 -3.19022 23.0089
    endloop
  endfacet
  facet normal -0.277302 -0.309001 0.909737
    outer loop
      vertex 48.6733 -3.19022 23.0089
      vertex 53.5407 -3.50924 24.3842
      vertex 53.6556 0 25.6111
    endloop
  endfacet
  facet normal -0.250554 -0.346172 0.904095
    outer loop
      vertex 48.6733 -3.19022 23.0089
      vertex 53.6556 0 25.6111
      vertex 48.7778 0 24.2594
    endloop
  endfacet
  facet normal -0.306675 -0.307752 0.900688
    outer loop
      vertex 53.6556 0 25.6111
      vertex 58.5333 0 27.272
      vertex 58.408 3.82826 28.5374
    endloop
  endfacet
  facet normal -0.280365 -0.338526 0.898218
    outer loop
      vertex 53.6556 0 25.6111
      vertex 58.408 3.82826 28.5374
      vertex 53.5407 3.50924 26.8979
    endloop
  endfacet
  facet normal -0.280164 -0.339677 0.897846
    outer loop
      vertex 53.5407 3.50924 26.8979
      vertex 58.408 3.82826 28.5374
      vertex 58.0326 7.64013 29.8623
    endloop
  endfacet
  facet normal -0.254055 -0.366167 0.895197
    outer loop
      vertex 53.5407 3.50924 26.8979
      vertex 58.0326 7.64013 29.8623
      vertex 53.1965 7.00346 28.2295
    endloop
  endfacet
  facet normal -0.253957 -0.366566 0.895062
    outer loop
      vertex 53.1965 7.00346 28.2295
      vertex 58.0326 7.64013 29.8623
      vertex 57.4086 11.4193 31.233
    endloop
  endfacet
  facet normal -0.228195 -0.389321 0.892388
    outer loop
      vertex 53.1965 7.00346 28.2295
      vertex 57.4086 11.4193 31.233
      vertex 52.6246 10.4677 29.5945
    endloop
  endfacet
  facet normal -0.228178 -0.389373 0.89237
    outer loop
      vertex 52.6246 10.4677 29.5945
      vertex 57.4086 11.4193 31.233
      vertex 56.5389 15.1495 32.6383
    endloop
  endfacet
  facet normal -0.202828 -0.408874 0.889766
    outer loop
      vertex 52.6246 10.4677 29.5945
      vertex 56.5389 15.1495 32.6383
      vertex 51.8273 13.8871 30.9841
    endloop
  endfacet
  facet normal -0.202852 -0.408815 0.889787
    outer loop
      vertex 51.8273 13.8871 30.9841
      vertex 56.5389 15.1495 32.6383
      vertex 55.427 18.8149 34.0689
    endloop
  endfacet
  facet normal -0.177942 -0.42546 0.887311
    outer loop
      vertex 51.8273 13.8871 30.9841
      vertex 55.427 18.8149 34.0689
      vertex 50.8081 17.247 32.3908
    endloop
  endfacet
  facet normal -0.177956 -0.425432 0.887321
    outer loop
      vertex 50.8081 17.247 32.3908
      vertex 55.427 18.8149 34.0689
      vertex 54.0777 22.3997 35.517
    endloop
  endfacet
  facet normal -0.153503 -0.439545 0.885007
    outer loop
      vertex 50.8081 17.247 32.3908
      vertex 54.0777 22.3997 35.517
      vertex 49.5713 20.5331 33.8083
    endloop
  endfacet
  facet normal -0.153454 -0.439632 0.884972
    outer loop
      vertex 49.5713 20.5331 33.8083
      vertex 54.0777 22.3997 35.517
      vertex 52.497 25.8886 36.9761
    endloop
  endfacet
  facet normal -0.129472 -0.451473 0.882842
    outer loop
      vertex 49.5713 20.5331 33.8083
      vertex 52.497 25.8886 36.9761
      vertex 48.1222 23.7312 35.2313
    endloop
  endfacet
  facet normal -0.129307 -0.451724 0.882737
    outer loop
      vertex 48.1222 23.7312 35.2313
      vertex 52.497 25.8886 36.9761
      vertex 50.6914 29.2667 38.4403
    endloop
  endfacet
  facet normal -0.105815 -0.461506 0.880804
    outer loop
      vertex 48.1222 23.7312 35.2313
      vertex 50.6914 29.2667 38.4403
      vertex 46.4671 26.8278 36.6549
    endloop
  endfacet
  facet normal -0.105479 -0.461947 0.880613
    outer loop
      vertex 46.4671 26.8278 36.6549
      vertex 50.6914 29.2667 38.4403
      vertex 48.6687 32.5194 39.9043
    endloop
  endfacet
  facet normal -0.0825023 -0.469848 0.878884
    outer loop
      vertex 46.4671 26.8278 36.6549
      vertex 48.6687 32.5194 39.9043
      vertex 44.613 29.8094 38.0748
    endloop
  endfacet
  facet normal -0.0819441 -0.470487 0.878594
    outer loop
      vertex 44.613 29.8094 38.0748
      vertex 48.6687 32.5194 39.9043
      vertex 46.4376 35.6328 41.3635
    endloop
  endfacet
  facet normal -0.0595132 -0.476657 0.877073
    outer loop
      vertex 44.613 29.8094 38.0748
      vertex 46.4376 35.6328 41.3635
      vertex 42.5678 32.6634 39.4871
    endloop
  endfacet
  facet normal -0.05868 -0.477491 0.876675
    outer loop
      vertex 42.5678 32.6634 39.4871
      vertex 46.4376 35.6328 41.3635
      vertex 44.0077 38.5937 42.8135
    endloop
  endfacet
  facet normal -0.0368318 -0.48206 0.875363
    outer loop
      vertex 42.5678 32.6634 39.4871
      vertex 44.0077 38.5937 42.8135
      vertex 40.3404 35.3776 40.8881
    endloop
  endfacet
  facet normal -0.0356731 -0.483075 0.874852
    outer loop
      vertex 40.3404 35.3776 40.8881
      vertex 44.0077 38.5937 42.8135
      vertex 41.3893 41.3893 44.2504
    endloop
  endfacet
  facet normal -0.0144487 -0.486162 0.873749
    outer loop
      vertex 40.3404 35.3776 40.8881
      vertex 41.3893 41.3893 44.2504
      vertex 37.9402 37.9402 42.2742
    endloop
  endfacet
  facet normal -0.0129158 -0.487334 0.87312
    outer loop
      vertex 37.9402 37.9402 42.2742
      vertex 41.3893 41.3893 44.2504
      vertex 38.5937 44.0077 45.6705
    endloop
  endfacet
  facet normal 0.00764098 -0.489047 0.872224
    outer loop
      vertex 37.9402 37.9402 42.2742
      vertex 38.5937 44.0077 45.6705
      vertex 35.3776 40.3404 43.6425
    endloop
  endfacet
  facet normal 0.0095939 -0.490346 0.871475
    outer loop
      vertex 35.3776 40.3404 43.6425
      vertex 38.5937 44.0077 45.6705
      vertex 35.6328 46.4376 47.0703
    endloop
  endfacet
  facet normal 0.0294378 -0.490787 0.870782
    outer loop
      vertex 35.3776 40.3404 43.6425
      vertex 35.6328 46.4376 47.0703
      vertex 32.6634 42.5678 44.9896
    endloop
  endfacet
  facet normal 0.0318534 -0.492174 0.869914
    outer loop
      vertex 32.6634 42.5678 44.9896
      vertex 35.6328 46.4376 47.0703
      vertex 32.5194 48.6687 48.4466
    endloop
  endfacet
  facet normal 0.0509391 -0.491442 0.869419
    outer loop
      vertex 32.6634 42.5678 44.9896
      vertex 32.5194 48.6687 48.4466
      vertex 29.8094 44.613 46.3129
    endloop
  endfacet
  facet normal 0.0538559 -0.492873 0.868433
    outer loop
      vertex 29.8094 44.613 46.3129
      vertex 32.5194 48.6687 48.4466
      vertex 29.2667 50.6914 49.7963
    endloop
  endfacet
  facet normal 0.0721391 -0.491066 0.86813
    outer loop
      vertex 29.8094 44.613 46.3129
      vertex 29.2667 50.6914 49.7963
      vertex 26.8278 46.4671 47.6094
    endloop
  endfacet
  facet normal 0.0755913 -0.49249 0.867029
    outer loop
      vertex 26.8278 46.4671 47.6094
      vertex 29.2667 50.6914 49.7963
      vertex 25.8886 52.497 51.1164
    endloop
  endfacet
  facet normal 0.09303 -0.489705 0.866911
    outer loop
      vertex 26.8278 46.4671 47.6094
      vertex 25.8886 52.497 51.1164
      vertex 23.7312 48.1222 48.8767
    endloop
  endfacet
  facet normal 0.0970465 -0.491065 0.8657
    outer loop
      vertex 23.7312 48.1222 48.8767
      vertex 25.8886 52.497 51.1164
      vertex 22.3997 54.0777 52.4042
    endloop
  endfacet
  facet normal 0.113602 -0.487398 0.865758
    outer loop
      vertex 23.7312 48.1222 48.8767
      vertex 22.3997 54.0777 52.4042
      vertex 20.5331 49.5713 50.1121
    endloop
  endfacet
  facet normal 0.118206 -0.488636 0.864443
    outer loop
      vertex 20.5331 49.5713 50.1121
      vertex 22.3997 54.0777 52.4042
      vertex 18.8149 55.427 53.6571
    endloop
  endfacet
  facet normal 0.133844 -0.484184 0.864668
    outer loop
      vertex 20.5331 49.5713 50.1121
      vertex 18.8149 55.427 53.6571
      vertex 17.247 50.8081 51.3133
    endloop
  endfacet
  facet normal 0.139053 -0.485236 0.863256
    outer loop
      vertex 17.247 50.8081 51.3133
      vertex 18.8149 55.427 53.6571
      vertex 15.1495 56.5389 54.8725
    endloop
  endfacet
  facet normal 0.153744 -0.480096 0.863638
    outer loop
      vertex 17.247 50.8081 51.3133
      vertex 15.1495 56.5389 54.8725
      vertex 13.8871 51.8273 52.4781
    endloop
  endfacet
  facet normal 0.159567 -0.480893 0.862137
    outer loop
      vertex 13.8871 51.8273 52.4781
      vertex 15.1495 56.5389 54.8725
      vertex 11.4193 57.4086 56.048
    endloop
  endfacet
  facet normal 0.173288 -0.475164 0.862665
    outer loop
      vertex 13.8871 51.8273 52.4781
      vertex 11.4193 57.4086 56.048
      vertex 10.4677 52.6246 53.6041
    endloop
  endfacet
  facet normal 0.179729 -0.475638 0.861084
    outer loop
      vertex 10.4677 52.6246 53.6041
      vertex 11.4193 57.4086 56.048
      vertex 7.64013 58.0326 57.1815
    endloop
  endfacet
  facet normal 0.192463 -0.469417 0.861746
    outer loop
      vertex 10.4677 52.6246 53.6041
      vertex 7.64013 58.0326 57.1815
      vertex 7.00346 53.1965 54.6893
    endloop
  endfacet
  facet normal 0.199517 -0.469496 0.860097
    outer loop
      vertex 7.00346 53.1965 54.6893
      vertex 7.64013 58.0326 57.1815
      vertex 3.82826 58.408 58.2707
    endloop
  endfacet
  facet normal 0.211253 -0.462883 0.860878
    outer loop
      vertex 7.00346 53.1965 54.6893
      vertex 3.82826 58.408 58.2707
      vertex 3.50924 53.5407 55.7318
    endloop
  endfacet
  facet normal 0.218908 -0.462495 0.859173
    outer loop
      vertex 3.50924 53.5407 55.7318
      vertex 3.82826 58.408 58.2707
      vertex 3.58413e-15 58.5333 59.3135
    endloop
  endfacet
  facet normal 0.229644 -0.455586 0.860061
    outer loop
      vertex 3.50924 53.5407 55.7318
      vertex 3.58413e-15 58.5333 59.3135
      vertex 3.28546e-15 53.6556 56.7297
    endloop
  endfacet
  facet normal 0.237881 -0.454659 0.858311
    outer loop
      vertex 3.28546e-15 53.6556 56.7297
      vertex 3.58413e-15 58.5333 59.3135
      vertex -3.82826 58.408 60.3081
    endloop
  endfacet
  facet normal 0.247621 -0.447552 0.859291
    outer loop
      vertex 3.28546e-15 53.6556 56.7297
      vertex -3.82826 58.408 60.3081
      vertex -3.50924 53.5407 57.6811
    endloop
  endfacet
  facet normal 0.256412 -0.446014 0.85751
    outer loop
      vertex -3.50924 53.5407 57.6811
      vertex -3.82826 58.408 60.3081
      vertex -7.64013 58.0326 61.2527
    endloop
  endfacet
  facet normal 0.265168 -0.438803 0.858567
    outer loop
      vertex -3.50924 53.5407 57.6811
      vertex -7.64013 58.0326 61.2527
      vertex -7.00346 53.1965 58.5844
    endloop
  endfacet
  facet normal 0.274478 -0.436585 0.85677
    outer loop
      vertex -7.00346 53.1965 58.5844
      vertex -7.64013 58.0326 61.2527
      vertex -11.4193 57.4086 62.1455
    endloop
  endfacet
  facet normal 0.282269 -0.429363 0.857888
    outer loop
      vertex -7.00346 53.1965 58.5844
      vertex -11.4193 57.4086 62.1455
      vertex -10.4677 52.6246 59.438
    endloop
  endfacet
  facet normal 0.292055 -0.426398 0.856089
    outer loop
      vertex -10.4677 52.6246 59.438
      vertex -11.4193 57.4086 62.1455
      vertex -15.1495 56.5389 62.9848
    endloop
  endfacet
  facet normal 0.298909 -0.419254 0.857251
    outer loop
      vertex -10.4677 52.6246 59.438
      vertex -15.1495 56.5389 62.9848
      vertex -13.8871 51.8273 60.2403
    endloop
  endfacet
  facet normal 0.309121 -0.415478 0.855466
    outer loop
      vertex -13.8871 51.8273 60.2403
      vertex -15.1495 56.5389 62.9848
      vertex -18.8149 55.427 63.7693
    endloop
  endfacet
  facet normal 0.315072 -0.408497 0.856656
    outer loop
      vertex -13.8871 51.8273 60.2403
      vertex -18.8149 55.427 63.7693
      vertex -17.247 50.8081 60.9901
    endloop
  endfacet
  facet normal 0.325651 -0.40385 0.854901
    outer loop
      vertex -17.247 50.8081 60.9901
      vertex -18.8149 55.427 63.7693
      vertex -22.3997 54.0777 64.4975
    endloop
  endfacet
  facet normal 0.330743 -0.397114 0.856102
    outer loop
      vertex -17.247 50.8081 60.9901
      vertex -22.3997 54.0777 64.4975
      vertex -20.5331 49.5713 61.6859
    endloop
  endfacet
  facet normal 0.341625 -0.391541 0.854394
    outer loop
      vertex -20.5331 49.5713 61.6859
      vertex -22.3997 54.0777 64.4975
      vertex -25.8886 52.497 65.168
    endloop
  endfacet
  facet normal 0.345904 -0.385126 0.855586
    outer loop
      vertex -20.5331 49.5713 61.6859
      vertex -25.8886 52.497 65.168
      vertex -23.7312 48.1222 62.3266
    endloop
  endfacet
  facet normal 0.357019 -0.378577 0.853942
    outer loop
      vertex -23.7312 48.1222 62.3266
      vertex -25.8886 52.497 65.168
      vertex -29.2667 50.6914 65.7799
    endloop
  endfacet
  facet normal 0.360542 -0.372555 0.855109
    outer loop
      vertex -23.7312 48.1222 62.3266
      vertex -29.2667 50.6914 65.7799
      vertex -26.8278 46.4671 62.9111
    endloop
  endfacet
  facet normal 0.371812 -0.364987 0.853546
    outer loop
      vertex -26.8278 46.4671 62.9111
      vertex -29.2667 50.6914 65.7799
      vertex -32.5194 48.6687 66.3319
    endloop
  endfacet
  facet normal 0.374641 -0.35942 0.85467
    outer loop
      vertex -26.8278 46.4671 62.9111
      vertex -32.5194 48.6687 66.3319
      vertex -29.8094 44.613 63.4384
    endloop
  endfacet
  facet normal 0.385983 -0.350796 0.853205
    outer loop
      vertex -29.8094 44.613 63.4384
      vertex -32.5194 48.6687 66.3319
      vertex -35.6328 46.4376 66.8231
    endloop
  endfacet
  facet normal 0.388184 -0.345743 0.854269
    outer loop
      vertex -29.8094 44.613 63.4384
      vertex -35.6328 46.4376 66.8231
      vertex -32.6634 42.5678 63.9075
    endloop
  endfacet
  facet normal 0.399512 -0.336035 0.852919
    outer loop
      vertex -32.6634 42.5678 63.9075
      vertex -35.6328 46.4376 66.8231
      vertex -38.5937 44.0077 67.2526
    endloop
  endfacet
  facet normal 0.401157 -0.331546 0.853903
    outer loop
      vertex -32.6634 42.5678 63.9075
      vertex -38.5937 44.0077 67.2526
      vertex -35.3776 40.3404 64.3178
    endloop
  endfacet
  facet normal 0.412379 -0.320731 0.852687
    outer loop
      vertex -35.3776 40.3404 64.3178
      vertex -38.5937 44.0077 67.2526
      vertex -41.3893 41.3893 67.6197
    endloop
  endfacet
  facet normal 0.413544 -0.316847 0.853574
    outer loop
      vertex -35.3776 40.3404 64.3178
      vertex -41.3893 41.3893 67.6197
      vertex -37.9402 37.9402 64.6684
    endloop
  endfacet
  facet normal 0.424567 -0.304913 0.852509
    outer loop
      vertex -37.9402 37.9402 64.6684
      vertex -41.3893 41.3893 67.6197
      vertex -44.0077 38.5937 67.9238
    endloop
  endfacet
  facet normal 0.42533 -0.30167 0.853281
    outer loop
      vertex -37.9402 37.9402 64.6684
      vertex -44.0077 38.5937 67.9238
      vertex -40.3404 35.3776 64.9588
    endloop
  endfacet
  facet normal 0.436057 -0.288612 0.852384
    outer loop
      vertex -40.3404 35.3776 64.9588
      vertex -44.0077 38.5937 67.9238
      vertex -46.4376 35.6328 68.1644
    endloop
  endfacet
  facet normal 0.436501 -0.286036 0.853024
    outer loop
      vertex -40.3404 35.3776 64.9588
      vertex -46.4376 35.6328 68.1644
      vertex -42.5678 32.6634 65.1885
    endloop
  endfacet
  facet normal 0.446833 -0.271857 0.852311
    outer loop
      vertex -42.5678 32.6634 65.1885
      vertex -46.4376 35.6328 68.1644
      vertex -48.6687 32.5194 68.341
    endloop
  endfacet
  facet normal 0.447042 -0.269965 0.852803
    outer loop
      vertex -42.5678 32.6634 65.1885
      vertex -48.6687 32.5194 68.341
      vertex -44.613 29.8094 65.3571
    endloop
  endfacet
  facet normal 0.456879 -0.254679 0.852291
    outer loop
      vertex -44.613 29.8094 65.3571
      vertex -48.6687 32.5194 68.341
      vertex -50.6914 29.2667 68.4533
    endloop
  endfacet
  facet normal 0.456938 -0.253479 0.852617
    outer loop
      vertex -44.613 29.8094 65.3571
      vertex -50.6914 29.2667 68.4533
      vertex -46.4671 26.8278 65.4643
    endloop
  endfacet
  facet normal 0.466181 -0.23711 0.852323
    outer loop
      vertex -46.4671 26.8278 65.4643
      vertex -50.6914 29.2667 68.4533
      vertex -52.497 25.8886 68.5011
    endloop
  endfacet
  facet normal 0.466174 -0.236602 0.852467
    outer loop
      vertex -46.4671 26.8278 65.4643
      vertex -52.497 25.8886 68.5011
      vertex -48.1222 23.7312 65.51
    endloop
  endfacet
  facet normal 0.474725 -0.21918 0.852406
    outer loop
      vertex -48.1222 23.7312 65.51
      vertex -52.497 25.8886 68.5011
      vertex -54.0777 22.3997 68.4844
    endloop
  endfacet
  facet normal 0.474738 -0.219355 0.852354
    outer loop
      vertex -48.1222 23.7312 65.51
      vertex -54.0777 22.3997 68.4844
      vertex -49.5713 20.5331 65.494
    endloop
  endfacet
  facet normal 0.482498 -0.200921 0.852541
    outer loop
      vertex -49.5713 20.5331 65.494
      vertex -54.0777 22.3997 68.4844
      vertex -55.427 18.8149 68.4032
    endloop
  endfacet
  facet normal 0.482613 -0.201762 0.852277
    outer loop
      vertex -49.5713 20.5331 65.494
      vertex -55.427 18.8149 68.4032
      vertex -50.8081 17.247 65.4165
    endloop
  endfacet
  facet normal 0.489489 -0.182364 0.852727
    outer loop
      vertex -50.8081 17.247 65.4165
      vertex -55.427 18.8149 68.4032
      vertex -56.5389 15.1495 68.2575
    endloop
  endfacet
  facet normal 0.489788 -0.183845 0.852237
    outer loop
      vertex -50.8081 17.247 65.4165
      vertex -56.5389 15.1495 68.2575
      vertex -51.8273 13.8871 65.2774
    endloop
  endfacet
  facet normal 0.495688 -0.163542 0.852964
    outer loop
      vertex -51.8273 13.8871 65.2774
      vertex -56.5389 15.1495 68.2575
      vertex -57.4086 11.4193 68.0478
    endloop
  endfacet
  facet normal 0.496249 -0.165629 0.852235
    outer loop
      vertex -51.8273 13.8871 65.2774
      vertex -57.4086 11.4193 68.0478
      vertex -52.6246 10.4677 65.0771
    endloop
  endfacet
  facet normal 0.501085 -0.144487 0.853251
    outer loop
      vertex -52.6246 10.4677 65.0771
      vertex -57.4086 11.4193 68.0478
      vertex -58.0326 7.64013 67.7742
    endloop
  endfacet
  facet normal 0.501982 -0.147137 0.852271
    outer loop
      vertex -52.6246 10.4677 65.0771
      vertex -58.0326 7.64013 67.7742
      vertex -53.1965 7.00346 64.8159
    endloop
  endfacet
  facet normal 0.505672 -0.125231 0.853588
    outer loop
      vertex -53.1965 7.00346 64.8159
      vertex -58.0326 7.64013 67.7742
      vertex -58.408 3.82826 67.4374
    endloop
  endfacet
  facet normal 0.506974 -0.128395 0.852345
    outer loop
      vertex -53.1965 7.00346 64.8159
      vertex -58.408 3.82826 67.4374
      vertex -53.5407 3.50924 64.4943
    endloop
  endfacet
  facet normal 0.509441 -0.105805 0.853976
    outer loop
      vertex -53.5407 3.50924 64.4943
      vertex -58.408 3.82826 67.4374
      vertex -58.5333 7.16827e-15 67.0379
    endloop
  endfacet
  facet normal 0.511213 -0.109427 0.852459
    outer loop
      vertex -53.5407 3.50924 64.4943
      vertex -58.5333 7.16827e-15 67.0379
      vertex -53.6556 6.57091e-15 64.1127
    endloop
  endfacet
  facet normal 0.512386 -0.086243 0.854414
    outer loop
      vertex -53.6556 6.57091e-15 64.1127
      vertex -58.5333 7.16827e-15 67.0379
      vertex -58.408 -3.82826 66.5763
    endloop
  endfacet
  facet normal 0.514688 -0.0902591 0.852614
    outer loop
      vertex -53.6556 6.57091e-15 64.1127
      vertex -58.408 -3.82826 66.5763
      vertex -53.5407 -3.50924 63.6718
    endloop
  endfacet
  facet normal 0.514501 -0.0665758 0.854902
    outer loop
      vertex -53.5407 -3.50924 63.6718
      vertex -58.408 -3.82826 66.5763
      vertex -58.0326 -7.64013 66.0535
    endloop
  endfacet
  facet normal 0.517384 -0.0709178 0.85281
    outer loop
      vertex -53.5407 -3.50924 63.6718
      vertex -58.0326 -7.64013 66.0535
      vertex -53.1965 -7.00346 63.1725
    endloop
  endfacet
  facet normal 0.515781 -0.0468355 0.85544
    outer loop
      vertex -53.1965 -7.00346 63.1725
      vertex -58.0326 -7.64013 66.0535
      vertex -57.4086 -11.4193 65.4704
    endloop
  endfacet
  facet normal 0.519292 -0.0514298 0.853048
    outer loop
      vertex -53.1965 -7.00346 63.1725
      vertex -57.4086 -11.4193 65.4704
      vertex -52.6246 -10.4677 62.6155
    endloop
  endfacet
  facet normal 0.516222 -0.027054 0.856027
    outer loop
      vertex -52.6246 -10.4677 62.6155
      vertex -57.4086 -11.4193 65.4704
      vertex -56.5389 -15.1495 64.828
    endloop
  endfacet
  facet normal 0.5204 -0.0318223 0.853329
    outer loop
      vertex -52.6246 -10.4677 62.6155
      vertex -56.5389 -15.1495 64.828
      vertex -51.8273 -13.8871 62.0017
    endloop
  endfacet
  facet normal 0.515821 -0.00726278 0.856666
    outer loop
      vertex -51.8273 -13.8871 62.0017
      vertex -56.5389 -15.1495 64.828
      vertex -55.427 -18.8149 64.1274
    endloop
  endfacet
  facet normal 0.520697 -0.0121229 0.853656
    outer loop
      vertex -51.8273 -13.8871 62.0017
      vertex -55.427 -18.8149 64.1274
      vertex -50.8081 -17.247 61.3323
    endloop
  endfacet
  facet normal 0.514574 0.0125069 0.857355
    outer loop
      vertex -50.8081 -17.247 61.3323
      vertex -55.427 -18.8149 64.1274
      vertex -54.0777 -22.3997 63.3699
    endloop
  endfacet
  facet normal 0.520171 0.00763983 0.854028
    outer loop
      vertex -50.8081 -17.247 61.3323
      vertex -54.0777 -22.3997 63.3699
      vertex -49.5713 -20.5331 60.6084
    endloop
  endfacet
  facet normal 0.51248 0.0322239 0.858094
    outer loop
      vertex -49.5713 -20.5331 60.6084
      vertex -54.0777 -22.3997 63.3699
      vertex -52.497 -25.8886 62.5568
    endloop
  endfacet
  facet normal 0.518813 0.0274372 0.854447
    outer loop
      vertex -49.5713 -20.5331 60.6084
      vertex -52.497 -25.8886 62.5568
      vertex -48.1222 -23.7312 59.8312
    endloop
  endfacet
  facet normal 0.509536 0.0518575 0.858885
    outer loop
      vertex -48.1222 -23.7312 59.8312
      vertex -52.497 -25.8886 62.5568
      vertex -50.6914 -29.2667 61.6896
    endloop
  endfacet
  facet normal 0.516613 0.0472399 0.854915
    outer loop
      vertex -48.1222 -23.7312 59.8312
      vertex -50.6914 -29.2667 61.6896
      vertex -46.4671 -26.8278 59.0022
    endloop
  endfacet
  facet normal 0.505739 0.071377 0.859729
    outer loop
      vertex -46.4671 -26.8278 59.0022
      vertex -50.6914 -29.2667 61.6896
      vertex -48.6687 -32.5194 60.7698
    endloop
  endfacet
  facet normal 0.513559 0.0670181 0.855433
    outer loop
      vertex -46.4671 -26.8278 59.0022
      vertex -48.6687 -32.5194 60.7698
      vertex -44.613 -29.8094 58.1226
    endloop
  endfacet
  facet normal 0.501089 0.0907523 0.860624
    outer loop
      vertex -44.613 -29.8094 58.1226
      vertex -48.6687 -32.5194 60.7698
      vertex -46.4376 -35.6328 59.7991
    endloop
  endfacet
  facet normal 0.509643 0.0867415 0.856002
    outer loop
      vertex -44.613 -29.8094 58.1226
      vertex -46.4376 -35.6328 59.7991
      vertex -42.5678 -32.6634 57.1942
    endloop
  endfacet
  facet normal 0.495582 0.109953 0.861573
    outer loop
      vertex -42.5678 -32.6634 57.1942
      vertex -46.4376 -35.6328 59.7991
      vertex -44.0077 -38.5937 58.7793
    endloop
  endfacet
  facet normal 0.504853 0.106379 0.856625
    outer loop
      vertex -42.5678 -32.6634 57.1942
      vertex -44.0077 -38.5937 58.7793
      vertex -40.3404 -35.3776 56.2185
    endloop
  endfacet
  facet normal 0.489216 0.12895 0.862577
    outer loop
      vertex -40.3404 -35.3776 56.2185
      vertex -44.0077 -38.5937 58.7793
      vertex -41.3893 -41.3893 57.7122
    endloop
  endfacet
  facet normal 0.499181 0.125901 0.857302
    outer loop
      vertex -40.3404 -35.3776 56.2185
      vertex -41.3893 -41.3893 57.7122
      vertex -37.9402 -37.9402 55.1973
    endloop
  endfacet
  facet normal 0.481988 0.147712 0.863637
    outer loop
      vertex -37.9402 -37.9402 55.1973
      vertex -41.3893 -41.3893 57.7122
      vertex -38.5937 -44.0077 56.5998
    endloop
  endfacet
  facet normal 0.492614 0.145273 0.858037
    outer loop
      vertex -37.9402 -37.9402 55.1973
      vertex -38.5937 -44.0077 56.5998
      vertex -35.3776 -40.3404 54.1324
    endloop
  endfacet
  facet normal 0.473892 0.166212 0.864754
    outer loop
      vertex -35.3776 -40.3404 54.1324
      vertex -38.5937 -44.0077 56.5998
      vertex -35.6328 -46.4376 55.4443
    endloop
  endfacet
  facet normal 0.485143 0.164466 0.858829
    outer loop
      vertex -35.3776 -40.3404 54.1324
      vertex -35.6328 -46.4376 55.4443
      vertex -32.6634 -42.5678 53.0258
    endloop
  endfacet
  facet normal 0.464925 0.184417 0.86593
    outer loop
      vertex -32.6634 -42.5678 53.0258
      vertex -35.6328 -46.4376 55.4443
      vertex -32.5194 -48.6687 54.2478
    endloop
  endfacet
  facet normal 0.476754 0.183445 0.859682
    outer loop
      vertex -32.6634 -42.5678 53.0258
      vertex -32.5194 -48.6687 54.2478
      vertex -29.8094 -44.613 51.8795
    endloop
  endfacet
  facet normal 0.455077 0.2023 0.867167
    outer loop
      vertex -29.8094 -44.613 51.8795
      vertex -32.5194 -48.6687 54.2478
      vertex -29.2667 -50.6914 53.0127
    endloop
  endfacet
  facet normal 0.467435 0.202179 0.860598
    outer loop
      vertex -29.8094 -44.613 51.8795
      vertex -29.2667 -50.6914 53.0127
      vertex -26.8278 -46.4671 50.6956
    endloop
  endfacet
  facet normal 0.44434 0.21983 0.868468
    outer loop
      vertex -26.8278 -46.4671 50.6956
      vertex -29.2667 -50.6914 53.0127
      vertex -25.8886 -52.497 51.7414
    endloop
  endfacet
  facet normal 0.45717 0.220633 0.861578
    outer loop
      vertex -26.8278 -46.4671 50.6956
      vertex -25.8886 -52.497 51.7414
      vertex -23.7312 -48.1222 49.4763
    endloop
  endfacet
  facet normal 0.432701 0.236975 0.869835
    outer loop
      vertex -23.7312 -48.1222 49.4763
      vertex -25.8886 -52.497 51.7414
      vertex -22.3997 -54.0777 50.4365
    endloop
  endfacet
  facet normal 0.445944 0.238774 0.862625
    outer loop
      vertex -23.7312 -48.1222 49.4763
      vertex -22.3997 -54.0777 50.4365
      vertex -20.5331 -49.5713 48.2241
    endloop
  endfacet
  facet normal 0.420143 0.253706 0.871271
    outer loop
      vertex -20.5331 -49.5713 48.2241
      vertex -22.3997 -54.0777 50.4365
      vertex -18.8149 -55.427 49.1007
    endloop
  endfacet
  facet normal 0.433735 0.256566 0.863741
    outer loop
      vertex -20.5331 -49.5713 48.2241
      vertex -18.8149 -55.427 49.1007
      vertex -17.247 -50.8081 46.9414
    endloop
  endfacet
  facet normal 0.406647 0.269987 0.87278
    outer loop
      vertex -17.247 -50.8081 46.9414
      vertex -18.8149 -55.427 49.1007
      vertex -15.1495 -56.5389 47.7369
    endloop
  endfacet
  facet normal 0.42052 0.273975 0.864928
    outer loop
      vertex -17.247 -50.8081 46.9414
      vertex -15.1495 -56.5389 47.7369
      vertex -13.8871 -51.8273 45.6306
    endloop
  endfacet
  facet normal 0.392185 0.285787 0.874366
    outer loop
      vertex -13.8871 -51.8273 45.6306
      vertex -15.1495 -56.5389 47.7369
      vertex -11.4193 -57.4086 46.348
    endloop
  endfacet
  facet normal 0.406271 0.290964 0.866189
    outer loop
      vertex -13.8871 -51.8273 45.6306
      vertex -11.4193 -57.4086 46.348
      vertex -10.4677 -52.6246 44.2946
    endloop
  endfacet
  facet normal 0.376726 0.301066 0.876035
    outer loop
      vertex -10.4677 -52.6246 44.2946
      vertex -11.4193 -57.4086 46.348
      vertex -7.64013 -58.0326 44.9373
    endloop
  endfacet
  facet normal 0.390953 0.307493 0.867527
    outer loop
      vertex -10.4677 -52.6246 44.2946
      vertex -7.64013 -58.0326 44.9373
      vertex -7.00346 -53.1965 42.9362
    endloop
  endfacet
  facet normal 0.360228 0.315785 0.87779
    outer loop
      vertex -7.00346 -53.1965 42.9362
      vertex -7.64013 -58.0326 44.9373
      vertex -3.82826 -58.408 43.508
    endloop
  endfacet
  facet normal 0.374524 0.323525 0.868944
    outer loop
      vertex -7.00346 -53.1965 42.9362
      vertex -3.82826 -58.408 43.508
      vertex -3.50924 -53.5407 41.5583
    endloop
  endfacet
  facet normal 0.342637 0.329899 0.87964
    outer loop
      vertex -3.50924 -53.5407 41.5583
      vertex -3.82826 -58.408 43.508
      vertex -1.07524e-14 -58.5333 42.0638
    endloop
  endfacet
  facet normal 0.356931 0.339014 0.870442
    outer loop
      vertex -3.50924 -53.5407 41.5583
      vertex -1.07524e-14 -58.5333 42.0638
      vertex -9.85637e-15 -53.6556 40.1641
    endloop
  endfacet
  facet normal 0.323888 0.343357 0.881591
    outer loop
      vertex -9.85637e-15 -53.6556 40.1641
      vertex -1.07524e-14 -58.5333 42.0638
      vertex 3.82826 -58.408 40.6085
    endloop
  endfacet
  facet normal 0.338108 0.353916 0.872024
    outer loop
      vertex -9.85637e-15 -53.6556 40.1641
      vertex 3.82826 -58.408 40.6085
      vertex 3.50924 -53.5407 38.7568
    endloop
  endfacet
  facet normal 0.303898 0.356098 0.883652
    outer loop
      vertex 3.50924 -53.5407 38.7568
      vertex 3.82826 -58.408 40.6085
      vertex 7.64013 -58.0326 39.1463
    endloop
  endfacet
  facet normal 0.317973 0.368178 0.873692
    outer loop
      vertex 3.50924 -53.5407 38.7568
      vertex 7.64013 -58.0326 39.1463
      vertex 7.00346 -53.1965 37.3401
    endloop
  endfacet
  facet normal 0.282561 0.36805 0.885832
    outer loop
      vertex 7.00346 -53.1965 37.3401
      vertex 7.64013 -58.0326 39.1463
      vertex 11.4193 -57.4086 37.6816
    endloop
  endfacet
  facet normal 0.296421 0.381738 0.875449
    outer loop
      vertex 7.00346 -53.1965 37.3401
      vertex 11.4193 -57.4086 37.6816
      vertex 10.4677 -52.6246 35.9177
    endloop
  endfacet
  facet normal 0.259743 0.379123 0.888144
    outer loop
      vertex 10.4677 -52.6246 35.9177
      vertex 11.4193 -57.4086 37.6816
      vertex 15.1495 -56.5389 36.2194
    endloop
  endfacet
  facet normal 0.273319 0.394526 0.877294
    outer loop
      vertex 10.4677 -52.6246 35.9177
      vertex 15.1495 -56.5389 36.2194
      vertex 13.8871 -51.8273 34.4939
    endloop
  endfacet
  facet normal 0.235273 0.389204 0.890599
    outer loop
      vertex 13.8871 -51.8273 34.4939
      vertex 15.1495 -56.5389 36.2194
      vertex 18.8149 -55.427 34.7652
    endloop
  endfacet
  facet normal 0.248498 0.406452 0.87923
    outer loop
      vertex 13.8871 -51.8273 34.4939
      vertex 18.8149 -55.427 34.7652
      vertex 17.247 -50.8081 33.0731
    endloop
  endfacet
  facet normal 0.208936 0.398144 0.893211
    outer loop
      vertex 17.247 -50.8081 33.0731
      vertex 18.8149 -55.427 34.7652
      vertex 22.3997 -54.0777 33.3252
    endloop
  endfacet
  facet normal 0.221739 0.417399 0.881255
    outer loop
      vertex 17.247 -50.8081 33.0731
      vertex 22.3997 -54.0777 33.3252
      vertex 20.5331 -49.5713 31.6604
    endloop
  endfacet
  facet normal 0.180453 0.405743 0.895996
    outer loop
      vertex 20.5331 -49.5713 31.6604
      vertex 22.3997 -54.0777 33.3252
      vertex 25.8886 -52.497 31.9067
    endloop
  endfacet
  facet normal 0.19276 0.427207 0.883367
    outer loop
      vertex 20.5331 -49.5713 31.6604
      vertex 25.8886 -52.497 31.9067
      vertex 23.7312 -48.1222 30.2618
    endloop
  endfacet
  facet normal 0.149467 0.411724 0.898968
    outer loop
      vertex 23.7312 -48.1222 30.2618
      vertex 25.8886 -52.497 31.9067
      vertex 29.2667 -50.6914 30.5181
    endloop
  endfacet
  facet normal 0.161195 0.435655 0.885563
    outer loop
      vertex 23.7312 -48.1222 30.2618
      vertex 29.2667 -50.6914 30.5181
      vertex 26.8278 -46.4671 28.8839
    endloop
  endfacet
  facet normal 0.115523 0.415698 0.902136
    outer loop
      vertex 26.8278 -46.4671 28.8839
      vertex 29.2667 -50.6914 30.5181
      vertex 32.5194 -48.6687 29.1695
    endloop
  endfacet
  facet normal 0.126574 0.44241 0.887836
    outer loop
      vertex 26.8278 -46.4671 28.8839
      vertex 32.5194 -48.6687 29.1695
      vertex 29.8094 -44.613 27.5349
    endloop
  endfacet
  facet normal 0.0780431 0.417103 0.905502
    outer loop
      vertex 29.8094 -44.613 27.5349
      vertex 32.5194 -48.6687 29.1695
      vertex 35.6328 -46.4376 27.8735
    endloop
  endfacet
  facet normal 0.0882914 0.446968 0.890182
    outer loop
      vertex 29.8094 -44.613 27.5349
      vertex 35.6328 -46.4376 27.8735
      vertex 32.6634 -42.5678 26.225
    endloop
  endfacet
  facet normal 0.0363156 0.41512 0.909042
    outer loop
      vertex 32.6634 -42.5678 26.225
      vertex 35.6328 -46.4376 27.8735
      vertex 38.5937 -44.0077 26.6456
    endloop
  endfacet
  facet normal 0.045594 0.448532 0.892603
    outer loop
      vertex 32.6634 -42.5678 26.225
      vertex 38.5937 -44.0077 26.6456
      vertex 35.3776 -40.3404 24.967
    endloop
  endfacet
  facet normal -0.0104846 0.408541 0.91268
    outer loop
      vertex 35.3776 -40.3404 24.967
      vertex 38.5937 -44.0077 26.6456
      vertex 41.3893 -41.3893 25.5056
    endloop
  endfacet
  facet normal -0.0024095 0.445808 0.895125
    outer loop
      vertex 35.3776 -40.3404 24.967
      vertex 41.3893 -41.3893 25.5056
      vertex 37.9402 -37.9402 23.7786
    endloop
  endfacet
  facet normal -0.0631804 0.395611 0.916242
    outer loop
      vertex 37.9402 -37.9402 23.7786
      vertex 41.3893 -41.3893 25.5056
      vertex 44.0077 -38.5937 24.4791
    endloop
  endfacet
  facet normal -0.0566323 0.436675 0.897835
    outer loop
      vertex 37.9402 -37.9402 23.7786
      vertex 44.0077 -38.5937 24.4791
      vertex 40.3404 -35.3776 22.6836
    endloop
  endfacet
  facet normal -0.122251 0.373882 0.919384
    outer loop
      vertex 40.3404 -35.3776 22.6836
      vertex 44.0077 -38.5937 24.4791
      vertex 46.4376 -35.6328 23.5981
    endloop
  endfacet
  facet normal -0.117652 0.417681 0.900944
    outer loop
      vertex 40.3404 -35.3776 22.6836
      vertex 46.4376 -35.6328 23.5981
      vertex 42.5678 -32.6634 21.7162
    endloop
  endfacet
  facet normal -0.187064 0.340269 0.921533
    outer loop
      vertex 42.5678 -32.6634 21.7162
      vertex 46.4376 -35.6328 23.5981
      vertex 48.6687 -32.5194 22.9014
    endloop
  endfacet
  facet normal -0.184842 0.383549 0.904833
    outer loop
      vertex 42.5678 -32.6634 21.7162
      vertex 48.6687 -32.5194 22.9014
      vertex 44.613 -29.8094 20.9242
    endloop
  endfacet
  facet normal -0.254581 0.291707 0.922006
    outer loop
      vertex 44.613 -29.8094 20.9242
      vertex 48.6687 -32.5194 22.9014
      vertex 50.6914 -29.2667 22.4308
    endloop
  endfacet
  facet normal -0.254765 0.327586 0.909825
    outer loop
      vertex 44.613 -29.8094 20.9242
      vertex 50.6914 -29.2667 22.4308
      vertex 46.4671 -26.8278 20.3698
    endloop
  endfacet
  facet normal -0.318183 0.226771 0.920508
    outer loop
      vertex 46.4671 -26.8278 20.3698
      vertex 50.6914 -29.2667 22.4308
      vertex 52.497 -25.8886 22.2227
    endloop
  endfacet
  facet normal -0.319459 0.245166 0.915336
    outer loop
      vertex 46.4671 -26.8278 20.3698
      vertex 52.497 -25.8886 22.2227
      vertex 48.1222 -23.7312 20.1181
    endloop
  endfacet
  facet normal -0.368656 0.147758 0.917748
    outer loop
      vertex 48.1222 -23.7312 20.1181
      vertex 52.497 -25.8886 22.2227
      vertex 54.0777 -22.3997 22.296
    endloop
  endfacet
  facet normal -0.36767 0.140952 0.919212
    outer loop
      vertex 48.1222 -23.7312 20.1181
      vertex 54.0777 -22.3997 22.296
      vertex 49.5713 -20.5331 20.2073
    endloop
  endfacet
  facet normal -0.398723 0.0612922 0.915021
    outer loop
      vertex 49.5713 -20.5331 20.2073
      vertex 54.0777 -22.3997 22.296
      vertex 55.427 -18.8149 22.6438
    endloop
  endfacet
  facet normal -0.391744 0.0310865 0.919549
    outer loop
      vertex 49.5713 -20.5331 20.2073
      vertex 55.427 -18.8149 22.6438
      vertex 50.8081 -17.247 20.6231
    endloop
  endfacet
  facet normal -0.407535 -0.0240361 0.912873
    outer loop
      vertex 50.8081 -17.247 20.6231
      vertex 55.427 -18.8149 22.6438
      vertex 56.5389 -15.1495 23.2367
    endloop
  endfacet
  facet normal -0.39333 -0.0678543 0.91689
    outer loop
      vertex 50.8081 -17.247 20.6231
      vertex 56.5389 -15.1495 23.2367
      vertex 51.8273 -13.8871 21.3089
    endloop
  endfacet
  facet normal -0.399896 -0.101464 0.910927
    outer loop
      vertex 51.8273 -13.8871 21.3089
      vertex 56.5389 -15.1495 23.2367
      vertex 57.4086 -11.4193 24.034
    endloop
  endfacet
  facet normal -0.379874 -0.148992 0.912961
    outer loop
      vertex 51.8273 -13.8871 21.3089
      vertex 57.4086 -11.4193 24.034
      vertex 52.6246 -10.4677 22.1987
    endloop
  endfacet
  facet normal -0.382035 -0.167967 0.908755
    outer loop
      vertex 52.6246 -10.4677 22.1987
      vertex 57.4086 -11.4193 24.034
      vertex 58.0326 -7.64013 24.9948
    endloop
  endfacet
  facet normal -0.3584 -0.213292 0.908876
    outer loop
      vertex 52.6246 -10.4677 22.1987
      vertex 58.0326 -7.64013 24.9948
      vertex 53.1965 -7.00346 23.2372
    endloop
  endfacet
  facet normal -0.358795 -0.223529 0.906256
    outer loop
      vertex 53.1965 -7.00346 23.2372
      vertex 58.0326 -7.64013 24.9948
      vertex 58.408 -3.82826 26.0837
    endloop
  endfacet
  facet normal -0.333321 -0.264238 0.905028
    outer loop
      vertex 53.1965 -7.00346 23.2372
      vertex 58.408 -3.82826 26.0837
      vertex 53.5407 -3.50924 24.3842
    endloop
  endfacet
  facet normal -0.333145 -0.269551 0.903525
    outer loop
      vertex 53.5407 -3.50924 24.3842
      vertex 58.408 -3.82826 26.0837
      vertex 58.5333 0 27.272
    endloop
  endfacet
  facet normal -0.306945 -0.305145 0.901483
    outer loop
      vertex 53.5407 -3.50924 24.3842
      vertex 58.5333 0 27.272
      vertex 53.6556 0 25.6111
    endloop
  endfacet
  facet normal -0.347064 -0.27871 0.895471
    outer loop
      vertex 58.5333 0 27.272
      vertex 63.4111 0 29.1625
      vertex 63.2753 4.14729 30.4007
    endloop
  endfacet
  facet normal -0.322715 -0.306555 0.895477
    outer loop
      vertex 58.5333 0 27.272
      vertex 63.2753 4.14729 30.4007
      vertex 58.408 3.82826 28.5374
    endloop
  endfacet
  facet normal -0.321251 -0.314944 0.893089
    outer loop
      vertex 58.408 3.82826 28.5374
      vertex 63.2753 4.14729 30.4007
      vertex 62.8686 8.27681 31.7106
    endloop
  endfacet
  facet normal -0.296478 -0.339483 0.892666
    outer loop
      vertex 58.408 3.82826 28.5374
      vertex 62.8686 8.27681 31.7106
      vertex 58.0326 7.64013 29.8623
    endloop
  endfacet
  facet normal -0.294868 -0.345993 0.890697
    outer loop
      vertex 58.0326 7.64013 29.8623
      vertex 62.8686 8.27681 31.7106
      vertex 62.1927 12.3709 33.0772
    endloop
  endfacet
  facet normal -0.270012 -0.367385 0.890012
    outer loop
      vertex 58.0326 7.64013 29.8623
      vertex 62.1927 12.3709 33.0772
      vertex 57.4086 11.4193 31.233
    endloop
  endfacet
  facet normal -0.268317 -0.372653 0.888333
    outer loop
      vertex 57.4086 11.4193 31.233
      vertex 62.1927 12.3709 33.0772
      vertex 61.2504 16.412 34.4879
    endloop
  endfacet
  facet normal -0.243598 -0.391137 0.887509
    outer loop
      vertex 57.4086 11.4193 31.233
      vertex 61.2504 16.412 34.4879
      vertex 56.5389 15.1495 32.6383
    endloop
  endfacet
  facet normal -0.241823 -0.395584 0.886022
    outer loop
      vertex 56.5389 15.1495 32.6383
      vertex 61.2504 16.412 34.4879
      vertex 60.0459 20.3828 35.932
    endloop
  endfacet
  facet normal -0.217382 -0.411412 0.885147
    outer loop
      vertex 56.5389 15.1495 32.6383
      vertex 60.0459 20.3828 35.932
      vertex 55.427 18.8149 34.0689
    endloop
  endfacet
  facet normal -0.215505 -0.415318 0.883781
    outer loop
      vertex 55.427 18.8149 34.0689
      vertex 60.0459 20.3828 35.932
      vertex 58.5842 24.2664 37.4006
    endloop
  endfacet
  facet normal -0.19144 -0.428728 0.882917
    outer loop
      vertex 55.427 18.8149 34.0689
      vertex 58.5842 24.2664 37.4006
      vertex 54.0777 22.3997 35.517
    endloop
  endfacet
  facet normal -0.189425 -0.432282 0.881618
    outer loop
      vertex 54.0777 22.3997 35.517
      vertex 58.5842 24.2664 37.4006
      vertex 56.8717 28.046 38.8859
    endloop
  endfacet
  facet normal -0.165805 -0.443488 0.880811
    outer loop
      vertex 54.0777 22.3997 35.517
      vertex 56.8717 28.046 38.8859
      vertex 52.497 25.8886 36.9761
    endloop
  endfacet
  facet normal -0.163611 -0.446813 0.87954
    outer loop
      vertex 52.497 25.8886 36.9761
      vertex 56.8717 28.046 38.8859
      vertex 54.9156 31.7056 40.3811
    endloop
  endfacet
  facet normal -0.140491 -0.456004 0.878819
    outer loop
      vertex 52.497 25.8886 36.9761
      vertex 54.9156 31.7056 40.3811
      vertex 50.6914 29.2667 38.4403
    endloop
  endfacet
  facet normal -0.138072 -0.459181 0.877547
    outer loop
      vertex 50.6914 29.2667 38.4403
      vertex 54.9156 31.7056 40.3811
      vertex 52.7244 35.2293 41.8801
    endloop
  endfacet
  facet normal -0.115502 -0.466524 0.876935
    outer loop
      vertex 50.6914 29.2667 38.4403
      vertex 52.7244 35.2293 41.8801
      vertex 48.6687 32.5194 39.9043
    endloop
  endfacet
  facet normal -0.112813 -0.469604 0.87564
    outer loop
      vertex 48.6687 32.5194 39.9043
      vertex 52.7244 35.2293 41.8801
      vertex 50.3074 38.6022 43.3776
    endloop
  endfacet
  facet normal -0.0908357 -0.475246 0.875152
    outer loop
      vertex 48.6687 32.5194 39.9043
      vertex 50.3074 38.6022 43.3776
      vertex 46.4376 35.6328 41.3635
    endloop
  endfacet
  facet normal -0.0878321 -0.478256 0.873818
    outer loop
      vertex 46.4376 35.6328 41.3635
      vertex 50.3074 38.6022 43.3776
      vertex 47.675 41.8099 44.8686
    endloop
  endfacet
  facet normal -0.0664916 -0.482329 0.873463
    outer loop
      vertex 46.4376 35.6328 41.3635
      vertex 47.675 41.8099 44.8686
      vertex 44.0077 38.5937 42.8135
    endloop
  endfacet
  facet normal -0.0631301 -0.485277 0.872078
    outer loop
      vertex 44.0077 38.5937 42.8135
      vertex 47.675 41.8099 44.8686
      vertex 44.8384 44.8384 46.3486
    endloop
  endfacet
  facet normal -0.0424688 -0.487904 0.871863
    outer loop
      vertex 44.0077 38.5937 42.8135
      vertex 44.8384 44.8384 46.3486
      vertex 41.3893 41.3893 44.2504
    endloop
  endfacet
  facet normal -0.0387086 -0.490786 0.87042
    outer loop
      vertex 41.3893 41.3893 44.2504
      vertex 44.8384 44.8384 46.3486
      vertex 41.8099 47.675 47.8133
    endloop
  endfacet
  facet normal -0.0187684 -0.49208 0.870348
    outer loop
      vertex 41.3893 41.3893 44.2504
      vertex 41.8099 47.675 47.8133
      vertex 38.5937 44.0077 45.6705
    endloop
  endfacet
  facet normal -0.0145717 -0.494879 0.86884
    outer loop
      vertex 38.5937 44.0077 45.6705
      vertex 41.8099 47.675 47.8133
      vertex 38.6022 50.3074 49.2589
    endloop
  endfacet
  facet normal 0.00460652 -0.494946 0.868912
    outer loop
      vertex 38.5937 44.0077 45.6705
      vertex 38.6022 50.3074 49.2589
      vertex 35.6328 46.4376 47.0703
    endloop
  endfacet
  facet normal 0.00927395 -0.497636 0.867336
    outer loop
      vertex 35.6328 46.4376 47.0703
      vertex 38.6022 50.3074 49.2589
      vertex 35.2293 52.7244 50.6817
    endloop
  endfacet
  facet normal 0.0276509 -0.49658 0.86755
    outer loop
      vertex 35.6328 46.4376 47.0703
      vertex 35.2293 52.7244 50.6817
      vertex 32.5194 48.6687 48.4466
    endloop
  endfacet
  facet normal 0.0328191 -0.499127 0.865907
    outer loop
      vertex 32.5194 48.6687 48.4466
      vertex 35.2293 52.7244 50.6817
      vertex 31.7056 54.9156 52.0783
    endloop
  endfacet
  facet normal 0.0503578 -0.497048 0.86626
    outer loop
      vertex 32.5194 48.6687 48.4466
      vertex 31.7056 54.9156 52.0783
      vertex 29.2667 50.6914 49.7963
    endloop
  endfacet
  facet normal 0.0560522 -0.499412 0.86455
    outer loop
      vertex 29.2667 50.6914 49.7963
      vertex 31.7056 54.9156 52.0783
      vertex 28.046 56.8717 53.4455
    endloop
  endfacet
  facet normal 0.0727185 -0.496408 0.865038
    outer loop
      vertex 29.2667 50.6914 49.7963
      vertex 28.046 56.8717 53.4455
      vertex 25.8886 52.497 51.1164
    endloop
  endfacet
  facet normal 0.0789592 -0.498541 0.863263
    outer loop
      vertex 25.8886 52.497 51.1164
      vertex 28.046 56.8717 53.4455
      vertex 24.2664 58.5842 54.7802
    endloop
  endfacet
  facet normal 0.0947227 -0.494711 0.86388
    outer loop
      vertex 25.8886 52.497 51.1164
      vertex 24.2664 58.5842 54.7802
      vertex 22.3997 54.0777 52.4042
    endloop
  endfacet
  facet normal 0.101524 -0.496561 0.862044
    outer loop
      vertex 22.3997 54.0777 52.4042
      vertex 24.2664 58.5842 54.7802
      vertex 20.3828 60.0459 56.0796
    endloop
  endfacet
  facet normal 0.116359 -0.492002 0.862783
    outer loop
      vertex 22.3997 54.0777 52.4042
      vertex 20.3828 60.0459 56.0796
      vertex 18.8149 55.427 53.6571
    endloop
  endfacet
  facet normal 0.12373 -0.493513 0.860893
    outer loop
      vertex 18.8149 55.427 53.6571
      vertex 20.3828 60.0459 56.0796
      vertex 16.412 61.2504 57.3408
    endloop
  endfacet
  facet normal 0.137615 -0.488322 0.861744
    outer loop
      vertex 18.8149 55.427 53.6571
      vertex 16.412 61.2504 57.3408
      vertex 15.1495 56.5389 54.8725
    endloop
  endfacet
  facet normal 0.145557 -0.489435 0.859806
    outer loop
      vertex 15.1495 56.5389 54.8725
      vertex 16.412 61.2504 57.3408
      vertex 12.3709 62.1927 58.5612
    endloop
  endfacet
  facet normal 0.158477 -0.483709 0.860762
    outer loop
      vertex 15.1495 56.5389 54.8725
      vertex 12.3709 62.1927 58.5612
      vertex 11.4193 57.4086 56.048
    endloop
  endfacet
  facet normal 0.166986 -0.484362 0.858784
    outer loop
      vertex 11.4193 57.4086 56.048
      vertex 12.3709 62.1927 58.5612
      vertex 8.27681 62.8686 59.7386
    endloop
  endfacet
  facet normal 0.178931 -0.478196 0.859833
    outer loop
      vertex 11.4193 57.4086 56.048
      vertex 8.27681 62.8686 59.7386
      vertex 7.64013 58.0326 57.1815
    endloop
  endfacet
  facet normal 0.187994 -0.478327 0.857824
    outer loop
      vertex 7.64013 58.0326 57.1815
      vertex 8.27681 62.8686 59.7386
      vertex 4.14729 63.2753 60.8703
    endloop
  endfacet
  facet normal 0.198962 -0.471816 0.858955
    outer loop
      vertex 7.64013 58.0326 57.1815
      vertex 4.14729 63.2753 60.8703
      vertex 3.82826 58.408 58.2707
    endloop
  endfacet
  facet normal 0.208561 -0.471361 0.856925
    outer loop
      vertex 3.82826 58.408 58.2707
      vertex 4.14729 63.2753 60.8703
      vertex 3.88281e-15 63.4111 61.9544
    endloop
  endfacet
  facet normal 0.218555 -0.464599 0.858127
    outer loop
      vertex 3.82826 58.408 58.2707
      vertex 3.88281e-15 63.4111 61.9544
      vertex 3.58413e-15 58.5333 59.3135
    endloop
  endfacet
  facet normal 0.228664 -0.463495 0.856087
    outer loop
      vertex 3.58413e-15 58.5333 59.3135
      vertex 3.88281e-15 63.4111 61.9544
      vertex -4.14729 63.2753 62.9887
    endloop
  endfacet
  facet normal 0.237693 -0.456574 0.857346
    outer loop
      vertex 3.58413e-15 58.5333 59.3135
      vertex -4.14729 63.2753 62.9887
      vertex -3.82826 58.408 60.3081
    endloop
  endfacet
  facet normal 0.24828 -0.454758 0.855308
    outer loop
      vertex -3.82826 58.408 60.3081
      vertex -4.14729 63.2753 62.9887
      vertex -8.27681 62.8686 63.9711
    endloop
  endfacet
  facet normal 0.256362 -0.447767 0.856611
    outer loop
      vertex -3.82826 58.408 60.3081
      vertex -8.27681 62.8686 63.9711
      vertex -7.64013 58.0326 61.2527
    endloop
  endfacet
  facet normal 0.267385 -0.445179 0.854588
    outer loop
      vertex -7.64013 58.0326 61.2527
      vertex -8.27681 62.8686 63.9711
      vertex -12.3709 62.1927 64.9
    endloop
  endfacet
  facet normal 0.274545 -0.438205 0.855921
    outer loop
      vertex -7.64013 58.0326 61.2527
      vertex -12.3709 62.1927 64.9
      vertex -11.4193 57.4086 62.1455
    endloop
  endfacet
  facet normal 0.285957 -0.434786 0.853926
    outer loop
      vertex -11.4193 57.4086 62.1455
      vertex -12.3709 62.1927 64.9
      vertex -16.412 61.2504 65.7735
    endloop
  endfacet
  facet normal 0.292225 -0.427914 0.855274
    outer loop
      vertex -11.4193 57.4086 62.1455
      vertex -16.412 61.2504 65.7735
      vertex -15.1495 56.5389 62.9848
    endloop
  endfacet
  facet normal 0.303973 -0.42361 0.85332
    outer loop
      vertex -15.1495 56.5389 62.9848
      vertex -16.412 61.2504 65.7735
      vertex -20.3828 60.0459 66.59
    endloop
  endfacet
  facet normal 0.309387 -0.416918 0.854669
    outer loop
      vertex -15.1495 56.5389 62.9848
      vertex -20.3828 60.0459 66.59
      vertex -18.8149 55.427 63.7693
    endloop
  endfacet
  facet normal 0.321409 -0.411677 0.852771
    outer loop
      vertex -18.8149 55.427 63.7693
      vertex -20.3828 60.0459 66.59
      vertex -24.2664 58.5842 67.3481
    endloop
  endfacet
  facet normal 0.326013 -0.405241 0.854105
    outer loop
      vertex -18.8149 55.427 63.7693
      vertex -24.2664 58.5842 67.3481
      vertex -22.3997 54.0777 64.4975
    endloop
  endfacet
  facet normal 0.338244 -0.399018 0.852277
    outer loop
      vertex -22.3997 54.0777 64.4975
      vertex -24.2664 58.5842 67.3481
      vertex -28.046 56.8717 68.0464
    endloop
  endfacet
  facet normal 0.342088 -0.392907 0.853581
    outer loop
      vertex -22.3997 54.0777 64.4975
      vertex -28.046 56.8717 68.0464
      vertex -25.8886 52.497 65.168
    endloop
  endfacet
  facet normal 0.354454 -0.385662 0.851838
    outer loop
      vertex -25.8886 52.497 65.168
      vertex -28.046 56.8717 68.0464
      vertex -31.7056 54.9156 68.6835
    endloop
  endfacet
  facet normal 0.357594 -0.37994 0.853096
    outer loop
      vertex -25.8886 52.497 65.168
      vertex -31.7056 54.9156 68.6835
      vertex -29.2667 50.6914 65.7799
    endloop
  endfacet
  facet normal 0.370018 -0.371637 0.851453
    outer loop
      vertex -29.2667 50.6914 65.7799
      vertex -31.7056 54.9156 68.6835
      vertex -35.2293 52.7244 69.2585
    endloop
  endfacet
  facet normal 0.372515 -0.366362 0.85265
    outer loop
      vertex -29.2667 50.6914 65.7799
      vertex -35.2293 52.7244 69.2585
      vertex -32.5194 48.6687 66.3319
    endloop
  endfacet
  facet normal 0.384916 -0.356974 0.851122
    outer loop
      vertex -32.5194 48.6687 66.3319
      vertex -35.2293 52.7244 69.2585
      vertex -38.6022 50.3074 69.7701
    endloop
  endfacet
  facet normal 0.386835 -0.352198 0.852241
    outer loop
      vertex -32.5194 48.6687 66.3319
      vertex -38.6022 50.3074 69.7701
      vertex -35.6328 46.4376 66.8231
    endloop
  endfacet
  facet normal 0.399126 -0.341703 0.850845
    outer loop
      vertex -35.6328 46.4376 66.8231
      vertex -38.6022 50.3074 69.7701
      vertex -41.8099 47.675 70.2176
    endloop
  endfacet
  facet normal 0.400538 -0.337471 0.85187
    outer loop
      vertex -35.6328 46.4376 66.8231
      vertex -41.8099 47.675 70.2176
      vertex -38.5937 44.0077 67.2526
    endloop
  endfacet
  facet normal 0.41263 -0.325855 0.85062
    outer loop
      vertex -38.5937 44.0077 67.2526
      vertex -41.8099 47.675 70.2176
      vertex -44.8384 44.8384 70.6001
    endloop
  endfacet
  facet normal 0.413607 -0.322203 0.851537
    outer loop
      vertex -38.5937 44.0077 67.2526
      vertex -44.8384 44.8384 70.6001
      vertex -41.3893 41.3893 67.6197
    endloop
  endfacet
  facet normal 0.425408 -0.309461 0.850448
    outer loop
      vertex -41.3893 41.3893 67.6197
      vertex -44.8384 44.8384 70.6001
      vertex -47.675 41.8099 70.917
    endloop
  endfacet
  facet normal 0.426027 -0.306419 0.85124
    outer loop
      vertex -41.3893 41.3893 67.6197
      vertex -47.675 41.8099 70.917
      vertex -44.0077 38.5937 67.9238
    endloop
  endfacet
  facet normal 0.437442 -0.292553 0.850328
    outer loop
      vertex -44.0077 38.5937 67.9238
      vertex -47.675 41.8099 70.917
      vertex -50.3074 38.6022 71.1676
    endloop
  endfacet
  facet normal 0.437781 -0.290141 0.850979
    outer loop
      vertex -44.0077 38.5937 67.9238
      vertex -50.3074 38.6022 71.1676
      vertex -46.4376 35.6328 68.1644
    endloop
  endfacet
  facet normal 0.448716 -0.275162 0.850259
    outer loop
      vertex -46.4376 35.6328 68.1644
      vertex -50.3074 38.6022 71.1676
      vertex -52.7244 35.2293 71.3516
    endloop
  endfacet
  facet normal 0.448854 -0.273394 0.850756
    outer loop
      vertex -46.4376 35.6328 68.1644
      vertex -52.7244 35.2293 71.3516
      vertex -48.6687 32.5194 68.341
    endloop
  endfacet
  facet normal 0.459213 -0.25732 0.850241
    outer loop
      vertex -48.6687 32.5194 68.341
      vertex -52.7244 35.2293 71.3516
      vertex -54.9156 31.7056 71.4686
    endloop
  endfacet
  facet normal 0.459231 -0.256201 0.850569
    outer loop
      vertex -48.6687 32.5194 68.341
      vertex -54.9156 31.7056 71.4686
      vertex -50.6914 29.2667 68.4533
    endloop
  endfacet
  facet normal 0.468917 -0.23906 0.850275
    outer loop
      vertex -50.6914 29.2667 68.4533
      vertex -54.9156 31.7056 71.4686
      vertex -56.8717 28.046 71.5185
    endloop
  endfacet
  facet normal 0.468896 -0.238588 0.850419
    outer loop
      vertex -50.6914 29.2667 68.4533
      vertex -56.8717 28.046 71.5185
      vertex -52.497 25.8886 68.5011
    endloop
  endfacet
  facet normal 0.477816 -0.220415 0.850358
    outer loop
      vertex -52.497 25.8886 68.5011
      vertex -56.8717 28.046 71.5185
      vertex -58.5842 24.2664 71.5011
    endloop
  endfacet
  facet normal 0.477833 -0.220578 0.850306
    outer loop
      vertex -52.497 25.8886 68.5011
      vertex -58.5842 24.2664 71.5011
      vertex -54.0777 22.3997 68.4844
    endloop
  endfacet
  facet normal 0.485894 -0.201418 0.850492
    outer loop
      vertex -54.0777 22.3997 68.4844
      vertex -58.5842 24.2664 71.5011
      vertex -60.0459 20.3828 71.4164
    endloop
  endfacet
  facet normal 0.486029 -0.202197 0.850231
    outer loop
      vertex -54.0777 22.3997 68.4844
      vertex -60.0459 20.3828 71.4164
      vertex -55.427 18.8149 68.4032
    endloop
  endfacet
  facet normal 0.493141 -0.182102 0.850676
    outer loop
      vertex -55.427 18.8149 68.4032
      vertex -60.0459 20.3828 71.4164
      vertex -61.2504 16.412 71.2646
    endloop
  endfacet
  facet normal 0.493468 -0.18347 0.850193
    outer loop
      vertex -55.427 18.8149 68.4032
      vertex -61.2504 16.412 71.2646
      vertex -56.5389 15.1495 68.2575
    endloop
  endfacet
  facet normal 0.499545 -0.1625 0.85091
    outer loop
      vertex -56.5389 15.1495 68.2575
      vertex -61.2504 16.412 71.2646
      vertex -62.1927 12.3709 71.0461
    endloop
  endfacet
  facet normal 0.500136 -0.164424 0.850193
    outer loop
      vertex -56.5389 15.1495 68.2575
      vertex -62.1927 12.3709 71.0461
      vertex -57.4086 11.4193 68.0478
    endloop
  endfacet
  facet normal 0.505095 -0.142647 0.851194
    outer loop
      vertex -57.4086 11.4193 68.0478
      vertex -62.1927 12.3709 71.0461
      vertex -62.8686 8.27681 70.7611
    endloop
  endfacet
  facet normal 0.50602 -0.145083 0.850232
    outer loop
      vertex -57.4086 11.4193 68.0478
      vertex -62.8686 8.27681 70.7611
      vertex -58.0326 7.64013 67.7742
    endloop
  endfacet
  facet normal 0.509782 -0.122575 0.851526
    outer loop
      vertex -58.0326 7.64013 67.7742
      vertex -62.8686 8.27681 70.7611
      vertex -63.2753 4.14729 70.4101
    endloop
  endfacet
  facet normal 0.511104 -0.125476 0.850311
    outer loop
      vertex -58.0326 7.64013 67.7742
      vertex -63.2753 4.14729 70.4101
      vertex -58.408 3.82826 67.4374
    endloop
  endfacet
  facet normal 0.513598 -0.102318 0.851909
    outer loop
      vertex -58.408 3.82826 67.4374
      vertex -63.2753 4.14729 70.4101
      vertex -63.4111 7.76562e-15 69.9939
    endloop
  endfacet
  facet normal 0.515376 -0.105629 0.850429
    outer loop
      vertex -58.408 3.82826 67.4374
      vertex -63.4111 7.76562e-15 69.9939
      vertex -58.5333 7.16827e-15 67.0379
    endloop
  endfacet
  facet normal 0.516534 -0.0819092 0.85234
    outer loop
      vertex -58.5333 7.16827e-15 67.0379
      vertex -63.4111 7.76562e-15 69.9939
      vertex -63.2753 -4.14729 69.513
    endloop
  endfacet
  facet normal 0.518823 -0.0855711 0.850588
    outer loop
      vertex -58.5333 7.16827e-15 67.0379
      vertex -63.2753 -4.14729 69.513
      vertex -58.408 -3.82826 66.5763
    endloop
  endfacet
  facet normal 0.518584 -0.061383 0.85282
    outer loop
      vertex -58.408 -3.82826 66.5763
      vertex -63.2753 -4.14729 69.513
      vertex -62.8686 -8.27681 68.9685
    endloop
  endfacet
  facet normal 0.52143 -0.0653293 0.850789
    outer loop
      vertex -58.408 -3.82826 66.5763
      vertex -62.8686 -8.27681 68.9685
      vertex -58.0326 -7.64013 66.0535
    endloop
  endfacet
  facet normal 0.519741 -0.0407724 0.85335
    outer loop
      vertex -58.0326 -7.64013 66.0535
      vertex -62.8686 -8.27681 68.9685
      vertex -62.1927 -12.3709 68.3612
    endloop
  endfacet
  facet normal 0.523187 -0.0449329 0.851033
    outer loop
      vertex -58.0326 -7.64013 66.0535
      vertex -62.1927 -12.3709 68.3612
      vertex -57.4086 -11.4193 65.4704
    endloop
  endfacet
  facet normal 0.52 -0.0201108 0.85393
    outer loop
      vertex -57.4086 -11.4193 65.4704
      vertex -62.1927 -12.3709 68.3612
      vertex -61.2504 -16.412 67.6922
    endloop
  endfacet
  facet normal 0.524079 -0.0244113 0.85132
    outer loop
      vertex -57.4086 -11.4193 65.4704
      vertex -61.2504 -16.412 67.6922
      vertex -56.5389 -15.1495 64.828
    endloop
  endfacet
  facet normal 0.519355 0.00056868 0.854559
    outer loop
      vertex -56.5389 -15.1495 64.828
      vertex -61.2504 -16.412 67.6922
      vertex -60.0459 -20.3828 66.9628
    endloop
  endfacet
  facet normal 0.524095 -0.00379426 0.851651
    outer loop
      vertex -56.5389 -15.1495 64.828
      vertex -60.0459 -20.3828 66.9628
      vertex -55.427 -18.8149 64.1274
    endloop
  endfacet
  facet normal 0.517801 0.021233 0.855237
    outer loop
      vertex -55.427 -18.8149 64.1274
      vertex -60.0459 -20.3828 66.9628
      vertex -58.5842 -24.2664 66.1743
    endloop
  endfacet
  facet normal 0.523223 0.0168877 0.852028
    outer loop
      vertex -55.427 -18.8149 64.1274
      vertex -58.5842 -24.2664 66.1743
      vertex -54.0777 -22.3997 63.3699
    endloop
  endfacet
  facet normal 0.515335 0.0418492 0.855967
    outer loop
      vertex -54.0777 -22.3997 63.3699
      vertex -58.5842 -24.2664 66.1743
      vertex -56.8717 -28.046 65.3281
    endloop
  endfacet
  facet normal 0.521451 0.0376037 0.852452
    outer loop
      vertex -54.0777 -22.3997 63.3699
      vertex -56.8717 -28.046 65.3281
      vertex -52.497 -25.8886 62.5568
    endloop
  endfacet
  facet normal 0.511951 0.0623846 0.856746
    outer loop
      vertex -52.497 -25.8886 62.5568
      vertex -56.8717 -28.046 65.3281
      vertex -54.9156 -31.7056 64.4257
    endloop
  endfacet
  facet normal 0.518767 0.0583223 0.852924
    outer loop
      vertex -52.497 -25.8886 62.5568
      vertex -54.9156 -31.7056 64.4257
      vertex -50.6914 -29.2667 61.6896
    endloop
  endfacet
  facet normal 0.507645 0.0828066 0.857578
    outer loop
      vertex -50.6914 -29.2667 61.6896
      vertex -54.9156 -31.7056 64.4257
      vertex -52.7244 -35.2293 63.4688
    endloop
  endfacet
  facet normal 0.515159 0.0790115 0.853445
    outer loop
      vertex -50.6914 -29.2667 61.6896
      vertex -52.7244 -35.2293 63.4688
      vertex -48.6687 -32.5194 60.7698
    endloop
  endfacet
  facet normal 0.502413 0.103083 0.858461
    outer loop
      vertex -48.6687 -32.5194 60.7698
      vertex -52.7244 -35.2293 63.4688
      vertex -50.3074 -38.6022 62.4593
    endloop
  endfacet
  facet normal 0.510615 0.0996388 0.854017
    outer loop
      vertex -48.6687 -32.5194 60.7698
      vertex -50.3074 -38.6022 62.4593
      vertex -46.4376 -35.6328 59.7991
    endloop
  endfacet
  facet normal 0.496249 0.123181 0.859397
    outer loop
      vertex -46.4376 -35.6328 59.7991
      vertex -50.3074 -38.6022 62.4593
      vertex -47.675 -41.8099 61.399
    endloop
  endfacet
  facet normal 0.505123 0.120171 0.85464
    outer loop
      vertex -46.4376 -35.6328 59.7991
      vertex -47.675 -41.8099 61.399
      vertex -44.0077 -38.5937 58.7793
    endloop
  endfacet
  facet normal 0.489148 0.143068 0.860387
    outer loop
      vertex -44.0077 -38.5937 58.7793
      vertex -47.675 -41.8099 61.399
      vertex -44.8384 -44.8384 60.2899
    endloop
  endfacet
  facet normal 0.498669 0.140575 0.855317
    outer loop
      vertex -44.0077 -38.5937 58.7793
      vertex -44.8384 -44.8384 60.2899
      vertex -41.3893 -41.3893 57.7122
    endloop
  endfacet
  facet normal 0.481102 0.162711 0.861432
    outer loop
      vertex -41.3893 -41.3893 57.7122
      vertex -44.8384 -44.8384 60.2899
      vertex -41.8099 -47.675 59.1343
    endloop
  endfacet
  facet normal 0.491241 0.160815 0.85605
    outer loop
      vertex -41.3893 -41.3893 57.7122
      vertex -41.8099 -47.675 59.1343
      vertex -38.5937 -44.0077 56.5998
    endloop
  endfacet
  facet normal 0.472104 0.182079 0.862534
    outer loop
      vertex -38.5937 -44.0077 56.5998
      vertex -41.8099 -47.675 59.1343
      vertex -38.6022 -50.3074 57.9343
    endloop
  endfacet
  facet normal 0.482823 0.180858 0.856838
    outer loop
      vertex -38.5937 -44.0077 56.5998
      vertex -38.6022 -50.3074 57.9343
      vertex -35.6328 -46.4376 55.4443
    endloop
  endfacet
  facet normal 0.462143 0.201138 0.863694
    outer loop
      vertex -35.6328 -46.4376 55.4443
      vertex -38.6022 -50.3074 57.9343
      vertex -35.2293 -52.7244 56.6924
    endloop
  endfacet
  facet normal 0.473401 0.200668 0.857685
    outer loop
      vertex -35.6328 -46.4376 55.4443
      vertex -35.2293 -52.7244 56.6924
      vertex -32.5194 -48.6687 54.2478
    endloop
  endfacet
  facet normal 0.451208 0.219854 0.864914
    outer loop
      vertex -32.5194 -48.6687 54.2478
      vertex -35.2293 -52.7244 56.6924
      vertex -31.7056 -54.9156 55.4111
    endloop
  endfacet
  facet normal 0.462956 0.220207 0.858592
    outer loop
      vertex -32.5194 -48.6687 54.2478
      vertex -31.7056 -54.9156 55.4111
      vertex -29.2667 -50.6914 53.0127
    endloop
  endfacet
  facet normal 0.439282 0.238193 0.866196
    outer loop
      vertex -29.2667 -50.6914 53.0127
      vertex -31.7056 -54.9156 55.4111
      vertex -28.046 -56.8717 54.0931
    endloop
  endfacet
  facet normal 0.451469 0.23944 0.85956
    outer loop
      vertex -29.2667 -50.6914 53.0127
      vertex -28.046 -56.8717 54.0931
      vertex -25.8886 -52.497 51.7414
    endloop
  endfacet
  facet normal 0.426349 0.256119 0.867542
    outer loop
      vertex -25.8886 -52.497 51.7414
      vertex -28.046 -56.8717 54.0931
      vertex -24.2664 -58.5842 52.7412
    endloop
  endfacet
  facet normal 0.438918 0.258327 0.860592
    outer loop
      vertex -25.8886 -52.497 51.7414
      vertex -24.2664 -58.5842 52.7412
      vertex -22.3997 -54.0777 50.4365
    endloop
  endfacet
  facet normal 0.412386 0.273594 0.868956
    outer loop
      vertex -22.3997 -54.0777 50.4365
      vertex -24.2664 -58.5842 52.7412
      vertex -20.3828 -60.0459 51.3584
    endloop
  endfacet
  facet normal 0.425275 0.276827 0.861689
    outer loop
      vertex -22.3997 -54.0777 50.4365
      vertex -20.3828 -60.0459 51.3584
      vertex -18.8149 -55.427 49.1007
    endloop
  endfacet
  facet normal 0.397364 0.290579 0.87044
    outer loop
      vertex -18.8149 -55.427 49.1007
      vertex -20.3828 -60.0459 51.3584
      vertex -16.412 -61.2504 49.9478
    endloop
  endfacet
  facet normal 0.41051 0.2949 0.862853
    outer loop
      vertex -18.8149 -55.427 49.1007
      vertex -16.412 -61.2504 49.9478
      vertex -15.1495 -56.5389 47.7369
    endloop
  endfacet
  facet normal 0.381249 0.307032 0.871998
    outer loop
      vertex -15.1495 -56.5389 47.7369
      vertex -16.412 -61.2504 49.9478
      vertex -12.3709 -62.1927 48.5127
    endloop
  endfacet
  facet normal 0.394587 0.312501 0.864086
    outer loop
      vertex -15.1495 -56.5389 47.7369
      vertex -12.3709 -62.1927 48.5127
      vertex -11.4193 -57.4086 46.348
    endloop
  endfacet
  facet normal 0.364 0.322906 0.873634
    outer loop
      vertex -11.4193 -57.4086 46.348
      vertex -12.3709 -62.1927 48.5127
      vertex -8.27681 -62.8686 47.0568
    endloop
  endfacet
  facet normal 0.377461 0.329583 0.865389
    outer loop
      vertex -11.4193 -57.4086 46.348
      vertex -8.27681 -62.8686 47.0568
      vertex -7.64013 -58.0326 44.9373
    endloop
  endfacet
  facet normal 0.345565 0.338148 0.875352
    outer loop
      vertex -7.64013 -58.0326 44.9373
      vertex -8.27681 -62.8686 47.0568
      vertex -4.14729 -63.2753 45.5837
    endloop
  endfacet
  facet normal 0.359079 0.346093 0.866765
    outer loop
      vertex -7.64013 -58.0326 44.9373
      vertex -4.14729 -63.2753 45.5837
      vertex -3.82826 -58.408 43.508
    endloop
  endfacet
  facet normal 0.325881 0.3527 0.877157
    outer loop
      vertex -3.82826 -58.408 43.508
      vertex -4.14729 -63.2753 45.5837
      vertex -1.16484e-14 -63.4111 44.0975
    endloop
  endfacet
  facet normal 0.339377 0.361974 0.868215
    outer loop
      vertex -3.82826 -58.408 43.508
      vertex -1.16484e-14 -63.4111 44.0975
      vertex -1.07524e-14 -58.5333 42.0638
    endloop
  endfacet
  facet normal 0.304869 0.366493 0.879055
    outer loop
      vertex -1.07524e-14 -58.5333 42.0638
      vertex -1.16484e-14 -63.4111 44.0975
      vertex 4.14729 -63.2753 42.6025
    endloop
  endfacet
  facet normal 0.318277 0.377161 0.869741
    outer loop
      vertex -1.07524e-14 -58.5333 42.0638
      vertex 4.14729 -63.2753 42.6025
      vertex 3.82826 -58.408 40.6085
    endloop
  endfacet
  facet normal 0.282436 0.379445 0.881051
    outer loop
      vertex 3.82826 -58.408 40.6085
      vertex 4.14729 -63.2753 42.6025
      vertex 8.27681 -62.8686 41.1036
    endloop
  endfacet
  facet normal 0.295682 0.391578 0.871343
    outer loop
      vertex 3.82826 -58.408 40.6085
      vertex 8.27681 -62.8686 41.1036
      vertex 7.64013 -58.0326 39.1463
    endloop
  endfacet
  facet normal 0.258463 0.391458 0.883152
    outer loop
      vertex 7.64013 -58.0326 39.1463
      vertex 8.27681 -62.8686 41.1036
      vertex 12.3709 -62.1927 39.6058
    endloop
  endfacet
  facet normal 0.271473 0.405134 0.873023
    outer loop
      vertex 7.64013 -58.0326 39.1463
      vertex 12.3709 -62.1927 39.6058
      vertex 11.4193 -57.4086 37.6816
    endloop
  endfacet
  facet normal 0.232807 0.402407 0.885364
    outer loop
      vertex 11.4193 -57.4086 37.6816
      vertex 12.3709 -62.1927 39.6058
      vertex 16.412 -61.2504 38.1149
    endloop
  endfacet
  facet normal 0.245506 0.417716 0.87478
    outer loop
      vertex 11.4193 -57.4086 37.6816
      vertex 16.412 -61.2504 38.1149
      vertex 15.1495 -56.5389 36.2194
    endloop
  endfacet
  facet normal 0.205292 0.412135 0.887693
    outer loop
      vertex 15.1495 -56.5389 36.2194
      vertex 16.412 -61.2504 38.1149
      vertex 20.3828 -60.0459 36.6373
    endloop
  endfacet
  facet normal 0.217599 0.42918 0.876616
    outer loop
      vertex 15.1495 -56.5389 36.2194
      vertex 20.3828 -60.0459 36.6373
      vertex 18.8149 -55.427 34.7652
    endloop
  endfacet
  facet normal 0.175703 0.420442 0.890144
    outer loop
      vertex 18.8149 -55.427 34.7652
      vertex 20.3828 -60.0459 36.6373
      vertex 24.2664 -58.5842 35.1804
    endloop
  endfacet
  facet normal 0.187533 0.43934 0.878528
    outer loop
      vertex 18.8149 -55.427 34.7652
      vertex 24.2664 -58.5842 35.1804
      vertex 22.3997 -54.0777 33.3252
    endloop
  endfacet
  facet normal 0.14378 0.427059 0.892719
    outer loop
      vertex 22.3997 -54.0777 33.3252
      vertex 24.2664 -58.5842 35.1804
      vertex 28.046 -56.8717 33.7524
    endloop
  endfacet
  facet normal 0.155038 0.447945 0.880516
    outer loop
      vertex 22.3997 -54.0777 33.3252
      vertex 28.046 -56.8717 33.7524
      vertex 25.8886 -52.497 31.9067
    endloop
  endfacet
  facet normal 0.10921 0.431631 0.895415
    outer loop
      vertex 25.8886 -52.497 31.9067
      vertex 28.046 -56.8717 33.7524
      vertex 31.7056 -54.9156 32.3632
    endloop
  endfacet
  facet normal 0.119788 0.454647 0.88258
    outer loop
      vertex 25.8886 -52.497 31.9067
      vertex 31.7056 -54.9156 32.3632
      vertex 29.2667 -50.6914 30.5181
    endloop
  endfacet
  facet normal 0.0716313 0.433674 0.898218
    outer loop
      vertex 29.2667 -50.6914 30.5181
      vertex 31.7056 -54.9156 32.3632
      vertex 35.2293 -52.7244 31.0242
    endloop
  endfacet
  facet normal 0.0813991 0.458961 0.884719
    outer loop
      vertex 29.2667 -50.6914 30.5181
      vertex 35.2293 -52.7244 31.0242
      vertex 32.5194 -48.6687 29.1695
    endloop
  endfacet
  facet normal 0.0306392 0.432534 0.901097
    outer loop
      vertex 32.5194 -48.6687 29.1695
      vertex 35.2293 -52.7244 31.0242
      vertex 38.6022 -50.3074 29.7493
    endloop
  endfacet
  facet normal 0.0394396 0.460193 0.886943
    outer loop
      vertex 32.5194 -48.6687 29.1695
      vertex 38.6022 -50.3074 29.7493
      vertex 35.6328 -46.4376 27.8735
    endloop
  endfacet
  facet normal -0.0141726 0.427318 0.90399
    outer loop
      vertex 35.6328 -46.4376 27.8735
      vertex 38.6022 -50.3074 29.7493
      vertex 41.8099 -47.675 28.5553
    endloop
  endfacet
  facet normal -0.00653383 0.45734 0.889268
    outer loop
      vertex 35.6328 -46.4376 27.8735
      vertex 41.8099 -47.675 28.5553
      vertex 38.5937 -44.0077 26.6456
    endloop
  endfacet
  facet normal -0.0631242 0.416835 0.906788
    outer loop
      vertex 38.5937 -44.0077 26.6456
      vertex 41.8099 -47.675 28.5553
      vertex 44.8384 -44.8384 27.4622
    endloop
  endfacet
  facet normal -0.0568823 0.448962 0.891738
    outer loop
      vertex 38.5937 -44.0077 26.6456
      vertex 44.8384 -44.8384 27.4622
      vertex 41.3893 -41.3893 25.5056
    endloop
  endfacet
  facet normal -0.116268 0.399545 0.909311
    outer loop
      vertex 41.3893 -41.3893 25.5056
      vertex 44.8384 -44.8384 27.4622
      vertex 47.675 -41.8099 26.4941
    endloop
  endfacet
  facet normal -0.111687 0.433034 0.894431
    outer loop
      vertex 41.3893 -41.3893 25.5056
      vertex 47.675 -41.8099 26.4941
      vertex 44.0077 -38.5937 24.4791
    endloop
  endfacet
  facet normal -0.173069 0.373609 0.911298
    outer loop
      vertex 44.0077 -38.5937 24.4791
      vertex 47.675 -41.8099 26.4941
      vertex 50.3074 -38.6022 25.679
    endloop
  endfacet
  facet normal -0.170388 0.406863 0.897458
    outer loop
      vertex 44.0077 -38.5937 24.4791
      vertex 50.3074 -38.6022 25.679
      vertex 46.4376 -35.6328 23.5981
    endloop
  endfacet
  facet normal -0.231947 0.337135 0.912437
    outer loop
      vertex 46.4376 -35.6328 23.5981
      vertex 50.3074 -38.6022 25.679
      vertex 52.7244 -35.2293 25.0472
    endloop
  endfacet
  facet normal -0.231224 0.367297 0.900904
    outer loop
      vertex 46.4376 -35.6328 23.5981
      vertex 52.7244 -35.2293 25.0472
      vertex 48.6687 -32.5194 22.9014
    endloop
  endfacet
  facet normal -0.289831 0.288753 0.91248
    outer loop
      vertex 48.6687 -32.5194 22.9014
      vertex 52.7244 -35.2293 25.0472
      vertex 54.9156 -31.7056 24.6281
    endloop
  endfacet
  facet normal -0.290649 0.311626 0.904661
    outer loop
      vertex 48.6687 -32.5194 22.9014
      vertex 54.9156 -31.7056 24.6281
      vertex 50.6914 -29.2667 22.4308
    endloop
  endfacet
  facet normal -0.342174 0.228485 0.911434
    outer loop
      vertex 50.6914 -29.2667 22.4308
      vertex 54.9156 -31.7056 24.6281
      vertex 56.8717 -28.046 24.445
    endloop
  endfacet
  facet normal -0.343282 0.239429 0.908202
    outer loop
      vertex 50.6914 -29.2667 22.4308
      vertex 56.8717 -28.046 24.445
      vertex 52.497 -25.8886 22.2227
    endloop
  endfacet
  facet normal -0.383939 0.158484 0.909656
    outer loop
      vertex 52.497 -25.8886 22.2227
      vertex 56.8717 -28.046 24.445
      vertex 58.5842 -24.2664 24.5093
    endloop
  endfacet
  facet normal -0.383248 0.154519 0.910629
    outer loop
      vertex 52.497 -25.8886 22.2227
      vertex 58.5842 -24.2664 24.5093
      vertex 54.0777 -22.3997 22.296
    endloop
  endfacet
  facet normal -0.41143 0.0829587 0.907658
    outer loop
      vertex 54.0777 -22.3997 22.296
      vertex 58.5842 -24.2664 24.5093
      vertex 60.0459 -20.3828 24.8169
    endloop
  endfacet
  facet normal -0.406767 0.0646868 0.911239
    outer loop
      vertex 54.0777 -22.3997 22.296
      vertex 60.0459 -20.3828 24.8169
      vertex 55.427 -18.8149 22.6438
    endloop
  endfacet
  facet normal -0.423757 0.0070292 0.905749
    outer loop
      vertex 55.427 -18.8149 22.6438
      vertex 60.0459 -20.3828 24.8169
      vertex 61.2504 -16.412 25.3497
    endloop
  endfacet
  facet normal -0.413926 -0.0216413 0.910053
    outer loop
      vertex 55.427 -18.8149 22.6438
      vertex 61.2504 -16.412 25.3497
      vertex 56.5389 -15.1495 23.2367
    endloop
  endfacet
  facet normal -0.422754 -0.0648494 0.903921
    outer loop
      vertex 56.5389 -15.1495 23.2367
      vertex 61.2504 -16.412 25.3497
      vertex 62.1927 -12.3709 26.0803
    endloop
  endfacet
  facet normal -0.407898 -0.0988984 0.907655
    outer loop
      vertex 56.5389 -15.1495 23.2367
      vertex 62.1927 -12.3709 26.0803
      vertex 57.4086 -11.4193 24.034
    endloop
  endfacet
  facet normal -0.411658 -0.129889 0.902035
    outer loop
      vertex 57.4086 -11.4193 24.034
      vertex 62.1927 -12.3709 26.0803
      vertex 62.8686 -8.27681 26.9783
    endloop
  endfacet
  facet normal -0.392786 -0.165156 0.904678
    outer loop
      vertex 57.4086 -11.4193 24.034
      vertex 62.8686 -8.27681 26.9783
      vertex 58.0326 -7.64013 24.9948
    endloop
  endfacet
  facet normal -0.393744 -0.187021 0.899994
    outer loop
      vertex 58.0326 -7.64013 24.9948
      vertex 62.8686 -8.27681 26.9783
      vertex 63.2753 -4.14729 28.0143
    endloop
  endfacet
  facet normal -0.372081 -0.220873 0.901538
    outer loop
      vertex 58.0326 -7.64013 24.9948
      vertex 63.2753 -4.14729 28.0143
      vertex 58.408 -3.82826 26.0837
    endloop
  endfacet
  facet normal -0.371611 -0.236381 0.897791
    outer loop
      vertex 58.408 -3.82826 26.0837
      vertex 63.2753 -4.14729 28.0143
      vertex 63.4111 0 29.1625
    endloop
  endfacet
  facet normal -0.348216 -0.26748 0.898443
    outer loop
      vertex 58.408 -3.82826 26.0837
      vertex 63.4111 0 29.1625
      vertex 58.5333 0 27.272
    endloop
  endfacet
  facet normal -0.377077 -0.253826 0.890722
    outer loop
      vertex 63.4111 0 29.1625
      vertex 68.2889 0 31.2274
      vertex 68.1427 4.46631 32.4383
    endloop
  endfacet
  facet normal -0.355362 -0.278068 0.89241
    outer loop
      vertex 63.4111 0 29.1625
      vertex 68.1427 4.46631 32.4383
      vertex 63.2753 4.14729 30.4007
    endloop
  endfacet
  facet normal -0.352816 -0.292936 0.888656
    outer loop
      vertex 63.2753 4.14729 30.4007
      vertex 68.1427 4.46631 32.4383
      vertex 67.7047 8.91349 33.7304
    endloop
  endfacet
  facet normal -0.330198 -0.314804 0.88987
    outer loop
      vertex 63.2753 4.14729 30.4007
      vertex 67.7047 8.91349 33.7304
      vertex 62.8686 8.27681 31.7106
    endloop
  endfacet
  facet normal -0.327204 -0.327039 0.886557
    outer loop
      vertex 62.8686 8.27681 31.7106
      vertex 67.7047 8.91349 33.7304
      vertex 66.9767 13.3225 35.0881
    endloop
  endfacet
  facet normal -0.304103 -0.346424 0.887419
    outer loop
      vertex 62.8686 8.27681 31.7106
      vertex 66.9767 13.3225 35.0881
      vertex 62.1927 12.3709 33.0772
    endloop
  endfacet
  facet normal -0.300809 -0.356725 0.884455
    outer loop
      vertex 62.1927 12.3709 33.0772
      vertex 66.9767 13.3225 35.0881
      vertex 65.962 17.6745 36.4983
    endloop
  endfacet
  facet normal -0.277534 -0.373664 0.885071
    outer loop
      vertex 62.1927 12.3709 33.0772
      vertex 65.962 17.6745 36.4983
      vertex 61.2504 16.412 34.4879
    endloop
  endfacet
  facet normal -0.274005 -0.382538 0.882375
    outer loop
      vertex 61.2504 16.412 34.4879
      vertex 65.962 17.6745 36.4983
      vertex 64.6648 21.9507 37.9494
    endloop
  endfacet
  facet normal -0.250779 -0.39714 0.88283
    outer loop
      vertex 61.2504 16.412 34.4879
      vertex 64.6648 21.9507 37.9494
      vertex 60.0459 20.3828 35.932
    endloop
  endfacet
  facet normal -0.247037 -0.404951 0.880334
    outer loop
      vertex 60.0459 20.3828 35.932
      vertex 64.6648 21.9507 37.9494
      vertex 63.0907 26.133 39.4315
    endloop
  endfacet
  facet normal -0.224023 -0.417358 0.880696
    outer loop
      vertex 60.0459 20.3828 35.932
      vertex 63.0907 26.133 39.4315
      vertex 58.5842 24.2664 37.4006
    endloop
  endfacet
  facet normal -0.220061 -0.424365 0.878344
    outer loop
      vertex 58.5842 24.2664 37.4006
      vertex 63.0907 26.133 39.4315
      vertex 61.2464 30.2034 40.936
    endloop
  endfacet
  facet normal -0.197381 -0.434726 0.878666
    outer loop
      vertex 58.5842 24.2664 37.4006
      vertex 61.2464 30.2034 40.936
      vertex 56.8717 28.046 38.8859
    endloop
  endfacet
  facet normal -0.193176 -0.441114 0.876414
    outer loop
      vertex 56.8717 28.046 38.8859
      vertex 61.2464 30.2034 40.936
      vertex 59.1399 34.1444 42.4553
    endloop
  endfacet
  facet normal -0.170927 -0.449577 0.876735
    outer loop
      vertex 56.8717 28.046 38.8859
      vertex 59.1399 34.1444 42.4553
      vertex 54.9156 31.7056 40.3811
    endloop
  endfacet
  facet normal -0.166449 -0.455475 0.87455
    outer loop
      vertex 54.9156 31.7056 40.3811
      vertex 59.1399 34.1444 42.4553
      vertex 56.7801 37.9393 43.9825
    endloop
  endfacet
  facet normal -0.144706 -0.46218 0.8749
    outer loop
      vertex 54.9156 31.7056 40.3811
      vertex 56.7801 37.9393 43.9825
      vertex 52.7244 35.2293 41.8801
    endloop
  endfacet
  facet normal -0.139921 -0.467676 0.872755
    outer loop
      vertex 52.7244 35.2293 41.8801
      vertex 56.7801 37.9393 43.9825
      vertex 54.1772 41.5716 45.5117
    endloop
  endfacet
  facet normal -0.11875 -0.472756 0.873156
    outer loop
      vertex 52.7244 35.2293 41.8801
      vertex 54.1772 41.5716 45.5117
      vertex 50.3074 38.6022 43.3776
    endloop
  endfacet
  facet normal -0.113624 -0.477909 0.87103
    outer loop
      vertex 50.3074 38.6022 43.3776
      vertex 54.1772 41.5716 45.5117
      vertex 51.3423 45.026 47.0372
    endloop
  endfacet
  facet normal -0.0930808 -0.481485 0.871498
    outer loop
      vertex 50.3074 38.6022 43.3776
      vertex 51.3423 45.026 47.0372
      vertex 47.675 41.8099 44.8686
    endloop
  endfacet
  facet normal -0.0875781 -0.486329 0.869376
    outer loop
      vertex 47.675 41.8099 44.8686
      vertex 51.3423 45.026 47.0372
      vertex 48.2875 48.2875 48.5539
    endloop
  endfacet
  facet normal -0.0677146 -0.488518 0.869922
    outer loop
      vertex 47.675 41.8099 44.8686
      vertex 48.2875 48.2875 48.5539
      vertex 44.8384 44.8384 46.3486
    endloop
  endfacet
  facet normal -0.0618027 -0.493068 0.867793
    outer loop
      vertex 44.8384 44.8384 46.3486
      vertex 48.2875 48.2875 48.5539
      vertex 45.026 51.3423 50.0573
    endloop
  endfacet
  facet normal -0.042665 -0.493981 0.868425
    outer loop
      vertex 44.8384 44.8384 46.3486
      vertex 45.026 51.3423 50.0573
      vertex 41.8099 47.675 47.8133
    endloop
  endfacet
  facet normal -0.0363137 -0.498238 0.86628
    outer loop
      vertex 41.8099 47.675 47.8133
      vertex 45.026 51.3423 50.0573
      vertex 41.5716 54.1772 51.543
    endloop
  endfacet
  facet normal -0.0179442 -0.49798 0.867003
    outer loop
      vertex 41.8099 47.675 47.8133
      vertex 41.5716 54.1772 51.543
      vertex 38.6022 50.3074 49.2589
    endloop
  endfacet
  facet normal -0.0111269 -0.501932 0.864836
    outer loop
      vertex 38.6022 50.3074 49.2589
      vertex 41.5716 54.1772 51.543
      vertex 37.9393 56.7801 53.007
    endloop
  endfacet
  facet normal 0.00643596 -0.500605 0.865652
    outer loop
      vertex 38.6022 50.3074 49.2589
      vertex 37.9393 56.7801 53.007
      vertex 35.2293 52.7244 50.6817
    endloop
  endfacet
  facet normal 0.0137419 -0.50423 0.86346
    outer loop
      vertex 35.2293 52.7244 50.6817
      vertex 37.9393 56.7801 53.007
      vertex 34.1444 59.1399 54.4454
    endloop
  endfacet
  facet normal 0.0304632 -0.501936 0.864368
    outer loop
      vertex 35.2293 52.7244 50.6817
      vertex 34.1444 59.1399 54.4454
      vertex 31.7056 54.9156 52.0783
    endloop
  endfacet
  facet normal 0.0382758 -0.505204 0.862151
    outer loop
      vertex 31.7056 54.9156 52.0783
      vertex 34.1444 59.1399 54.4454
      vertex 30.2034 61.2464 55.8547
    endloop
  endfacet
  facet normal 0.0541249 -0.502039 0.86315
    outer loop
      vertex 31.7056 54.9156 52.0783
      vertex 30.2034 61.2464 55.8547
      vertex 28.046 56.8717 53.4455
    endloop
  endfacet
  facet normal 0.0624571 -0.504913 0.860908
    outer loop
      vertex 28.046 56.8717 53.4455
      vertex 30.2034 61.2464 55.8547
      vertex 26.133 63.0907 57.2317
    endloop
  endfacet
  facet normal 0.0774079 -0.500975 0.861993
    outer loop
      vertex 28.046 56.8717 53.4455
      vertex 26.133 63.0907 57.2317
      vertex 24.2664 58.5842 54.7802
    endloop
  endfacet
  facet normal 0.0862671 -0.503413 0.859729
    outer loop
      vertex 24.2664 58.5842 54.7802
      vertex 26.133 63.0907 57.2317
      vertex 21.9507 64.6648 58.5731
    endloop
  endfacet
  facet normal 0.100298 -0.498797 0.860896
    outer loop
      vertex 24.2664 58.5842 54.7802
      vertex 21.9507 64.6648 58.5731
      vertex 20.3828 60.0459 56.0796
    endloop
  endfacet
  facet normal 0.109686 -0.500752 0.858613
    outer loop
      vertex 20.3828 60.0459 56.0796
      vertex 21.9507 64.6648 58.5731
      vertex 17.6745 65.962 59.8759
    endloop
  endfacet
  facet normal 0.122781 -0.495554 0.859855
    outer loop
      vertex 20.3828 60.0459 56.0796
      vertex 17.6745 65.962 59.8759
      vertex 16.412 61.2504 57.3408
    endloop
  endfacet
  facet normal 0.132693 -0.496974 0.85756
    outer loop
      vertex 16.412 61.2504 57.3408
      vertex 17.6745 65.962 59.8759
      vertex 13.3225 66.9767 61.1373
    endloop
  endfacet
  facet normal 0.144842 -0.491288 0.85887
    outer loop
      vertex 16.412 61.2504 57.3408
      vertex 13.3225 66.9767 61.1373
      vertex 12.3709 62.1927 58.5612
    endloop
  endfacet
  facet normal 0.155267 -0.492122 0.856568
    outer loop
      vertex 12.3709 62.1927 58.5612
      vertex 13.3225 66.9767 61.1373
      vertex 8.91349 67.7047 62.3547
    endloop
  endfacet
  facet normal 0.166465 -0.48604 0.857936
    outer loop
      vertex 12.3709 62.1927 58.5612
      vertex 8.91349 67.7047 62.3547
      vertex 8.27681 62.8686 59.7386
    endloop
  endfacet
  facet normal 0.177385 -0.486233 0.855635
    outer loop
      vertex 8.27681 62.8686 59.7386
      vertex 8.91349 67.7047 62.3547
      vertex 4.46631 68.1427 63.5256
    endloop
  endfacet
  facet normal 0.187634 -0.479847 0.857054
    outer loop
      vertex 8.27681 62.8686 59.7386
      vertex 4.46631 68.1427 63.5256
      vertex 4.14729 63.2753 60.8703
    endloop
  endfacet
  facet normal 0.199025 -0.479343 0.854762
    outer loop
      vertex 4.14729 63.2753 60.8703
      vertex 4.46631 68.1427 63.5256
      vertex 4.18149e-15 68.2889 64.6476
    endloop
  endfacet
  facet normal 0.208332 -0.472743 0.85622
    outer loop
      vertex 4.14729 63.2753 60.8703
      vertex 4.18149e-15 68.2889 64.6476
      vertex 3.88281e-15 63.4111 61.9544
    endloop
  endfacet
  facet normal 0.220164 -0.471488 0.853948
    outer loop
      vertex 3.88281e-15 63.4111 61.9544
      vertex 4.18149e-15 68.2889 64.6476
      vertex -4.46631 68.1427 65.7183
    endloop
  endfacet
  facet normal 0.228543 -0.464761 0.855433
    outer loop
      vertex 3.88281e-15 63.4111 61.9544
      vertex -4.46631 68.1427 65.7183
      vertex -4.14729 63.2753 62.9887
    endloop
  endfacet
  facet normal 0.240777 -0.462701 0.853191
    outer loop
      vertex -4.14729 63.2753 62.9887
      vertex -4.46631 68.1427 65.7183
      vertex -8.91349 67.7047 66.7358
    endloop
  endfacet
  facet normal 0.248249 -0.455932 0.854692
    outer loop
      vertex -4.14729 63.2753 62.9887
      vertex -8.91349 67.7047 66.7358
      vertex -8.27681 62.8686 63.9711
    endloop
  endfacet
  facet normal 0.260842 -0.453015 0.85249
    outer loop
      vertex -8.27681 62.8686 63.9711
      vertex -8.91349 67.7047 66.7358
      vertex -13.3225 66.9767 67.6981
    endloop
  endfacet
  facet normal 0.267434 -0.446285 0.853996
    outer loop
      vertex -8.27681 62.8686 63.9711
      vertex -13.3225 66.9767 67.6981
      vertex -12.3709 62.1927 64.9
    endloop
  endfacet
  facet normal 0.280335 -0.442461 0.851845
    outer loop
      vertex -12.3709 62.1927 64.9
      vertex -13.3225 66.9767 67.6981
      vertex -17.6745 65.962 68.6032
    endloop
  endfacet
  facet normal 0.286079 -0.43585 0.853343
    outer loop
      vertex -12.3709 62.1927 64.9
      vertex -17.6745 65.962 68.6032
      vertex -16.412 61.2504 65.7735
    endloop
  endfacet
  facet normal 0.299232 -0.431072 0.851256
    outer loop
      vertex -16.412 61.2504 65.7735
      vertex -17.6745 65.962 68.6032
      vertex -21.9507 64.6648 69.4495
    endloop
  endfacet
  facet normal 0.304169 -0.424653 0.852732
    outer loop
      vertex -16.412 61.2504 65.7735
      vertex -21.9507 64.6648 69.4495
      vertex -20.3828 60.0459 66.59
    endloop
  endfacet
  facet normal 0.31751 -0.41888 0.850722
    outer loop
      vertex -20.3828 60.0459 66.59
      vertex -21.9507 64.6648 69.4495
      vertex -26.133 63.0907 70.2353
    endloop
  endfacet
  facet normal 0.321684 -0.412722 0.852162
    outer loop
      vertex -20.3828 60.0459 66.59
      vertex -26.133 63.0907 70.2353
      vertex -24.2664 58.5842 67.3481
    endloop
  endfacet
  facet normal 0.335146 -0.405915 0.850241
    outer loop
      vertex -24.2664 58.5842 67.3481
      vertex -26.133 63.0907 70.2353
      vertex -30.2034 61.2464 70.9593
    endloop
  endfacet
  facet normal 0.338608 -0.400084 0.851632
    outer loop
      vertex -24.2664 58.5842 67.3481
      vertex -30.2034 61.2464 70.9593
      vertex -28.046 56.8717 68.0464
    endloop
  endfacet
  facet normal 0.352118 -0.39221 0.849814
    outer loop
      vertex -28.046 56.8717 68.0464
      vertex -30.2034 61.2464 70.9593
      vertex -34.1444 59.1399 71.6201
    endloop
  endfacet
  facet normal 0.354922 -0.386764 0.851143
    outer loop
      vertex -28.046 56.8717 68.0464
      vertex -34.1444 59.1399 71.6201
      vertex -31.7056 54.9156 68.6835
    endloop
  endfacet
  facet normal 0.368403 -0.377797 0.84944
    outer loop
      vertex -31.7056 54.9156 68.6835
      vertex -34.1444 59.1399 71.6201
      vertex -37.9393 56.7801 72.2164
    endloop
  endfacet
  facet normal 0.37061 -0.372789 0.850692
    outer loop
      vertex -31.7056 54.9156 68.6835
      vertex -37.9393 56.7801 72.2164
      vertex -35.2293 52.7244 69.2585
    endloop
  endfacet
  facet normal 0.38398 -0.362708 0.849118
    outer loop
      vertex -35.2293 52.7244 69.2585
      vertex -37.9393 56.7801 72.2164
      vertex -41.5716 54.1772 72.7471
    endloop
  endfacet
  facet normal 0.385655 -0.358183 0.850279
    outer loop
      vertex -35.2293 52.7244 69.2585
      vertex -41.5716 54.1772 72.7471
      vertex -38.6022 50.3074 69.7701
    endloop
  endfacet
  facet normal 0.398828 -0.346975 0.848849
    outer loop
      vertex -38.6022 50.3074 69.7701
      vertex -41.5716 54.1772 72.7471
      vertex -45.026 51.3423 73.2113
    endloop
  endfacet
  facet normal 0.400038 -0.342974 0.849905
    outer loop
      vertex -38.6022 50.3074 69.7701
      vertex -45.026 51.3423 73.2113
      vertex -41.8099 47.675 70.2176
    endloop
  endfacet
  facet normal 0.412927 -0.330631 0.848631
    outer loop
      vertex -41.8099 47.675 70.2176
      vertex -45.026 51.3423 73.2113
      vertex -48.2875 48.2875 73.6081
    endloop
  endfacet
  facet normal 0.413743 -0.327186 0.849568
    outer loop
      vertex -41.8099 47.675 70.2176
      vertex -48.2875 48.2875 73.6081
      vertex -44.8384 44.8384 70.6001
    endloop
  endfacet
  facet normal 0.426257 -0.313709 0.848464
    outer loop
      vertex -44.8384 44.8384 70.6001
      vertex -48.2875 48.2875 73.6081
      vertex -51.3423 45.026 73.9369
    endloop
  endfacet
  facet normal 0.426753 -0.310844 0.849269
    outer loop
      vertex -44.8384 44.8384 70.6001
      vertex -51.3423 45.026 73.9369
      vertex -47.675 41.8099 70.917
    endloop
  endfacet
  facet normal 0.438801 -0.296241 0.848348
    outer loop
      vertex -47.675 41.8099 70.917
      vertex -51.3423 45.026 73.9369
      vertex -54.1772 41.5716 74.197
    endloop
  endfacet
  facet normal 0.43905 -0.293976 0.849007
    outer loop
      vertex -47.675 41.8099 70.917
      vertex -54.1772 41.5716 74.197
      vertex -50.3074 38.6022 71.1676
    endloop
  endfacet
  facet normal 0.450539 -0.278263 0.848283
    outer loop
      vertex -50.3074 38.6022 71.1676
      vertex -54.1772 41.5716 74.197
      vertex -56.7801 37.9393 74.3879
    endloop
  endfacet
  facet normal 0.450618 -0.276606 0.848783
    outer loop
      vertex -50.3074 38.6022 71.1676
      vertex -56.7801 37.9393 74.3879
      vertex -52.7244 35.2293 71.3516
    endloop
  endfacet
  facet normal 0.461457 -0.259807 0.848267
    outer loop
      vertex -52.7244 35.2293 71.3516
      vertex -56.7801 37.9393 74.3879
      vertex -59.1399 34.1444 74.5094
    endloop
  endfacet
  facet normal 0.461442 -0.258761 0.848596
    outer loop
      vertex -52.7244 35.2293 71.3516
      vertex -59.1399 34.1444 74.5094
      vertex -54.9156 31.7056 71.4686
    endloop
  endfacet
  facet normal 0.471537 -0.240908 0.848302
    outer loop
      vertex -54.9156 31.7056 71.4686
      vertex -59.1399 34.1444 74.5094
      vertex -61.2464 30.2034 74.5611
    endloop
  endfacet
  facet normal 0.471503 -0.240467 0.848446
    outer loop
      vertex -54.9156 31.7056 71.4686
      vertex -61.2464 30.2034 74.5611
      vertex -56.8717 28.046 71.5185
    endloop
  endfacet
  facet normal 0.480765 -0.2216 0.848386
    outer loop
      vertex -56.8717 28.046 71.5185
      vertex -61.2464 30.2034 74.5611
      vertex -63.0907 26.133 74.543
    endloop
  endfacet
  facet normal 0.480787 -0.221752 0.848334
    outer loop
      vertex -56.8717 28.046 71.5185
      vertex -63.0907 26.133 74.543
      vertex -58.5842 24.2664 71.5011
    endloop
  endfacet
  facet normal 0.489127 -0.201918 0.848519
    outer loop
      vertex -58.5842 24.2664 71.5011
      vertex -63.0907 26.133 74.543
      vertex -64.6648 21.9507 74.4552
    endloop
  endfacet
  facet normal 0.489277 -0.202643 0.848259
    outer loop
      vertex -58.5842 24.2664 71.5011
      vertex -64.6648 21.9507 74.4552
      vertex -60.0459 20.3828 71.4164
    endloop
  endfacet
  facet normal 0.496609 -0.181897 0.848701
    outer loop
      vertex -60.0459 20.3828 71.4164
      vertex -64.6648 21.9507 74.4552
      vertex -65.962 17.6745 74.2977
    endloop
  endfacet
  facet normal 0.496958 -0.183166 0.848223
    outer loop
      vertex -60.0459 20.3828 71.4164
      vertex -65.962 17.6745 74.2977
      vertex -61.2504 16.412 71.2646
    endloop
  endfacet
  facet normal 0.5032 -0.161571 0.848931
    outer loop
      vertex -61.2504 16.412 71.2646
      vertex -65.962 17.6745 74.2977
      vertex -66.9767 13.3225 74.0709
    endloop
  endfacet
  facet normal 0.503815 -0.163351 0.848226
    outer loop
      vertex -61.2504 16.412 71.2646
      vertex -66.9767 13.3225 74.0709
      vertex -62.1927 12.3709 71.0461
    endloop
  endfacet
  facet normal 0.508888 -0.140976 0.849211
    outer loop
      vertex -62.1927 12.3709 71.0461
      vertex -66.9767 13.3225 74.0709
      vertex -67.7047 8.91349 73.7752
    endloop
  endfacet
  facet normal 0.509832 -0.143225 0.848268
    outer loop
      vertex -62.1927 12.3709 71.0461
      vertex -67.7047 8.91349 73.7752
      vertex -62.8686 8.27681 70.7611
    endloop
  endfacet
  facet normal 0.513662 -0.120147 0.849539
    outer loop
      vertex -62.8686 8.27681 70.7611
      vertex -67.7047 8.91349 73.7752
      vertex -68.1427 4.46631 73.4111
    endloop
  endfacet
  facet normal 0.514995 -0.122818 0.848349
    outer loop
      vertex -62.8686 8.27681 70.7611
      vertex -68.1427 4.46631 73.4111
      vertex -63.2753 4.14729 70.4101
    endloop
  endfacet
  facet normal 0.517513 -0.0991181 0.849915
    outer loop
      vertex -63.2753 4.14729 70.4101
      vertex -68.1427 4.46631 73.4111
      vertex -68.2889 8.36298e-15 72.9792
    endloop
  endfacet
  facet normal 0.519289 -0.102159 0.848471
    outer loop
      vertex -63.2753 4.14729 70.4101
      vertex -68.2889 8.36298e-15 72.9792
      vertex -63.4111 7.76562e-15 69.9939
    endloop
  endfacet
  facet normal 0.520432 -0.0779258 0.85034
    outer loop
      vertex -63.4111 7.76562e-15 69.9939
      vertex -68.2889 8.36298e-15 72.9792
      vertex -68.1427 -4.46631 72.4804
    endloop
  endfacet
  facet normal 0.5227 -0.0812776 0.848634
    outer loop
      vertex -63.4111 7.76562e-15 69.9939
      vertex -68.1427 -4.46631 72.4804
      vertex -63.2753 -4.14729 69.513
    endloop
  endfacet
  facet normal 0.522411 -0.0566049 0.850813
    outer loop
      vertex -63.2753 -4.14729 69.513
      vertex -68.1427 -4.46631 72.4804
      vertex -67.7047 -8.91349 71.9156
    endloop
  endfacet
  facet normal 0.525214 -0.0602048 0.848838
    outer loop
      vertex -63.2753 -4.14729 69.513
      vertex -67.7047 -8.91349 71.9156
      vertex -62.8686 -8.27681 68.9685
    endloop
  endfacet
  facet normal 0.523442 -0.0351904 0.851334
    outer loop
      vertex -62.8686 -8.27681 68.9685
      vertex -67.7047 -8.91349 71.9156
      vertex -66.9767 -13.3225 71.2858
    endloop
  endfacet
  facet normal 0.526817 -0.0389714 0.849085
    outer loop
      vertex -62.8686 -8.27681 68.9685
      vertex -66.9767 -13.3225 71.2858
      vertex -62.1927 -12.3709 68.3612
    endloop
  endfacet
  facet normal 0.523517 -0.0137175 0.851905
    outer loop
      vertex -62.1927 -12.3709 68.3612
      vertex -66.9767 -13.3225 71.2858
      vertex -65.962 -17.6745 70.5921
    endloop
  endfacet
  facet normal 0.527496 -0.017609 0.849375
    outer loop
      vertex -62.1927 -12.3709 68.3612
      vertex -65.962 -17.6745 70.5921
      vertex -61.2504 -16.412 67.6922
    endloop
  endfacet
  facet normal 0.522631 0.00777866 0.852524
    outer loop
      vertex -61.2504 -16.412 67.6922
      vertex -65.962 -17.6745 70.5921
      vertex -64.6648 -21.9507 69.8359
    endloop
  endfacet
  facet normal 0.527237 0.00385036 0.84971
    outer loop
      vertex -61.2504 -16.412 67.6922
      vertex -64.6648 -21.9507 69.8359
      vertex -60.0459 -20.3828 66.9628
    endloop
  endfacet
  facet normal 0.520776 0.0292632 0.853192
    outer loop
      vertex -60.0459 -20.3828 66.9628
      vertex -64.6648 -21.9507 69.8359
      vertex -63.0907 -26.133 69.0186
    endloop
  endfacet
  facet normal 0.526026 0.025374 0.85009
    outer loop
      vertex -60.0459 -20.3828 66.9628
      vertex -63.0907 -26.133 69.0186
      vertex -58.5842 -24.2664 66.1743
    endloop
  endfacet
  facet normal 0.517946 0.0507012 0.853909
    outer loop
      vertex -58.5842 -24.2664 66.1743
      vertex -63.0907 -26.133 69.0186
      vertex -61.2464 -30.2034 68.1416
    endloop
  endfacet
  facet normal 0.523852 0.0469286 0.850516
    outer loop
      vertex -58.5842 -24.2664 66.1743
      vertex -61.2464 -30.2034 68.1416
      vertex -56.8717 -28.046 65.3281
    endloop
  endfacet
  facet normal 0.514136 0.0720576 0.854677
    outer loop
      vertex -56.8717 -28.046 65.3281
      vertex -61.2464 -30.2034 68.1416
      vertex -59.1399 -34.1444 67.2067
    endloop
  endfacet
  facet normal 0.5207 0.0684804 0.850989
    outer loop
      vertex -56.8717 -28.046 65.3281
      vertex -59.1399 -34.1444 67.2067
      vertex -54.9156 -31.7056 64.4257
    endloop
  endfacet
  facet normal 0.509337 0.0932976 0.855495
    outer loop
      vertex -54.9156 -31.7056 64.4257
      vertex -59.1399 -34.1444 67.2067
      vertex -56.7801 -37.9393 66.2156
    endloop
  endfacet
  facet normal 0.516556 0.0899948 0.851511
    outer loop
      vertex -54.9156 -31.7056 64.4257
      vertex -56.7801 -37.9393 66.2156
      vertex -52.7244 -35.2293 63.4688
    endloop
  endfacet
  facet normal 0.503545 0.114386 0.856364
    outer loop
      vertex -52.7244 -35.2293 63.4688
      vertex -56.7801 -37.9393 66.2156
      vertex -54.1772 -41.5716 65.1702
    endloop
  endfacet
  facet normal 0.511407 0.111437 0.852083
    outer loop
      vertex -52.7244 -35.2293 63.4688
      vertex -54.1772 -41.5716 65.1702
      vertex -50.3074 -38.6022 62.4593
    endloop
  endfacet
  facet normal 0.49675 0.135288 0.857285
    outer loop
      vertex -50.3074 -38.6022 62.4593
      vertex -54.1772 -41.5716 65.1702
      vertex -51.3423 -45.026 64.0727
    endloop
  endfacet
  facet normal 0.505239 0.13277 0.852705
    outer loop
      vertex -50.3074 -38.6022 62.4593
      vertex -51.3423 -45.026 64.0727
      vertex -47.675 -41.8099 61.399
    endloop
  endfacet
  facet normal 0.488944 0.155968 0.858259
    outer loop
      vertex -47.675 -41.8099 61.399
      vertex -51.3423 -45.026 64.0727
      vertex -48.2875 -48.2875 62.9251
    endloop
  endfacet
  facet normal 0.498036 0.153959 0.853379
    outer loop
      vertex -47.675 -41.8099 61.399
      vertex -48.2875 -48.2875 62.9251
      vertex -44.8384 -44.8384 60.2899
    endloop
  endfacet
  facet normal 0.480118 0.17639 0.859286
    outer loop
      vertex -44.8384 -44.8384 60.2899
      vertex -48.2875 -48.2875 62.9251
      vertex -45.026 -51.3423 61.7298
    endloop
  endfacet
  facet normal 0.489784 0.174965 0.854107
    outer loop
      vertex -44.8384 -44.8384 60.2899
      vertex -45.026 -51.3423 61.7298
      vertex -41.8099 -47.675 59.1343
    endloop
  endfacet
  facet normal 0.470261 0.196518 0.860369
    outer loop
      vertex -41.8099 -47.675 59.1343
      vertex -45.026 -51.3423 61.7298
      vertex -41.5716 -54.1772 60.4893
    endloop
  endfacet
  facet normal 0.480463 0.19575 0.85489
    outer loop
      vertex -41.8099 -47.675 59.1343
      vertex -41.5716 -54.1772 60.4893
      vertex -38.6022 -50.3074 57.9343
    endloop
  endfacet
  facet normal 0.459358 0.216315 0.861509
    outer loop
      vertex -38.6022 -50.3074 57.9343
      vertex -41.5716 -54.1772 60.4893
      vertex -37.9393 -56.7801 59.2061
    endloop
  endfacet
  facet normal 0.470057 0.216275 0.855729
    outer loop
      vertex -38.6022 -50.3074 57.9343
      vertex -37.9393 -56.7801 59.2061
      vertex -35.2293 -52.7244 56.6924
    endloop
  endfacet
  facet normal 0.447395 0.235742 0.862707
    outer loop
      vertex -35.2293 -52.7244 56.6924
      vertex -37.9393 -56.7801 59.2061
      vertex -34.1444 -59.1399 57.8829
    endloop
  endfacet
  facet normal 0.458544 0.236498 0.856625
    outer loop
      vertex -35.2293 -52.7244 56.6924
      vertex -34.1444 -59.1399 57.8829
      vertex -31.7056 -54.9156 55.4111
    endloop
  endfacet
  facet normal 0.434353 0.25476 0.863965
    outer loop
      vertex -31.7056 -54.9156 55.4111
      vertex -34.1444 -59.1399 57.8829
      vertex -30.2034 -61.2464 56.5227
    endloop
  endfacet
  facet normal 0.4459 0.256378 0.85758
    outer loop
      vertex -31.7056 -54.9156 55.4111
      vertex -30.2034 -61.2464 56.5227
      vertex -28.046 -56.8717 54.0931
    endloop
  endfacet
  facet normal 0.420209 0.273327 0.865284
    outer loop
      vertex -28.046 -56.8717 54.0931
      vertex -30.2034 -61.2464 56.5227
      vertex -26.133 -63.0907 55.1286
    endloop
  endfacet
  facet normal 0.432099 0.275871 0.858595
    outer loop
      vertex -28.046 -56.8717 54.0931
      vertex -26.133 -63.0907 55.1286
      vertex -24.2664 -58.5842 52.7412
    endloop
  endfacet
  facet normal 0.404935 0.291399 0.866668
    outer loop
      vertex -24.2664 -58.5842 52.7412
      vertex -26.133 -63.0907 55.1286
      vertex -21.9507 -64.6648 53.7038
    endloop
  endfacet
  facet normal 0.41711 0.294928 0.859673
    outer loop
      vertex -24.2664 -58.5842 52.7412
      vertex -21.9507 -64.6648 53.7038
      vertex -20.3828 -60.0459 51.3584
    endloop
  endfacet
  facet normal 0.3885 0.308929 0.868119
    outer loop
      vertex -20.3828 -60.0459 51.3584
      vertex -21.9507 -64.6648 53.7038
      vertex -17.6745 -65.962 52.2517
    endloop
  endfacet
  facet normal 0.400897 0.313501 0.860813
    outer loop
      vertex -20.3828 -60.0459 51.3584
      vertex -17.6745 -65.962 52.2517
      vertex -16.412 -61.2504 49.9478
    endloop
  endfacet
  facet normal 0.370864 0.325864 0.869639
    outer loop
      vertex -16.412 -61.2504 49.9478
      vertex -17.6745 -65.962 52.2517
      vertex -13.3225 -66.9767 50.776
    endloop
  endfacet
  facet normal 0.383418 0.331535 0.862018
    outer loop
      vertex -16.412 -61.2504 49.9478
      vertex -13.3225 -66.9767 50.776
      vertex -12.3709 -62.1927 48.5127
    endloop
  endfacet
  facet normal 0.35198 0.342148 0.871232
    outer loop
      vertex -12.3709 -62.1927 48.5127
      vertex -13.3225 -66.9767 50.776
      vertex -8.91349 -67.7047 49.2806
    endloop
  endfacet
  facet normal 0.364625 0.348973 0.863288
    outer loop
      vertex -12.3709 -62.1927 48.5127
      vertex -8.91349 -67.7047 49.2806
      vertex -8.27681 -62.8686 47.0568
    endloop
  endfacet
  facet normal 0.331792 0.357715 0.8729
    outer loop
      vertex -8.27681 -62.8686 47.0568
      vertex -8.91349 -67.7047 49.2806
      vertex -4.46631 -68.1427 47.7697
    endloop
  endfacet
  facet normal 0.344457 0.365748 0.864626
    outer loop
      vertex -8.27681 -62.8686 47.0568
      vertex -4.46631 -68.1427 47.7697
      vertex -4.14729 -63.2753 45.5837
    endloop
  endfacet
  facet normal 0.310231 0.372492 0.874647
    outer loop
      vertex -4.14729 -63.2753 45.5837
      vertex -4.46631 -68.1427 47.7697
      vertex -1.25445e-14 -68.2889 46.2478
    endloop
  endfacet
  facet normal 0.322846 0.381786 0.866031
    outer loop
      vertex -4.14729 -63.2753 45.5837
      vertex -1.25445e-14 -68.2889 46.2478
      vertex -1.16484e-14 -63.4111 44.0975
    endloop
  endfacet
  facet normal 0.287217 0.38639 0.876475
    outer loop
      vertex -1.16484e-14 -63.4111 44.0975
      vertex -1.25445e-14 -68.2889 46.2478
      vertex 4.46631 -68.1427 44.7198
    endloop
  endfacet
  facet normal 0.299708 0.397 0.867506
    outer loop
      vertex -1.16484e-14 -63.4111 44.0975
      vertex 4.46631 -68.1427 44.7198
      vertex 4.14729 -63.2753 42.6025
    endloop
  endfacet
  facet normal 0.262653 0.399306 0.87839
    outer loop
      vertex 4.14729 -63.2753 42.6025
      vertex 4.46631 -68.1427 44.7198
      vertex 8.91349 -67.7047 43.1909
    endloop
  endfacet
  facet normal 0.274943 0.41129 0.869049
    outer loop
      vertex 4.14729 -63.2753 42.6025
      vertex 8.91349 -67.7047 43.1909
      vertex 8.27681 -62.8686 41.1036
    endloop
  endfacet
  facet normal 0.236423 0.411114 0.880392
    outer loop
      vertex 8.27681 -62.8686 41.1036
      vertex 8.91349 -67.7047 43.1909
      vertex 13.3225 -66.9767 41.6669
    endloop
  endfacet
  facet normal 0.248433 0.424532 0.870663
    outer loop
      vertex 8.27681 -62.8686 41.1036
      vertex 13.3225 -66.9767 41.6669
      vertex 12.3709 -62.1927 39.6058
    endloop
  endfacet
  facet normal 0.208389 0.42166 0.882483
    outer loop
      vertex 12.3709 -62.1927 39.6058
      vertex 13.3225 -66.9767 41.6669
      vertex 17.6745 -65.962 40.1544
    endloop
  endfacet
  facet normal 0.220038 0.436574 0.872346
    outer loop
      vertex 12.3709 -62.1927 39.6058
      vertex 17.6745 -65.962 40.1544
      vertex 16.412 -61.2504 38.1149
    endloop
  endfacet
  facet normal 0.178393 0.430748 0.884665
    outer loop
      vertex 16.412 -61.2504 38.1149
      vertex 17.6745 -65.962 40.1544
      vertex 21.9507 -64.6648 38.6605
    endloop
  endfacet
  facet normal 0.18959 0.447223 0.874098
    outer loop
      vertex 16.412 -61.2504 38.1149
      vertex 21.9507 -64.6648 38.6605
      vertex 20.3828 -60.0459 36.6373
    endloop
  endfacet
  facet normal 0.146246 0.438132 0.886934
    outer loop
      vertex 20.3828 -60.0459 36.6373
      vertex 21.9507 -64.6648 38.6605
      vertex 26.133 -63.0907 37.1933
    endloop
  endfacet
  facet normal 0.156896 0.456233 0.875919
    outer loop
      vertex 20.3828 -60.0459 36.6373
      vertex 26.133 -63.0907 37.1933
      vertex 24.2664 -58.5842 35.1804
    endloop
  endfacet
  facet normal 0.111739 0.443498 0.889283
    outer loop
      vertex 24.2664 -58.5842 35.1804
      vertex 26.133 -63.0907 37.1933
      vertex 30.2034 -61.2464 35.7621
    endloop
  endfacet
  facet normal 0.121735 0.463282 0.87781
    outer loop
      vertex 24.2664 -58.5842 35.1804
      vertex 30.2034 -61.2464 35.7621
      vertex 28.046 -56.8717 33.7524
    endloop
  endfacet
  facet normal 0.0746423 0.446437 0.891696
    outer loop
      vertex 28.046 -56.8717 33.7524
      vertex 30.2034 -61.2464 35.7621
      vertex 34.1444 -59.1399 34.3775
    endloop
  endfacet
  facet normal 0.0838629 0.467942 0.879771
    outer loop
      vertex 28.046 -56.8717 33.7524
      vertex 34.1444 -59.1399 34.3775
      vertex 31.7056 -54.9156 32.3632
    endloop
  endfacet
  facet normal 0.0347202 0.446425 0.894147
    outer loop
      vertex 31.7056 -54.9156 32.3632
      vertex 34.1444 -59.1399 34.3775
      vertex 37.9393 -56.7801 33.052
    endloop
  endfacet
  facet normal 0.0430285 0.469643 0.881807
    outer loop
      vertex 31.7056 -54.9156 32.3632
      vertex 37.9393 -56.7801 33.052
      vertex 35.2293 -52.7244 31.0242
    endloop
  endfacet
  facet normal -0.00823474 0.442782 0.896591
    outer loop
      vertex 35.2293 -52.7244 31.0242
      vertex 37.9393 -56.7801 33.052
      vertex 41.5716 -54.1772 31.7999
    endloop
  endfacet
  facet normal -0.000995457 0.467624 0.883927
    outer loop
      vertex 35.2293 -52.7244 31.0242
      vertex 41.5716 -54.1772 31.7999
      vertex 38.6022 -50.3074 29.7493
    endloop
  endfacet
  facet normal -0.0543459 0.434651 0.898958
    outer loop
      vertex 38.6022 -50.3074 29.7493
      vertex 41.5716 -54.1772 31.7999
      vertex 45.026 -51.3423 30.638
    endloop
  endfacet
  facet normal -0.0483498 0.460871 0.886149
    outer loop
      vertex 38.6022 -50.3074 29.7493
      vertex 45.026 -51.3423 30.638
      vertex 41.8099 -47.675 28.5553
    endloop
  endfacet
  facet normal -0.103552 0.420975 0.901142
    outer loop
      vertex 41.8099 -47.675 28.5553
      vertex 45.026 -51.3423 30.638
      vertex 48.2875 -48.2875 29.5858
    endloop
  endfacet
  facet normal -0.0989789 0.44807 0.888502
    outer loop
      vertex 41.8099 -47.675 28.5553
      vertex 48.2875 -48.2875 29.5858
      vertex 44.8384 -44.8384 27.4622
    endloop
  endfacet
  facet normal -0.155451 0.400525 0.903003
    outer loop
      vertex 44.8384 -44.8384 27.4622
      vertex 48.2875 -48.2875 29.5858
      vertex 51.3423 -45.026 28.665
    endloop
  endfacet
  facet normal -0.152455 0.427592 0.891023
    outer loop
      vertex 44.8384 -44.8384 27.4622
      vertex 51.3423 -45.026 28.665
      vertex 47.675 -41.8099 26.4941
    endloop
  endfacet
  facet normal -0.209096 0.372015 0.904369
    outer loop
      vertex 47.675 -41.8099 26.4941
      vertex 51.3423 -45.026 28.665
      vertex 54.1772 -41.5716 27.8995
    endloop
  endfacet
  facet normal -0.207735 0.397596 0.893736
    outer loop
      vertex 47.675 -41.8099 26.4941
      vertex 54.1772 -41.5716 27.8995
      vertex 50.3074 -38.6022 25.679
    endloop
  endfacet
  facet normal -0.26278 0.33434 0.905076
    outer loop
      vertex 50.3074 -38.6022 25.679
      vertex 54.1772 -41.5716 27.8995
      vertex 56.7801 -37.9393 27.3134
    endloop
  endfacet
  facet normal -0.262895 0.356347 0.896606
    outer loop
      vertex 50.3074 -38.6022 25.679
      vertex 56.7801 -37.9393 27.3134
      vertex 52.7244 -35.2293 25.0472
    endloop
  endfacet
  facet normal -0.313952 0.286978 0.905029
    outer loop
      vertex 52.7244 -35.2293 25.0472
      vertex 56.7801 -37.9393 27.3134
      vertex 59.1399 -34.1444 26.9287
    endloop
  endfacet
  facet normal -0.315008 0.302862 0.899469
    outer loop
      vertex 52.7244 -35.2293 25.0472
      vertex 59.1399 -34.1444 26.9287
      vertex 54.9156 -31.7056 24.6281
    endloop
  endfacet
  facet normal -0.359443 0.230426 0.90427
    outer loop
      vertex 54.9156 -31.7056 24.6281
      vertex 59.1399 -34.1444 26.9287
      vertex 61.2464 -30.2034 26.7618
    endloop
  endfacet
  facet normal -0.360413 0.237761 0.901983
    outer loop
      vertex 54.9156 -31.7056 24.6281
      vertex 61.2464 -30.2034 26.7618
      vertex 56.8717 -28.046 24.445
    endloop
  endfacet
  facet normal -0.396099 0.166479 0.90299
    outer loop
      vertex 56.8717 -28.046 24.445
      vertex 61.2464 -30.2034 26.7618
      vertex 63.0907 -26.133 26.8203
    endloop
  endfacet
  facet normal -0.395564 0.163852 0.903705
    outer loop
      vertex 56.8717 -28.046 24.445
      vertex 63.0907 -26.133 26.8203
      vertex 58.5842 -24.2664 24.5093
    endloop
  endfacet
  facet normal -0.421651 0.0980674 0.90144
    outer loop
      vertex 58.5842 -24.2664 24.5093
      vertex 63.0907 -26.133 26.8203
      vertex 64.6648 -21.9507 27.1016
    endloop
  endfacet
  facet normal -0.418188 0.0857679 0.904302
    outer loop
      vertex 58.5842 -24.2664 24.5093
      vertex 64.6648 -21.9507 27.1016
      vertex 60.0459 -20.3828 24.8169
    endloop
  endfacet
  facet normal -0.435354 0.0286435 0.899804
    outer loop
      vertex 60.0459 -20.3828 24.8169
      vertex 64.6648 -21.9507 27.1016
      vertex 65.962 -17.6745 27.5931
    endloop
  endfacet
  facet normal -0.428017 0.00859232 0.90373
    outer loop
      vertex 60.0459 -20.3828 24.8169
      vertex 65.962 -17.6745 27.5931
      vertex 61.2504 -16.412 25.3497
    endloop
  endfacet
  facet normal -0.438005 -0.0386143 0.898143
    outer loop
      vertex 61.2504 -16.412 25.3497
      vertex 65.962 -17.6745 27.5931
      vertex 66.9767 -13.3225 28.2751
    endloop
  endfacet
  facet normal -0.426576 -0.0636488 0.902209
    outer loop
      vertex 61.2504 -16.412 25.3497
      vertex 66.9767 -13.3225 28.2751
      vertex 62.1927 -12.3709 26.0803
    endloop
  endfacet
  facet normal -0.431431 -0.101381 0.896432
    outer loop
      vertex 62.1927 -12.3709 26.0803
      vertex 66.9767 -13.3225 28.2751
      vertex 67.7047 -8.91349 29.1241
    endloop
  endfacet
  facet normal -0.41631 -0.128689 0.900069
    outer loop
      vertex 62.1927 -12.3709 26.0803
      vertex 67.7047 -8.91349 29.1241
      vertex 62.8686 -8.27681 26.9783
    endloop
  endfacet
  facet normal -0.417803 -0.158359 0.89463
    outer loop
      vertex 62.8686 -8.27681 26.9783
      vertex 67.7047 -8.91349 29.1241
      vertex 68.1427 -4.46631 30.1158
    endloop
  endfacet
  facet normal -0.399721 -0.185833 0.897602
    outer loop
      vertex 62.8686 -8.27681 26.9783
      vertex 68.1427 -4.46631 30.1158
      vertex 63.2753 -4.14729 28.0143
    endloop
  endfacet
  facet normal -0.399141 -0.209122 0.892723
    outer loop
      vertex 63.2753 -4.14729 28.0143
      vertex 68.1427 -4.46631 30.1158
      vertex 68.2889 0 31.2274
    endloop
  endfacet
  facet normal -0.378892 -0.235373 0.895009
    outer loop
      vertex 63.2753 -4.14729 28.0143
      vertex 68.2889 0 31.2274
      vertex 63.4111 0 29.1625
    endloop
  endfacet
  facet normal -0.400091 -0.232732 0.886433
    outer loop
      vertex 68.2889 0 31.2274
      vertex 73.1667 0 33.429
      vertex 73.01 4.78533 34.6147
    endloop
  endfacet
  facet normal -0.380963 -0.253528 0.889152
    outer loop
      vertex 68.2889 0 31.2274
      vertex 73.01 4.78533 34.6147
      vertex 68.1427 4.46631 32.4383
    endloop
  endfacet
  facet normal -0.377599 -0.273722 0.884588
    outer loop
      vertex 68.1427 4.46631 32.4383
      vertex 73.01 4.78533 34.6147
      vertex 72.5407 9.55017 35.8888
    endloop
  endfacet
  facet normal -0.357281 -0.292864 0.886894
    outer loop
      vertex 68.1427 4.46631 32.4383
      vertex 72.5407 9.55017 35.8888
      vertex 67.7047 8.91349 33.7304
    endloop
  endfacet
  facet normal -0.353153 -0.310023 0.882705
    outer loop
      vertex 67.7047 8.91349 33.7304
      vertex 72.5407 9.55017 35.8888
      vertex 71.7608 14.2741 37.2359
    endloop
  endfacet
  facet normal -0.332068 -0.327259 0.884665
    outer loop
      vertex 67.7047 8.91349 33.7304
      vertex 71.7608 14.2741 37.2359
      vertex 66.9767 13.3225 35.0881
    endloop
  endfacet
  facet normal -0.327396 -0.342038 0.880808
    outer loop
      vertex 66.9767 13.3225 35.0881
      vertex 71.7608 14.2741 37.2359
      vertex 70.6736 18.9369 38.6425
    endloop
  endfacet
  facet normal -0.305881 -0.357272 0.882493
    outer loop
      vertex 66.9767 13.3225 35.0881
      vertex 70.6736 18.9369 38.6425
      vertex 65.962 17.6745 36.4983
    endloop
  endfacet
  facet normal -0.300793 -0.370181 0.878914
    outer loop
      vertex 65.962 17.6745 36.4983
      vertex 70.6736 18.9369 38.6425
      vertex 69.2837 23.5187 40.0965
    endloop
  endfacet
  facet normal -0.279111 -0.383414 0.880392
    outer loop
      vertex 65.962 17.6745 36.4983
      vertex 69.2837 23.5187 40.0965
      vertex 64.6648 21.9507 37.9494
    endloop
  endfacet
  facet normal -0.273674 -0.394844 0.877041
    outer loop
      vertex 64.6648 21.9507 37.9494
      vertex 69.2837 23.5187 40.0965
      vertex 67.5972 27.9997 41.5876
    endloop
  endfacet
  facet normal -0.252031 -0.406135 0.87837
    outer loop
      vertex 64.6648 21.9507 37.9494
      vertex 67.5972 27.9997 41.5876
      vertex 63.0907 26.133 39.4315
    endloop
  endfacet
  facet normal -0.246272 -0.41638 0.875202
    outer loop
      vertex 63.0907 26.133 39.4315
      vertex 67.5972 27.9997 41.5876
      vertex 65.6212 32.3608 43.1064
    endloop
  endfacet
  facet normal -0.224829 -0.425818 0.876431
    outer loop
      vertex 63.0907 26.133 39.4315
      vertex 65.6212 32.3608 43.1064
      vertex 61.2464 30.2034 40.936
    endloop
  endfacet
  facet normal -0.218751 -0.435099 0.873405
    outer loop
      vertex 61.2464 30.2034 40.936
      vertex 65.6212 32.3608 43.1064
      vertex 63.3642 36.5833 44.6446
    endloop
  endfacet
  facet normal -0.197635 -0.442788 0.874574
    outer loop
      vertex 61.2464 30.2034 40.936
      vertex 63.3642 36.5833 44.6446
      vertex 59.1399 34.1444 42.4553
    endloop
  endfacet
  facet normal -0.191229 -0.451267 0.871659
    outer loop
      vertex 59.1399 34.1444 42.4553
      vertex 63.3642 36.5833 44.6446
      vertex 60.8359 40.6492 46.1949
    endloop
  endfacet
  facet normal -0.170543 -0.457316 0.872799
    outer loop
      vertex 59.1399 34.1444 42.4553
      vertex 60.8359 40.6492 46.1949
      vertex 56.7801 37.9393 43.9825
    endloop
  endfacet
  facet normal -0.16379 -0.465111 0.869968
    outer loop
      vertex 56.7801 37.9393 43.9825
      vertex 60.8359 40.6492 46.1949
      vertex 58.047 44.541 47.7505
    endloop
  endfacet
  facet normal -0.143618 -0.46963 0.871104
    outer loop
      vertex 56.7801 37.9393 43.9825
      vertex 58.047 44.541 47.7505
      vertex 54.1772 41.5716 45.5117
    endloop
  endfacet
  facet normal -0.136496 -0.476825 0.868336
    outer loop
      vertex 54.1772 41.5716 45.5117
      vertex 58.047 44.541 47.7505
      vertex 55.0096 48.2421 49.3055
    endloop
  endfacet
  facet normal -0.11691 -0.479923 0.869486
    outer loop
      vertex 54.1772 41.5716 45.5117
      vertex 55.0096 48.2421 49.3055
      vertex 51.3423 45.026 47.0372
    endloop
  endfacet
  facet normal -0.109394 -0.486574 0.866764
    outer loop
      vertex 51.3423 45.026 47.0372
      vertex 55.0096 48.2421 49.3055
      vertex 51.7366 51.7366 50.8541
    endloop
  endfacet
  facet normal -0.0904554 -0.488357 0.867943
    outer loop
      vertex 51.3423 45.026 47.0372
      vertex 51.7366 51.7366 50.8541
      vertex 48.2875 48.2875 48.5539
    endloop
  endfacet
  facet normal -0.0825229 -0.494496 0.865253
    outer loop
      vertex 48.2875 48.2875 48.5539
      vertex 51.7366 51.7366 50.8541
      vertex 48.2421 55.0096 52.3913
    endloop
  endfacet
  facet normal -0.0642852 -0.495069 0.866472
    outer loop
      vertex 48.2875 48.2875 48.5539
      vertex 48.2421 55.0096 52.3913
      vertex 45.026 51.3423 50.0573
    endloop
  endfacet
  facet normal -0.0559139 -0.500713 0.863806
    outer loop
      vertex 45.026 51.3423 50.0573
      vertex 48.2421 55.0096 52.3913
      vertex 44.541 58.047 53.9124
    endloop
  endfacet
  facet normal -0.0384239 -0.500176 0.865071
    outer loop
      vertex 45.026 51.3423 50.0573
      vertex 44.541 58.047 53.9124
      vertex 41.5716 54.1772 51.543
    endloop
  endfacet
  facet normal -0.029595 -0.505327 0.86242
    outer loop
      vertex 41.5716 54.1772 51.543
      vertex 44.541 58.047 53.9124
      vertex 40.6492 60.8359 55.4129
    endloop
  endfacet
  facet normal -0.0128934 -0.503779 0.863737
    outer loop
      vertex 41.5716 54.1772 51.543
      vertex 40.6492 60.8359 55.4129
      vertex 37.9393 56.7801 53.007
    endloop
  endfacet
  facet normal -0.0035915 -0.508428 0.861097
    outer loop
      vertex 37.9393 56.7801 53.007
      vertex 40.6492 60.8359 55.4129
      vertex 36.5833 63.3642 56.8888
    endloop
  endfacet
  facet normal 0.0122862 -0.505965 0.862466
    outer loop
      vertex 37.9393 56.7801 53.007
      vertex 36.5833 63.3642 56.8888
      vertex 34.1444 59.1399 54.4454
    endloop
  endfacet
  facet normal 0.0220723 -0.510094 0.859836
    outer loop
      vertex 34.1444 59.1399 54.4454
      vertex 36.5833 63.3642 56.8888
      vertex 32.3608 65.6212 58.3362
    endloop
  endfacet
  facet normal 0.0370962 -0.506813 0.861258
    outer loop
      vertex 34.1444 59.1399 54.4454
      vertex 32.3608 65.6212 58.3362
      vertex 30.2034 61.2464 55.8547
    endloop
  endfacet
  facet normal 0.0473727 -0.510393 0.858635
    outer loop
      vertex 30.2034 61.2464 55.8547
      vertex 32.3608 65.6212 58.3362
      vertex 27.9997 67.5972 59.7514
    endloop
  endfacet
  facet normal 0.0615182 -0.506388 0.860108
    outer loop
      vertex 30.2034 61.2464 55.8547
      vertex 27.9997 67.5972 59.7514
      vertex 26.133 63.0907 57.2317
    endloop
  endfacet
  facet normal 0.0722862 -0.509388 0.857496
    outer loop
      vertex 26.133 63.0907 57.2317
      vertex 27.9997 67.5972 59.7514
      vertex 23.5187 69.2837 61.131
    endloop
  endfacet
  facet normal 0.0855342 -0.504753 0.859016
    outer loop
      vertex 26.133 63.0907 57.2317
      vertex 23.5187 69.2837 61.131
      vertex 21.9507 64.6648 58.5731
    endloop
  endfacet
  facet normal 0.0967894 -0.507133 0.856416
    outer loop
      vertex 21.9507 64.6648 58.5731
      vertex 23.5187 69.2837 61.131
      vertex 18.9369 70.6736 62.4718
    endloop
  endfacet
  facet normal 0.109126 -0.50196 0.857979
    outer loop
      vertex 21.9507 64.6648 58.5731
      vertex 18.9369 70.6736 62.4718
      vertex 17.6745 65.962 59.8759
    endloop
  endfacet
  facet normal 0.120858 -0.503679 0.855395
    outer loop
      vertex 17.6745 65.962 59.8759
      vertex 18.9369 70.6736 62.4718
      vertex 14.2741 71.7608 63.7708
    endloop
  endfacet
  facet normal 0.132276 -0.498059 0.856995
    outer loop
      vertex 17.6745 65.962 59.8759
      vertex 14.2741 71.7608 63.7708
      vertex 13.3225 66.9767 61.1373
    endloop
  endfacet
  facet normal 0.144469 -0.499073 0.854432
    outer loop
      vertex 13.3225 66.9767 61.1373
      vertex 14.2741 71.7608 63.7708
      vertex 9.55017 72.5407 65.0251
    endloop
  endfacet
  facet normal 0.154967 -0.493095 0.856062
    outer loop
      vertex 13.3225 66.9767 61.1373
      vertex 9.55017 72.5407 65.0251
      vertex 8.91349 67.7047 62.3547
    endloop
  endfacet
  facet normal 0.167598 -0.493358 0.853527
    outer loop
      vertex 8.91349 67.7047 62.3547
      vertex 9.55017 72.5407 65.0251
      vertex 4.78533 73.01 66.232
    endloop
  endfacet
  facet normal 0.177179 -0.48711 0.855179
    outer loop
      vertex 8.91349 67.7047 62.3547
      vertex 4.78533 73.01 66.232
      vertex 4.46631 68.1427 63.5256
    endloop
  endfacet
  facet normal 0.190219 -0.486575 0.852679
    outer loop
      vertex 4.46631 68.1427 63.5256
      vertex 4.78533 73.01 66.232
      vertex 4.48017e-15 73.1667 67.3889
    endloop
  endfacet
  facet normal 0.198894 -0.480143 0.854344
    outer loop
      vertex 4.46631 68.1427 63.5256
      vertex 4.48017e-15 73.1667 67.3889
      vertex 4.18149e-15 68.2889 64.6476
    endloop
  endfacet
  facet normal 0.212308 -0.478762 0.851887
    outer loop
      vertex 4.18149e-15 68.2889 64.6476
      vertex 4.48017e-15 73.1667 67.3889
      vertex -4.78533 73.01 68.4934
    endloop
  endfacet
  facet normal 0.220094 -0.47223 0.853556
    outer loop
      vertex 4.18149e-15 68.2889 64.6476
      vertex -4.78533 73.01 68.4934
      vertex -4.46631 68.1427 65.7183
    endloop
  endfacet
  facet normal 0.233842 -0.469958 0.851151
    outer loop
      vertex -4.46631 68.1427 65.7183
      vertex -4.78533 73.01 68.4934
      vertex -9.55017 72.5407 69.5434
    endloop
  endfacet
  facet normal 0.24076 -0.463406 0.852813
    outer loop
      vertex -4.46631 68.1427 65.7183
      vertex -9.55017 72.5407 69.5434
      vertex -8.91349 67.7047 66.7358
    endloop
  endfacet
  facet normal 0.254794 -0.460198 0.850469
    outer loop
      vertex -8.91349 67.7047 66.7358
      vertex -9.55017 72.5407 69.5434
      vertex -14.2741 71.7608 70.5366
    endloop
  endfacet
  facet normal 0.260874 -0.453704 0.852114
    outer loop
      vertex -8.91349 67.7047 66.7358
      vertex -14.2741 71.7608 70.5366
      vertex -13.3225 66.9767 67.6981
    endloop
  endfacet
  facet normal 0.275141 -0.449518 0.849842
    outer loop
      vertex -13.3225 66.9767 67.6981
      vertex -14.2741 71.7608 70.5366
      vertex -18.9369 70.6736 71.4712
    endloop
  endfacet
  facet normal 0.280416 -0.443155 0.851458
    outer loop
      vertex -13.3225 66.9767 67.6981
      vertex -18.9369 70.6736 71.4712
      vertex -17.6745 65.962 68.6032
    endloop
  endfacet
  facet normal 0.294857 -0.437953 0.849268
    outer loop
      vertex -17.6745 65.962 68.6032
      vertex -18.9369 70.6736 71.4712
      vertex -23.5187 69.2837 72.3452
    endloop
  endfacet
  facet normal 0.299369 -0.431791 0.850844
    outer loop
      vertex -17.6745 65.962 68.6032
      vertex -23.5187 69.2837 72.3452
      vertex -21.9507 64.6648 69.4495
    endloop
  endfacet
  facet normal 0.313919 -0.425537 0.848748
    outer loop
      vertex -21.9507 64.6648 69.4495
      vertex -23.5187 69.2837 72.3452
      vertex -27.9997 67.5972 73.157
    endloop
  endfacet
  facet normal 0.317712 -0.41964 0.850271
    outer loop
      vertex -21.9507 64.6648 69.4495
      vertex -27.9997 67.5972 73.157
      vertex -26.133 63.0907 70.2353
    endloop
  endfacet
  facet normal 0.332304 -0.412305 0.84828
    outer loop
      vertex -26.133 63.0907 70.2353
      vertex -27.9997 67.5972 73.157
      vertex -32.3608 65.6212 73.9049
    endloop
  endfacet
  facet normal 0.335428 -0.406733 0.849739
    outer loop
      vertex -26.133 63.0907 70.2353
      vertex -32.3608 65.6212 73.9049
      vertex -30.2034 61.2464 70.9593
    endloop
  endfacet
  facet normal 0.349987 -0.398291 0.847864
    outer loop
      vertex -30.2034 61.2464 70.9593
      vertex -32.3608 65.6212 73.9049
      vertex -36.5833 63.3642 74.5877
    endloop
  endfacet
  facet normal 0.352497 -0.393098 0.849247
    outer loop
      vertex -30.2034 61.2464 70.9593
      vertex -36.5833 63.3642 74.5877
      vertex -34.1444 59.1399 71.6201
    endloop
  endfacet
  facet normal 0.366946 -0.383528 0.8475
    outer loop
      vertex -34.1444 59.1399 71.6201
      vertex -36.5833 63.3642 74.5877
      vertex -40.6492 60.8359 75.204
    endloop
  endfacet
  facet normal 0.368902 -0.378763 0.848794
    outer loop
      vertex -34.1444 59.1399 71.6201
      vertex -40.6492 60.8359 75.204
      vertex -37.9393 56.7801 72.2164
    endloop
  endfacet
  facet normal 0.38316 -0.368052 0.847187
    outer loop
      vertex -37.9393 56.7801 72.2164
      vertex -40.6492 60.8359 75.204
      vertex -44.541 58.047 75.7525
    endloop
  endfacet
  facet normal 0.384623 -0.363756 0.848379
    outer loop
      vertex -37.9393 56.7801 72.2164
      vertex -44.541 58.047 75.7525
      vertex -41.5716 54.1772 72.7471
    endloop
  endfacet
  facet normal 0.398605 -0.351897 0.846925
    outer loop
      vertex -41.5716 54.1772 72.7471
      vertex -44.541 58.047 75.7525
      vertex -48.2421 55.0096 76.2324
    endloop
  endfacet
  facet normal 0.399642 -0.348105 0.848003
    outer loop
      vertex -41.5716 54.1772 72.7471
      vertex -48.2421 55.0096 76.2324
      vertex -45.026 51.3423 73.2113
    endloop
  endfacet
  facet normal 0.413262 -0.335098 0.846713
    outer loop
      vertex -45.026 51.3423 73.2113
      vertex -48.2421 55.0096 76.2324
      vertex -51.7366 51.7366 76.6427
    endloop
  endfacet
  facet normal 0.41394 -0.331839 0.847665
    outer loop
      vertex -45.026 51.3423 73.2113
      vertex -51.7366 51.7366 76.6427
      vertex -48.2875 48.2875 73.6081
    endloop
  endfacet
  facet normal 0.427111 -0.317689 0.846552
    outer loop
      vertex -48.2875 48.2875 73.6081
      vertex -51.7366 51.7366 76.6427
      vertex -55.0096 48.2421 76.9826
    endloop
  endfacet
  facet normal 0.427501 -0.314985 0.847365
    outer loop
      vertex -48.2875 48.2875 73.6081
      vertex -55.0096 48.2421 76.9826
      vertex -51.3423 45.026 73.9369
    endloop
  endfacet
  facet normal 0.440132 -0.299705 0.84644
    outer loop
      vertex -51.3423 45.026 73.9369
      vertex -55.0096 48.2421 76.9826
      vertex -58.047 44.541 77.2515
    endloop
  endfacet
  facet normal 0.440305 -0.29757 0.847103
    outer loop
      vertex -51.3423 45.026 73.9369
      vertex -58.047 44.541 77.2515
      vertex -54.1772 41.5716 74.197
    endloop
  endfacet
  facet normal 0.452307 -0.281183 0.846377
    outer loop
      vertex -54.1772 41.5716 74.197
      vertex -58.047 44.541 77.2515
      vertex -60.8359 40.6492 77.449
    endloop
  endfacet
  facet normal 0.452336 -0.279624 0.846878
    outer loop
      vertex -54.1772 41.5716 74.197
      vertex -60.8359 40.6492 77.449
      vertex -56.7801 37.9393 74.3879
    endloop
  endfacet
  facet normal 0.463619 -0.262157 0.846364
    outer loop
      vertex -56.7801 37.9393 74.3879
      vertex -60.8359 40.6492 77.449
      vertex -63.3642 36.5833 77.5745
    endloop
  endfacet
  facet normal 0.463575 -0.261175 0.846691
    outer loop
      vertex -56.7801 37.9393 74.3879
      vertex -63.3642 36.5833 77.5745
      vertex -59.1399 34.1444 74.5094
    endloop
  endfacet
  facet normal 0.47405 -0.242664 0.846399
    outer loop
      vertex -59.1399 34.1444 74.5094
      vertex -63.3642 36.5833 77.5745
      vertex -65.6212 32.3608 77.628
    endloop
  endfacet
  facet normal 0.474006 -0.242251 0.846542
    outer loop
      vertex -59.1399 34.1444 74.5094
      vertex -65.6212 32.3608 77.628
      vertex -61.2464 30.2034 74.5611
    endloop
  endfacet
  facet normal 0.483586 -0.222739 0.846482
    outer loop
      vertex -61.2464 30.2034 74.5611
      vertex -65.6212 32.3608 77.628
      vertex -67.5972 27.9997 77.6093
    endloop
  endfacet
  facet normal 0.48361 -0.222881 0.846431
    outer loop
      vertex -61.2464 30.2034 74.5611
      vertex -67.5972 27.9997 77.6093
      vertex -63.0907 26.133 74.543
    endloop
  endfacet
  facet normal 0.492211 -0.202419 0.846614
    outer loop
      vertex -63.0907 26.133 74.543
      vertex -67.5972 27.9997 77.6093
      vertex -69.2837 23.5187 77.5185
    endloop
  endfacet
  facet normal 0.492373 -0.203095 0.846358
    outer loop
      vertex -63.0907 26.133 74.543
      vertex -69.2837 23.5187 77.5185
      vertex -64.6648 21.9507 74.4552
    endloop
  endfacet
  facet normal 0.499911 -0.18174 0.846794
    outer loop
      vertex -64.6648 21.9507 74.4552
      vertex -69.2837 23.5187 77.5185
      vertex -70.6736 18.9369 77.3556
    endloop
  endfacet
  facet normal 0.500276 -0.182922 0.846323
    outer loop
      vertex -64.6648 21.9507 74.4552
      vertex -70.6736 18.9369 77.3556
      vertex -65.962 17.6745 74.2977
    endloop
  endfacet
  facet normal 0.506673 -0.16074 0.847021
    outer loop
      vertex -65.962 17.6745 74.2977
      vertex -70.6736 18.9369 77.3556
      vertex -71.7608 14.2741 77.1211
    endloop
  endfacet
  facet normal 0.507304 -0.162392 0.846328
    outer loop
      vertex -65.962 17.6745 74.2977
      vertex -71.7608 14.2741 77.1211
      vertex -66.9767 13.3225 74.0709
    endloop
  endfacet
  facet normal 0.512485 -0.139454 0.847297
    outer loop
      vertex -66.9767 13.3225 74.0709
      vertex -71.7608 14.2741 77.1211
      vertex -72.5407 9.55017 76.8154
    endloop
  endfacet
  facet normal 0.513442 -0.141537 0.846372
    outer loop
      vertex -66.9767 13.3225 74.0709
      vertex -72.5407 9.55017 76.8154
      vertex -67.7047 8.91349 73.7752
    endloop
  endfacet
  facet normal 0.517335 -0.117919 0.84762
    outer loop
      vertex -67.7047 8.91349 73.7752
      vertex -72.5407 9.55017 76.8154
      vertex -73.01 4.78533 76.4389
    endloop
  endfacet
  facet normal 0.518672 -0.120388 0.846455
    outer loop
      vertex -67.7047 8.91349 73.7752
      vertex -73.01 4.78533 76.4389
      vertex -68.1427 4.46631 73.4111
    endloop
  endfacet
  facet normal 0.521214 -0.0961727 0.84799
    outer loop
      vertex -68.1427 4.46631 73.4111
      vertex -73.01 4.78533 76.4389
      vertex -73.1667 8.96033e-15 75.9925
    endloop
  endfacet
  facet normal 0.522979 -0.0989745 0.846579
    outer loop
      vertex -68.1427 4.46631 73.4111
      vertex -73.1667 8.96033e-15 75.9925
      vertex -68.2889 8.36298e-15 72.9792
    endloop
  endfacet
  facet normal 0.524109 -0.0742517 0.848408
    outer loop
      vertex -68.2889 8.36298e-15 72.9792
      vertex -73.1667 8.96033e-15 75.9925
      vertex -73.01 -4.78533 75.4769
    endloop
  endfacet
  facet normal 0.52635 -0.0773306 0.846744
    outer loop
      vertex -68.2889 8.36298e-15 72.9792
      vertex -73.01 -4.78533 75.4769
      vertex -68.1427 -4.46631 72.4804
    endloop
  endfacet
  facet normal 0.526013 -0.0521929 0.848874
    outer loop
      vertex -68.1427 -4.46631 72.4804
      vertex -73.01 -4.78533 75.4769
      vertex -72.5407 -9.55017 74.8931
    endloop
  endfacet
  facet normal 0.528768 -0.0554883 0.846951
    outer loop
      vertex -68.1427 -4.46631 72.4804
      vertex -72.5407 -9.55017 74.8931
      vertex -67.7047 -8.91349 71.9156
    endloop
  endfacet
  facet normal 0.526916 -0.0300334 0.849387
    outer loop
      vertex -67.7047 -8.91349 71.9156
      vertex -72.5407 -9.55017 74.8931
      vertex -71.7608 -14.2741 74.2423
    endloop
  endfacet
  facet normal 0.530218 -0.033481 0.8472
    outer loop
      vertex -67.7047 -8.91349 71.9156
      vertex -71.7608 -14.2741 74.2423
      vertex -66.9767 -13.3225 71.2858
    endloop
  endfacet
  facet normal 0.52681 -0.00781023 0.849947
    outer loop
      vertex -66.9767 -13.3225 71.2858
      vertex -71.7608 -14.2741 74.2423
      vertex -70.6736 -18.9369 73.5256
    endloop
  endfacet
  facet normal 0.530687 -0.0113426 0.847492
    outer loop
      vertex -66.9767 -13.3225 71.2858
      vertex -70.6736 -18.9369 73.5256
      vertex -65.962 -17.6745 70.5921
    endloop
  endfacet
  facet normal 0.525686 0.0144396 0.850556
    outer loop
      vertex -65.962 -17.6745 70.5921
      vertex -70.6736 -18.9369 73.5256
      vertex -69.2837 -23.5187 72.7443
    endloop
  endfacet
  facet normal 0.530159 0.0108926 0.847828
    outer loop
      vertex -65.962 -17.6745 70.5921
      vertex -69.2837 -23.5187 72.7443
      vertex -64.6648 -21.9507 69.8359
    endloop
  endfacet
  facet normal 0.523537 0.0366789 0.851213
    outer loop
      vertex -64.6648 -21.9507 69.8359
      vertex -69.2837 -23.5187 72.7443
      vertex -67.5972 -27.9997 71.9001
    endloop
  endfacet
  facet normal 0.528621 0.0331895 0.848209
    outer loop
      vertex -64.6648 -21.9507 69.8359
      vertex -67.5972 -27.9997 71.9001
      vertex -63.0907 -26.133 69.0186
    endloop
  endfacet
  facet normal 0.520355 0.0588705 0.851918
    outer loop
      vertex -63.0907 -26.133 69.0186
      vertex -67.5972 -27.9997 71.9001
      vertex -65.6212 -32.3608 70.9946
    endloop
  endfacet
  facet normal 0.526057 0.0555122 0.848636
    outer loop
      vertex -63.0907 -26.133 69.0186
      vertex -65.6212 -32.3608 70.9946
      vertex -61.2464 -30.2034 68.1416
    endloop
  endfacet
  facet normal 0.516132 0.0809771 0.852673
    outer loop
      vertex -61.2464 -30.2034 68.1416
      vertex -65.6212 -32.3608 70.9946
      vertex -63.3642 -36.5833 70.0294
    endloop
  endfacet
  facet normal 0.522453 0.0778242 0.849109
    outer loop
      vertex -61.2464 -30.2034 68.1416
      vertex -63.3642 -36.5833 70.0294
      vertex -59.1399 -34.1444 67.2067
    endloop
  endfacet
  facet normal 0.510859 0.102961 0.853477
    outer loop
      vertex -59.1399 -34.1444 67.2067
      vertex -63.3642 -36.5833 70.0294
      vertex -60.8359 -40.6492 69.0065
    endloop
  endfacet
  facet normal 0.517795 0.100088 0.84963
    outer loop
      vertex -59.1399 -34.1444 67.2067
      vertex -60.8359 -40.6492 69.0065
      vertex -56.7801 -37.9393 66.2156
    endloop
  endfacet
  facet normal 0.504528 0.124785 0.85433
    outer loop
      vertex -56.7801 -37.9393 66.2156
      vertex -60.8359 -40.6492 69.0065
      vertex -58.047 -44.541 67.928
    endloop
  endfacet
  facet normal 0.512066 0.122267 0.850199
    outer loop
      vertex -56.7801 -37.9393 66.2156
      vertex -58.047 -44.541 67.928
      vertex -54.1772 -41.5716 65.1702
    endloop
  endfacet
  facet normal 0.497129 0.14641 0.855235
    outer loop
      vertex -54.1772 -41.5716 65.1702
      vertex -58.047 -44.541 67.928
      vertex -55.0096 -48.2421 66.796
    endloop
  endfacet
  facet normal 0.505252 0.14432 0.850819
    outer loop
      vertex -54.1772 -41.5716 65.1702
      vertex -55.0096 -48.2421 66.796
      vertex -51.3423 -45.026 64.0727
    endloop
  endfacet
  facet normal 0.488652 0.167798 0.856191
    outer loop
      vertex -51.3423 -45.026 64.0727
      vertex -55.0096 -48.2421 66.796
      vertex -51.7366 -51.7366 65.6129
    endloop
  endfacet
  facet normal 0.497335 0.166209 0.851489
    outer loop
      vertex -51.3423 -45.026 64.0727
      vertex -51.7366 -51.7366 65.6129
      vertex -48.2875 -48.2875 62.9251
    endloop
  endfacet
  facet normal 0.479084 0.18891 0.8572
    outer loop
      vertex -48.2875 -48.2875 62.9251
      vertex -51.7366 -51.7366 65.6129
      vertex -48.2421 -55.0096 64.3812
    endloop
  endfacet
  facet normal 0.488297 0.187892 0.85221
    outer loop
      vertex -48.2875 -48.2875 62.9251
      vertex -48.2421 -55.0096 64.3812
      vertex -45.026 -51.3423 61.7298
    endloop
  endfacet
  facet normal 0.468413 0.209705 0.858262
    outer loop
      vertex -45.026 -51.3423 61.7298
      vertex -48.2421 -55.0096 64.3812
      vertex -44.541 -58.047 63.1034
    endloop
  endfacet
  facet normal 0.47812 0.209326 0.852985
    outer loop
      vertex -45.026 -51.3423 61.7298
      vertex -44.541 -58.047 63.1034
      vertex -41.5716 -54.1772 60.4893
    endloop
  endfacet
  facet normal 0.456622 0.230141 0.859379
    outer loop
      vertex -41.5716 -54.1772 60.4893
      vertex -44.541 -58.047 63.1034
      vertex -40.6492 -60.8359 61.7823
    endloop
  endfacet
  facet normal 0.466782 0.230468 0.853814
    outer loop
      vertex -41.5716 -54.1772 60.4893
      vertex -40.6492 -60.8359 61.7823
      vertex -37.9393 -56.7801 59.2061
    endloop
  endfacet
  facet normal 0.443692 0.250176 0.860552
    outer loop
      vertex -37.9393 -56.7801 59.2061
      vertex -40.6492 -60.8359 61.7823
      vertex -36.5833 -63.3642 60.421
    endloop
  endfacet
  facet normal 0.454261 0.251272 0.854698
    outer loop
      vertex -37.9393 -56.7801 59.2061
      vertex -36.5833 -63.3642 60.421
      vertex -34.1444 -59.1399 57.8829
    endloop
  endfacet
  facet normal 0.429604 0.269764 0.861782
    outer loop
      vertex -34.1444 -59.1399 57.8829
      vertex -36.5833 -63.3642 60.421
      vertex -32.3608 -65.6212 59.0226
    endloop
  endfacet
  facet normal 0.440529 0.27169 0.855639
    outer loop
      vertex -34.1444 -59.1399 57.8829
      vertex -32.3608 -65.6212 59.0226
      vertex -30.2034 -61.2464 56.5227
    endloop
  endfacet
  facet normal 0.414331 0.288857 0.863071
    outer loop
      vertex -30.2034 -61.2464 56.5227
      vertex -32.3608 -65.6212 59.0226
      vertex -27.9997 -67.5972 57.5903
    endloop
  endfacet
  facet normal 0.425559 0.291672 0.856637
    outer loop
      vertex -30.2034 -61.2464 56.5227
      vertex -27.9997 -67.5972 57.5903
      vertex -26.133 -63.0907 55.1286
    endloop
  endfacet
  facet normal 0.397843 0.307404 0.864421
    outer loop
      vertex -26.133 -63.0907 55.1286
      vertex -27.9997 -67.5972 57.5903
      vertex -23.5187 -69.2837 56.1277
    endloop
  endfacet
  facet normal 0.409316 0.311162 0.857694
    outer loop
      vertex -26.133 -63.0907 55.1286
      vertex -23.5187 -69.2837 56.1277
      vertex -21.9507 -64.6648 53.7038
    endloop
  endfacet
  facet normal 0.380106 0.325349 0.865834
    outer loop
      vertex -21.9507 -64.6648 53.7038
      vertex -23.5187 -69.2837 56.1277
      vertex -18.9369 -70.6736 54.6385
    endloop
  endfacet
  facet normal 0.391762 0.330102 0.85881
    outer loop
      vertex -21.9507 -64.6648 53.7038
      vertex -18.9369 -70.6736 54.6385
      vertex -17.6745 -65.962 52.2517
    endloop
  endfacet
  facet normal 0.361078 0.34263 0.86731
    outer loop
      vertex -17.6745 -65.962 52.2517
      vertex -18.9369 -70.6736 54.6385
      vertex -14.2741 -71.7608 53.1268
    endloop
  endfacet
  facet normal 0.372852 0.348429 0.859987
    outer loop
      vertex -17.6745 -65.962 52.2517
      vertex -14.2741 -71.7608 53.1268
      vertex -13.3225 -66.9767 50.776
    endloop
  endfacet
  facet normal 0.34071 0.359179 0.868854
    outer loop
      vertex -13.3225 -66.9767 50.776
      vertex -14.2741 -71.7608 53.1268
      vertex -9.55017 -72.5407 51.5968
    endloop
  endfacet
  facet normal 0.352536 0.366072 0.861226
    outer loop
      vertex -13.3225 -66.9767 50.776
      vertex -9.55017 -72.5407 51.5968
      vertex -8.91349 -67.7047 49.2806
    endloop
  endfacet
  facet normal 0.318946 0.374919 0.870465
    outer loop
      vertex -8.91349 -67.7047 49.2806
      vertex -9.55017 -72.5407 51.5968
      vertex -4.78533 -73.01 50.0531
    endloop
  endfacet
  facet normal 0.330753 0.38295 0.862526
    outer loop
      vertex -8.91349 -67.7047 49.2806
      vertex -4.78533 -73.01 50.0531
      vertex -4.46631 -68.1427 47.7697
    endloop
  endfacet
  facet normal 0.295717 0.389759 0.872146
    outer loop
      vertex -4.46631 -68.1427 47.7697
      vertex -4.78533 -73.01 50.0531
      vertex -1.34405e-14 -73.1667 48.5005
    endloop
  endfacet
  facet normal 0.307433 0.398973 0.86389
    outer loop
      vertex -4.46631 -68.1427 47.7697
      vertex -1.34405e-14 -73.1667 48.5005
      vertex -1.25445e-14 -68.2889 46.2478
    endloop
  endfacet
  facet normal 0.270946 0.403596 0.873899
    outer loop
      vertex -1.25445e-14 -68.2889 46.2478
      vertex -1.34405e-14 -73.1667 48.5005
      vertex 4.78533 -73.01 46.9445
    endloop
  endfacet
  facet normal 0.282494 0.414035 0.865316
    outer loop
      vertex -1.25445e-14 -68.2889 46.2478
      vertex 4.78533 -73.01 46.9445
      vertex 4.46631 -68.1427 44.7198
    endloop
  endfacet
  facet normal 0.244541 0.416304 0.875723
    outer loop
      vertex 4.46631 -68.1427 44.7198
      vertex 4.78533 -73.01 46.9445
      vertex 9.55017 -72.5407 45.3909
    endloop
  endfacet
  facet normal 0.255844 0.428008 0.866806
    outer loop
      vertex 4.46631 -68.1427 44.7198
      vertex 9.55017 -72.5407 45.3909
      vertex 8.91349 -67.7047 43.1909
    endloop
  endfacet
  facet normal 0.216397 0.427734 0.877619
    outer loop
      vertex 8.91349 -67.7047 43.1909
      vertex 9.55017 -72.5407 45.3909
      vertex 14.2741 -71.7608 43.8459
    endloop
  endfacet
  facet normal 0.227372 0.440743 0.868359
    outer loop
      vertex 8.91349 -67.7047 43.1909
      vertex 14.2741 -71.7608 43.8459
      vertex 13.3225 -66.9767 41.6669
    endloop
  endfacet
  facet normal 0.186396 0.437706 0.879585
    outer loop
      vertex 13.3225 -66.9767 41.6669
      vertex 14.2741 -71.7608 43.8459
      vertex 18.9369 -70.6736 42.3168
    endloop
  endfacet
  facet normal 0.196955 0.452053 0.869975
    outer loop
      vertex 13.3225 -66.9767 41.6669
      vertex 18.9369 -70.6736 42.3168
      vertex 17.6745 -65.962 40.1544
    endloop
  endfacet
  facet normal 0.154404 0.445994 0.881617
    outer loop
      vertex 17.6745 -65.962 40.1544
      vertex 18.9369 -70.6736 42.3168
      vertex 23.5187 -69.2837 40.8113
    endloop
  endfacet
  facet normal 0.164455 0.461708 0.871654
    outer loop
      vertex 17.6745 -65.962 40.1544
      vertex 23.5187 -69.2837 40.8113
      vertex 21.9507 -64.6648 38.6605
    endloop
  endfacet
  facet normal 0.120278 0.452324 0.883706
    outer loop
      vertex 21.9507 -64.6648 38.6605
      vertex 23.5187 -69.2837 40.8113
      vertex 27.9997 -67.5972 39.3381
    endloop
  endfacet
  facet normal 0.129721 0.469419 0.873395
    outer loop
      vertex 21.9507 -64.6648 38.6605
      vertex 27.9997 -67.5972 39.3381
      vertex 26.133 -63.0907 37.1933
    endloop
  endfacet
  facet normal 0.0838702 0.45635 0.885839
    outer loop
      vertex 26.133 -63.0907 37.1933
      vertex 27.9997 -67.5972 39.3381
      vertex 32.3608 -65.6212 37.9073
    endloop
  endfacet
  facet normal 0.092595 0.47482 0.875198
    outer loop
      vertex 26.133 -63.0907 37.1933
      vertex 32.3608 -65.6212 37.9073
      vertex 30.2034 -61.2464 35.7621
    endloop
  endfacet
  facet normal 0.04504 0.457644 0.887994
    outer loop
      vertex 30.2034 -61.2464 35.7621
      vertex 32.3608 -65.6212 37.9073
      vertex 36.5833 -63.3642 36.5299
    endloop
  endfacet
  facet normal 0.0529282 0.477445 0.877066
    outer loop
      vertex 30.2034 -61.2464 35.7621
      vertex 36.5833 -63.3642 36.5299
      vertex 34.1444 -59.1399 34.3775
    endloop
  endfacet
  facet normal 0.00367911 0.455673 0.89014
    outer loop
      vertex 34.1444 -59.1399 34.3775
      vertex 36.5833 -63.3642 36.5299
      vertex 40.6492 -60.8359 35.2188
    endloop
  endfacet
  facet normal 0.0106023 0.476701 0.879001
    outer loop
      vertex 34.1444 -59.1399 34.3775
      vertex 40.6492 -60.8359 35.2188
      vertex 37.9393 -56.7801 33.052
    endloop
  endfacet
  facet normal -0.040252 0.449788 0.892228
    outer loop
      vertex 37.9393 -56.7801 33.052
      vertex 40.6492 -60.8359 35.2188
      vertex 44.541 -58.047 33.9885
    endloop
  endfacet
  facet normal -0.0344288 0.471841 0.881011
    outer loop
      vertex 37.9393 -56.7801 33.052
      vertex 44.541 -58.047 33.9885
      vertex 41.5716 -54.1772 31.7999
    endloop
  endfacet
  facet normal -0.0866647 0.439214 0.894192
    outer loop
      vertex 41.5716 -54.1772 31.7999
      vertex 44.541 -58.047 33.9885
      vertex 48.2421 -55.0096 32.8553
    endloop
  endfacet
  facet normal -0.0820744 0.461941 0.883105
    outer loop
      vertex 41.5716 -54.1772 31.7999
      vertex 48.2421 -55.0096 32.8553
      vertex 45.026 -51.3423 30.638
    endloop
  endfacet
  facet normal -0.135257 0.423066 0.895947
    outer loop
      vertex 45.026 -51.3423 30.638
      vertex 48.2421 -55.0096 32.8553
      vertex 51.7366 -51.7366 31.8373
    endloop
  endfacet
  facet normal -0.132011 0.445901 0.885294
    outer loop
      vertex 45.026 -51.3423 30.638
      vertex 51.7366 -51.7366 31.8373
      vertex 48.2875 -48.2875 29.5858
    endloop
  endfacet
  facet normal -0.185404 0.400403 0.897387
    outer loop
      vertex 48.2875 -48.2875 29.5858
      vertex 51.7366 -51.7366 31.8373
      vertex 55.0096 -48.2421 30.9543
    endloop
  endfacet
  facet normal -0.183557 0.422496 0.887583
    outer loop
      vertex 48.2875 -48.2875 29.5858
      vertex 55.0096 -48.2421 30.9543
      vertex 51.3423 -45.026 28.665
    endloop
  endfacet
  facet normal -0.236043 0.370349 0.898402
    outer loop
      vertex 51.3423 -45.026 28.665
      vertex 55.0096 -48.2421 30.9543
      vertex 58.047 -44.541 30.2267
    endloop
  endfacet
  facet normal -0.235534 0.390518 0.889955
    outer loop
      vertex 51.3423 -45.026 28.665
      vertex 58.047 -44.541 30.2267
      vertex 54.1772 -41.5716 27.8995
    endloop
  endfacet
  facet normal -0.285594 0.332288 0.8989
    outer loop
      vertex 54.1772 -41.5716 27.8995
      vertex 58.047 -44.541 30.2267
      vertex 60.8359 -40.6492 29.6741
    endloop
  endfacet
  facet normal -0.286168 0.349046 0.892342
    outer loop
      vertex 54.1772 -41.5716 27.8995
      vertex 60.8359 -40.6492 29.6741
      vertex 56.7801 -37.9393 27.3134
    endloop
  endfacet
  facet normal -0.332001 0.286114 0.898841
    outer loop
      vertex 56.7801 -37.9393 27.3134
      vertex 60.8359 -40.6492 29.6741
      vertex 63.3642 -36.5833 29.3137
    endloop
  endfacet
  facet normal -0.333129 0.297845 0.894602
    outer loop
      vertex 56.7801 -37.9393 27.3134
      vertex 63.3642 -36.5833 29.3137
      vertex 59.1399 -34.1444 26.9287
    endloop
  endfacet
  facet normal -0.372941 0.232468 0.898262
    outer loop
      vertex 59.1399 -34.1444 26.9287
      vertex 63.3642 -36.5833 29.3137
      vertex 65.6212 -32.3608 29.158
    endloop
  endfacet
  facet normal -0.373799 0.237771 0.896515
    outer loop
      vertex 59.1399 -34.1444 26.9287
      vertex 65.6212 -32.3608 29.158
      vertex 61.2464 -30.2034 26.7618
    endloop
  endfacet
  facet normal -0.406238 0.172833 0.897273
    outer loop
      vertex 61.2464 -30.2034 26.7618
      vertex 65.6212 -32.3608 29.158
      vertex 67.5972 -27.9997 29.2126
    endloop
  endfacet
  facet normal -0.4058 0.170949 0.897832
    outer loop
      vertex 61.2464 -30.2034 26.7618
      vertex 67.5972 -27.9997 29.2126
      vertex 63.0907 -26.133 26.8203
    endloop
  endfacet
  facet normal -0.430331 0.1094 0.896017
    outer loop
      vertex 63.0907 -26.133 26.8203
      vertex 67.5972 -27.9997 29.2126
      vertex 69.2837 -23.5187 29.4755
    endloop
  endfacet
  facet normal -0.427586 0.100508 0.89837
    outer loop
      vertex 63.0907 -26.133 26.8203
      vertex 69.2837 -23.5187 29.4755
      vertex 64.6648 -21.9507 27.1016
    endloop
  endfacet
  facet normal -0.444601 0.0446935 0.894613
    outer loop
      vertex 64.6648 -21.9507 27.1016
      vertex 69.2837 -23.5187 29.4755
      vertex 70.6736 -18.9369 29.9373
    endloop
  endfacet
  facet normal -0.438814 0.0298911 0.898081
    outer loop
      vertex 64.6648 -21.9507 27.1016
      vertex 70.6736 -18.9369 29.9373
      vertex 65.962 -17.6745 27.5931
    endloop
  endfacet
  facet normal -0.449415 -0.0188766 0.893124
    outer loop
      vertex 65.962 -17.6745 27.5931
      vertex 70.6736 -18.9369 29.9373
      vertex 71.7608 -14.2741 30.5829
    endloop
  endfacet
  facet normal -0.44028 -0.037914 0.897059
    outer loop
      vertex 65.962 -17.6745 27.5931
      vertex 71.7608 -14.2741 30.5829
      vertex 66.9767 -13.3225 28.2751
    endloop
  endfacet
  facet normal -0.445879 -0.0793847 0.891566
    outer loop
      vertex 66.9767 -13.3225 28.2751
      vertex 71.7608 -14.2741 30.5829
      vertex 72.5407 -9.55017 31.3936
    endloop
  endfacet
  facet normal -0.433519 -0.100854 0.895483
    outer loop
      vertex 66.9767 -13.3225 28.2751
      vertex 72.5407 -9.55017 31.3936
      vertex 67.7047 -8.91349 29.1241
    endloop
  endfacet
  facet normal -0.435483 -0.135553 0.889933
    outer loop
      vertex 67.7047 -8.91349 29.1241
      vertex 72.5407 -9.55017 31.3936
      vertex 73.01 -4.78533 32.349
    endloop
  endfacet
  facet normal -0.420311 -0.157869 0.893541
    outer loop
      vertex 67.7047 -8.91349 29.1241
      vertex 73.01 -4.78533 32.349
      vertex 68.1427 -4.46631 30.1158
    endloop
  endfacet
  facet normal -0.419761 -0.186725 0.88822
    outer loop
      vertex 68.1427 -4.46631 30.1158
      vertex 73.01 -4.78533 32.349
      vertex 73.1667 0 33.429
    endloop
  endfacet
  facet normal -0.40233 -0.208687 0.891392
    outer loop
      vertex 68.1427 -4.46631 30.1158
      vertex 73.1667 0 33.429
      vertex 68.2889 0 31.2274
    endloop
  endfacet
  facet normal -0.418309 -0.214843 0.882531
    outer loop
      vertex 73.1667 0 33.429
      vertex 78.0444 0 35.741
      vertex 77.8773 5.10435 36.9044
    endloop
  endfacet
  facet normal -0.401474 -0.232629 0.885834
    outer loop
      vertex 73.1667 0 33.429
      vertex 77.8773 5.10435 36.9044
      vertex 73.01 4.78533 34.6147
    endloop
  endfacet
  facet normal -0.397529 -0.257049 0.88085
    outer loop
      vertex 73.01 4.78533 34.6147
      vertex 77.8773 5.10435 36.9044
      vertex 77.3768 10.1868 38.1617
    endloop
  endfacet
  facet normal -0.379365 -0.273696 0.88384
    outer loop
      vertex 73.01 4.78533 34.6147
      vertex 77.3768 10.1868 38.1617
      vertex 72.5407 9.55017 35.8888
    endloop
  endfacet
  facet normal -0.374358 -0.294927 0.879133
    outer loop
      vertex 72.5407 9.55017 35.8888
      vertex 77.3768 10.1868 38.1617
      vertex 76.5448 15.2257 39.4978
    endloop
  endfacet
  facet normal -0.355253 -0.31012 0.881828
    outer loop
      vertex 72.5407 9.55017 35.8888
      vertex 76.5448 15.2257 39.4978
      vertex 71.7608 14.2741 37.2359
    endloop
  endfacet
  facet normal -0.349456 -0.328722 0.877395
    outer loop
      vertex 71.7608 14.2741 37.2359
      vertex 76.5448 15.2257 39.4978
      vertex 75.3851 20.1994 40.8994
    endloop
  endfacet
  facet normal -0.32974 -0.342291 0.879835
    outer loop
      vertex 71.7608 14.2741 37.2359
      vertex 75.3851 20.1994 40.8994
      vertex 70.6736 18.9369 38.6425
    endloop
  endfacet
  facet normal -0.323331 -0.358733 0.875653
    outer loop
      vertex 70.6736 18.9369 38.6425
      vertex 75.3851 20.1994 40.8994
      vertex 73.9026 25.0866 42.3541
    endloop
  endfacet
  facet normal -0.303278 -0.370606 0.87788
    outer loop
      vertex 70.6736 18.9369 38.6425
      vertex 73.9026 25.0866 42.3541
      vertex 69.2837 23.5187 40.0965
    endloop
  endfacet
  facet normal -0.296366 -0.385267 0.87392
    outer loop
      vertex 69.2837 23.5187 40.0965
      vertex 73.9026 25.0866 42.3541
      vertex 72.1037 29.8663 43.8512
    endloop
  endfacet
  facet normal -0.276203 -0.395442 0.875978
    outer loop
      vertex 69.2837 23.5187 40.0965
      vertex 72.1037 29.8663 43.8512
      vertex 67.5972 27.9997 41.5876
    endloop
  endfacet
  facet normal -0.268851 -0.40862 0.872209
    outer loop
      vertex 67.5972 27.9997 41.5876
      vertex 72.1037 29.8663 43.8512
      vertex 69.9959 34.5182 45.3809
    endloop
  endfacet
  facet normal -0.248758 -0.417136 0.874138
    outer loop
      vertex 67.5972 27.9997 41.5876
      vertex 69.9959 34.5182 45.3809
      vertex 65.6212 32.3608 43.1064
    endloop
  endfacet
  facet normal -0.240999 -0.429067 0.870529
    outer loop
      vertex 65.6212 32.3608 43.1064
      vertex 69.9959 34.5182 45.3809
      vertex 67.5885 39.0222 46.9343
    endloop
  endfacet
  facet normal -0.221127 -0.435989 0.872363
    outer loop
      vertex 65.6212 32.3608 43.1064
      vertex 67.5885 39.0222 46.9343
      vertex 63.3642 36.5833 44.6446
    endloop
  endfacet
  facet normal -0.212972 -0.446851 0.868888
    outer loop
      vertex 63.3642 36.5833 44.6446
      vertex 67.5885 39.0222 46.9343
      vertex 64.8916 43.3592 48.5037
    endloop
  endfacet
  facet normal -0.193442 -0.45226 0.870655
    outer loop
      vertex 63.3642 36.5833 44.6446
      vertex 64.8916 43.3592 48.5037
      vertex 60.8359 40.6492 46.1949
    endloop
  endfacet
  facet normal -0.184892 -0.462191 0.867292
    outer loop
      vertex 60.8359 40.6492 46.1949
      vertex 64.8916 43.3592 48.5037
      vertex 61.9168 47.5104 50.0818
    endloop
  endfacet
  facet normal -0.165805 -0.466175 0.869017
    outer loop
      vertex 60.8359 40.6492 46.1949
      vertex 61.9168 47.5104 50.0818
      vertex 58.047 44.541 47.7505
    endloop
  endfacet
  facet normal -0.156852 -0.475273 0.865744
    outer loop
      vertex 58.047 44.541 47.7505
      vertex 61.9168 47.5104 50.0818
      vertex 58.6769 51.4583 51.6621
    endloop
  endfacet
  facet normal -0.138292 -0.477926 0.867446
    outer loop
      vertex 58.047 44.541 47.7505
      vertex 58.6769 51.4583 51.6621
      vertex 55.0096 48.2421 49.3055
    endloop
  endfacet
  facet normal -0.128924 -0.486265 0.864248
    outer loop
      vertex 55.0096 48.2421 49.3055
      vertex 58.6769 51.4583 51.6621
      vertex 55.1858 55.1858 53.2385
    endloop
  endfacet
  facet normal -0.110964 -0.48768 0.865942
    outer loop
      vertex 55.0096 48.2421 49.3055
      vertex 55.1858 55.1858 53.2385
      vertex 51.7366 51.7366 50.8541
    endloop
  endfacet
  facet normal -0.101168 -0.495307 0.862807
    outer loop
      vertex 51.7366 51.7366 50.8541
      vertex 55.1858 55.1858 53.2385
      vertex 51.4583 58.6769 54.8056
    endloop
  endfacet
  facet normal -0.0838675 -0.49558 0.864504
    outer loop
      vertex 51.7366 51.7366 50.8541
      vertex 51.4583 58.6769 54.8056
      vertex 48.2421 55.0096 52.3913
    endloop
  endfacet
  facet normal -0.073632 -0.502526 0.861421
    outer loop
      vertex 48.2421 55.0096 52.3913
      vertex 51.4583 58.6769 54.8056
      vertex 47.5104 61.9168 56.3582
    endloop
  endfacet
  facet normal -0.0570431 -0.50175 0.86313
    outer loop
      vertex 48.2421 55.0096 52.3913
      vertex 47.5104 61.9168 56.3582
      vertex 44.541 58.047 53.9124
    endloop
  endfacet
  facet normal -0.0463568 -0.50803 0.860091
    outer loop
      vertex 44.541 58.047 53.9124
      vertex 47.5104 61.9168 56.3582
      vertex 43.3592 64.8916 57.8916
    endloop
  endfacet
  facet normal -0.0305243 -0.5063 0.861817
    outer loop
      vertex 44.541 58.047 53.9124
      vertex 43.3592 64.8916 57.8916
      vertex 40.6492 60.8359 55.4129
    endloop
  endfacet
  facet normal -0.0193793 -0.511914 0.858818
    outer loop
      vertex 40.6492 60.8359 55.4129
      vertex 43.3592 64.8916 57.8916
      vertex 39.0222 67.5885 59.4012
    endloop
  endfacet
  facet normal -0.00434038 -0.509322 0.860565
    outer loop
      vertex 40.6492 60.8359 55.4129
      vertex 39.0222 67.5885 59.4012
      vertex 36.5833 63.3642 56.8888
    endloop
  endfacet
  facet normal 0.00726746 -0.514262 0.857603
    outer loop
      vertex 36.5833 63.3642 56.8888
      vertex 39.0222 67.5885 59.4012
      vertex 34.5182 69.9959 60.883
    endloop
  endfacet
  facet normal 0.0214819 -0.5109 0.859371
    outer loop
      vertex 36.5833 63.3642 56.8888
      vertex 34.5182 69.9959 60.883
      vertex 32.3608 65.6212 58.3362
    endloop
  endfacet
  facet normal 0.0335525 -0.515149 0.856444
    outer loop
      vertex 32.3608 65.6212 58.3362
      vertex 34.5182 69.9959 60.883
      vertex 29.8663 72.1037 62.3331
    endloop
  endfacet
  facet normal 0.0469179 -0.511109 0.858234
    outer loop
      vertex 32.3608 65.6212 58.3362
      vertex 29.8663 72.1037 62.3331
      vertex 27.9997 67.5972 59.7514
    endloop
  endfacet
  facet normal 0.0594464 -0.514642 0.855342
    outer loop
      vertex 27.9997 67.5972 59.7514
      vertex 29.8663 72.1037 62.3331
      vertex 25.0866 73.9026 63.7477
    endloop
  endfacet
  facet normal 0.0719442 -0.510015 0.857152
    outer loop
      vertex 27.9997 67.5972 59.7514
      vertex 25.0866 73.9026 63.7477
      vertex 23.5187 69.2837 61.131
    endloop
  endfacet
  facet normal 0.0849206 -0.512802 0.854296
    outer loop
      vertex 23.5187 69.2837 61.131
      vertex 25.0866 73.9026 63.7477
      vertex 20.1994 75.3851 65.1234
    endloop
  endfacet
  facet normal 0.0965386 -0.507677 0.856122
    outer loop
      vertex 23.5187 69.2837 61.131
      vertex 20.1994 75.3851 65.1234
      vertex 18.9369 70.6736 62.4718
    endloop
  endfacet
  facet normal 0.109947 -0.509685 0.853307
    outer loop
      vertex 18.9369 70.6736 62.4718
      vertex 20.1994 75.3851 65.1234
      vertex 15.2257 76.5448 66.4569
    endloop
  endfacet
  facet normal 0.120679 -0.504148 0.855144
    outer loop
      vertex 18.9369 70.6736 62.4718
      vertex 15.2257 76.5448 66.4569
      vertex 14.2741 71.7608 63.7708
    endloop
  endfacet
  facet normal 0.134499 -0.505342 0.852373
    outer loop
      vertex 14.2741 71.7608 63.7708
      vertex 15.2257 76.5448 66.4569
      vertex 10.1868 77.3768 67.7452
    endloop
  endfacet
  facet normal 0.144344 -0.49948 0.854215
    outer loop
      vertex 14.2741 71.7608 63.7708
      vertex 10.1868 77.3768 67.7452
      vertex 9.55017 72.5407 65.0251
    endloop
  endfacet
  facet normal 0.158549 -0.49982 0.851494
    outer loop
      vertex 9.55017 72.5407 65.0251
      vertex 10.1868 77.3768 67.7452
      vertex 5.10435 77.8773 68.9854
    endloop
  endfacet
  facet normal 0.167513 -0.493718 0.853335
    outer loop
      vertex 9.55017 72.5407 65.0251
      vertex 5.10435 77.8773 68.9854
      vertex 4.78533 73.01 66.232
    endloop
  endfacet
  facet normal 0.18207 -0.493164 0.85067
    outer loop
      vertex 4.78533 73.01 66.232
      vertex 5.10435 77.8773 68.9854
      vertex 4.77884e-15 78.0444 70.1748
    endloop
  endfacet
  facet normal 0.190165 -0.486905 0.852503
    outer loop
      vertex 4.78533 73.01 66.232
      vertex 4.77884e-15 78.0444 70.1748
      vertex 4.48017e-15 73.1667 67.3889
    endloop
  endfacet
  facet normal 0.205035 -0.485418 0.8499
    outer loop
      vertex 4.48017e-15 73.1667 67.3889
      vertex 4.77884e-15 78.0444 70.1748
      vertex -5.10435 77.8773 71.3108
    endloop
  endfacet
  facet normal 0.212279 -0.47908 0.851716
    outer loop
      vertex 4.48017e-15 73.1667 67.3889
      vertex -5.10435 77.8773 71.3108
      vertex -4.78533 73.01 68.4934
    endloop
  endfacet
  facet normal 0.227418 -0.476622 0.849183
    outer loop
      vertex -4.78533 73.01 68.4934
      vertex -5.10435 77.8773 71.3108
      vertex -10.1868 77.3768 72.3909
    endloop
  endfacet
  facet normal 0.233835 -0.470283 0.850973
    outer loop
      vertex -4.78533 73.01 68.4934
      vertex -10.1868 77.3768 72.3909
      vertex -9.55017 72.5407 69.5434
    endloop
  endfacet
  facet normal 0.249192 -0.466816 0.84852
    outer loop
      vertex -9.55017 72.5407 69.5434
      vertex -10.1868 77.3768 72.3909
      vertex -15.2257 76.5448 73.4131
    endloop
  endfacet
  facet normal 0.254811 -0.460548 0.850275
    outer loop
      vertex -9.55017 72.5407 69.5434
      vertex -15.2257 76.5448 73.4131
      vertex -14.2741 71.7608 70.5366
    endloop
  endfacet
  facet normal 0.270332 -0.456038 0.847909
    outer loop
      vertex -14.2741 71.7608 70.5366
      vertex -15.2257 76.5448 73.4131
      vertex -20.1994 75.3851 74.3751
    endloop
  endfacet
  facet normal 0.275188 -0.449911 0.849619
    outer loop
      vertex -14.2741 71.7608 70.5366
      vertex -20.1994 75.3851 74.3751
      vertex -18.9369 70.6736 71.4712
    endloop
  endfacet
  facet normal 0.290812 -0.444326 0.84735
    outer loop
      vertex -18.9369 70.6736 71.4712
      vertex -20.1994 75.3851 74.3751
      vertex -25.0866 73.9026 75.275
    endloop
  endfacet
  facet normal 0.294944 -0.438405 0.849004
    outer loop
      vertex -18.9369 70.6736 71.4712
      vertex -25.0866 73.9026 75.275
      vertex -23.5187 69.2837 72.3452
    endloop
  endfacet
  facet normal 0.310606 -0.431718 0.846843
    outer loop
      vertex -23.5187 69.2837 72.3452
      vertex -25.0866 73.9026 75.275
      vertex -29.8663 72.1037 76.111
    endloop
  endfacet
  facet normal 0.31406 -0.426064 0.848431
    outer loop
      vertex -23.5187 69.2837 72.3452
      vertex -29.8663 72.1037 76.111
      vertex -27.9997 67.5972 73.157
    endloop
  endfacet
  facet normal 0.32969 -0.41825 0.846387
    outer loop
      vertex -27.9997 67.5972 73.157
      vertex -29.8663 72.1037 76.111
      vertex -34.5182 69.9959 76.8814
    endloop
  endfacet
  facet normal 0.332516 -0.412918 0.847899
    outer loop
      vertex -27.9997 67.5972 73.157
      vertex -34.5182 69.9959 76.8814
      vertex -32.3608 65.6212 73.9049
    endloop
  endfacet
  facet normal 0.34804 -0.403958 0.845982
    outer loop
      vertex -32.3608 65.6212 73.9049
      vertex -34.5182 69.9959 76.8814
      vertex -39.0222 67.5885 77.5849
    endloop
  endfacet
  facet normal 0.350291 -0.398998 0.847406
    outer loop
      vertex -32.3608 65.6212 73.9049
      vertex -39.0222 67.5885 77.5849
      vertex -36.5833 63.3642 74.5877
    endloop
  endfacet
  facet normal 0.335363 -0.408641 0.848849
    outer loop
      vertex -36.5833 63.3642 74.5877
      vertex -39.0222 67.5885 77.5849
      vertex -43.3592 64.8916 78
    endloop
  endfacet
  facet normal 0.354042 -0.35884 0.863648
    outer loop
      vertex -36.5833 63.3642 74.5877
      vertex -43.3592 64.8916 78
      vertex -40.6492 60.8359 75.204
    endloop
  endfacet
  facet normal 0.289789 -0.4044 0.867458
    outer loop
      vertex -40.6492 60.8359 75.204
      vertex -43.3592 64.8916 78
      vertex -47.5104 61.9168 78
    endloop
  endfacet
  facet normal 0.325156 -0.275827 0.90454
    outer loop
      vertex -40.6492 60.8359 75.204
      vertex -47.5104 61.9168 78
      vertex -44.541 58.047 75.7525
    endloop
  endfacet
  facet normal 0.265593 -0.323626 0.908145
    outer loop
      vertex -44.541 58.047 75.7525
      vertex -47.5104 61.9168 78
      vertex -51.4583 58.6769 78
    endloop
  endfacet
  facet normal 0.286148 -0.200646 0.936942
    outer loop
      vertex -44.541 58.047 75.7525
      vertex -51.4583 58.6769 78
      vertex -48.2421 55.0096 76.2324
    endloop
  endfacet
  facet normal 0.233007 -0.248779 0.940115
    outer loop
      vertex -48.2421 55.0096 76.2324
      vertex -51.4583 58.6769 78
      vertex -55.1858 55.1858 78
    endloop
  endfacet
  facet normal 0.241104 -0.136988 0.960783
    outer loop
      vertex -48.2421 55.0096 76.2324
      vertex -55.1858 55.1858 78
      vertex -51.7366 51.7366 76.6427
    endloop
  endfacet
  facet normal 0.195758 -0.183348 0.96336
    outer loop
      vertex -51.7366 51.7366 76.6427
      vertex -55.1858 55.1858 78
      vertex -58.6769 51.4583 78
    endloop
  endfacet
  facet normal 0.19457 -0.0872015 0.977005
    outer loop
      vertex -51.7366 51.7366 76.6427
      vertex -58.6769 51.4583 78
      vertex -55.0096 48.2421 76.9826
    endloop
  endfacet
  facet normal 0.157917 -0.129599 0.978911
    outer loop
      vertex -55.0096 48.2421 76.9826
      vertex -58.6769 51.4583 78
      vertex -61.9168 47.5104 78
    endloop
  endfacet
  facet normal 0.150928 -0.0521363 0.987169
    outer loop
      vertex -55.0096 48.2421 76.9826
      vertex -61.9168 47.5104 78
      vertex -58.047 44.541 77.2515
    endloop
  endfacet
  facet normal 0.12335 -0.0883914 0.988419
    outer loop
      vertex -58.047 44.541 77.2515
      vertex -61.9168 47.5104 78
      vertex -64.8916 43.3592 78
    endloop
  endfacet
  facet normal 0.113994 -0.0313135 0.992988
    outer loop
      vertex -58.047 44.541 77.2515
      vertex -64.8916 43.3592 78
      vertex -60.8359 40.6492 77.449
    endloop
  endfacet
  facet normal 0.0953796 -0.0593109 0.993672
    outer loop
      vertex -60.8359 40.6492 77.449
      vertex -64.8916 43.3592 78
      vertex -67.5885 39.0222 78
    endloop
  endfacet
  facet normal 0.0868805 -0.0232661 0.995947
    outer loop
      vertex -60.8359 40.6492 77.449
      vertex -67.5885 39.0222 78
      vertex -63.3642 36.5833 77.5745
    endloop
  endfacet
  facet normal 0.0766774 -0.0409849 0.996213
    outer loop
      vertex -63.3642 36.5833 77.5745
      vertex -67.5885 39.0222 78
      vertex -69.9959 34.5182 78
    endloop
  endfacet
  facet normal 0.0720246 -0.0258678 0.997067
    outer loop
      vertex -63.3642 36.5833 77.5745
      vertex -69.9959 34.5182 78
      vertex -65.6212 32.3608 77.628
    endloop
  endfacet
  facet normal 0.0692997 -0.0313993 0.997102
    outer loop
      vertex -65.6212 32.3608 77.628
      vertex -69.9959 34.5182 78
      vertex -72.1037 29.8663 78
    endloop
  endfacet
  facet normal 0.0712695 -0.0365651 0.996787
    outer loop
      vertex -65.6212 32.3608 77.628
      vertex -72.1037 29.8663 78
      vertex -67.5972 27.9997 77.6093
    endloop
  endfacet
  facet normal 0.0747615 -0.0281382 0.996804
    outer loop
      vertex -67.5972 27.9997 77.6093
      vertex -72.1037 29.8663 78
      vertex -73.9026 25.0866 78
    endloop
  endfacet
  facet normal 0.0859004 -0.0525013 0.994919
    outer loop
      vertex -67.5972 27.9997 77.6093
      vertex -73.9026 25.0866 78
      vertex -69.2837 23.5187 77.5185
    endloop
  endfacet
  facet normal 0.0940613 -0.0285332 0.995157
    outer loop
      vertex -69.2837 23.5187 77.5185
      vertex -73.9026 25.0866 78
      vertex -75.3851 20.1994 78
    endloop
  endfacet
  facet normal 0.116576 -0.0705703 0.990671
    outer loop
      vertex -69.2837 23.5187 77.5185
      vertex -75.3851 20.1994 78
      vertex -70.6736 18.9369 77.3556
    endloop
  endfacet
  facet normal 0.127609 -0.0297543 0.991378
    outer loop
      vertex -70.6736 18.9369 77.3556
      vertex -75.3851 20.1994 78
      vertex -76.5448 15.2257 78
    endloop
  endfacet
  facet normal 0.163136 -0.0874629 0.982719
    outer loop
      vertex -70.6736 18.9369 77.3556
      vertex -76.5448 15.2257 78
      vertex -71.7608 14.2741 77.1211
    endloop
  endfacet
  facet normal 0.175046 -0.0289001 0.984136
    outer loop
      vertex -71.7608 14.2741 77.1211
      vertex -76.5448 15.2257 78
      vertex -77.3768 10.1868 78
    endloop
  endfacet
  facet normal 0.224325 -0.0997809 0.969393
    outer loop
      vertex -71.7608 14.2741 77.1211
      vertex -77.3768 10.1868 78
      vertex -72.5407 9.55017 76.8154
    endloop
  endfacet
  facet normal 0.234985 -0.023144 0.971723
    outer loop
      vertex -72.5407 9.55017 76.8154
      vertex -77.3768 10.1868 78
      vertex -77.8773 5.10435 78
    endloop
  endfacet
  facet normal 0.297533 -0.10428 0.948999
    outer loop
      vertex -72.5407 9.55017 76.8154
      vertex -77.8773 5.10435 78
      vertex -73.01 4.78533 76.4389
    endloop
  endfacet
  facet normal 0.304794 -0.00997792 0.952366
    outer loop
      vertex -73.01 4.78533 76.4389
      vertex -77.8773 5.10435 78
      vertex -78.0444 9.55769e-15 78
    endloop
  endfacet
  facet normal 0.378748 -0.0982519 0.92027
    outer loop
      vertex -73.01 4.78533 76.4389
      vertex -78.0444 9.55769e-15 78
      vertex -73.1667 8.96033e-15 75.9925
    endloop
  endfacet
  facet normal 0.38056 0.0124582 0.924672
    outer loop
      vertex -73.1667 8.96033e-15 75.9925
      vertex -78.0444 9.55769e-15 78
      vertex -77.8773 -5.10435 78
    endloop
  endfacet
  facet normal 0.462867 -0.0799635 0.882814
    outer loop
      vertex -73.1667 8.96033e-15 75.9925
      vertex -77.8773 -5.10435 78
      vertex -73.01 -4.78533 75.4769
    endloop
  endfacet
  facet normal 0.458611 0.0276175 0.888208
    outer loop
      vertex -73.01 -4.78533 75.4769
      vertex -77.8773 -5.10435 78
      vertex -77.3768 -10.1868 77.8996
    endloop
  endfacet
  facet normal 0.532119 -0.0511321 0.845124
    outer loop
      vertex -73.01 -4.78533 75.4769
      vertex -77.3768 -10.1868 77.8996
      vertex -72.5407 -9.55017 74.8931
    endloop
  endfacet
  facet normal 0.530191 -0.0252536 0.847502
    outer loop
      vertex -72.5407 -9.55017 74.8931
      vertex -77.3768 -10.1868 77.8996
      vertex -76.5448 -15.2257 77.229
    endloop
  endfacet
  facet normal 0.533419 -0.028407 0.845374
    outer loop
      vertex -72.5407 -9.55017 74.8931
      vertex -76.5448 -15.2257 77.229
      vertex -71.7608 -14.2741 74.2423
    endloop
  endfacet
  facet normal 0.529905 -0.0023342 0.848054
    outer loop
      vertex -71.7608 -14.2741 74.2423
      vertex -76.5448 -15.2257 77.229
      vertex -75.3851 -20.1994 76.4906
    endloop
  endfacet
  facet normal 0.533682 -0.0055499 0.845667
    outer loop
      vertex -71.7608 -14.2741 74.2423
      vertex -75.3851 -20.1994 76.4906
      vertex -70.6736 -18.9369 73.5256
    endloop
  endfacet
  facet normal 0.52855 0.0206133 0.848652
    outer loop
      vertex -70.6736 -18.9369 73.5256
      vertex -75.3851 -20.1994 76.4906
      vertex -73.9026 -25.0866 75.686
    endloop
  endfacet
  facet normal 0.532893 0.0174022 0.846003
    outer loop
      vertex -70.6736 -18.9369 73.5256
      vertex -73.9026 -25.0866 75.686
      vertex -69.2837 -23.5187 72.7443
    endloop
  endfacet
  facet normal 0.526115 0.0435494 0.849297
    outer loop
      vertex -69.2837 -23.5187 72.7443
      vertex -73.9026 -25.0866 75.686
      vertex -72.1037 -29.8663 74.8167
    endloop
  endfacet
  facet normal 0.531038 0.0404116 0.846384
    outer loop
      vertex -69.2837 -23.5187 72.7443
      vertex -72.1037 -29.8663 74.8167
      vertex -67.5972 -27.9997 71.9001
    endloop
  endfacet
  facet normal 0.522593 0.0664346 0.84999
    outer loop
      vertex -67.5972 -27.9997 71.9001
      vertex -72.1037 -29.8663 74.8167
      vertex -69.9959 -34.5182 73.8844
    endloop
  endfacet
  facet normal 0.528099 0.0634401 0.84681
    outer loop
      vertex -67.5972 -27.9997 71.9001
      vertex -69.9959 -34.5182 73.8844
      vertex -65.6212 -32.3608 70.9946
    endloop
  endfacet
  facet normal 0.517972 0.0892289 0.850731
    outer loop
      vertex -65.6212 -32.3608 70.9946
      vertex -69.9959 -34.5182 73.8844
      vertex -67.5885 -39.0222 72.891
    endloop
  endfacet
  facet normal 0.524062 0.0864482 0.847281
    outer loop
      vertex -65.6212 -32.3608 70.9946
      vertex -67.5885 -39.0222 72.891
      vertex -63.3642 -36.5833 70.0294
    endloop
  endfacet
  facet normal 0.512243 0.111892 0.85152
    outer loop
      vertex -63.3642 -36.5833 70.0294
      vertex -67.5885 -39.0222 72.891
      vertex -64.8916 -43.3592 71.8386
    endloop
  endfacet
  facet normal 0.51891 0.109396 0.8478
    outer loop
      vertex -63.3642 -36.5833 70.0294
      vertex -64.8916 -43.3592 71.8386
      vertex -60.8359 -40.6492 69.0065
    endloop
  endfacet
  facet normal 0.505397 0.134384 0.852358
    outer loop
      vertex -60.8359 -40.6492 69.0065
      vertex -64.8916 -43.3592 71.8386
      vertex -61.9168 -47.5104 70.7292
    endloop
  endfacet
  facet normal 0.512628 0.132242 0.848366
    outer loop
      vertex -60.8359 -40.6492 69.0065
      vertex -61.9168 -47.5104 70.7292
      vertex -58.047 -44.541 67.928
    endloop
  endfacet
  facet normal 0.497422 0.156662 0.853246
    outer loop
      vertex -58.047 -44.541 67.928
      vertex -61.9168 -47.5104 70.7292
      vertex -58.6769 -51.4583 69.5653
    endloop
  endfacet
  facet normal 0.505197 0.154945 0.84898
    outer loop
      vertex -58.047 -44.541 67.928
      vertex -58.6769 -51.4583 69.5653
      vertex -55.0096 -48.2421 66.796
    endloop
  endfacet
  facet normal 0.488306 0.178686 0.854183
    outer loop
      vertex -55.0096 -48.2421 66.796
      vertex -58.6769 -51.4583 69.5653
      vertex -55.1858 -55.1858 68.3493
    endloop
  endfacet
  facet normal 0.496601 0.17746 0.849645
    outer loop
      vertex -55.0096 -48.2421 66.796
      vertex -55.1858 -55.1858 68.3493
      vertex -51.7366 -51.7366 65.6129
    endloop
  endfacet
  facet normal 0.478035 0.20041 0.855172
    outer loop
      vertex -51.7366 -51.7366 65.6129
      vertex -55.1858 -55.1858 68.3493
      vertex -51.4583 -58.6769 67.0838
    endloop
  endfacet
  facet normal 0.486819 0.199743 0.850359
    outer loop
      vertex -51.7366 -51.7366 65.6129
      vertex -51.4583 -58.6769 67.0838
      vertex -48.2421 -55.0096 64.3812
    endloop
  endfacet
  facet normal 0.466594 0.221792 0.856211
    outer loop
      vertex -48.2421 -55.0096 64.3812
      vertex -51.4583 -58.6769 67.0838
      vertex -47.5104 -61.9168 65.7717
    endloop
  endfacet
  facet normal 0.475831 0.221747 0.851125
    outer loop
      vertex -48.2421 -55.0096 64.3812
      vertex -47.5104 -61.9168 65.7717
      vertex -44.541 -58.047 63.1034
    endloop
  endfacet
  facet normal 0.453966 0.242785 0.857304
    outer loop
      vertex -44.541 -58.047 63.1034
      vertex -47.5104 -61.9168 65.7717
      vertex -43.3592 -64.8916 64.4159
    endloop
  endfacet
  facet normal 0.463615 0.243423 0.851943
    outer loop
      vertex -44.541 -58.047 63.1034
      vertex -43.3592 -64.8916 64.4159
      vertex -40.6492 -60.8359 61.7823
    endloop
  endfacet
  facet normal 0.440131 0.26334 0.85845
    outer loop
      vertex -40.6492 -60.8359 61.7823
      vertex -43.3592 -64.8916 64.4159
      vertex -39.0222 -67.5885 63.0196
    endloop
  endfacet
  facet normal 0.450146 0.264721 0.852814
    outer loop
      vertex -40.6492 -60.8359 61.7823
      vertex -39.0222 -67.5885 63.0196
      vertex -36.5833 -63.3642 60.421
    endloop
  endfacet
  facet normal 0.425065 0.283407 0.859651
    outer loop
      vertex -36.5833 -63.3642 60.421
      vertex -39.0222 -67.5885 63.0196
      vertex -34.5182 -69.9959 61.5862
    endloop
  endfacet
  facet normal 0.435397 0.285585 0.853739
    outer loop
      vertex -36.5833 -63.3642 60.421
      vertex -34.5182 -69.9959 61.5862
      vertex -32.3608 -65.6212 59.0226
    endloop
  endfacet
  facet normal 0.408743 0.30293 0.860908
    outer loop
      vertex -32.3608 -65.6212 59.0226
      vertex -34.5182 -69.9959 61.5862
      vertex -29.8663 -72.1037 60.1193
    endloop
  endfacet
  facet normal 0.419337 0.30596 0.854719
    outer loop
      vertex -32.3608 -65.6212 59.0226
      vertex -29.8663 -72.1037 60.1193
      vertex -27.9997 -67.5972 57.5903
    endloop
  endfacet
  facet normal 0.391134 0.321852 0.862221
    outer loop
      vertex -27.9997 -67.5972 57.5903
      vertex -29.8663 -72.1037 60.1193
      vertex -25.0866 -73.9026 58.6225
    endloop
  endfacet
  facet normal 0.401932 0.325782 0.855755
    outer loop
      vertex -27.9997 -67.5972 57.5903
      vertex -25.0866 -73.9026 58.6225
      vertex -23.5187 -69.2837 56.1277
    endloop
  endfacet
  facet normal 0.372201 0.340108 0.863593
    outer loop
      vertex -23.5187 -69.2837 56.1277
      vertex -25.0866 -73.9026 58.6225
      vertex -20.1994 -75.3851 57.1
    endloop
  endfacet
  facet normal 0.383142 0.344985 0.856847
    outer loop
      vertex -23.5187 -69.2837 56.1277
      vertex -20.1994 -75.3851 57.1
      vertex -18.9369 -70.6736 54.6385
    endloop
  endfacet
  facet normal 0.351904 0.357628 0.865024
    outer loop
      vertex -18.9369 -70.6736 54.6385
      vertex -20.1994 -75.3851 57.1
      vertex -15.2257 -76.5448 55.5561
    endloop
  endfacet
  facet normal 0.362923 0.363495 0.857997
    outer loop
      vertex -18.9369 -70.6736 54.6385
      vertex -15.2257 -76.5448 55.5561
      vertex -14.2741 -71.7608 53.1268
    endloop
  endfacet
  facet normal 0.330194 0.374331 0.866515
    outer loop
      vertex -14.2741 -71.7608 53.1268
      vertex -15.2257 -76.5448 55.5561
      vertex -10.1868 -77.3768 53.9954
    endloop
  endfacet
  facet normal 0.341225 0.381228 0.859203
    outer loop
      vertex -14.2741 -71.7608 53.1268
      vertex -10.1868 -77.3768 53.9954
      vertex -9.55017 -72.5407 51.5968
    endloop
  endfacet
  facet normal 0.307018 0.390128 0.868067
    outer loop
      vertex -9.55017 -72.5407 51.5968
      vertex -10.1868 -77.3768 53.9954
      vertex -5.10435 -77.8773 52.4228
    endloop
  endfacet
  facet normal 0.317989 0.398092 0.860468
    outer loop
      vertex -9.55017 -72.5407 51.5968
      vertex -5.10435 -77.8773 52.4228
      vertex -4.78533 -73.01 50.0531
    endloop
  endfacet
  facet normal 0.282311 0.404915 0.86968
    outer loop
      vertex -4.78533 -73.01 50.0531
      vertex -5.10435 -77.8773 52.4228
      vertex -1.43365e-14 -78.0444 50.8437
    endloop
  endfacet
  facet normal 0.293151 0.413979 0.861791
    outer loop
      vertex -4.78533 -73.01 50.0531
      vertex -1.43365e-14 -78.0444 50.8437
      vertex -1.34405e-14 -73.1667 48.5005
    endloop
  endfacet
  facet normal 0.256004 0.418573 0.871354
    outer loop
      vertex -1.34405e-14 -73.1667 48.5005
      vertex -1.43365e-14 -78.0444 50.8437
      vertex 5.10435 -77.8773 49.2637
    endloop
  endfacet
  facet normal 0.266634 0.428766 0.863172
    outer loop
      vertex -1.34405e-14 -73.1667 48.5005
      vertex 5.10435 -77.8773 49.2637
      vertex 4.78533 -73.01 46.9445
    endloop
  endfacet
  facet normal 0.228016 0.430959 0.873088
    outer loop
      vertex 4.78533 -73.01 46.9445
      vertex 5.10435 -77.8773 49.2637
      vertex 10.1868 -77.3768 47.6893
    endloop
  endfacet
  facet normal 0.238357 0.442305 0.864611
    outer loop
      vertex 4.78533 -73.01 46.9445
      vertex 10.1868 -77.3768 47.6893
      vertex 9.55017 -72.5407 45.3909
    endloop
  endfacet
  facet normal 0.198258 0.441906 0.874879
    outer loop
      vertex 9.55017 -72.5407 45.3909
      vertex 10.1868 -77.3768 47.6893
      vertex 15.2257 -76.5448 46.1272
    endloop
  endfacet
  facet normal 0.208226 0.454422 0.866108
    outer loop
      vertex 9.55017 -72.5407 45.3909
      vertex 15.2257 -76.5448 46.1272
      vertex 14.2741 -71.7608 43.8459
    endloop
  endfacet
  facet normal 0.166635 0.451211 0.876722
    outer loop
      vertex 14.2741 -71.7608 43.8459
      vertex 15.2257 -76.5448 46.1272
      vertex 20.1994 -75.3851 44.585
    endloop
  endfacet
  facet normal 0.176143 0.464906 0.867661
    outer loop
      vertex 14.2741 -71.7608 43.8459
      vertex 20.1994 -75.3851 44.585
      vertex 18.9369 -70.6736 42.3168
    endloop
  endfacet
  facet normal 0.133049 0.458631 0.87861
    outer loop
      vertex 18.9369 -70.6736 42.3168
      vertex 20.1994 -75.3851 44.585
      vertex 25.0866 -73.9026 43.0711
    endloop
  endfacet
  facet normal 0.142003 0.473501 0.869271
    outer loop
      vertex 18.9369 -70.6736 42.3168
      vertex 25.0866 -73.9026 43.0711
      vertex 23.5187 -69.2837 40.8113
    endloop
  endfacet
  facet normal 0.0974021 0.463871 0.880532
    outer loop
      vertex 23.5187 -69.2837 40.8113
      vertex 25.0866 -73.9026 43.0711
      vertex 29.8663 -72.1037 41.5947
    endloop
  endfacet
  facet normal 0.105704 0.479893 0.870936
    outer loop
      vertex 23.5187 -69.2837 40.8113
      vertex 29.8663 -72.1037 41.5947
      vertex 27.9997 -67.5972 39.3381
    endloop
  endfacet
  facet normal 0.0596096 0.466576 0.88247
    outer loop
      vertex 27.9997 -67.5972 39.3381
      vertex 29.8663 -72.1037 41.5947
      vertex 34.5182 -69.9959 40.1661
    endloop
  endfacet
  facet normal 0.0671556 0.483694 0.872657
    outer loop
      vertex 27.9997 -67.5972 39.3381
      vertex 34.5182 -69.9959 40.1661
      vertex 32.3608 -65.6212 37.9073
    endloop
  endfacet
  facet normal 0.0196158 0.466315 0.884401
    outer loop
      vertex 32.3608 -65.6212 37.9073
      vertex 34.5182 -69.9959 40.1661
      vertex 39.0222 -67.5885 38.7968
    endloop
  endfacet
  facet normal 0.0262975 0.484432 0.874433
    outer loop
      vertex 32.3608 -65.6212 37.9073
      vertex 39.0222 -67.5885 38.7968
      vertex 36.5833 -63.3642 36.5299
    endloop
  endfacet
  facet normal -0.022581 0.462576 0.886292
    outer loop
      vertex 36.5833 -63.3642 36.5299
      vertex 39.0222 -67.5885 38.7968
      vertex 43.3592 -64.8916 37.4997
    endloop
  endfacet
  facet normal -0.0168735 0.48153 0.876267
    outer loop
      vertex 36.5833 -63.3642 36.5299
      vertex 43.3592 -64.8916 37.4997
      vertex 40.6492 -60.8359 35.2188
    endloop
  endfacet
  facet normal -0.066891 0.454763 0.888097
    outer loop
      vertex 40.6492 -60.8359 35.2188
      vertex 43.3592 -64.8916 37.4997
      vertex 47.5104 -61.9168 36.2891
    endloop
  endfacet
  facet normal -0.0622631 0.474298 0.87816
    outer loop
      vertex 40.6492 -60.8359 35.2188
      vertex 47.5104 -61.9168 36.2891
      vertex 44.541 -58.047 33.9885
    endloop
  endfacet
  facet normal -0.113082 0.4422 0.889759
    outer loop
      vertex 44.541 -58.047 33.9885
      vertex 47.5104 -61.9168 36.2891
      vertex 51.4583 -58.6769 35.1807
    endloop
  endfacet
  facet normal -0.109622 0.461935 0.880113
    outer loop
      vertex 44.541 -58.047 33.9885
      vertex 51.4583 -58.6769 35.1807
      vertex 48.2421 -55.0096 32.8553
    endloop
  endfacet
  facet normal -0.160714 0.424165 0.89121
    outer loop
      vertex 48.2421 -55.0096 32.8553
      vertex 51.4583 -58.6769 35.1807
      vertex 55.1858 -55.1858 34.1913
    endloop
  endfacet
  facet normal -0.158474 0.443556 0.882125
    outer loop
      vertex 48.2421 -55.0096 32.8553
      vertex 55.1858 -55.1858 34.1913
      vertex 51.7366 -51.7366 31.8373
    endloop
  endfacet
  facet normal -0.209071 0.399952 0.892372
    outer loop
      vertex 51.7366 -51.7366 31.8373
      vertex 55.1858 -55.1858 34.1913
      vertex 58.6769 -51.4583 33.3386
    endloop
  endfacet
  facet normal -0.208034 0.418261 0.884183
    outer loop
      vertex 51.7366 -51.7366 31.8373
      vertex 58.6769 -51.4583 33.3386
      vertex 55.0096 -48.2421 30.9543
    endloop
  endfacet
  facet normal -0.257101 0.368975 0.893172
    outer loop
      vertex 55.0096 -48.2421 30.9543
      vertex 58.6769 -51.4583 33.3386
      vertex 61.9168 -47.5104 32.6403
    endloop
  endfacet
  facet normal -0.257139 0.385274 0.886253
    outer loop
      vertex 55.0096 -48.2421 30.9543
      vertex 61.9168 -47.5104 32.6403
      vertex 58.047 -44.541 30.2267
    endloop
  endfacet
  facet normal -0.303406 0.330913 0.893555
    outer loop
      vertex 58.047 -44.541 30.2267
      vertex 61.9168 -47.5104 32.6403
      vertex 64.8916 -43.3592 32.113
    endloop
  endfacet
  facet normal -0.304231 0.344133 0.888266
    outer loop
      vertex 58.047 -44.541 30.2267
      vertex 64.8916 -43.3592 32.113
      vertex 60.8359 -40.6492 29.6741
    endloop
  endfacet
  facet normal -0.346307 0.285874 0.893503
    outer loop
      vertex 60.8359 -40.6492 29.6741
      vertex 64.8916 -43.3592 32.113
      vertex 67.5885 -39.0222 31.7707
    endloop
  endfacet
  facet normal -0.347438 0.29494 0.890111
    outer loop
      vertex 60.8359 -40.6492 29.6741
      vertex 67.5885 -39.0222 31.7707
      vertex 63.3642 -36.5833 29.3137
    endloop
  endfacet
  facet normal -0.384026 0.23452 0.893042
    outer loop
      vertex 63.3642 -36.5833 29.3137
      vertex 67.5885 -39.0222 31.7707
      vertex 69.9959 -34.5182 31.6232
    endloop
  endfacet
  facet normal -0.384796 0.23856 0.891639
    outer loop
      vertex 63.3642 -36.5833 29.3137
      vertex 69.9959 -34.5182 31.6232
      vertex 65.6212 -32.3608 29.158
    endloop
  endfacet
  facet normal -0.414952 0.178098 0.892242
    outer loop
      vertex 65.6212 -32.3608 29.158
      vertex 69.9959 -34.5182 31.6232
      vertex 72.1037 -29.8663 31.6749
    endloop
  endfacet
  facet normal -0.41458 0.17667 0.892699
    outer loop
      vertex 65.6212 -32.3608 29.158
      vertex 72.1037 -29.8663 31.6749
      vertex 67.5972 -27.9997 29.2126
    endloop
  endfacet
  facet normal -0.437922 0.11833 0.891191
    outer loop
      vertex 67.5972 -27.9997 29.2126
      vertex 72.1037 -29.8663 31.6749
      vertex 73.9026 -25.0866 31.9242
    endloop
  endfacet
  facet normal -0.435651 0.111569 0.893174
    outer loop
      vertex 67.5972 -27.9997 29.2126
      vertex 73.9026 -25.0866 31.9242
      vertex 69.2837 -23.5187 29.4755
    endloop
  endfacet
  facet normal -0.452416 0.0571775 0.889972
    outer loop
      vertex 69.2837 -23.5187 29.4755
      vertex 73.9026 -25.0866 31.9242
      vertex 75.3851 -20.1994 32.3639
    endloop
  endfacet
  facet normal -0.447664 0.0457823 0.893029
    outer loop
      vertex 69.2837 -23.5187 29.4755
      vertex 75.3851 -20.1994 32.3639
      vertex 70.6736 -18.9369 29.9373
    endloop
  endfacet
  facet normal -0.458595 -0.0034493 0.888639
    outer loop
      vertex 70.6736 -18.9369 29.9373
      vertex 75.3851 -20.1994 32.3639
      vertex 76.5448 -15.2257 32.9816
    endloop
  endfacet
  facet normal -0.451058 -0.01838 0.892305
    outer loop
      vertex 70.6736 -18.9369 29.9373
      vertex 76.5448 -15.2257 32.9816
      vertex 71.7608 -14.2741 30.5829
    endloop
  endfacet
  facet normal -0.457172 -0.0619325 0.88722
    outer loop
      vertex 71.7608 -14.2741 30.5829
      vertex 76.5448 -15.2257 32.9816
      vertex 77.3768 -10.1868 33.7621
    endloop
  endfacet
  facet normal -0.446843 -0.0791465 0.891105
    outer loop
      vertex 71.7608 -14.2741 30.5829
      vertex 77.3768 -10.1868 33.7621
      vertex 72.5407 -9.55017 31.3936
    endloop
  endfacet
  facet normal -0.449203 -0.117085 0.885725
    outer loop
      vertex 72.5407 -9.55017 31.3936
      vertex 77.3768 -10.1868 33.7621
      vertex 77.8773 -5.10435 34.6878
    endloop
  endfacet
  facet normal -0.436311 -0.135395 0.889551
    outer loop
      vertex 72.5407 -9.55017 31.3936
      vertex 77.8773 -5.10435 34.6878
      vertex 73.01 -4.78533 32.349
    endloop
  endfacet
  facet normal -0.435868 -0.16817 0.884159
    outer loop
      vertex 73.01 -4.78533 32.349
      vertex 77.8773 -5.10435 34.6878
      vertex 78.0444 0 35.741
    endloop
  endfacet
  facet normal -0.420789 -0.186588 0.887762
    outer loop
      vertex 73.01 -4.78533 32.349
      vertex 78.0444 0 35.741
      vertex 73.1667 0 33.429
    endloop
  endfacet
  facet normal -0.43315 -0.199591 0.878945
    outer loop
      vertex 78.0444 0 35.741
      vertex 82.9222 0 38.1448
      vertex 82.7447 5.42337 39.2889
    endloop
  endfacet
  facet normal -0.418269 -0.214846 0.882549
    outer loop
      vertex 78.0444 0 35.741
      vertex 82.7447 5.42337 39.2889
      vertex 77.8773 5.10435 36.9044
    endloop
  endfacet
  facet normal -0.413926 -0.242577 0.877395
    outer loop
      vertex 77.8773 5.10435 36.9044
      vertex 82.7447 5.42337 39.2889
      vertex 82.2128 10.8235 40.531
    endloop
  endfacet
  facet normal -0.397674 -0.257047 0.880785
    outer loop
      vertex 77.8773 5.10435 36.9044
      vertex 82.2128 10.8235 40.531
      vertex 77.3768 10.1868 38.1617
    endloop
  endfacet
  facet normal -0.392005 -0.281588 0.875809
    outer loop
      vertex 77.3768 10.1868 38.1617
      vertex 82.2128 10.8235 40.531
      vertex 81.3289 16.1773 41.8567
    endloop
  endfacet
  facet normal -0.374719 -0.294944 0.878973
    outer loop
      vertex 77.3768 10.1868 38.1617
      vertex 81.3289 16.1773 41.8567
      vertex 76.5448 15.2257 39.4978
    endloop
  endfacet
  facet normal -0.368028 -0.316749 0.8742
    outer loop
      vertex 76.5448 15.2257 39.4978
      vertex 81.3289 16.1773 41.8567
      vertex 80.0967 21.4619 43.2527
    endloop
  endfacet
  facet normal -0.350016 -0.328783 0.877149
    outer loop
      vertex 76.5448 15.2257 39.4978
      vertex 80.0967 21.4619 43.2527
      vertex 75.3851 20.1994 40.8994
    endloop
  endfacet
  facet normal -0.342517 -0.348257 0.872582
    outer loop
      vertex 75.3851 20.1994 40.8994
      vertex 80.0967 21.4619 43.2527
      vertex 78.5216 26.6545 44.7068
    endloop
  endfacet
  facet normal -0.324047 -0.358856 0.875338
    outer loop
      vertex 75.3851 20.1994 40.8994
      vertex 78.5216 26.6545 44.7068
      vertex 73.9026 25.0866 42.3541
    endloop
  endfacet
  facet normal -0.315885 -0.376342 0.870967
    outer loop
      vertex 73.9026 25.0866 42.3541
      vertex 78.5216 26.6545 44.7068
      vertex 76.6101 31.733 46.208
    endloop
  endfacet
  facet normal -0.297185 -0.385461 0.873556
    outer loop
      vertex 73.9026 25.0866 42.3541
      vertex 76.6101 31.733 46.208
      vertex 72.1037 29.8663 43.8512
    endloop
  endfacet
  facet normal -0.288456 -0.401244 0.869366
    outer loop
      vertex 72.1037 29.8663 43.8512
      vertex 76.6101 31.733 46.208
      vertex 74.3707 36.6756 47.7461
    endloop
  endfacet
  facet normal -0.269718 -0.408885 0.871817
    outer loop
      vertex 72.1037 29.8663 43.8512
      vertex 74.3707 36.6756 47.7461
      vertex 69.9959 34.5182 45.3809
    endloop
  endfacet
  facet normal -0.260482 -0.423196 0.867787
    outer loop
      vertex 69.9959 34.5182 45.3809
      vertex 74.3707 36.6756 47.7461
      vertex 71.8128 41.4611 49.3121
    endloop
  endfacet
  facet normal -0.241867 -0.429393 0.870128
    outer loop
      vertex 69.9959 34.5182 45.3809
      vertex 71.8128 41.4611 49.3121
      vertex 67.5885 39.0222 46.9343
    endloop
  endfacet
  facet normal -0.232159 -0.442417 0.866239
    outer loop
      vertex 67.5885 39.0222 46.9343
      vertex 71.8128 41.4611 49.3121
      vertex 68.9473 46.0691 50.8976
    endloop
  endfacet
  facet normal -0.213802 -0.447224 0.868493
    outer loop
      vertex 67.5885 39.0222 46.9343
      vertex 68.9473 46.0691 50.8976
      vertex 64.8916 43.3592 48.5037
    endloop
  endfacet
  facet normal -0.20364 -0.459106 0.864727
    outer loop
      vertex 64.8916 43.3592 48.5037
      vertex 68.9473 46.0691 50.8976
      vertex 65.7866 50.4799 52.495
    endloop
  endfacet
  facet normal -0.185653 -0.462593 0.866915
    outer loop
      vertex 64.8916 43.3592 48.5037
      vertex 65.7866 50.4799 52.495
      vertex 61.9168 47.5104 50.0818
    endloop
  endfacet
  facet normal -0.175047 -0.473442 0.863256
    outer loop
      vertex 61.9168 47.5104 50.0818
      vertex 65.7866 50.4799 52.495
      vertex 62.3442 54.6744 54.0974
    endloop
  endfacet
  facet normal -0.157525 -0.475686 0.865395
    outer loop
      vertex 61.9168 47.5104 50.0818
      vertex 62.3442 54.6744 54.0974
      vertex 58.6769 51.4583 51.6621
    endloop
  endfacet
  facet normal -0.146476 -0.485585 0.861831
    outer loop
      vertex 58.6769 51.4583 51.6621
      vertex 62.3442 54.6744 54.0974
      vertex 58.6349 58.6349 55.6985
    endloop
  endfacet
  facet normal -0.129498 -0.486669 0.863935
    outer loop
      vertex 58.6769 51.4583 51.6621
      vertex 58.6349 58.6349 55.6985
      vertex 55.1858 55.1858 53.2385
    endloop
  endfacet
  facet normal -0.118005 -0.495678 0.860452
    outer loop
      vertex 55.1858 55.1858 53.2385
      vertex 58.6349 58.6349 55.6985
      vertex 54.6744 62.3442 57.2921
    endloop
  endfacet
  facet normal -0.101639 -0.495687 0.862534
    outer loop
      vertex 55.1858 55.1858 53.2385
      vertex 54.6744 62.3442 57.2921
      vertex 51.4583 58.6769 54.8056
    endloop
  endfacet
  facet normal -0.0897 -0.503845 0.859124
    outer loop
      vertex 51.4583 58.6769 54.8056
      vertex 54.6744 62.3442 57.2921
      vertex 50.4799 65.7866 58.873
    endloop
  endfacet
  facet normal -0.0740021 -0.502867 0.86119
    outer loop
      vertex 51.4583 58.6769 54.8056
      vertex 50.4799 65.7866 58.873
      vertex 47.5104 61.9168 56.3582
    endloop
  endfacet
  facet normal -0.0616154 -0.510199 0.857847
    outer loop
      vertex 47.5104 61.9168 56.3582
      vertex 50.4799 65.7866 58.873
      vertex 46.0691 68.9473 60.436
    endloop
  endfacet
  facet normal -0.0466342 -0.508321 0.859904
    outer loop
      vertex 47.5104 61.9168 56.3582
      vertex 46.0691 68.9473 60.436
      vertex 43.3592 64.8916 57.8916
    endloop
  endfacet
  facet normal -0.0337995 -0.514837 0.856621
    outer loop
      vertex 43.3592 64.8916 57.8916
      vertex 46.0691 68.9473 60.436
      vertex 41.4611 71.8128 61.9764
    endloop
  endfacet
  facet normal -0.019575 -0.512148 0.858674
    outer loop
      vertex 43.3592 64.8916 57.8916
      vertex 41.4611 71.8128 61.9764
      vertex 39.0222 67.5885 59.4012
    endloop
  endfacet
  facet normal -0.00629511 -0.517849 0.855449
    outer loop
      vertex 39.0222 67.5885 59.4012
      vertex 41.4611 71.8128 61.9764
      vertex 36.6756 74.3707 63.4896
    endloop
  endfacet
  facet normal 0.00714029 -0.514436 0.857499
    outer loop
      vertex 39.0222 67.5885 59.4012
      vertex 36.6756 74.3707 63.4896
      vertex 34.5182 69.9959 60.883
    endloop
  endfacet
  facet normal 0.0208587 -0.519313 0.85433
    outer loop
      vertex 34.5182 69.9959 60.883
      vertex 36.6756 74.3707 63.4896
      vertex 31.733 76.6101 64.9716
    endloop
  endfacet
  facet normal 0.0334797 -0.515264 0.856377
    outer loop
      vertex 34.5182 69.9959 60.883
      vertex 31.733 76.6101 64.9716
      vertex 29.8663 72.1037 62.3331
    endloop
  endfacet
  facet normal 0.0476258 -0.5193 0.853264
    outer loop
      vertex 29.8663 72.1037 62.3331
      vertex 31.733 76.6101 64.9716
      vertex 26.6545 78.5216 66.4183
    endloop
  endfacet
  facet normal 0.0594137 -0.514702 0.855308
    outer loop
      vertex 29.8663 72.1037 62.3331
      vertex 26.6545 78.5216 66.4183
      vertex 25.0866 73.9026 63.7477
    endloop
  endfacet
  facet normal 0.0739721 -0.517877 0.852251
    outer loop
      vertex 25.0866 73.9026 63.7477
      vertex 26.6545 78.5216 66.4183
      vertex 21.4619 80.0967 67.8262
    endloop
  endfacet
  facet normal 0.0849147 -0.512815 0.854289
    outer loop
      vertex 25.0866 73.9026 63.7477
      vertex 21.4619 80.0967 67.8262
      vertex 20.1994 75.3851 65.1234
    endloop
  endfacet
  facet normal 0.0998651 -0.515102 0.851292
    outer loop
      vertex 20.1994 75.3851 65.1234
      vertex 21.4619 80.0967 67.8262
      vertex 16.1773 81.3289 69.1917
    endloop
  endfacet
  facet normal 0.109956 -0.509661 0.85332
    outer loop
      vertex 20.1994 75.3851 65.1234
      vertex 16.1773 81.3289 69.1917
      vertex 15.2257 76.5448 66.4569
    endloop
  endfacet
  facet normal 0.125273 -0.51103 0.850385
    outer loop
      vertex 15.2257 76.5448 66.4569
      vertex 16.1773 81.3289 69.1917
      vertex 10.8235 82.2128 70.5115
    endloop
  endfacet
  facet normal 0.134514 -0.505294 0.852399
    outer loop
      vertex 15.2257 76.5448 66.4569
      vertex 10.8235 82.2128 70.5115
      vertex 10.1868 77.3768 67.7452
    endloop
  endfacet
  facet normal 0.150166 -0.505714 0.849531
    outer loop
      vertex 10.1868 77.3768 67.7452
      vertex 10.8235 82.2128 70.5115
      vertex 5.42337 82.7447 71.7827
    endloop
  endfacet
  facet normal 0.158562 -0.499763 0.851525
    outer loop
      vertex 10.1868 77.3768 67.7452
      vertex 5.42337 82.7447 71.7827
      vertex 5.10435 77.8773 68.9854
    endloop
  endfacet
  facet normal 0.174513 -0.499202 0.84873
    outer loop
      vertex 5.10435 77.8773 68.9854
      vertex 5.42337 82.7447 71.7827
      vertex 5.07752e-15 82.9222 73.0023
    endloop
  endfacet
  facet normal 0.182078 -0.493114 0.850697
    outer loop
      vertex 5.10435 77.8773 68.9854
      vertex 5.07752e-15 82.9222 73.0023
      vertex 4.77884e-15 78.0444 70.1748
    endloop
  endfacet
  facet normal 0.198286 -0.49154 0.847981
    outer loop
      vertex 4.77884e-15 78.0444 70.1748
      vertex 5.07752e-15 82.9222 73.0023
      vertex -5.42337 82.7447 74.1675
    endloop
  endfacet
  facet normal 0.205037 -0.485392 0.849914
    outer loop
      vertex 4.77884e-15 78.0444 70.1748
      vertex -5.42337 82.7447 74.1675
      vertex -5.10435 77.8773 71.3108
    endloop
  endfacet
  facet normal 0.221455 -0.482772 0.847283
    outer loop
      vertex -5.10435 77.8773 71.3108
      vertex -5.42337 82.7447 74.1675
      vertex -10.8235 82.2128 75.2759
    endloop
  endfacet
  facet normal 0.227418 -0.476637 0.849175
    outer loop
      vertex -5.10435 77.8773 71.3108
      vertex -10.8235 82.2128 75.2759
      vertex -10.1868 77.3768 72.3909
    endloop
  endfacet
  facet normal 0.243993 -0.472941 0.846637
    outer loop
      vertex -10.1868 77.3768 72.3909
      vertex -10.8235 82.2128 75.2759
      vertex -16.1773 81.3289 76.3251
    endloop
  endfacet
  facet normal 0.249196 -0.466888 0.848479
    outer loop
      vertex -10.1868 77.3768 72.3909
      vertex -16.1773 81.3289 76.3251
      vertex -15.2257 76.5448 73.4131
    endloop
  endfacet
  facet normal 0.265872 -0.462088 0.846042
    outer loop
      vertex -15.2257 76.5448 73.4131
      vertex -16.1773 81.3289 76.3251
      vertex -21.4619 80.0967 77.3128
    endloop
  endfacet
  facet normal 0.27035 -0.456184 0.847825
    outer loop
      vertex -15.2257 76.5448 73.4131
      vertex -21.4619 80.0967 77.3128
      vertex -20.1994 75.3851 74.3751
    endloop
  endfacet
  facet normal 0.252717 -0.46225 0.849976
    outer loop
      vertex -20.1994 75.3851 74.3751
      vertex -21.4619 80.0967 77.3128
      vertex -26.6545 78.5216 78
    endloop
  endfacet
  facet normal 0.284699 -0.413575 0.864813
    outer loop
      vertex -20.1994 75.3851 74.3751
      vertex -26.6545 78.5216 78
      vertex -25.0866 73.9026 75.275
    endloop
  endfacet
  facet normal 0.171868 -0.456642 0.872891
    outer loop
      vertex -25.0866 73.9026 75.275
      vertex -26.6545 78.5216 78
      vertex -31.733 76.6101 78
    endloop
  endfacet
  facet normal 0.265758 -0.276986 0.923391
    outer loop
      vertex -25.0866 73.9026 75.275
      vertex -31.733 76.6101 78
      vertex -29.8663 72.1037 76.111
    endloop
  endfacet
  facet normal 0.149113 -0.329099 0.932448
    outer loop
      vertex -29.8663 72.1037 76.111
      vertex -31.733 76.6101 78
      vertex -36.6756 74.3707 78
    endloop
  endfacet
  facet normal 0.222088 -0.137294 0.965312
    outer loop
      vertex -29.8663 72.1037 76.111
      vertex -36.6756 74.3707 78
      vertex -34.5182 69.9959 76.8814
    endloop
  endfacet
  facet normal 0.105418 -0.197223 0.974674
    outer loop
      vertex -34.5182 69.9959 76.8814
      vertex -36.6756 74.3707 78
      vertex -41.4611 71.8128 78
    endloop
  endfacet
  facet normal 0.157492 -0.00611919 0.987501
    outer loop
      vertex -34.5182 69.9959 76.8814
      vertex -41.4611 71.8128 78
      vertex -39.0222 67.5885 77.5849
    endloop
  endfacet
  facet normal 0.0448054 -0.0720529 0.996394
    outer loop
      vertex -39.0222 67.5885 77.5849
      vertex -41.4611 71.8128 78
      vertex -46.0691 68.9473 78
    endloop
  endfacet
  facet normal 0.067402 0.0450366 0.996709
    outer loop
      vertex -39.0222 67.5885 77.5849
      vertex -46.0691 68.9473 78
      vertex -43.3592 64.8916 78
    endloop
  endfacet
  facet normal 0 0 1
    outer loop
      vertex -43.3592 64.8916 78
      vertex -46.0691 68.9473 78
      vertex -50.4799 65.7866 78
    endloop
  endfacet
  facet normal 0 0 1
    outer loop
      vertex -43.3592 64.8916 78
      vertex -50.4799 65.7866 78
      vertex -47.5104 61.9168 78
    endloop
  endfacet
  facet normal 0 0 1
    outer loop
      vertex -47.5104 61.9168 78
      vertex -50.4799 65.7866 78
      vertex -54.6744 62.3442 78
    endloop
  endfacet
  facet normal 0 0 1
    outer loop
      vertex -47.5104 61.9168 78
      vertex -54.6744 62.3442 78
      vertex -51.4583 58.6769 78
    endloop
  endfacet
  facet normal 0 0 1
    outer loop
      vertex -51.4583 58.6769 78
      vertex -54.6744 62.3442 78
      vertex -58.6349 58.6349 78
    endloop
  endfacet
  facet normal 0 0 1
    outer loop
      vertex -51.4583 58.6769 78
      vertex -58.6349 58.6349 78
      vertex -55.1858 55.1858 78
    endloop
  endfacet
  facet normal 0 0 1
    outer loop
      vertex -55.1858 55.1858 78
      vertex -58.6349 58.6349 78
      vertex -62.3442 54.6744 78
    endloop
  endfacet
  facet normal 0 0 1
    outer loop
      vertex -55.1858 55.1858 78
      vertex -62.3442 54.6744 78
      vertex -58.6769 51.4583 78
    endloop
  endfacet
  facet normal 0 0 1
    outer loop
      vertex -58.6769 51.4583 78
      vertex -62.3442 54.6744 78
      vertex -65.7866 50.4799 78
    endloop
  endfacet
  facet normal 0 0 1
    outer loop
      vertex -58.6769 51.4583 78
      vertex -65.7866 50.4799 78
      vertex -61.9168 47.5104 78
    endloop
  endfacet
  facet normal 0 0 1
    outer loop
      vertex -61.9168 47.5104 78
      vertex -65.7866 50.4799 78
      vertex -68.9473 46.0691 78
    endloop
  endfacet
  facet normal 0 0 1
    outer loop
      vertex -61.9168 47.5104 78
      vertex -68.9473 46.0691 78
      vertex -64.8916 43.3592 78
    endloop
  endfacet
  facet normal 0 0 1
    outer loop
      vertex -64.8916 43.3592 78
      vertex -68.9473 46.0691 78
      vertex -71.8128 41.4611 78
    endloop
  endfacet
  facet normal 0 0 1
    outer loop
      vertex -64.8916 43.3592 78
      vertex -71.8128 41.4611 78
      vertex -67.5885 39.0222 78
    endloop
  endfacet
  facet normal 0 0 1
    outer loop
      vertex -67.5885 39.0222 78
      vertex -71.8128 41.4611 78
      vertex -74.3707 36.6756 78
    endloop
  endfacet
  facet normal 0 0 1
    outer loop
      vertex -67.5885 39.0222 78
      vertex -74.3707 36.6756 78
      vertex -69.9959 34.5182 78
    endloop
  endfacet
  facet normal 0 0 1
    outer loop
      vertex -69.9959 34.5182 78
      vertex -74.3707 36.6756 78
      vertex -76.6101 31.733 78
    endloop
  endfacet
  facet normal 0 0 1
    outer loop
      vertex -69.9959 34.5182 78
      vertex -76.6101 31.733 78
      vertex -72.1037 29.8663 78
    endloop
  endfacet
  facet normal 0 0 1
    outer loop
      vertex -72.1037 29.8663 78
      vertex -76.6101 31.733 78
      vertex -78.5216 26.6545 78
    endloop
  endfacet
  facet normal 0 0 1
    outer loop
      vertex -72.1037 29.8663 78
      vertex -78.5216 26.6545 78
      vertex -73.9026 25.0866 78
    endloop
  endfacet
  facet normal 0 0 1
    outer loop
      vertex -73.9026 25.0866 78
      vertex -78.5216 26.6545 78
      vertex -80.0967 21.4619 78
    endloop
  endfacet
  facet normal 0 0 1
    outer loop
      vertex -73.9026 25.0866 78
      vertex -80.0967 21.4619 78
      vertex -75.3851 20.1994 78
    endloop
  endfacet
  facet normal 0 0 1
    outer loop
      vertex -75.3851 20.1994 78
      vertex -80.0967 21.4619 78
      vertex -81.3289 16.1773 78
    endloop
  endfacet
  facet normal 0 0 1
    outer loop
      vertex -75.3851 20.1994 78
      vertex -81.3289 16.1773 78
      vertex -76.5448 15.2257 78
    endloop
  endfacet
  facet normal 0 0 1
    outer loop
      vertex -76.5448 15.2257 78
      vertex -81.3289 16.1773 78
      vertex -82.2128 10.8235 78
    endloop
  endfacet
  facet normal 0 0 1
    outer loop
      vertex -76.5448 15.2257 78
      vertex -82.2128 10.8235 78
      vertex -77.3768 10.1868 78
    endloop
  endfacet
  facet normal 0 0 1
    outer loop
      vertex -77.3768 10.1868 78
      vertex -82.2128 10.8235 78
      vertex -82.7447 5.42337 78
    endloop
  endfacet
  facet normal 0 0 1
    outer loop
      vertex -77.3768 10.1868 78
      vertex -82.7447 5.42337 78
      vertex -77.8773 5.10435 78
    endloop
  endfacet
  facet normal 0 0 1
    outer loop
      vertex -77.8773 5.10435 78
      vertex -82.7447 5.42337 78
      vertex -82.9222 1.0155e-14 78
    endloop
  endfacet
  facet normal 0 0 1
    outer loop
      vertex -77.8773 5.10435 78
      vertex -82.9222 1.0155e-14 78
      vertex -78.0444 9.55769e-15 78
    endloop
  endfacet
  facet normal 0 0 1
    outer loop
      vertex -78.0444 9.55769e-15 78
      vertex -82.9222 1.0155e-14 78
      vertex -82.7447 -5.42337 78
    endloop
  endfacet
  facet normal 0 0 1
    outer loop
      vertex -78.0444 9.55769e-15 78
      vertex -82.7447 -5.42337 78
      vertex -77.8773 -5.10435 78
    endloop
  endfacet
  facet normal 0 0 1
    outer loop
      vertex -77.8773 -5.10435 78
      vertex -82.7447 -5.42337 78
      vertex -82.2128 -10.8235 78
    endloop
  endfacet
  facet normal 0.0230607 -0.0174814 0.999581
    outer loop
      vertex -77.8773 -5.10435 78
      vertex -82.2128 -10.8235 78
      vertex -77.3768 -10.1868 77.8996
    endloop
  endfacet
  facet normal 0.0203218 0.00335515 0.999788
    outer loop
      vertex -77.3768 -10.1868 77.8996
      vertex -82.2128 -10.8235 78
      vertex -81.3289 -16.1773 78
    endloop
  endfacet
  facet normal 0.177833 -0.100911 0.978873
    outer loop
      vertex -77.3768 -10.1868 77.8996
      vertex -81.3289 -16.1773 78
      vertex -76.5448 -15.2257 77.229
    endloop
  endfacet
  facet normal 0.152131 0.035472 0.987724
    outer loop
      vertex -76.5448 -15.2257 77.229
      vertex -81.3289 -16.1773 78
      vertex -80.0967 -21.4619 78
    endloop
  endfacet
  facet normal 0.320319 -0.0655995 0.945036
    outer loop
      vertex -76.5448 -15.2257 77.229
      vertex -80.0967 -21.4619 78
      vertex -75.3851 -20.1994 76.4906
    endloop
  endfacet
  facet normal 0.283015 0.0858517 0.955265
    outer loop
      vertex -75.3851 -20.1994 76.4906
      vertex -80.0967 -21.4619 78
      vertex -78.5216 -26.6545 78
    endloop
  endfacet
  facet normal 0.450668 -0.0102529 0.892633
    outer loop
      vertex -75.3851 -20.1994 76.4906
      vertex -78.5216 -26.6545 78
      vertex -73.9026 -25.0866 75.686
    endloop
  endfacet
  facet normal 0.413737 0.114155 0.903211
    outer loop
      vertex -73.9026 -25.0866 75.686
      vertex -78.5216 -26.6545 78
      vertex -76.6101 -31.733 77.7663
    endloop
  endfacet
  facet normal 0.533303 0.0471068 0.844612
    outer loop
      vertex -73.9026 -25.0866 75.686
      vertex -76.6101 -31.733 77.7663
      vertex -72.1037 -29.8663 74.8167
    endloop
  endfacet
  facet normal 0.524684 0.0734598 0.848121
    outer loop
      vertex -72.1037 -29.8663 74.8167
      vertex -76.6101 -31.733 77.7663
      vertex -74.3707 -36.6756 76.809
    endloop
  endfacet
  facet normal 0.530004 0.0707858 0.845035
    outer loop
      vertex -72.1037 -29.8663 74.8167
      vertex -74.3707 -36.6756 76.809
      vertex -69.9959 -34.5182 73.8844
    endloop
  endfacet
  facet normal 0.519682 0.0968869 0.848849
    outer loop
      vertex -69.9959 -34.5182 73.8844
      vertex -74.3707 -36.6756 76.809
      vertex -71.8128 -41.4611 75.7892
    endloop
  endfacet
  facet normal 0.525552 0.0944333 0.845504
    outer loop
      vertex -69.9959 -34.5182 73.8844
      vertex -71.8128 -41.4611 75.7892
      vertex -67.5885 -39.0222 72.891
    endloop
  endfacet
  facet normal 0.513517 0.120173 0.849623
    outer loop
      vertex -67.5885 -39.0222 72.891
      vertex -71.8128 -41.4611 75.7892
      vertex -68.9473 -46.0691 74.709
    endloop
  endfacet
  facet normal 0.519929 0.118006 0.846019
    outer loop
      vertex -67.5885 -39.0222 72.891
      vertex -68.9473 -46.0691 74.709
      vertex -64.8916 -43.3592 71.8386
    endloop
  endfacet
  facet normal 0.506178 0.143273 0.850445
    outer loop
      vertex -64.8916 -43.3592 71.8386
      vertex -68.9473 -46.0691 74.709
      vertex -65.7866 -50.4799 73.5709
    endloop
  endfacet
  facet normal 0.513118 0.141461 0.846581
    outer loop
      vertex -64.8916 -43.3592 71.8386
      vertex -65.7866 -50.4799 73.5709
      vertex -61.9168 -47.5104 70.7292
    endloop
  endfacet
  facet normal 0.497654 0.166143 0.851315
    outer loop
      vertex -61.9168 -47.5104 70.7292
      vertex -65.7866 -50.4799 73.5709
      vertex -62.3442 -54.6744 72.3772
    endloop
  endfacet
  facet normal 0.505101 0.16475 0.84719
    outer loop
      vertex -61.9168 -47.5104 70.7292
      vertex -62.3442 -54.6744 72.3772
      vertex -58.6769 -51.4583 69.5653
    endloop
  endfacet
  facet normal 0.487931 0.188738 0.852233
    outer loop
      vertex -58.6769 -51.4583 69.5653
      vertex -62.3442 -54.6744 72.3772
      vertex -58.6349 -58.6349 71.1306
    endloop
  endfacet
  facet normal 0.49586 0.187828 0.847847
    outer loop
      vertex -58.6769 -51.4583 69.5653
      vertex -58.6349 -58.6349 71.1306
      vertex -55.1858 -55.1858 68.3493
    endloop
  endfacet
  facet normal 0.476995 0.21101 0.8532
    outer loop
      vertex -55.1858 -55.1858 68.3493
      vertex -58.6349 -58.6349 71.1306
      vertex -54.6744 -62.3442 69.8338
    endloop
  endfacet
  facet normal 0.485373 0.210645 0.848552
    outer loop
      vertex -55.1858 -55.1858 68.3493
      vertex -54.6744 -62.3442 69.8338
      vertex -51.4583 -58.6769 67.0838
    endloop
  endfacet
  facet normal 0.464828 0.232911 0.854217
    outer loop
      vertex -51.4583 -58.6769 67.0838
      vertex -54.6744 -62.3442 69.8338
      vertex -50.4799 -65.7866 68.4899
    endloop
  endfacet
  facet normal 0.473621 0.23315 0.849308
    outer loop
      vertex -51.4583 -58.6769 67.0838
      vertex -50.4799 -65.7866 68.4899
      vertex -47.5104 -61.9168 65.7717
    endloop
  endfacet
  facet normal 0.451413 0.254389 0.855285
    outer loop
      vertex -47.5104 -61.9168 65.7717
      vertex -50.4799 -65.7866 68.4899
      vertex -46.0691 -68.9473 67.102
    endloop
  endfacet
  facet normal 0.460579 0.25529 0.850114
    outer loop
      vertex -47.5104 -61.9168 65.7717
      vertex -46.0691 -68.9473 67.102
      vertex -43.3592 -64.8916 64.4159
    endloop
  endfacet
  facet normal 0.436729 0.275391 0.856404
    outer loop
      vertex -43.3592 -64.8916 64.4159
      vertex -46.0691 -68.9473 67.102
      vertex -41.4611 -71.8128 65.6736
    endloop
  endfacet
  facet normal 0.446222 0.277008 0.850972
    outer loop
      vertex -43.3592 -64.8916 64.4159
      vertex -41.4611 -71.8128 65.6736
      vertex -39.0222 -67.5885 63.0196
    endloop
  endfacet
  facet normal 0.420753 0.295861 0.857574
    outer loop
      vertex -39.0222 -67.5885 63.0196
      vertex -41.4611 -71.8128 65.6736
      vertex -36.6756 -74.3707 64.2081
    endloop
  endfacet
  facet normal 0.430523 0.298244 0.851881
    outer loop
      vertex -39.0222 -67.5885 63.0196
      vertex -36.6756 -74.3707 64.2081
      vertex -34.5182 -69.9959 61.5862
    endloop
  endfacet
  facet normal 0.403457 0.315737 0.858797
    outer loop
      vertex -34.5182 -69.9959 61.5862
      vertex -36.6756 -74.3707 64.2081
      vertex -31.733 -76.6101 62.7095
    endloop
  endfacet
  facet normal 0.413451 0.318934 0.852842
    outer loop
      vertex -34.5182 -69.9959 61.5862
      vertex -31.733 -76.6101 62.7095
      vertex -29.8663 -72.1037 60.1193
    endloop
  endfacet
  facet normal 0.384812 0.334953 0.860074
    outer loop
      vertex -29.8663 -72.1037 60.1193
      vertex -31.733 -76.6101 62.7095
      vertex -26.6545 -78.5216 61.1816
    endloop
  endfacet
  facet normal 0.394971 0.339008 0.853857
    outer loop
      vertex -29.8663 -72.1037 60.1193
      vertex -26.6545 -78.5216 61.1816
      vertex -25.0866 -73.9026 58.6225
    endloop
  endfacet
  facet normal 0.364782 0.353437 0.861404
    outer loop
      vertex -25.0866 -73.9026 58.6225
      vertex -26.6545 -78.5216 61.1816
      vertex -21.4619 -80.0967 59.629
    endloop
  endfacet
  facet normal 0.375046 0.358391 0.854925
    outer loop
      vertex -25.0866 -73.9026 58.6225
      vertex -21.4619 -80.0967 59.629
      vertex -20.1994 -75.3851 57.1
    endloop
  endfacet
  facet normal 0.343329 0.37111 0.862788
    outer loop
      vertex -20.1994 -75.3851 57.1
      vertex -21.4619 -80.0967 59.629
      vertex -16.1773 -81.3289 58.0561
    endloop
  endfacet
  facet normal 0.353633 0.376998 0.856047
    outer loop
      vertex -20.1994 -75.3851 57.1
      vertex -16.1773 -81.3289 58.0561
      vertex -15.2257 -76.5448 55.5561
    endloop
  endfacet
  facet normal 0.320408 0.387881 0.864226
    outer loop
      vertex -15.2257 -76.5448 55.5561
      vertex -16.1773 -81.3289 58.0561
      vertex -10.8235 -82.2128 56.4679
    endloop
  endfacet
  facet normal 0.330685 0.394737 0.857222
    outer loop
      vertex -15.2257 -76.5448 55.5561
      vertex -10.8235 -82.2128 56.4679
      vertex -10.1868 -77.3768 53.9954
    endloop
  endfacet
  facet normal 0.295968 0.403651 0.865719
    outer loop
      vertex -10.1868 -77.3768 53.9954
      vertex -10.8235 -82.2128 56.4679
      vertex -5.42337 -82.7447 54.8698
    endloop
  endfacet
  facet normal 0.306148 0.411501 0.858452
    outer loop
      vertex -10.1868 -77.3768 53.9954
      vertex -5.42337 -82.7447 54.8698
      vertex -5.10435 -77.8773 52.4228
    endloop
  endfacet
  facet normal 0.269955 0.418303 0.867264
    outer loop
      vertex -5.10435 -77.8773 52.4228
      vertex -5.42337 -82.7447 54.8698
      vertex -1.52326e-14 -82.9222 53.2672
    endloop
  endfacet
  facet normal 0.279964 0.42717 0.859736
    outer loop
      vertex -5.10435 -77.8773 52.4228
      vertex -1.52326e-14 -82.9222 53.2672
      vertex -1.43365e-14 -78.0444 50.8437
    endloop
  endfacet
  facet normal 0.242306 0.431704 0.868861
    outer loop
      vertex -1.43365e-14 -78.0444 50.8437
      vertex -1.52326e-14 -82.9222 53.2672
      vertex 5.42337 -82.7447 51.6666
    endloop
  endfacet
  facet normal 0.252068 0.441604 0.861073
    outer loop
      vertex -1.43365e-14 -78.0444 50.8437
      vertex 5.42337 -82.7447 51.6666
      vertex 5.10435 -77.8773 49.2637
    endloop
  endfacet
  facet normal 0.212957 0.443697 0.870507
    outer loop
      vertex 5.10435 -77.8773 49.2637
      vertex 5.42337 -82.7447 51.6666
      vertex 10.8235 -82.2128 50.0744
    endloop
  endfacet
  facet normal 0.222392 0.45464 0.862464
    outer loop
      vertex 5.10435 -77.8773 49.2637
      vertex 10.8235 -82.2128 50.0744
      vertex 10.1868 -77.3768 47.6893
    endloop
  endfacet
  facet normal 0.181838 0.454101 0.872197
    outer loop
      vertex 10.1868 -77.3768 47.6893
      vertex 10.8235 -82.2128 50.0744
      vertex 16.1773 -81.3289 48.498
    endloop
  endfacet
  facet normal 0.190864 0.466086 0.863906
    outer loop
      vertex 10.1868 -77.3768 47.6893
      vertex 16.1773 -81.3289 48.498
      vertex 15.2257 -76.5448 46.1272
    endloop
  endfacet
  facet normal 0.148881 0.4627 0.873924
    outer loop
      vertex 15.2257 -76.5448 46.1272
      vertex 16.1773 -81.3289 48.498
      vertex 21.4619 -80.0967 46.9454
    endloop
  endfacet
  facet normal 0.157411 0.475714 0.8654
    outer loop
      vertex 15.2257 -76.5448 46.1272
      vertex 21.4619 -80.0967 46.9454
      vertex 20.1994 -75.3851 44.585
    endloop
  endfacet
  facet normal 0.114021 0.469238 0.87568
    outer loop
      vertex 20.1994 -75.3851 44.585
      vertex 21.4619 -80.0967 46.9454
      vertex 26.6545 -78.5216 45.4252
    endloop
  endfacet
  facet normal 0.121967 0.483251 0.866944
    outer loop
      vertex 20.1994 -75.3851 44.585
      vertex 26.6545 -78.5216 45.4252
      vertex 25.0866 -73.9026 43.0711
    endloop
  endfacet
  facet normal 0.0772066 0.473412 0.877451
    outer loop
      vertex 25.0866 -73.9026 43.0711
      vertex 26.6545 -78.5216 45.4252
      vertex 31.733 -76.6101 43.9471
    endloop
  endfacet
  facet normal 0.0844755 0.488372 0.868537
    outer loop
      vertex 25.0866 -73.9026 43.0711
      vertex 31.733 -76.6101 43.9471
      vertex 29.8663 -72.1037 41.5947
    endloop
  endfacet
  facet normal 0.0384121 0.474868 0.879218
    outer loop
      vertex 29.8663 -72.1037 41.5947
      vertex 31.733 -76.6101 43.9471
      vertex 36.6756 -74.3707 42.5216
    endloop
  endfacet
  facet normal 0.0449096 0.490687 0.870178
    outer loop
      vertex 29.8663 -72.1037 41.5947
      vertex 36.6756 -74.3707 42.5216
      vertex 34.5182 -69.9959 40.1661
    endloop
  endfacet
  facet normal -0.00234692 0.473188 0.880958
    outer loop
      vertex 34.5182 -69.9959 40.1661
      vertex 36.6756 -74.3707 42.5216
      vertex 41.4611 -71.8128 41.1604
    endloop
  endfacet
  facet normal 0.0032857 0.489736 0.871865
    outer loop
      vertex 34.5182 -69.9959 40.1661
      vertex 41.4611 -71.8128 41.1604
      vertex 39.0222 -67.5885 38.7968
    endloop
  endfacet
  facet normal -0.0449873 0.467894 0.882639
    outer loop
      vertex 39.0222 -67.5885 38.7968
      vertex 41.4611 -71.8128 41.1604
      vertex 46.0691 -68.9473 39.8763
    endloop
  endfacet
  facet normal -0.0403079 0.484978 0.873597
    outer loop
      vertex 39.0222 -67.5885 38.7968
      vertex 46.0691 -68.9473 39.8763
      vertex 43.3592 -64.8916 37.4997
    endloop
  endfacet
  facet normal -0.0893259 0.45845 0.88422
    outer loop
      vertex 43.3592 -64.8916 37.4997
      vertex 46.0691 -68.9473 39.8763
      vertex 50.4799 -65.7866 38.6831
    endloop
  endfacet
  facet normal -0.085675 0.475797 0.875372
    outer loop
      vertex 43.3592 -64.8916 37.4997
      vertex 50.4799 -65.7866 38.6831
      vertex 47.5104 -61.9168 36.2891
    endloop
  endfacet
  facet normal -0.135038 0.444279 0.885653
    outer loop
      vertex 47.5104 -61.9168 36.2891
      vertex 50.4799 -65.7866 38.6831
      vertex 54.6744 -62.3442 37.5958
    endloop
  endfacet
  facet normal -0.132465 0.461517 0.877186
    outer loop
      vertex 47.5104 -61.9168 36.2891
      vertex 54.6744 -62.3442 37.5958
      vertex 51.4583 -58.6769 35.1807
    endloop
  endfacet
  facet normal -0.181613 0.424801 0.886882
    outer loop
      vertex 51.4583 -58.6769 35.1807
      vertex 54.6744 -62.3442 37.5958
      vertex 58.6349 -58.6349 36.6301
    endloop
  endfacet
  facet normal -0.180124 0.441436 0.879027
    outer loop
      vertex 51.4583 -58.6769 35.1807
      vertex 58.6349 -58.6349 36.6301
      vertex 55.1858 -55.1858 34.1913
    endloop
  endfacet
  facet normal -0.228311 0.39949 0.887852
    outer loop
      vertex 55.1858 -55.1858 34.1913
      vertex 58.6349 -58.6349 36.6301
      vertex 62.3442 -54.6744 35.802
    endloop
  endfacet
  facet normal -0.227842 0.414903 0.880876
    outer loop
      vertex 55.1858 -55.1858 34.1913
      vertex 62.3442 -54.6744 35.802
      vertex 58.6769 -51.4583 33.3386
    endloop
  endfacet
  facet normal -0.274139 0.36796 0.888512
    outer loop
      vertex 58.6769 -51.4583 33.3386
      vertex 62.3442 -54.6744 35.802
      vertex 65.7866 -50.4799 35.127
    endloop
  endfacet
  facet normal -0.274528 0.381424 0.882695
    outer loop
      vertex 58.6769 -51.4583 33.3386
      vertex 65.7866 -50.4799 35.127
      vertex 61.9168 -47.5104 32.6403
    endloop
  endfacet
  facet normal -0.317868 0.330076 0.888825
    outer loop
      vertex 61.9168 -47.5104 32.6403
      vertex 65.7866 -50.4799 35.127
      vertex 68.9473 -46.0691 34.6194
    endloop
  endfacet
  facet normal -0.318828 0.340804 0.884421
    outer loop
      vertex 61.9168 -47.5104 32.6403
      vertex 68.9473 -46.0691 34.6194
      vertex 64.8916 -43.3592 32.113
    endloop
  endfacet
  facet normal -0.358106 0.286053 0.888782
    outer loop
      vertex 64.8916 -43.3592 32.113
      vertex 68.9473 -46.0691 34.6194
      vertex 71.8128 -41.4611 34.2908
    endloop
  endfacet
  facet normal -0.35921 0.293303 0.885969
    outer loop
      vertex 64.8916 -43.3592 32.113
      vertex 71.8128 -41.4611 34.2908
      vertex 67.5885 -39.0222 31.7707
    endloop
  endfacet
  facet normal -0.393437 0.236534 0.888403
    outer loop
      vertex 67.5885 -39.0222 31.7707
      vertex 71.8128 -41.4611 34.2908
      vertex 74.3707 -36.6756 34.1495
    endloop
  endfacet
  facet normal -0.394134 0.239732 0.887236
    outer loop
      vertex 67.5885 -39.0222 31.7707
      vertex 74.3707 -36.6756 34.1495
      vertex 69.9959 -34.5182 31.6232
    endloop
  endfacet
  facet normal -0.422602 0.182588 0.887733
    outer loop
      vertex 69.9959 -34.5182 31.6232
      vertex 74.3707 -36.6756 34.1495
      vertex 76.6101 -31.733 34.199
    endloop
  endfacet
  facet normal -0.422278 0.181463 0.888118
    outer loop
      vertex 69.9959 -34.5182 31.6232
      vertex 76.6101 -31.733 34.199
      vertex 72.1037 -29.8663 31.6749
    endloop
  endfacet
  facet normal -0.444687 0.125624 0.886833
    outer loop
      vertex 72.1037 -29.8663 31.6749
      vertex 76.6101 -31.733 34.199
      vertex 78.5216 -26.6545 34.438
    endloop
  endfacet
  facet normal -0.442751 0.120286 0.88854
    outer loop
      vertex 72.1037 -29.8663 31.6749
      vertex 78.5216 -26.6545 34.438
      vertex 73.9026 -25.0866 31.9242
    endloop
  endfacet
  facet normal -0.459249 0.0672297 0.88576
    outer loop
      vertex 73.9026 -25.0866 31.9242
      vertex 78.5216 -26.6545 34.438
      vertex 80.0967 -21.4619 34.8606
    endloop
  endfacet
  facet normal -0.45523 0.0581659 0.888472
    outer loop
      vertex 73.9026 -25.0866 31.9242
      vertex 80.0967 -21.4619 34.8606
      vertex 75.3851 -20.1994 32.3639
    endloop
  endfacet
  facet normal -0.466338 0.0089776 0.884561
    outer loop
      vertex 75.3851 -20.1994 32.3639
      vertex 80.0967 -21.4619 34.8606
      vertex 81.3289 -16.1773 35.4566
    endloop
  endfacet
  facet normal -0.459958 -0.003044 0.887935
    outer loop
      vertex 75.3851 -20.1994 32.3639
      vertex 81.3289 -16.1773 35.4566
      vertex 76.5448 -15.2257 32.9816
    endloop
  endfacet
  facet normal -0.466435 -0.0477496 0.883266
    outer loop
      vertex 76.5448 -15.2257 32.9816
      vertex 81.3289 -16.1773 35.4566
      vertex 82.2128 -10.8235 36.2128
    endloop
  endfacet
  facet normal -0.45763 -0.0618215 0.886991
    outer loop
      vertex 76.5448 -15.2257 32.9816
      vertex 82.2128 -10.8235 36.2128
      vertex 77.3768 -10.1868 33.7621
    endloop
  endfacet
  facet normal -0.460317 -0.101868 0.881891
    outer loop
      vertex 77.3768 -10.1868 33.7621
      vertex 82.2128 -10.8235 36.2128
      vertex 82.7447 -5.42337 37.1142
    endloop
  endfacet
  facet normal -0.449207 -0.117084 0.885722
    outer loop
      vertex 77.3768 -10.1868 33.7621
      vertex 82.7447 -5.42337 37.1142
      vertex 77.8773 -5.10435 34.6878
    endloop
  endfacet
  facet normal -0.448907 -0.152627 0.880447
    outer loop
      vertex 77.8773 -5.10435 34.6878
      vertex 82.7447 -5.42337 37.1142
      vertex 82.9222 0 38.1448
    endloop
  endfacet
  facet normal -0.435748 -0.168186 0.884216
    outer loop
      vertex 77.8773 -5.10435 34.6878
      vertex 82.9222 0 38.1448
      vertex 78.0444 0 35.741
    endloop
  endfacet
  facet normal -0.445545 -0.186493 0.87562
    outer loop
      vertex 82.9222 0 38.1448
      vertex 87.8 0 40.6268
      vertex 87.612 5.74239 41.7542
    endloop
  endfacet
  facet normal -0.432306 -0.199649 0.879348
    outer loop
      vertex 82.9222 0 38.1448
      vertex 87.612 5.74239 41.7542
      vertex 82.7447 5.42337 39.2889
    endloop
  endfacet
  facet normal -0.427699 -0.229971 0.874178
    outer loop
      vertex 82.7447 5.42337 39.2889
      vertex 87.612 5.74239 41.7542
      vertex 87.0489 11.4602 42.9829
    endloop
  endfacet
  facet normal -0.413102 -0.242585 0.877781
    outer loop
      vertex 82.7447 5.42337 39.2889
      vertex 87.0489 11.4602 42.9829
      vertex 82.2128 10.8235 40.531
    endloop
  endfacet
  facet normal -0.406942 -0.269802 0.8727
    outer loop
      vertex 82.2128 10.8235 40.531
      vertex 87.0489 11.4602 42.9829
      vertex 86.1129 17.1289 44.299
    endloop
  endfacet
  facet normal -0.391276 -0.281551 0.876146
    outer loop
      vertex 82.2128 10.8235 40.531
      vertex 86.1129 17.1289 44.299
      vertex 81.3289 16.1773 41.8567
    endloop
  endfacet
  facet normal -0.383884 -0.306016 0.871199
    outer loop
      vertex 81.3289 16.1773 41.8567
      vertex 86.1129 17.1289 44.299
      vertex 84.8083 22.7243 45.6895
    endloop
  endfacet
  facet normal -0.367427 -0.316682 0.874477
    outer loop
      vertex 81.3289 16.1773 41.8567
      vertex 84.8083 22.7243 45.6895
      vertex 80.0967 21.4619 43.2527
    endloop
  endfacet
  facet normal -0.359041 -0.33873 0.869685
    outer loop
      vertex 80.0967 21.4619 43.2527
      vertex 84.8083 22.7243 45.6895
      vertex 83.1405 28.2224 47.1424
    endloop
  endfacet
  facet normal -0.342044 -0.348174 0.8728
    outer loop
      vertex 80.0967 21.4619 43.2527
      vertex 83.1405 28.2224 47.1424
      vertex 78.5216 26.6545 44.7068
    endloop
  endfacet
  facet normal -0.332837 -0.368104 0.86817
    outer loop
      vertex 78.5216 26.6545 44.7068
      vertex 83.1405 28.2224 47.1424
      vertex 81.1166 33.5996 48.6464
    endloop
  endfacet
  facet normal -0.315523 -0.376256 0.871135
    outer loop
      vertex 78.5216 26.6545 44.7068
      vertex 81.1166 33.5996 48.6464
      vertex 76.6101 31.733 46.208
    endloop
  endfacet
  facet normal -0.305618 -0.394326 0.866663
    outer loop
      vertex 76.6101 31.733 46.208
      vertex 81.1166 33.5996 48.6464
      vertex 78.7454 38.8329 50.1914
    endloop
  endfacet
  facet normal -0.28818 -0.40116 0.869496
    outer loop
      vertex 76.6101 31.733 46.208
      vertex 78.7454 38.8329 50.1914
      vertex 74.3707 36.6756 47.7461
    endloop
  endfacet
  facet normal -0.277662 -0.417589 0.865173
    outer loop
      vertex 74.3707 36.6756 47.7461
      vertex 78.7454 38.8329 50.1914
      vertex 76.037 43.9 51.7679
    endloop
  endfacet
  facet normal -0.260265 -0.423115 0.867892
    outer loop
      vertex 74.3707 36.6756 47.7461
      vertex 76.037 43.9 51.7679
      vertex 71.8128 41.4611 49.3121
    endloop
  endfacet
  facet normal -0.249191 -0.438081 0.863706
    outer loop
      vertex 71.8128 41.4611 49.3121
      vertex 76.037 43.9 51.7679
      vertex 73.003 48.7791 53.3672
    endloop
  endfacet
  facet normal -0.231976 -0.442335 0.86633
    outer loop
      vertex 71.8128 41.4611 49.3121
      vertex 73.003 48.7791 53.3672
      vertex 68.9473 46.0691 50.8976
    endloop
  endfacet
  facet normal -0.220385 -0.455983 0.86227
    outer loop
      vertex 68.9473 46.0691 50.8976
      vertex 73.003 48.7791 53.3672
      vertex 69.6564 53.4493 54.9816
    endloop
  endfacet
  facet normal -0.203471 -0.459016 0.864814
    outer loop
      vertex 68.9473 46.0691 50.8976
      vertex 69.6564 53.4493 54.9816
      vertex 65.7866 50.4799 52.495
    endloop
  endfacet
  facet normal -0.191387 -0.471461 0.860869
    outer loop
      vertex 65.7866 50.4799 52.495
      vertex 69.6564 53.4493 54.9816
      vertex 66.0115 57.8906 56.6036
    endloop
  endfacet
  facet normal -0.174876 -0.473336 0.863349
    outer loop
      vertex 65.7866 50.4799 52.495
      vertex 66.0115 57.8906 56.6036
      vertex 62.3442 54.6744 54.0974
    endloop
  endfacet
  facet normal -0.162316 -0.484666 0.859507
    outer loop
      vertex 62.3442 54.6744 54.0974
      vertex 66.0115 57.8906 56.6036
      vertex 62.084 62.084 58.2265
    endloop
  endfacet
  facet normal -0.146294 -0.485456 0.861934
    outer loop
      vertex 62.3442 54.6744 54.0974
      vertex 62.084 62.084 58.2265
      vertex 58.6349 58.6349 55.6985
    endloop
  endfacet
  facet normal -0.133267 -0.495736 0.858187
    outer loop
      vertex 58.6349 58.6349 55.6985
      vertex 62.084 62.084 58.2265
      vertex 57.8906 66.0115 59.844
    endloop
  endfacet
  facet normal -0.117806 -0.495517 0.860572
    outer loop
      vertex 58.6349 58.6349 55.6985
      vertex 57.8906 66.0115 59.844
      vertex 54.6744 62.3442 57.2921
    endloop
  endfacet
  facet normal -0.104322 -0.504795 0.856912
    outer loop
      vertex 54.6744 62.3442 57.2921
      vertex 57.8906 66.0115 59.844
      vertex 53.4493 69.6564 61.4505
    endloop
  endfacet
  facet normal -0.0894845 -0.503646 0.859263
    outer loop
      vertex 54.6744 62.3442 57.2921
      vertex 53.4493 69.6564 61.4505
      vertex 50.4799 65.7866 58.873
    endloop
  endfacet
  facet normal -0.0755495 -0.511955 0.855684
    outer loop
      vertex 50.4799 65.7866 58.873
      vertex 53.4493 69.6564 61.4505
      vertex 48.7791 73.003 63.0404
    endloop
  endfacet
  facet normal -0.0613866 -0.509958 0.858006
    outer loop
      vertex 50.4799 65.7866 58.873
      vertex 48.7791 73.003 63.0404
      vertex 46.0691 68.9473 60.436
    endloop
  endfacet
  facet normal -0.0470095 -0.517315 0.854503
    outer loop
      vertex 46.0691 68.9473 60.436
      vertex 48.7791 73.003 63.0404
      vertex 43.9 76.037 64.6088
    endloop
  endfacet
  facet normal -0.0335633 -0.514554 0.856801
    outer loop
      vertex 46.0691 68.9473 60.436
      vertex 43.9 76.037 64.6088
      vertex 41.4611 71.8128 61.9764
    endloop
  endfacet
  facet normal -0.0187542 -0.520966 0.853371
    outer loop
      vertex 41.4611 71.8128 61.9764
      vertex 43.9 76.037 64.6088
      vertex 38.8329 78.7454 66.1509
    endloop
  endfacet
  facet normal -0.00605894 -0.517524 0.855647
    outer loop
      vertex 41.4611 71.8128 61.9764
      vertex 38.8329 78.7454 66.1509
      vertex 36.6756 74.3707 63.4896
    endloop
  endfacet
  facet normal 0.00916877 -0.522991 0.852289
    outer loop
      vertex 36.6756 74.3707 63.4896
      vertex 38.8329 78.7454 66.1509
      vertex 33.5996 81.1166 67.6622
    endloop
  endfacet
  facet normal 0.0210867 -0.518951 0.854544
    outer loop
      vertex 36.6756 74.3707 63.4896
      vertex 33.5996 81.1166 67.6622
      vertex 31.733 76.6101 64.9716
    endloop
  endfacet
  facet normal 0.0367164 -0.523463 0.851257
    outer loop
      vertex 31.733 76.6101 64.9716
      vertex 33.5996 81.1166 67.6622
      vertex 28.2224 83.1405 69.1387
    endloop
  endfacet
  facet normal 0.0478375 -0.518909 0.85349
    outer loop
      vertex 31.733 76.6101 64.9716
      vertex 28.2224 83.1405 69.1387
      vertex 26.6545 78.5216 66.4183
    endloop
  endfacet
  facet normal 0.0638483 -0.522451 0.850276
    outer loop
      vertex 26.6545 78.5216 66.4183
      vertex 28.2224 83.1405 69.1387
      vertex 22.7243 84.8083 70.5763
    endloop
  endfacet
  facet normal 0.0741602 -0.517465 0.852484
    outer loop
      vertex 26.6545 78.5216 66.4183
      vertex 22.7243 84.8083 70.5763
      vertex 21.4619 80.0967 67.8262
    endloop
  endfacet
  facet normal 0.0905269 -0.520018 0.849345
    outer loop
      vertex 21.4619 80.0967 67.8262
      vertex 22.7243 84.8083 70.5763
      vertex 17.1289 86.1129 71.9715
    endloop
  endfacet
  facet normal 0.100024 -0.514682 0.851527
    outer loop
      vertex 21.4619 80.0967 67.8262
      vertex 17.1289 86.1129 71.9715
      vertex 16.1773 81.3289 69.1917
    endloop
  endfacet
  facet normal 0.116716 -0.516223 0.848464
    outer loop
      vertex 16.1773 81.3289 69.1917
      vertex 17.1289 86.1129 71.9715
      vertex 11.4602 87.0489 73.3207
    endloop
  endfacet
  facet normal 0.125398 -0.510616 0.850615
    outer loop
      vertex 16.1773 81.3289 69.1917
      vertex 11.4602 87.0489 73.3207
      vertex 10.8235 82.2128 70.5115
    endloop
  endfacet
  facet normal 0.142382 -0.51112 0.847634
    outer loop
      vertex 10.8235 82.2128 70.5115
      vertex 11.4602 87.0489 73.3207
      vertex 5.74239 87.612 74.6207
    endloop
  endfacet
  facet normal 0.150256 -0.50532 0.84975
    outer loop
      vertex 10.8235 82.2128 70.5115
      vertex 5.74239 87.612 74.6207
      vertex 5.42337 82.7447 71.7827
    endloop
  endfacet
  facet normal 0.167491 -0.504762 0.846855
    outer loop
      vertex 5.42337 82.7447 71.7827
      vertex 5.74239 87.612 74.6207
      vertex 5.3762e-15 87.8 75.8685
    endloop
  endfacet
  facet normal 0.17457 -0.498844 0.848929
    outer loop
      vertex 5.42337 82.7447 71.7827
      vertex 5.3762e-15 87.8 75.8685
      vertex 5.07752e-15 82.9222 73.0023
    endloop
  endfacet
  facet normal 0.192011 -0.497196 0.846125
    outer loop
      vertex 5.07752e-15 82.9222 73.0023
      vertex 5.3762e-15 87.8 75.8685
      vertex -5.74239 87.612 77.0612
    endloop
  endfacet
  facet normal 0.198313 -0.491234 0.848152
    outer loop
      vertex 5.07752e-15 82.9222 73.0023
      vertex -5.74239 87.612 77.0612
      vertex -5.42337 82.7447 74.1675
    endloop
  endfacet
  facet normal 0.188033 -0.492769 0.849601
    outer loop
      vertex -5.42337 82.7447 74.1675
      vertex -5.74239 87.612 77.0612
      vertex -11.4602 87.0489 78
    endloop
  endfacet
  facet normal 0.221815 -0.456226 0.861775
    outer loop
      vertex -5.42337 82.7447 74.1675
      vertex -11.4602 87.0489 78
      vertex -10.8235 82.2128 75.2759
    endloop
  endfacet
  facet normal 0.0794581 -0.481271 0.872963
    outer loop
      vertex -10.8235 82.2128 75.2759
      vertex -11.4602 87.0489 78
      vertex -17.1289 86.1129 78
    endloop
  endfacet
  facet normal 0.229004 -0.28077 0.932054
    outer loop
      vertex -10.8235 82.2128 75.2759
      vertex -17.1289 86.1129 78
      vertex -16.1773 81.3289 76.3251
    endloop
  endfacet
  facet normal 0.0737827 -0.316437 0.94574
    outer loop
      vertex -16.1773 81.3289 76.3251
      vertex -17.1289 86.1129 78
      vertex -22.7243 84.8083 78
    endloop
  endfacet
  facet normal 0.202782 -0.0879213 0.975269
    outer loop
      vertex -16.1773 81.3289 76.3251
      vertex -22.7243 84.8083 78
      vertex -21.4619 80.0967 77.3128
    endloop
  endfacet
  facet normal 0.0405205 -0.133578 0.99021
    outer loop
      vertex -21.4619 80.0967 77.3128
      vertex -22.7243 84.8083 78
      vertex -28.2224 83.1405 78
    endloop
  endfacet
  facet normal 0.119043 0.0404095 0.992066
    outer loop
      vertex -21.4619 80.0967 77.3128
      vertex -28.2224 83.1405 78
      vertex -26.6545 78.5216 78
    endloop
  endfacet
  facet normal 0 0 1
    outer loop
      vertex -26.6545 78.5216 78
      vertex -28.2224 83.1405 78
      vertex -33.5996 81.1166 78
    endloop
  endfacet
  facet normal 0 0 1
    outer loop
      vertex -26.6545 78.5216 78
      vertex -33.5996 81.1166 78
      vertex -31.733 76.6101 78
    endloop
  endfacet
  facet normal 0 0 1
    outer loop
      vertex -31.733 76.6101 78
      vertex -33.5996 81.1166 78
      vertex -38.8329 78.7454 78
    endloop
  endfacet
  facet normal 0 0 1
    outer loop
      vertex -31.733 76.6101 78
      vertex -38.8329 78.7454 78
      vertex -36.6756 74.3707 78
    endloop
  endfacet
  facet normal 0 0 1
    outer loop
      vertex -36.6756 74.3707 78
      vertex -38.8329 78.7454 78
      vertex -43.9 76.037 78
    endloop
  endfacet
  facet normal 0 0 1
    outer loop
      vertex -36.6756 74.3707 78
      vertex -43.9 76.037 78
      vertex -41.4611 71.8128 78
    endloop
  endfacet
  facet normal 0 0 1
    outer loop
      vertex -41.4611 71.8128 78
      vertex -43.9 76.037 78
      vertex -48.7791 73.003 78
    endloop
  endfacet
  facet normal 0 0 1
    outer loop
      vertex -41.4611 71.8128 78
      vertex -48.7791 73.003 78
      vertex -46.0691 68.9473 78
    endloop
  endfacet
  facet normal 0 0 1
    outer loop
      vertex -46.0691 68.9473 78
      vertex -48.7791 73.003 78
      vertex -53.4493 69.6564 78
    endloop
  endfacet
  facet normal 0 0 1
    outer loop
      vertex -46.0691 68.9473 78
      vertex -53.4493 69.6564 78
      vertex -50.4799 65.7866 78
    endloop
  endfacet
  facet normal 0 0 1
    outer loop
      vertex -50.4799 65.7866 78
      vertex -53.4493 69.6564 78
      vertex -57.8906 66.0115 78
    endloop
  endfacet
  facet normal 0 0 1
    outer loop
      vertex -50.4799 65.7866 78
      vertex -57.8906 66.0115 78
      vertex -54.6744 62.3442 78
    endloop
  endfacet
  facet normal 0 0 1
    outer loop
      vertex -54.6744 62.3442 78
      vertex -57.8906 66.0115 78
      vertex -62.084 62.084 78
    endloop
  endfacet
  facet normal 0 0 1
    outer loop
      vertex -54.6744 62.3442 78
      vertex -62.084 62.084 78
      vertex -58.6349 58.6349 78
    endloop
  endfacet
  facet normal 0 0 1
    outer loop
      vertex -58.6349 58.6349 78
      vertex -62.084 62.084 78
      vertex -66.0115 57.8906 78
    endloop
  endfacet
  facet normal 0 0 1
    outer loop
      vertex -58.6349 58.6349 78
      vertex -66.0115 57.8906 78
      vertex -62.3442 54.6744 78
    endloop
  endfacet
  facet normal 0 0 1
    outer loop
      vertex -62.3442 54.6744 78
      vertex -66.0115 57.8906 78
      vertex -69.6564 53.4493 78
    endloop
  endfacet
  facet normal 0 0 1
    outer loop
      vertex -62.3442 54.6744 78
      vertex -69.6564 53.4493 78
      vertex -65.7866 50.4799 78
    endloop
  endfacet
  facet normal 0 0 1
    outer loop
      vertex -65.7866 50.4799 78
      vertex -69.6564 53.4493 78
      vertex -73.003 48.7791 78
    endloop
  endfacet
  facet normal 0 0 1
    outer loop
      vertex -65.7866 50.4799 78
      vertex -73.003 48.7791 78
      vertex -68.9473 46.0691 78
    endloop
  endfacet
  facet normal 0 0 1
    outer loop
      vertex -68.9473 46.0691 78
      vertex -73.003 48.7791 78
      vertex -76.037 43.9 78
    endloop
  endfacet
  facet normal 0 0 1
    outer loop
      vertex -68.9473 46.0691 78
      vertex -76.037 43.9 78
      vertex -71.8128 41.4611 78
    endloop
  endfacet
  facet normal 0 0 1
    outer loop
      vertex -71.8128 41.4611 78
      vertex -76.037 43.9 78
      vertex -78.7454 38.8329 78
    endloop
  endfacet
  facet normal 0 0 1
    outer loop
      vertex -71.8128 41.4611 78
      vertex -78.7454 38.8329 78
      vertex -74.3707 36.6756 78
    endloop
  endfacet
  facet normal 0 0 1
    outer loop
      vertex -74.3707 36.6756 78
      vertex -78.7454 38.8329 78
      vertex -81.1166 33.5996 78
    endloop
  endfacet
  facet normal 0 0 1
    outer loop
      vertex -74.3707 36.6756 78
      vertex -81.1166 33.5996 78
      vertex -76.6101 31.733 78
    endloop
  endfacet
  facet normal 0 0 1
    outer loop
      vertex -76.6101 31.733 78
      vertex -81.1166 33.5996 78
      vertex -83.1405 28.2224 78
    endloop
  endfacet
  facet normal 0 0 1
    outer loop
      vertex -76.6101 31.733 78
      vertex -83.1405 28.2224 78
      vertex -78.5216 26.6545 78
    endloop
  endfacet
  facet normal 0 0 1
    outer loop
      vertex -78.5216 26.6545 78
      vertex -83.1405 28.2224 78
      vertex -84.8083 22.7243 78
    endloop
  endfacet
  facet normal 0 0 1
    outer loop
      vertex -78.5216 26.6545 78
      vertex -84.8083 22.7243 78
      vertex -80.0967 21.4619 78
    endloop
  endfacet
  facet normal 0 0 1
    outer loop
      vertex -80.0967 21.4619 78
      vertex -84.8083 22.7243 78
      vertex -86.1129 17.1289 78
    endloop
  endfacet
  facet normal 0 0 1
    outer loop
      vertex -80.0967 21.4619 78
      vertex -86.1129 17.1289 78
      vertex -81.3289 16.1773 78
    endloop
  endfacet
  facet normal 0 0 1
    outer loop
      vertex -81.3289 16.1773 78
      vertex -86.1129 17.1289 78
      vertex -87.0489 11.4602 78
    endloop
  endfacet
  facet normal 0 0 1
    outer loop
      vertex -81.3289 16.1773 78
      vertex -87.0489 11.4602 78
      vertex -82.2128 10.8235 78
    endloop
  endfacet
  facet normal 0 0 1
    outer loop
      vertex -82.2128 10.8235 78
      vertex -87.0489 11.4602 78
      vertex -87.612 5.74239 78
    endloop
  endfacet
  facet normal 0 0 1
    outer loop
      vertex -82.2128 10.8235 78
      vertex -87.612 5.74239 78
      vertex -82.7447 5.42337 78
    endloop
  endfacet
  facet normal 0 0 1
    outer loop
      vertex -82.7447 5.42337 78
      vertex -87.612 5.74239 78
      vertex -87.8 1.07524e-14 78
    endloop
  endfacet
  facet normal 0 0 1
    outer loop
      vertex -82.7447 5.42337 78
      vertex -87.8 1.07524e-14 78
      vertex -82.9222 1.0155e-14 78
    endloop
  endfacet
  facet normal 0 0 1
    outer loop
      vertex -82.9222 1.0155e-14 78
      vertex -87.8 1.07524e-14 78
      vertex -87.612 -5.74239 78
    endloop
  endfacet
  facet normal 0 0 1
    outer loop
      vertex -82.9222 1.0155e-14 78
      vertex -87.612 -5.74239 78
      vertex -82.7447 -5.42337 78
    endloop
  endfacet
  facet normal 0 0 1
    outer loop
      vertex -82.7447 -5.42337 78
      vertex -87.612 -5.74239 78
      vertex -87.0489 -11.4602 78
    endloop
  endfacet
  facet normal 0 0 1
    outer loop
      vertex -82.7447 -5.42337 78
      vertex -87.0489 -11.4602 78
      vertex -82.2128 -10.8235 78
    endloop
  endfacet
  facet normal 0 0 1
    outer loop
      vertex -82.2128 -10.8235 78
      vertex -87.0489 -11.4602 78
      vertex -86.1129 -17.1289 78
    endloop
  endfacet
  facet normal 0 0 1
    outer loop
      vertex -82.2128 -10.8235 78
      vertex -86.1129 -17.1289 78
      vertex -81.3289 -16.1773 78
    endloop
  endfacet
  facet normal 0 0 1
    outer loop
      vertex -81.3289 -16.1773 78
      vertex -86.1129 -17.1289 78
      vertex -84.8083 -22.7243 78
    endloop
  endfacet
  facet normal 0 0 1
    outer loop
      vertex -81.3289 -16.1773 78
      vertex -84.8083 -22.7243 78
      vertex -80.0967 -21.4619 78
    endloop
  endfacet
  facet normal 0 0 1
    outer loop
      vertex -80.0967 -21.4619 78
      vertex -84.8083 -22.7243 78
      vertex -83.1405 -28.2224 78
    endloop
  endfacet
  facet normal 0 0 1
    outer loop
      vertex -80.0967 -21.4619 78
      vertex -83.1405 -28.2224 78
      vertex -78.5216 -26.6545 78
    endloop
  endfacet
  facet normal 0 0 1
    outer loop
      vertex -78.5216 -26.6545 78
      vertex -83.1405 -28.2224 78
      vertex -81.1166 -33.5996 78
    endloop
  endfacet
  facet normal 0.0612251 -0.022877 0.997862
    outer loop
      vertex -78.5216 -26.6545 78
      vertex -81.1166 -33.5996 78
      vertex -76.6101 -31.733 77.7663
    endloop
  endfacet
  facet normal 0.043615 0.0197617 0.998853
    outer loop
      vertex -76.6101 -31.733 77.7663
      vertex -81.1166 -33.5996 78
      vertex -78.7454 -38.8329 78
    endloop
  endfacet
  facet normal 0.287441 -0.0549711 0.956219
    outer loop
      vertex -76.6101 -31.733 77.7663
      vertex -78.7454 -38.8329 78
      vertex -74.3707 -36.6756 76.809
    endloop
  endfacet
  facet normal 0.209303 0.111875 0.97143
    outer loop
      vertex -74.3707 -36.6756 76.809
      vertex -78.7454 -38.8329 78
      vertex -76.037 -43.9 78
    endloop
  endfacet
  facet normal 0.442414 0.0456134 0.89565
    outer loop
      vertex -74.3707 -36.6756 76.809
      vertex -76.037 -43.9 78
      vertex -71.8128 -41.4611 75.7892
    endloop
  endfacet
  facet normal 0.380814 0.165125 0.909788
    outer loop
      vertex -71.8128 -41.4611 75.7892
      vertex -76.037 -43.9 78
      vertex -73.003 -48.7791 77.6156
    endloop
  endfacet
  facet normal 0.52087 0.125996 0.844286
    outer loop
      vertex -71.8128 -41.4611 75.7892
      vertex -73.003 -48.7791 77.6156
      vertex -68.9473 -46.0691 74.709
    endloop
  endfacet
  facet normal 0.506892 0.15153 0.848587
    outer loop
      vertex -68.9473 -46.0691 74.709
      vertex -73.003 -48.7791 77.6156
      vertex -69.6564 -53.4493 76.4505
    endloop
  endfacet
  facet normal 0.513556 0.150006 0.844842
    outer loop
      vertex -68.9473 -46.0691 74.709
      vertex -69.6564 -53.4493 76.4505
      vertex -65.7866 -50.4799 73.5709
    endloop
  endfacet
  facet normal 0.497845 0.174939 0.849439
    outer loop
      vertex -65.7866 -50.4799 73.5709
      vertex -69.6564 -53.4493 76.4505
      vertex -66.0115 -57.8906 75.2289
    endloop
  endfacet
  facet normal 0.504983 0.173828 0.845444
    outer loop
      vertex -65.7866 -50.4799 73.5709
      vertex -66.0115 -57.8906 75.2289
      vertex -62.3442 -54.6744 72.3772
    endloop
  endfacet
  facet normal 0.487546 0.19805 0.850338
    outer loop
      vertex -62.3442 -54.6744 72.3772
      vertex -66.0115 -57.8906 75.2289
      vertex -62.084 -62.084 73.9537
    endloop
  endfacet
  facet normal 0.49513 0.197413 0.846093
    outer loop
      vertex -62.3442 -54.6744 72.3772
      vertex -62.084 -62.084 73.9537
      vertex -58.6349 -58.6349 71.1306
    endloop
  endfacet
  facet normal 0.47598 0.220813 0.851284
    outer loop
      vertex -58.6349 -58.6349 71.1306
      vertex -62.084 -62.084 73.9537
      vertex -57.8906 -66.0115 72.6278
    endloop
  endfacet
  facet normal 0.483978 0.220707 0.84679
    outer loop
      vertex -58.6349 -58.6349 71.1306
      vertex -57.8906 -66.0115 72.6278
      vertex -54.6744 -62.3442 69.8338
    endloop
  endfacet
  facet normal 0.463128 0.243173 0.852279
    outer loop
      vertex -54.6744 -62.3442 69.8338
      vertex -57.8906 -66.0115 72.6278
      vertex -53.4493 -69.6564 71.2544
    endloop
  endfacet
  facet normal 0.471504 0.243655 0.847535
    outer loop
      vertex -54.6744 -62.3442 69.8338
      vertex -53.4493 -69.6564 71.2544
      vertex -50.4799 -65.7866 68.4899
    endloop
  endfacet
  facet normal 0.448974 0.265077 0.853321
    outer loop
      vertex -50.4799 -65.7866 68.4899
      vertex -53.4493 -69.6564 71.2544
      vertex -48.7791 -73.003 69.8367
    endloop
  endfacet
  facet normal 0.457686 0.266199 0.848329
    outer loop
      vertex -50.4799 -65.7866 68.4899
      vertex -48.7791 -73.003 69.8367
      vertex -46.0691 -68.9473 67.102
    endloop
  endfacet
  facet normal 0.433495 0.286464 0.854412
    outer loop
      vertex -46.0691 -68.9473 67.102
      vertex -48.7791 -73.003 69.8367
      vertex -43.9 -76.037 68.3785
    endloop
  endfacet
  facet normal 0.442499 0.288275 0.849171
    outer loop
      vertex -46.0691 -68.9473 67.102
      vertex -43.9 -76.037 68.3785
      vertex -41.4611 -71.8128 65.6736
    endloop
  endfacet
  facet normal 0.41667 0.307273 0.855552
    outer loop
      vertex -41.4611 -71.8128 65.6736
      vertex -43.9 -76.037 68.3785
      vertex -38.8329 -78.7454 66.8835
    endloop
  endfacet
  facet normal 0.425914 0.30982 0.850064
    outer loop
      vertex -41.4611 -71.8128 65.6736
      vertex -38.8329 -78.7454 66.8835
      vertex -36.6756 -74.3707 64.2081
    endloop
  endfacet
  facet normal 0.398471 0.327437 0.856741
    outer loop
      vertex -36.6756 -74.3707 64.2081
      vertex -38.8329 -78.7454 66.8835
      vertex -33.5996 -81.1166 65.3557
    endloop
  endfacet
  facet normal 0.407902 0.330761 0.851007
    outer loop
      vertex -36.6756 -74.3707 64.2081
      vertex -33.5996 -81.1166 65.3557
      vertex -31.733 -76.6101 62.7095
    endloop
  endfacet
  facet normal 0.378871 0.346881 0.85798
    outer loop
      vertex -31.733 -76.6101 62.7095
      vertex -33.5996 -81.1166 65.3557
      vertex -28.2224 -83.1405 63.7994
    endloop
  endfacet
  facet normal 0.388431 0.351023 0.852
    outer loop
      vertex -31.733 -76.6101 62.7095
      vertex -28.2224 -83.1405 63.7994
      vertex -26.6545 -78.5216 61.1816
    endloop
  endfacet
  facet normal 0.357836 0.365528 0.859269
    outer loop
      vertex -26.6545 -78.5216 61.1816
      vertex -28.2224 -83.1405 63.7994
      vertex -22.7243 -84.8083 62.2193
    endloop
  endfacet
  facet normal 0.367465 0.370521 0.853044
    outer loop
      vertex -26.6545 -78.5216 61.1816
      vertex -22.7243 -84.8083 62.2193
      vertex -21.4619 -80.0967 59.629
    endloop
  endfacet
  facet normal 0.33533 0.383289 0.860606
    outer loop
      vertex -21.4619 -80.0967 59.629
      vertex -22.7243 -84.8083 62.2193
      vertex -17.1289 -86.1129 60.6202
    endloop
  endfacet
  facet normal 0.344964 0.389162 0.854139
    outer loop
      vertex -21.4619 -80.0967 59.629
      vertex -17.1289 -86.1129 60.6202
      vertex -16.1773 -81.3289 58.0561
    endloop
  endfacet
  facet normal 0.311314 0.400065 0.861993
    outer loop
      vertex -16.1773 -81.3289 58.0561
      vertex -17.1289 -86.1129 60.6202
      vertex -11.4602 -87.0489 59.0072
    endloop
  endfacet
  facet normal 0.320886 0.406844 0.855284
    outer loop
      vertex -16.1773 -81.3289 58.0561
      vertex -11.4602 -87.0489 59.0072
      vertex -10.8235 -82.2128 56.4679
    endloop
  endfacet
  facet normal 0.285743 0.415746 0.863427
    outer loop
      vertex -10.8235 -82.2128 56.4679
      vertex -11.4602 -87.0489 59.0072
      vertex -5.74239 -87.612 57.3861
    endloop
  endfacet
  facet normal 0.295184 0.423449 0.85648
    outer loop
      vertex -10.8235 -82.2128 56.4679
      vertex -5.74239 -87.612 57.3861
      vertex -5.42337 -82.7447 54.8698
    endloop
  endfacet
  facet normal 0.258572 0.430205 0.864907
    outer loop
      vertex -5.42337 -82.7447 54.8698
      vertex -5.74239 -87.612 57.3861
      vertex -1.61286e-14 -87.8 55.7629
    endloop
  endfacet
  facet normal 0.267809 0.438845 0.857726
    outer loop
      vertex -5.42337 -82.7447 54.8698
      vertex -1.61286e-14 -87.8 55.7629
      vertex -1.52326e-14 -82.9222 53.2672
    endloop
  endfacet
  facet normal 0.229751 0.443299 0.86643
    outer loop
      vertex -1.52326e-14 -82.9222 53.2672
      vertex -1.61286e-14 -87.8 55.7629
      vertex 5.74239 -87.612 54.144
    endloop
  endfacet
  facet normal 0.238709 0.452881 0.859021
    outer loop
      vertex -1.52326e-14 -82.9222 53.2672
      vertex 5.74239 -87.612 54.144
      vertex 5.42337 -82.7447 51.6666
    endloop
  endfacet
  facet normal 0.199231 0.45486 0.867992
    outer loop
      vertex 5.42337 -82.7447 51.6666
      vertex 5.74239 -87.612 54.144
      vertex 11.4602 -87.0489 52.5365
    endloop
  endfacet
  facet normal 0.207831 0.465381 0.860364
    outer loop
      vertex 5.42337 -82.7447 51.6666
      vertex 11.4602 -87.0489 52.5365
      vertex 10.8235 -82.2128 50.0744
    endloop
  endfacet
  facet normal 0.166962 0.464696 0.869587
    outer loop
      vertex 10.8235 -82.2128 50.0744
      vertex 11.4602 -87.0489 52.5365
      vertex 17.1289 -86.1129 50.9479
    endloop
  endfacet
  facet normal 0.175125 0.47614 0.861755
    outer loop
      vertex 10.8235 -82.2128 50.0744
      vertex 17.1289 -86.1129 50.9479
      vertex 16.1773 -81.3289 48.498
    endloop
  endfacet
  facet normal 0.132902 0.472582 0.871208
    outer loop
      vertex 16.1773 -81.3289 48.498
      vertex 17.1289 -86.1129 50.9479
      vertex 22.7243 -84.8083 49.3867
    endloop
  endfacet
  facet normal 0.140547 0.484919 0.863192
    outer loop
      vertex 16.1773 -81.3289 48.498
      vertex 22.7243 -84.8083 49.3867
      vertex 21.4619 -80.0967 46.9454
    endloop
  endfacet
  facet normal 0.0970222 0.478257 0.872844
    outer loop
      vertex 21.4619 -80.0967 46.9454
      vertex 22.7243 -84.8083 49.3867
      vertex 28.2224 -83.1405 47.8617
    endloop
  endfacet
  facet normal 0.104064 0.491438 0.864673
    outer loop
      vertex 21.4619 -80.0967 46.9454
      vertex 28.2224 -83.1405 47.8617
      vertex 26.6545 -78.5216 45.4252
    endloop
  endfacet
  facet normal 0.0593116 0.48142 0.874481
    outer loop
      vertex 26.6545 -78.5216 45.4252
      vertex 28.2224 -83.1405 47.8617
      vertex 33.5996 -81.1166 46.3828
    endloop
  endfacet
  facet normal 0.0656664 0.49537 0.866196
    outer loop
      vertex 26.6545 -78.5216 45.4252
      vertex 33.5996 -81.1166 46.3828
      vertex 31.733 -76.6101 43.9471
    endloop
  endfacet
  facet normal 0.0197947 0.481723 0.8761
    outer loop
      vertex 31.733 -76.6101 43.9471
      vertex 33.5996 -81.1166 46.3828
      vertex 38.8329 -78.7454 44.9607
    endloop
  endfacet
  facet normal 0.0253803 0.496336 0.86776
    outer loop
      vertex 31.733 -76.6101 43.9471
      vertex 38.8329 -78.7454 44.9607
      vertex 36.6756 -74.3707 42.5216
    endloop
  endfacet
  facet normal -0.0214539 0.47877 0.877678
    outer loop
      vertex 36.6756 -74.3707 42.5216
      vertex 38.8329 -78.7454 44.9607
      vertex 43.9 -76.037 43.6072
    endloop
  endfacet
  facet normal -0.0167149 0.493896 0.86936
    outer loop
      vertex 36.6756 -74.3707 42.5216
      vertex 43.9 -76.037 43.6072
      vertex 41.4611 -71.8128 41.1604
    endloop
  endfacet
  facet normal -0.0642862 0.472122 0.879186
    outer loop
      vertex 41.4611 -71.8128 41.1604
      vertex 43.9 -76.037 43.6072
      vertex 48.7791 -73.003 42.3347
    endloop
  endfacet
  facet normal -0.0604609 0.487559 0.870994
    outer loop
      vertex 41.4611 -71.8128 41.1604
      vertex 48.7791 -73.003 42.3347
      vertex 46.0691 -68.9473 39.8763
    endloop
  endfacet
  facet normal -0.108454 0.461306 0.880588
    outer loop
      vertex 46.0691 -68.9473 39.8763
      vertex 48.7791 -73.003 42.3347
      vertex 53.4493 -69.6564 41.1567
    endloop
  endfacet
  facet normal -0.105591 0.476782 0.872656
    outer loop
      vertex 46.0691 -68.9473 39.8763
      vertex 53.4493 -69.6564 41.1567
      vertex 50.4799 -65.7866 38.6831
    endloop
  endfacet
  facet normal -0.153576 0.445834 0.881843
    outer loop
      vertex 50.4799 -65.7866 38.6831
      vertex 53.4493 -69.6564 41.1567
      vertex 57.8906 -66.0115 40.0874
    endloop
  endfacet
  facet normal -0.151694 0.461001 0.874338
    outer loop
      vertex 50.4799 -65.7866 38.6831
      vertex 57.8906 -66.0115 40.0874
      vertex 54.6744 -62.3442 37.5958
    endloop
  endfacet
  facet normal -0.19911 0.42524 0.882908
    outer loop
      vertex 54.6744 -62.3442 37.5958
      vertex 57.8906 -66.0115 40.0874
      vertex 62.084 -62.084 39.1415
    endloop
  endfacet
  facet normal -0.198181 0.439664 0.876025
    outer loop
      vertex 54.6744 -62.3442 37.5958
      vertex 62.084 -62.084 39.1415
      vertex 58.6349 -58.6349 36.6301
    endloop
  endfacet
  facet normal -0.244326 0.399136 0.883739
    outer loop
      vertex 58.6349 -58.6349 36.6301
      vertex 62.084 -62.084 39.1415
      vertex 66.0115 -57.8906 38.3334
    endloop
  endfacet
  facet normal -0.244259 0.412302 0.877693
    outer loop
      vertex 58.6349 -58.6349 36.6301
      vertex 66.0115 -57.8906 38.3334
      vertex 62.3442 -54.6744 35.802
    endloop
  endfacet
  facet normal -0.288305 0.367278 0.8843
    outer loop
      vertex 62.3442 -54.6744 35.802
      vertex 66.0115 -57.8906 38.3334
      vertex 69.6564 -53.4493 37.6771
    endloop
  endfacet
  facet normal -0.288923 0.378611 0.879305
    outer loop
      vertex 62.3442 -54.6744 35.802
      vertex 69.6564 -53.4493 37.6771
      vertex 65.7866 -50.4799 35.127
    endloop
  endfacet
  facet normal -0.329962 0.329646 0.884567
    outer loop
      vertex 65.7866 -50.4799 35.127
      vertex 69.6564 -53.4493 37.6771
      vertex 73.003 -48.7791 37.185
    endloop
  endfacet
  facet normal -0.330991 0.338557 0.880809
    outer loop
      vertex 65.7866 -50.4799 35.127
      vertex 73.003 -48.7791 37.185
      vertex 68.9473 -46.0691 34.6194
    endloop
  endfacet
  facet normal -0.368121 0.286513 0.884532
    outer loop
      vertex 68.9473 -46.0691 34.6194
      vertex 73.003 -48.7791 37.185
      vertex 76.037 -43.9 36.8673
    endloop
  endfacet
  facet normal -0.369183 0.292468 0.882137
    outer loop
      vertex 68.9473 -46.0691 34.6194
      vertex 76.037 -43.9 36.8673
      vertex 71.8128 -41.4611 34.2908
    endloop
  endfacet
  facet normal -0.401615 0.238486 0.884212
    outer loop
      vertex 71.8128 -41.4611 34.2908
      vertex 76.037 -43.9 36.8673
      vertex 78.7454 -38.8329 36.7308
    endloop
  endfacet
  facet normal -0.402252 0.241093 0.883215
    outer loop
      vertex 71.8128 -41.4611 34.2908
      vertex 78.7454 -38.8329 36.7308
      vertex 74.3707 -36.6756 34.1495
    endloop
  endfacet
  facet normal -0.429423 0.1865 0.883637
    outer loop
      vertex 74.3707 -36.6756 34.1495
      vertex 78.7454 -38.8329 36.7308
      vertex 81.1166 -33.5996 36.7786
    endloop
  endfacet
  facet normal -0.429136 0.185586 0.883968
    outer loop
      vertex 74.3707 -36.6756 34.1495
      vertex 81.1166 -33.5996 36.7786
      vertex 76.6101 -31.733 34.199
    endloop
  endfacet
  facet normal -0.450799 0.131742 0.88285
    outer loop
      vertex 76.6101 -31.733 34.199
      vertex 81.1166 -33.5996 36.7786
      vertex 83.1405 -28.2224 37.0096
    endloop
  endfacet
  facet normal -0.449111 0.127406 0.884345
    outer loop
      vertex 76.6101 -31.733 34.199
      vertex 83.1405 -28.2224 37.0096
      vertex 78.5216 -26.6545 34.438
    endloop
  endfacet
  facet normal -0.465352 0.075543 0.881896
    outer loop
      vertex 78.5216 -26.6545 34.438
      vertex 83.1405 -28.2224 37.0096
      vertex 84.8083 -22.7243 37.4187
    endloop
  endfacet
  facet normal -0.461877 0.0681442 0.884322
    outer loop
      vertex 78.5216 -26.6545 34.438
      vertex 84.8083 -22.7243 37.4187
      vertex 80.0967 -21.4619 34.8606
    endloop
  endfacet
  facet normal -0.473077 0.0192321 0.880811
    outer loop
      vertex 80.0967 -21.4619 34.8606
      vertex 84.8083 -22.7243 37.4187
      vertex 86.1129 -17.1289 37.9973
    endloop
  endfacet
  facet normal -0.467566 0.00933756 0.883909
    outer loop
      vertex 80.0967 -21.4619 34.8606
      vertex 86.1129 -17.1289 37.9973
      vertex 81.3289 -16.1773 35.4566
    endloop
  endfacet
  facet normal -0.474306 -0.0359877 0.879624
    outer loop
      vertex 81.3289 -16.1773 35.4566
      vertex 86.1129 -17.1289 37.9973
      vertex 87.0489 -11.4602 38.7338
    endloop
  endfacet
  facet normal -0.46667 -0.0476939 0.883145
    outer loop
      vertex 81.3289 -16.1773 35.4566
      vertex 87.0489 -11.4602 38.7338
      vertex 82.2128 -10.8235 36.2128
    endloop
  endfacet
  facet normal -0.469627 -0.0891286 0.878354
    outer loop
      vertex 82.2128 -10.8235 36.2128
      vertex 87.0489 -11.4602 38.7338
      vertex 87.612 -5.74239 39.6151
    endloop
  endfacet
  facet normal -0.459924 -0.101939 0.882087
    outer loop
      vertex 82.2128 -10.8235 36.2128
      vertex 87.612 -5.74239 39.6151
      vertex 82.7447 -5.42337 37.1142
    endloop
  endfacet
  facet normal -0.459777 -0.139458 0.877016
    outer loop
      vertex 82.7447 -5.42337 37.1142
      vertex 87.612 -5.74239 39.6151
      vertex 87.8 0 40.6268
    endloop
  endfacet
  facet normal -0.448181 -0.152718 0.880801
    outer loop
      vertex 82.7447 -5.42337 37.1142
      vertex 87.8 0 40.6268
      vertex 82.9222 0 38.1448
    endloop
  endfacet
  facet normal 0.999465 0.0327191 0
    outer loop
      vertex 90 0 39.1268
      vertex 89.8073 5.88628 40.2542
      vertex 89.8073 5.88628 260
    endloop
  endfacet
  facet normal 0.999465 0.0327191 -0
    outer loop
      vertex 90 0 39.1268
      vertex 89.8073 5.88628 260
      vertex 90 0 260
    endloop
  endfacet
  facet normal -0.999465 -0.0327191 0
    outer loop
      vertex 87.612 5.74239 41.7542
      vertex 87.8 0 40.6268
      vertex 87.8 0 260
    endloop
  endfacet
  facet normal -0.999465 -0.0327191 0
    outer loop
      vertex 87.612 5.74239 41.7542
      vertex 87.8 0 260
      vertex 87.612 5.74239 260
    endloop
  endfacet
  facet normal 0 0 1
    outer loop
      vertex 87.8 0 260
      vertex 90 0 260
      vertex 89.8073 5.88628 260
    endloop
  endfacet
  facet normal 0 -0 1
    outer loop
      vertex 87.8 0 260
      vertex 89.8073 5.88628 260
      vertex 87.612 5.74239 260
    endloop
  endfacet
  facet normal 0.995185 0.0980171 0
    outer loop
      vertex 89.8073 5.88628 40.2542
      vertex 89.23 11.7474 41.4829
      vertex 89.23 11.7474 260
    endloop
  endfacet
  facet normal 0.995185 0.0980171 -0
    outer loop
      vertex 89.8073 5.88628 40.2542
      vertex 89.23 11.7474 260
      vertex 89.8073 5.88628 260
    endloop
  endfacet
  facet normal -0.995185 -0.0980171 0
    outer loop
      vertex 87.0489 11.4602 42.9829
      vertex 87.612 5.74239 41.7542
      vertex 87.612 5.74239 260
    endloop
  endfacet
  facet normal -0.995185 -0.0980171 0
    outer loop
      vertex 87.0489 11.4602 42.9829
      vertex 87.612 5.74239 260
      vertex 87.0489 11.4602 260
    endloop
  endfacet
  facet normal 0 0 1
    outer loop
      vertex 87.612 5.74239 260
      vertex 89.8073 5.88628 260
      vertex 89.23 11.7474 260
    endloop
  endfacet
  facet normal 0 -0 1
    outer loop
      vertex 87.612 5.74239 260
      vertex 89.23 11.7474 260
      vertex 87.0489 11.4602 260
    endloop
  endfacet
  facet normal 0.986643 0.162895 0
    outer loop
      vertex 89.23 11.7474 41.4829
      vertex 88.2707 17.5581 42.799
      vertex 88.2707 17.5581 260
    endloop
  endfacet
  facet normal 0.986643 0.162895 -0
    outer loop
      vertex 89.23 11.7474 41.4829
      vertex 88.2707 17.5581 260
      vertex 89.23 11.7474 260
    endloop
  endfacet
  facet normal -0.986643 -0.162895 0
    outer loop
      vertex 86.1129 17.1289 44.299
      vertex 87.0489 11.4602 42.9829
      vertex 87.0489 11.4602 260
    endloop
  endfacet
  facet normal -0.986643 -0.162895 0
    outer loop
      vertex 86.1129 17.1289 44.299
      vertex 87.0489 11.4602 260
      vertex 86.1129 17.1289 260
    endloop
  endfacet
  facet normal 0 0 1
    outer loop
      vertex 87.0489 11.4602 260
      vertex 89.23 11.7474 260
      vertex 88.2707 17.5581 260
    endloop
  endfacet
  facet normal 0 -0 1
    outer loop
      vertex 87.0489 11.4602 260
      vertex 88.2707 17.5581 260
      vertex 86.1129 17.1289 260
    endloop
  endfacet
  facet normal 0.973877 0.227076 0
    outer loop
      vertex 88.2707 17.5581 42.799
      vertex 86.9333 23.2937 44.1895
      vertex 86.9333 23.2937 260
    endloop
  endfacet
  facet normal 0.973877 0.227076 -0
    outer loop
      vertex 88.2707 17.5581 42.799
      vertex 86.9333 23.2937 260
      vertex 88.2707 17.5581 260
    endloop
  endfacet
  facet normal -0.973877 -0.227076 0
    outer loop
      vertex 84.8083 22.7243 45.6895
      vertex 86.1129 17.1289 44.299
      vertex 86.1129 17.1289 260
    endloop
  endfacet
  facet normal -0.973877 -0.227076 0
    outer loop
      vertex 84.8083 22.7243 45.6895
      vertex 86.1129 17.1289 260
      vertex 84.8083 22.7243 260
    endloop
  endfacet
  facet normal 0 0 1
    outer loop
      vertex 86.1129 17.1289 260
      vertex 88.2707 17.5581 260
      vertex 86.9333 23.2937 260
    endloop
  endfacet
  facet normal 0 -0 1
    outer loop
      vertex 86.1129 17.1289 260
      vertex 86.9333 23.2937 260
      vertex 84.8083 22.7243 260
    endloop
  endfacet
  facet normal 0.95694 0.290285 0
    outer loop
      vertex 86.9333 23.2937 44.1895
      vertex 85.2237 28.9296 45.6424
      vertex 85.2237 28.9296 260
    endloop
  endfacet
  facet normal 0.95694 0.290285 -0
    outer loop
      vertex 86.9333 23.2937 44.1895
      vertex 85.2237 28.9296 260
      vertex 86.9333 23.2937 260
    endloop
  endfacet
  facet normal -0.95694 -0.290285 0
    outer loop
      vertex 83.1405 28.2224 47.1424
      vertex 84.8083 22.7243 45.6895
      vertex 84.8083 22.7243 260
    endloop
  endfacet
  facet normal -0.95694 -0.290285 0
    outer loop
      vertex 83.1405 28.2224 47.1424
      vertex 84.8083 22.7243 260
      vertex 83.1405 28.2224 260
    endloop
  endfacet
  facet normal 0 0 1
    outer loop
      vertex 84.8083 22.7243 260
      vertex 86.9333 23.2937 260
      vertex 85.2237 28.9296 260
    endloop
  endfacet
  facet normal 0 -0 1
    outer loop
      vertex 84.8083 22.7243 260
      vertex 85.2237 28.9296 260
      vertex 83.1405 28.2224 260
    endloop
  endfacet
  facet normal 0.935906 0.35225 0
    outer loop
      vertex 85.2237 28.9296 45.6424
      vertex 83.1492 34.4415 47.1464
      vertex 83.1492 34.4415 260
    endloop
  endfacet
  facet normal 0.935906 0.35225 -0
    outer loop
      vertex 85.2237 28.9296 45.6424
      vertex 83.1492 34.4415 260
      vertex 85.2237 28.9296 260
    endloop
  endfacet
  facet normal -0.935906 -0.35225 0
    outer loop
      vertex 81.1166 33.5996 48.6464
      vertex 83.1405 28.2224 47.1424
      vertex 83.1405 28.2224 260
    endloop
  endfacet
  facet normal -0.935906 -0.35225 0
    outer loop
      vertex 81.1166 33.5996 48.6464
      vertex 83.1405 28.2224 260
      vertex 81.1166 33.5996 260
    endloop
  endfacet
  facet normal 0 0 1
    outer loop
      vertex 83.1405 28.2224 260
      vertex 85.2237 28.9296 260
      vertex 83.1492 34.4415 260
    endloop
  endfacet
  facet normal 0 -0 1
    outer loop
      vertex 83.1405 28.2224 260
      vertex 83.1492 34.4415 260
      vertex 81.1166 33.5996 260
    endloop
  endfacet
  facet normal 0.910864 0.412707 0
    outer loop
      vertex 83.1492 34.4415 47.1464
      vertex 80.7185 39.806 48.6914
      vertex 80.7185 39.806 260
    endloop
  endfacet
  facet normal 0.910864 0.412707 -0
    outer loop
      vertex 83.1492 34.4415 47.1464
      vertex 80.7185 39.806 260
      vertex 83.1492 34.4415 260
    endloop
  endfacet
  facet normal -0.910864 -0.412707 0
    outer loop
      vertex 78.7454 38.8329 50.1914
      vertex 81.1166 33.5996 48.6464
      vertex 81.1166 33.5996 260
    endloop
  endfacet
  facet normal -0.910864 -0.412707 0
    outer loop
      vertex 78.7454 38.8329 50.1914
      vertex 81.1166 33.5996 260
      vertex 78.7454 38.8329 260
    endloop
  endfacet
  facet normal 0 -0 1
    outer loop
      vertex 81.1166 33.5996 260
      vertex 83.1492 34.4415 260
      vertex 80.7185 39.806 260
    endloop
  endfacet
  facet normal 0 0 1
    outer loop
      vertex 81.1166 33.5996 260
      vertex 80.7185 39.806 260
      vertex 78.7454 38.8329 260
    endloop
  endfacet
  facet normal 0.881921 0.471397 0
    outer loop
      vertex 80.7185 39.806 48.6914
      vertex 77.9423 45 50.2679
      vertex 77.9423 45 260
    endloop
  endfacet
  facet normal 0.881921 0.471397 -0
    outer loop
      vertex 80.7185 39.806 48.6914
      vertex 77.9423 45 260
      vertex 80.7185 39.806 260
    endloop
  endfacet
  facet normal -0.881921 -0.471397 0
    outer loop
      vertex 76.037 43.9 51.7679
      vertex 78.7454 38.8329 50.1914
      vertex 78.7454 38.8329 260
    endloop
  endfacet
  facet normal -0.881921 -0.471397 0
    outer loop
      vertex 76.037 43.9 51.7679
      vertex 78.7454 38.8329 260
      vertex 76.037 43.9 260
    endloop
  endfacet
  facet normal 0 -0 1
    outer loop
      vertex 78.7454 38.8329 260
      vertex 80.7185 39.806 260
      vertex 77.9423 45 260
    endloop
  endfacet
  facet normal 0 0 1
    outer loop
      vertex 78.7454 38.8329 260
      vertex 77.9423 45 260
      vertex 76.037 43.9 260
    endloop
  endfacet
  facet normal 0.849202 0.528068 0
    outer loop
      vertex 77.9423 45 50.2679
      vertex 74.8323 50.0013 51.8672
      vertex 74.8323 50.0013 260
    endloop
  endfacet
  facet normal 0.849202 0.528068 -0
    outer loop
      vertex 77.9423 45 50.2679
      vertex 74.8323 50.0013 260
      vertex 77.9423 45 260
    endloop
  endfacet
  facet normal -0.849202 -0.528068 0
    outer loop
      vertex 73.003 48.7791 53.3672
      vertex 76.037 43.9 51.7679
      vertex 76.037 43.9 260
    endloop
  endfacet
  facet normal -0.849202 -0.528068 0
    outer loop
      vertex 73.003 48.7791 53.3672
      vertex 76.037 43.9 260
      vertex 73.003 48.7791 260
    endloop
  endfacet
  facet normal 0 -0 1
    outer loop
      vertex 76.037 43.9 260
      vertex 77.9423 45 260
      vertex 74.8323 50.0013 260
    endloop
  endfacet
  facet normal 0 0 1
    outer loop
      vertex 76.037 43.9 260
      vertex 74.8323 50.0013 260
      vertex 73.003 48.7791 260
    endloop
  endfacet
  facet normal 0.812847 0.582478 0
    outer loop
      vertex 74.8323 50.0013 51.8672
      vertex 71.4018 54.7885 53.4816
      vertex 71.4018 54.7885 260
    endloop
  endfacet
  facet normal 0.812847 0.582478 -0
    outer loop
      vertex 74.8323 50.0013 51.8672
      vertex 71.4018 54.7885 260
      vertex 74.8323 50.0013 260
    endloop
  endfacet
  facet normal -0.812847 -0.582478 0
    outer loop
      vertex 69.6564 53.4493 54.9816
      vertex 73.003 48.7791 53.3672
      vertex 73.003 48.7791 260
    endloop
  endfacet
  facet normal -0.812847 -0.582478 0
    outer loop
      vertex 69.6564 53.4493 54.9816
      vertex 73.003 48.7791 260
      vertex 69.6564 53.4493 260
    endloop
  endfacet
  facet normal 0 -0 1
    outer loop
      vertex 73.003 48.7791 260
      vertex 74.8323 50.0013 260
      vertex 71.4018 54.7885 260
    endloop
  endfacet
  facet normal 0 0 1
    outer loop
      vertex 73.003 48.7791 260
      vertex 71.4018 54.7885 260
      vertex 69.6564 53.4493 260
    endloop
  endfacet
  facet normal 0.77301 0.634393 0
    outer loop
      vertex 71.4018 54.7885 53.4816
      vertex 67.6656 59.3411 55.1036
      vertex 67.6656 59.3411 260
    endloop
  endfacet
  facet normal 0.77301 0.634393 -0
    outer loop
      vertex 71.4018 54.7885 53.4816
      vertex 67.6656 59.3411 260
      vertex 71.4018 54.7885 260
    endloop
  endfacet
  facet normal -0.77301 -0.634393 0
    outer loop
      vertex 66.0115 57.8906 56.6036
      vertex 69.6564 53.4493 54.9816
      vertex 69.6564 53.4493 260
    endloop
  endfacet
  facet normal -0.77301 -0.634393 0
    outer loop
      vertex 66.0115 57.8906 56.6036
      vertex 69.6564 53.4493 260
      vertex 66.0115 57.8906 260
    endloop
  endfacet
  facet normal 0 -0 1
    outer loop
      vertex 69.6564 53.4493 260
      vertex 71.4018 54.7885 260
      vertex 67.6656 59.3411 260
    endloop
  endfacet
  facet normal 0 0 1
    outer loop
      vertex 69.6564 53.4493 260
      vertex 67.6656 59.3411 260
      vertex 66.0115 57.8906 260
    endloop
  endfacet
  facet normal 0.729864 0.683592 0
    outer loop
      vertex 67.6656 59.3411 55.1036
      vertex 63.6396 63.6396 56.7265
      vertex 63.6396 63.6396 260
    endloop
  endfacet
  facet normal 0.729864 0.683592 -0
    outer loop
      vertex 67.6656 59.3411 55.1036
      vertex 63.6396 63.6396 260
      vertex 67.6656 59.3411 260
    endloop
  endfacet
  facet normal -0.729864 -0.683592 0
    outer loop
      vertex 62.084 62.084 58.2265
      vertex 66.0115 57.8906 56.6036
      vertex 66.0115 57.8906 260
    endloop
  endfacet
  facet normal -0.729864 -0.683592 0
    outer loop
      vertex 62.084 62.084 58.2265
      vertex 66.0115 57.8906 260
      vertex 62.084 62.084 260
    endloop
  endfacet
  facet normal 0 -0 1
    outer loop
      vertex 66.0115 57.8906 260
      vertex 67.6656 59.3411 260
      vertex 63.6396 63.6396 260
    endloop
  endfacet
  facet normal 0 0 1
    outer loop
      vertex 66.0115 57.8906 260
      vertex 63.6396 63.6396 260
      vertex 62.084 62.084 260
    endloop
  endfacet
  facet normal 0.683592 0.729864 0
    outer loop
      vertex 63.6396 63.6396 56.7265
      vertex 59.3411 67.6656 58.344
      vertex 59.3411 67.6656 260
    endloop
  endfacet
  facet normal 0.683592 0.729864 -0
    outer loop
      vertex 63.6396 63.6396 56.7265
      vertex 59.3411 67.6656 260
      vertex 63.6396 63.6396 260
    endloop
  endfacet
  facet normal -0.683592 -0.729864 0
    outer loop
      vertex 57.8906 66.0115 59.844
      vertex 62.084 62.084 58.2265
      vertex 62.084 62.084 260
    endloop
  endfacet
  facet normal -0.683592 -0.729864 0
    outer loop
      vertex 57.8906 66.0115 59.844
      vertex 62.084 62.084 260
      vertex 57.8906 66.0115 260
    endloop
  endfacet
  facet normal 0 -0 1
    outer loop
      vertex 62.084 62.084 260
      vertex 63.6396 63.6396 260
      vertex 59.3411 67.6656 260
    endloop
  endfacet
  facet normal 0 0 1
    outer loop
      vertex 62.084 62.084 260
      vertex 59.3411 67.6656 260
      vertex 57.8906 66.0115 260
    endloop
  endfacet
  facet normal 0.634393 0.77301 0
    outer loop
      vertex 59.3411 67.6656 58.344
      vertex 54.7885 71.4018 59.9505
      vertex 54.7885 71.4018 260
    endloop
  endfacet
  facet normal 0.634393 0.77301 -0
    outer loop
      vertex 59.3411 67.6656 58.344
      vertex 54.7885 71.4018 260
      vertex 59.3411 67.6656 260
    endloop
  endfacet
  facet normal -0.634393 -0.77301 0
    outer loop
      vertex 53.4493 69.6564 61.4505
      vertex 57.8906 66.0115 59.844
      vertex 57.8906 66.0115 260
    endloop
  endfacet
  facet normal -0.634393 -0.77301 0
    outer loop
      vertex 53.4493 69.6564 61.4505
      vertex 57.8906 66.0115 260
      vertex 53.4493 69.6564 260
    endloop
  endfacet
  facet normal 0 -0 1
    outer loop
      vertex 57.8906 66.0115 260
      vertex 59.3411 67.6656 260
      vertex 54.7885 71.4018 260
    endloop
  endfacet
  facet normal 0 0 1
    outer loop
      vertex 57.8906 66.0115 260
      vertex 54.7885 71.4018 260
      vertex 53.4493 69.6564 260
    endloop
  endfacet
  facet normal 0.582478 0.812847 0
    outer loop
      vertex 54.7885 71.4018 59.9505
      vertex 50.0013 74.8323 61.5404
      vertex 50.0013 74.8323 260
    endloop
  endfacet
  facet normal 0.582478 0.812847 -0
    outer loop
      vertex 54.7885 71.4018 59.9505
      vertex 50.0013 74.8323 260
      vertex 54.7885 71.4018 260
    endloop
  endfacet
  facet normal -0.582478 -0.812847 0
    outer loop
      vertex 48.7791 73.003 63.0404
      vertex 53.4493 69.6564 61.4505
      vertex 53.4493 69.6564 260
    endloop
  endfacet
  facet normal -0.582478 -0.812847 0
    outer loop
      vertex 48.7791 73.003 63.0404
      vertex 53.4493 69.6564 260
      vertex 48.7791 73.003 260
    endloop
  endfacet
  facet normal 0 -0 1
    outer loop
      vertex 53.4493 69.6564 260
      vertex 54.7885 71.4018 260
      vertex 50.0013 74.8323 260
    endloop
  endfacet
  facet normal 0 0 1
    outer loop
      vertex 53.4493 69.6564 260
      vertex 50.0013 74.8323 260
      vertex 48.7791 73.003 260
    endloop
  endfacet
  facet normal 0.528068 0.849202 0
    outer loop
      vertex 50.0013 74.8323 61.5404
      vertex 45 77.9423 63.1088
      vertex 45 77.9423 260
    endloop
  endfacet
  facet normal 0.528068 0.849202 -0
    outer loop
      vertex 50.0013 74.8323 61.5404
      vertex 45 77.9423 260
      vertex 50.0013 74.8323 260
    endloop
  endfacet
  facet normal -0.528068 -0.849202 0
    outer loop
      vertex 43.9 76.037 64.6088
      vertex 48.7791 73.003 63.0404
      vertex 48.7791 73.003 260
    endloop
  endfacet
  facet normal -0.528068 -0.849202 0
    outer loop
      vertex 43.9 76.037 64.6088
      vertex 48.7791 73.003 260
      vertex 43.9 76.037 260
    endloop
  endfacet
  facet normal 0 -0 1
    outer loop
      vertex 48.7791 73.003 260
      vertex 50.0013 74.8323 260
      vertex 45 77.9423 260
    endloop
  endfacet
  facet normal 0 0 1
    outer loop
      vertex 48.7791 73.003 260
      vertex 45 77.9423 260
      vertex 43.9 76.037 260
    endloop
  endfacet
  facet normal 0.471397 0.881921 0
    outer loop
      vertex 45 77.9423 63.1088
      vertex 39.806 80.7185 64.6509
      vertex 39.806 80.7185 260
    endloop
  endfacet
  facet normal 0.471397 0.881921 -0
    outer loop
      vertex 45 77.9423 63.1088
      vertex 39.806 80.7185 260
      vertex 45 77.9423 260
    endloop
  endfacet
  facet normal -0.471397 -0.881921 0
    outer loop
      vertex 38.8329 78.7454 66.1509
      vertex 43.9 76.037 64.6088
      vertex 43.9 76.037 260
    endloop
  endfacet
  facet normal -0.471397 -0.881921 0
    outer loop
      vertex 38.8329 78.7454 66.1509
      vertex 43.9 76.037 260
      vertex 38.8329 78.7454 260
    endloop
  endfacet
  facet normal 0 -0 1
    outer loop
      vertex 43.9 76.037 260
      vertex 45 77.9423 260
      vertex 39.806 80.7185 260
    endloop
  endfacet
  facet normal 0 0 1
    outer loop
      vertex 43.9 76.037 260
      vertex 39.806 80.7185 260
      vertex 38.8329 78.7454 260
    endloop
  endfacet
  facet normal 0.412707 0.910864 0
    outer loop
      vertex 39.806 80.7185 64.6509
      vertex 34.4415 83.1492 66.1622
      vertex 34.4415 83.1492 260
    endloop
  endfacet
  facet normal 0.412707 0.910864 -0
    outer loop
      vertex 39.806 80.7185 64.6509
      vertex 34.4415 83.1492 260
      vertex 39.806 80.7185 260
    endloop
  endfacet
  facet normal -0.412707 -0.910864 0
    outer loop
      vertex 33.5996 81.1166 67.6622
      vertex 38.8329 78.7454 66.1509
      vertex 38.8329 78.7454 260
    endloop
  endfacet
  facet normal -0.412707 -0.910864 0
    outer loop
      vertex 33.5996 81.1166 67.6622
      vertex 38.8329 78.7454 260
      vertex 33.5996 81.1166 260
    endloop
  endfacet
  facet normal 0 -0 1
    outer loop
      vertex 38.8329 78.7454 260
      vertex 39.806 80.7185 260
      vertex 34.4415 83.1492 260
    endloop
  endfacet
  facet normal 0 0 1
    outer loop
      vertex 38.8329 78.7454 260
      vertex 34.4415 83.1492 260
      vertex 33.5996 81.1166 260
    endloop
  endfacet
  facet normal 0.35225 0.935906 0
    outer loop
      vertex 34.4415 83.1492 66.1622
      vertex 28.9296 85.2237 67.6387
      vertex 28.9296 85.2237 260
    endloop
  endfacet
  facet normal 0.35225 0.935906 -0
    outer loop
      vertex 34.4415 83.1492 66.1622
      vertex 28.9296 85.2237 260
      vertex 34.4415 83.1492 260
    endloop
  endfacet
  facet normal -0.35225 -0.935906 0
    outer loop
      vertex 28.2224 83.1405 69.1387
      vertex 33.5996 81.1166 67.6622
      vertex 33.5996 81.1166 260
    endloop
  endfacet
  facet normal -0.35225 -0.935906 0
    outer loop
      vertex 28.2224 83.1405 69.1387
      vertex 33.5996 81.1166 260
      vertex 28.2224 83.1405 260
    endloop
  endfacet
  facet normal 0 -0 1
    outer loop
      vertex 33.5996 81.1166 260
      vertex 34.4415 83.1492 260
      vertex 28.9296 85.2237 260
    endloop
  endfacet
  facet normal 0 0 1
    outer loop
      vertex 33.5996 81.1166 260
      vertex 28.9296 85.2237 260
      vertex 28.2224 83.1405 260
    endloop
  endfacet
  facet normal 0.290285 0.95694 0
    outer loop
      vertex 28.9296 85.2237 67.6387
      vertex 23.2937 86.9333 69.0763
      vertex 23.2937 86.9333 260
    endloop
  endfacet
  facet normal 0.290285 0.95694 -0
    outer loop
      vertex 28.9296 85.2237 67.6387
      vertex 23.2937 86.9333 260
      vertex 28.9296 85.2237 260
    endloop
  endfacet
  facet normal -0.290285 -0.95694 0
    outer loop
      vertex 22.7243 84.8083 70.5763
      vertex 28.2224 83.1405 69.1387
      vertex 28.2224 83.1405 260
    endloop
  endfacet
  facet normal -0.290285 -0.95694 0
    outer loop
      vertex 22.7243 84.8083 70.5763
      vertex 28.2224 83.1405 260
      vertex 22.7243 84.8083 260
    endloop
  endfacet
  facet normal 0 -0 1
    outer loop
      vertex 28.2224 83.1405 260
      vertex 28.9296 85.2237 260
      vertex 23.2937 86.9333 260
    endloop
  endfacet
  facet normal 0 0 1
    outer loop
      vertex 28.2224 83.1405 260
      vertex 23.2937 86.9333 260
      vertex 22.7243 84.8083 260
    endloop
  endfacet
  facet normal 0.227076 0.973877 0
    outer loop
      vertex 23.2937 86.9333 69.0763
      vertex 17.5581 88.2707 70.4715
      vertex 17.5581 88.2707 260
    endloop
  endfacet
  facet normal 0.227076 0.973877 -0
    outer loop
      vertex 23.2937 86.9333 69.0763
      vertex 17.5581 88.2707 260
      vertex 23.2937 86.9333 260
    endloop
  endfacet
  facet normal -0.227076 -0.973877 0
    outer loop
      vertex 17.1289 86.1129 71.9715
      vertex 22.7243 84.8083 70.5763
      vertex 22.7243 84.8083 260
    endloop
  endfacet
  facet normal -0.227076 -0.973877 0
    outer loop
      vertex 17.1289 86.1129 71.9715
      vertex 22.7243 84.8083 260
      vertex 17.1289 86.1129 260
    endloop
  endfacet
  facet normal 0 -0 1
    outer loop
      vertex 22.7243 84.8083 260
      vertex 23.2937 86.9333 260
      vertex 17.5581 88.2707 260
    endloop
  endfacet
  facet normal 0 0 1
    outer loop
      vertex 22.7243 84.8083 260
      vertex 17.5581 88.2707 260
      vertex 17.1289 86.1129 260
    endloop
  endfacet
  facet normal 0.162895 0.986643 0
    outer loop
      vertex 17.5581 88.2707 70.4715
      vertex 11.7474 89.23 71.8207
      vertex 11.7474 89.23 260
    endloop
  endfacet
  facet normal 0.162895 0.986643 -0
    outer loop
      vertex 17.5581 88.2707 70.4715
      vertex 11.7474 89.23 260
      vertex 17.5581 88.2707 260
    endloop
  endfacet
  facet normal -0.162895 -0.986643 0
    outer loop
      vertex 11.4602 87.0489 73.3207
      vertex 17.1289 86.1129 71.9715
      vertex 17.1289 86.1129 260
    endloop
  endfacet
  facet normal -0.162895 -0.986643 0
    outer loop
      vertex 11.4602 87.0489 73.3207
      vertex 17.1289 86.1129 260
      vertex 11.4602 87.0489 260
    endloop
  endfacet
  facet normal 0 -0 1
    outer loop
      vertex 17.1289 86.1129 260
      vertex 17.5581 88.2707 260
      vertex 11.7474 89.23 260
    endloop
  endfacet
  facet normal 0 0 1
    outer loop
      vertex 17.1289 86.1129 260
      vertex 11.7474 89.23 260
      vertex 11.4602 87.0489 260
    endloop
  endfacet
  facet normal 0.0980171 0.995185 0
    outer loop
      vertex 11.7474 89.23 71.8207
      vertex 5.88628 89.8073 73.1207
      vertex 5.88628 89.8073 260
    endloop
  endfacet
  facet normal 0.0980171 0.995185 -0
    outer loop
      vertex 11.7474 89.23 71.8207
      vertex 5.88628 89.8073 260
      vertex 11.7474 89.23 260
    endloop
  endfacet
  facet normal -0.0980171 -0.995185 0
    outer loop
      vertex 5.74239 87.612 74.6207
      vertex 11.4602 87.0489 73.3207
      vertex 11.4602 87.0489 260
    endloop
  endfacet
  facet normal -0.0980171 -0.995185 0
    outer loop
      vertex 5.74239 87.612 74.6207
      vertex 11.4602 87.0489 260
      vertex 5.74239 87.612 260
    endloop
  endfacet
  facet normal 0 -0 1
    outer loop
      vertex 11.4602 87.0489 260
      vertex 11.7474 89.23 260
      vertex 5.88628 89.8073 260
    endloop
  endfacet
  facet normal 0 0 1
    outer loop
      vertex 11.4602 87.0489 260
      vertex 5.88628 89.8073 260
      vertex 5.74239 87.612 260
    endloop
  endfacet
  facet normal 0.0327191 0.999465 0
    outer loop
      vertex 5.88628 89.8073 73.1207
      vertex 5.51091e-15 90 74.3685
      vertex 5.51091e-15 90 260
    endloop
  endfacet
  facet normal 0.0327191 0.999465 -0
    outer loop
      vertex 5.88628 89.8073 73.1207
      vertex 5.51091e-15 90 260
      vertex 5.88628 89.8073 260
    endloop
  endfacet
  facet normal -0.0327191 -0.999465 0
    outer loop
      vertex 5.3762e-15 87.8 75.8685
      vertex 5.74239 87.612 74.6207
      vertex 5.74239 87.612 260
    endloop
  endfacet
  facet normal -0.0327191 -0.999465 0
    outer loop
      vertex 5.3762e-15 87.8 75.8685
      vertex 5.74239 87.612 260
      vertex 5.3762e-15 87.8 260
    endloop
  endfacet
  facet normal 0 -0 1
    outer loop
      vertex 5.74239 87.612 260
      vertex 5.88628 89.8073 260
      vertex 5.51091e-15 90 260
    endloop
  endfacet
  facet normal 0 0 1
    outer loop
      vertex 5.74239 87.612 260
      vertex 5.51091e-15 90 260
      vertex 5.3762e-15 87.8 260
    endloop
  endfacet
  facet normal -0.0327191 0.999465 0
    outer loop
      vertex 5.51091e-15 90 74.3685
      vertex -5.88628 89.8073 75.5612
      vertex -5.88628 89.8073 260
    endloop
  endfacet
  facet normal -0.0327191 0.999465 0
    outer loop
      vertex 5.51091e-15 90 74.3685
      vertex -5.88628 89.8073 260
      vertex 5.51091e-15 90 260
    endloop
  endfacet
  facet normal 0.0327191 -0.999465 0
    outer loop
      vertex -5.74239 87.612 77.0612
      vertex 5.3762e-15 87.8 75.8685
      vertex 5.3762e-15 87.8 260
    endloop
  endfacet
  facet normal 0.0327191 -0.999465 0
    outer loop
      vertex -5.74239 87.612 77.0612
      vertex 5.3762e-15 87.8 260
      vertex -5.74239 87.612 260
    endloop
  endfacet
  facet normal 0 -0 1
    outer loop
      vertex 5.3762e-15 87.8 260
      vertex 5.51091e-15 90 260
      vertex -5.88628 89.8073 260
    endloop
  endfacet
  facet normal 0 0 1
    outer loop
      vertex 5.3762e-15 87.8 260
      vertex -5.88628 89.8073 260
      vertex -5.74239 87.612 260
    endloop
  endfacet
  facet normal -0.0980171 0.995185 0
    outer loop
      vertex -5.88628 89.8073 75.5612
      vertex -11.7474 89.23 76.5
      vertex -11.7474 89.23 260
    endloop
  endfacet
  facet normal -0.0980171 0.995185 0
    outer loop
      vertex -5.88628 89.8073 75.5612
      vertex -11.7474 89.23 260
      vertex -5.88628 89.8073 260
    endloop
  endfacet
  facet normal 0.0980171 -0.995185 0
    outer loop
      vertex -11.4602 87.0489 78
      vertex -5.74239 87.612 77.0612
      vertex -5.74239 87.612 260
    endloop
  endfacet
  facet normal 0.0980171 -0.995185 0
    outer loop
      vertex -11.4602 87.0489 78
      vertex -5.74239 87.612 260
      vertex -11.4602 87.0489 260
    endloop
  endfacet
  facet normal 0 0 1
    outer loop
      vertex -5.74239 87.612 260
      vertex -5.88628 89.8073 260
      vertex -11.7474 89.23 260
    endloop
  endfacet
  facet normal 0 0 1
    outer loop
      vertex -5.74239 87.612 260
      vertex -11.7474 89.23 260
      vertex -11.4602 87.0489 260
    endloop
  endfacet
  facet normal -0.162895 0.986643 0
    outer loop
      vertex -11.7474 89.23 76.5
      vertex -17.5581 88.2707 76.5
      vertex -17.5581 88.2707 260
    endloop
  endfacet
  facet normal -0.162895 0.986643 0
    outer loop
      vertex -11.7474 89.23 76.5
      vertex -17.5581 88.2707 260
      vertex -11.7474 89.23 260
    endloop
  endfacet
  facet normal 0.162895 -0.986643 0
    outer loop
      vertex -17.1289 86.1129 78
      vertex -11.4602 87.0489 78
      vertex -11.4602 87.0489 260
    endloop
  endfacet
  facet normal 0.162895 -0.986643 0
    outer loop
      vertex -17.1289 86.1129 78
      vertex -11.4602 87.0489 260
      vertex -17.1289 86.1129 260
    endloop
  endfacet
  facet normal 0 0 1
    outer loop
      vertex -11.4602 87.0489 260
      vertex -11.7474 89.23 260
      vertex -17.5581 88.2707 260
    endloop
  endfacet
  facet normal 0 0 1
    outer loop
      vertex -11.4602 87.0489 260
      vertex -17.5581 88.2707 260
      vertex -17.1289 86.1129 260
    endloop
  endfacet
  facet normal -0.227076 0.973877 0
    outer loop
      vertex -17.5581 88.2707 76.5
      vertex -23.2937 86.9333 76.5
      vertex -23.2937 86.9333 260
    endloop
  endfacet
  facet normal -0.227076 0.973877 0
    outer loop
      vertex -17.5581 88.2707 76.5
      vertex -23.2937 86.9333 260
      vertex -17.5581 88.2707 260
    endloop
  endfacet
  facet normal 0.227076 -0.973877 0
    outer loop
      vertex -22.7243 84.8083 78
      vertex -17.1289 86.1129 78
      vertex -17.1289 86.1129 260
    endloop
  endfacet
  facet normal 0.227076 -0.973877 0
    outer loop
      vertex -22.7243 84.8083 78
      vertex -17.1289 86.1129 260
      vertex -22.7243 84.8083 260
    endloop
  endfacet
  facet normal 0 0 1
    outer loop
      vertex -17.1289 86.1129 260
      vertex -17.5581 88.2707 260
      vertex -23.2937 86.9333 260
    endloop
  endfacet
  facet normal 0 0 1
    outer loop
      vertex -17.1289 86.1129 260
      vertex -23.2937 86.9333 260
      vertex -22.7243 84.8083 260
    endloop
  endfacet
  facet normal -0.290285 0.95694 0
    outer loop
      vertex -23.2937 86.9333 76.5
      vertex -28.9296 85.2237 76.5
      vertex -28.9296 85.2237 260
    endloop
  endfacet
  facet normal -0.290285 0.95694 0
    outer loop
      vertex -23.2937 86.9333 76.5
      vertex -28.9296 85.2237 260
      vertex -23.2937 86.9333 260
    endloop
  endfacet
  facet normal 0.290285 -0.95694 0
    outer loop
      vertex -28.2224 83.1405 78
      vertex -22.7243 84.8083 78
      vertex -22.7243 84.8083 260
    endloop
  endfacet
  facet normal 0.290285 -0.95694 0
    outer loop
      vertex -28.2224 83.1405 78
      vertex -22.7243 84.8083 260
      vertex -28.2224 83.1405 260
    endloop
  endfacet
  facet normal 0 0 1
    outer loop
      vertex -22.7243 84.8083 260
      vertex -23.2937 86.9333 260
      vertex -28.9296 85.2237 260
    endloop
  endfacet
  facet normal 0 0 1
    outer loop
      vertex -22.7243 84.8083 260
      vertex -28.9296 85.2237 260
      vertex -28.2224 83.1405 260
    endloop
  endfacet
  facet normal -0.35225 0.935906 0
    outer loop
      vertex -28.9296 85.2237 76.5
      vertex -34.4415 83.1492 76.5
      vertex -34.4415 83.1492 260
    endloop
  endfacet
  facet normal -0.35225 0.935906 0
    outer loop
      vertex -28.9296 85.2237 76.5
      vertex -34.4415 83.1492 260
      vertex -28.9296 85.2237 260
    endloop
  endfacet
  facet normal 0.35225 -0.935906 0
    outer loop
      vertex -33.5996 81.1166 78
      vertex -28.2224 83.1405 78
      vertex -28.2224 83.1405 260
    endloop
  endfacet
  facet normal 0.35225 -0.935906 0
    outer loop
      vertex -33.5996 81.1166 78
      vertex -28.2224 83.1405 260
      vertex -33.5996 81.1166 260
    endloop
  endfacet
  facet normal 0 0 1
    outer loop
      vertex -28.2224 83.1405 260
      vertex -28.9296 85.2237 260
      vertex -34.4415 83.1492 260
    endloop
  endfacet
  facet normal 0 0 1
    outer loop
      vertex -28.2224 83.1405 260
      vertex -34.4415 83.1492 260
      vertex -33.5996 81.1166 260
    endloop
  endfacet
  facet normal -0.412707 0.910864 0
    outer loop
      vertex -34.4415 83.1492 76.5
      vertex -39.806 80.7185 76.5
      vertex -39.806 80.7185 260
    endloop
  endfacet
  facet normal -0.412707 0.910864 0
    outer loop
      vertex -34.4415 83.1492 76.5
      vertex -39.806 80.7185 260
      vertex -34.4415 83.1492 260
    endloop
  endfacet
  facet normal 0.412707 -0.910864 0
    outer loop
      vertex -38.8329 78.7454 78
      vertex -33.5996 81.1166 78
      vertex -33.5996 81.1166 260
    endloop
  endfacet
  facet normal 0.412707 -0.910864 0
    outer loop
      vertex -38.8329 78.7454 78
      vertex -33.5996 81.1166 260
      vertex -38.8329 78.7454 260
    endloop
  endfacet
  facet normal 0 0 1
    outer loop
      vertex -33.5996 81.1166 260
      vertex -34.4415 83.1492 260
      vertex -39.806 80.7185 260
    endloop
  endfacet
  facet normal 0 0 1
    outer loop
      vertex -33.5996 81.1166 260
      vertex -39.806 80.7185 260
      vertex -38.8329 78.7454 260
    endloop
  endfacet
  facet normal -0.471397 0.881921 0
    outer loop
      vertex -39.806 80.7185 76.5
      vertex -45 77.9423 76.5
      vertex -45 77.9423 260
    endloop
  endfacet
  facet normal -0.471397 0.881921 0
    outer loop
      vertex -39.806 80.7185 76.5
      vertex -45 77.9423 260
      vertex -39.806 80.7185 260
    endloop
  endfacet
  facet normal 0.471397 -0.881921 0
    outer loop
      vertex -43.9 76.037 78
      vertex -38.8329 78.7454 78
      vertex -38.8329 78.7454 260
    endloop
  endfacet
  facet normal 0.471397 -0.881921 0
    outer loop
      vertex -43.9 76.037 78
      vertex -38.8329 78.7454 260
      vertex -43.9 76.037 260
    endloop
  endfacet
  facet normal 0 0 1
    outer loop
      vertex -38.8329 78.7454 260
      vertex -39.806 80.7185 260
      vertex -45 77.9423 260
    endloop
  endfacet
  facet normal 0 0 1
    outer loop
      vertex -38.8329 78.7454 260
      vertex -45 77.9423 260
      vertex -43.9 76.037 260
    endloop
  endfacet
  facet normal -0.528068 0.849202 0
    outer loop
      vertex -45 77.9423 76.5
      vertex -50.0013 74.8323 76.5
      vertex -50.0013 74.8323 260
    endloop
  endfacet
  facet normal -0.528068 0.849202 0
    outer loop
      vertex -45 77.9423 76.5
      vertex -50.0013 74.8323 260
      vertex -45 77.9423 260
    endloop
  endfacet
  facet normal 0.528068 -0.849202 0
    outer loop
      vertex -48.7791 73.003 78
      vertex -43.9 76.037 78
      vertex -43.9 76.037 260
    endloop
  endfacet
  facet normal 0.528068 -0.849202 0
    outer loop
      vertex -48.7791 73.003 78
      vertex -43.9 76.037 260
      vertex -48.7791 73.003 260
    endloop
  endfacet
  facet normal 0 0 1
    outer loop
      vertex -43.9 76.037 260
      vertex -45 77.9423 260
      vertex -50.0013 74.8323 260
    endloop
  endfacet
  facet normal 0 0 1
    outer loop
      vertex -43.9 76.037 260
      vertex -50.0013 74.8323 260
      vertex -48.7791 73.003 260
    endloop
  endfacet
  facet normal -0.582478 0.812847 0
    outer loop
      vertex -50.0013 74.8323 76.5
      vertex -54.7885 71.4018 76.5
      vertex -54.7885 71.4018 260
    endloop
  endfacet
  facet normal -0.582478 0.812847 0
    outer loop
      vertex -50.0013 74.8323 76.5
      vertex -54.7885 71.4018 260
      vertex -50.0013 74.8323 260
    endloop
  endfacet
  facet normal 0.582478 -0.812847 0
    outer loop
      vertex -53.4493 69.6564 78
      vertex -48.7791 73.003 78
      vertex -48.7791 73.003 260
    endloop
  endfacet
  facet normal 0.582478 -0.812847 0
    outer loop
      vertex -53.4493 69.6564 78
      vertex -48.7791 73.003 260
      vertex -53.4493 69.6564 260
    endloop
  endfacet
  facet normal 0 0 1
    outer loop
      vertex -48.7791 73.003 260
      vertex -50.0013 74.8323 260
      vertex -54.7885 71.4018 260
    endloop
  endfacet
  facet normal 0 0 1
    outer loop
      vertex -48.7791 73.003 260
      vertex -54.7885 71.4018 260
      vertex -53.4493 69.6564 260
    endloop
  endfacet
  facet normal -0.634393 0.77301 0
    outer loop
      vertex -54.7885 71.4018 76.5
      vertex -59.3411 67.6656 76.5
      vertex -59.3411 67.6656 260
    endloop
  endfacet
  facet normal -0.634393 0.77301 0
    outer loop
      vertex -54.7885 71.4018 76.5
      vertex -59.3411 67.6656 260
      vertex -54.7885 71.4018 260
    endloop
  endfacet
  facet normal 0.634393 -0.77301 0
    outer loop
      vertex -57.8906 66.0115 78
      vertex -53.4493 69.6564 78
      vertex -53.4493 69.6564 260
    endloop
  endfacet
  facet normal 0.634393 -0.77301 0
    outer loop
      vertex -57.8906 66.0115 78
      vertex -53.4493 69.6564 260
      vertex -57.8906 66.0115 260
    endloop
  endfacet
  facet normal 0 0 1
    outer loop
      vertex -53.4493 69.6564 260
      vertex -54.7885 71.4018 260
      vertex -59.3411 67.6656 260
    endloop
  endfacet
  facet normal 0 0 1
    outer loop
      vertex -53.4493 69.6564 260
      vertex -59.3411 67.6656 260
      vertex -57.8906 66.0115 260
    endloop
  endfacet
  facet normal -0.683592 0.729864 0
    outer loop
      vertex -59.3411 67.6656 76.5
      vertex -63.6396 63.6396 76.5
      vertex -63.6396 63.6396 260
    endloop
  endfacet
  facet normal -0.683592 0.729864 0
    outer loop
      vertex -59.3411 67.6656 76.5
      vertex -63.6396 63.6396 260
      vertex -59.3411 67.6656 260
    endloop
  endfacet
  facet normal 0.683592 -0.729864 0
    outer loop
      vertex -62.084 62.084 78
      vertex -57.8906 66.0115 78
      vertex -57.8906 66.0115 260
    endloop
  endfacet
  facet normal 0.683592 -0.729864 0
    outer loop
      vertex -62.084 62.084 78
      vertex -57.8906 66.0115 260
      vertex -62.084 62.084 260
    endloop
  endfacet
  facet normal 0 0 1
    outer loop
      vertex -57.8906 66.0115 260
      vertex -59.3411 67.6656 260
      vertex -63.6396 63.6396 260
    endloop
  endfacet
  facet normal 0 0 1
    outer loop
      vertex -57.8906 66.0115 260
      vertex -63.6396 63.6396 260
      vertex -62.084 62.084 260
    endloop
  endfacet
  facet normal -0.729864 0.683592 0
    outer loop
      vertex -63.6396 63.6396 76.5
      vertex -67.6656 59.3411 76.5
      vertex -67.6656 59.3411 260
    endloop
  endfacet
  facet normal -0.729864 0.683592 0
    outer loop
      vertex -63.6396 63.6396 76.5
      vertex -67.6656 59.3411 260
      vertex -63.6396 63.6396 260
    endloop
  endfacet
  facet normal 0.729864 -0.683592 0
    outer loop
      vertex -66.0115 57.8906 78
      vertex -62.084 62.084 78
      vertex -62.084 62.084 260
    endloop
  endfacet
  facet normal 0.729864 -0.683592 0
    outer loop
      vertex -66.0115 57.8906 78
      vertex -62.084 62.084 260
      vertex -66.0115 57.8906 260
    endloop
  endfacet
  facet normal 0 0 1
    outer loop
      vertex -62.084 62.084 260
      vertex -63.6396 63.6396 260
      vertex -67.6656 59.3411 260
    endloop
  endfacet
  facet normal 0 0 1
    outer loop
      vertex -62.084 62.084 260
      vertex -67.6656 59.3411 260
      vertex -66.0115 57.8906 260
    endloop
  endfacet
  facet normal -0.77301 0.634393 0
    outer loop
      vertex -67.6656 59.3411 76.5
      vertex -71.4018 54.7885 76.5
      vertex -71.4018 54.7885 260
    endloop
  endfacet
  facet normal -0.77301 0.634393 0
    outer loop
      vertex -67.6656 59.3411 76.5
      vertex -71.4018 54.7885 260
      vertex -67.6656 59.3411 260
    endloop
  endfacet
  facet normal 0.77301 -0.634393 0
    outer loop
      vertex -69.6564 53.4493 78
      vertex -66.0115 57.8906 78
      vertex -66.0115 57.8906 260
    endloop
  endfacet
  facet normal 0.77301 -0.634393 0
    outer loop
      vertex -69.6564 53.4493 78
      vertex -66.0115 57.8906 260
      vertex -69.6564 53.4493 260
    endloop
  endfacet
  facet normal 0 0 1
    outer loop
      vertex -66.0115 57.8906 260
      vertex -67.6656 59.3411 260
      vertex -71.4018 54.7885 260
    endloop
  endfacet
  facet normal 0 0 1
    outer loop
      vertex -66.0115 57.8906 260
      vertex -71.4018 54.7885 260
      vertex -69.6564 53.4493 260
    endloop
  endfacet
  facet normal -0.812847 0.582478 0
    outer loop
      vertex -71.4018 54.7885 76.5
      vertex -74.8323 50.0013 76.5
      vertex -74.8323 50.0013 260
    endloop
  endfacet
  facet normal -0.812847 0.582478 0
    outer loop
      vertex -71.4018 54.7885 76.5
      vertex -74.8323 50.0013 260
      vertex -71.4018 54.7885 260
    endloop
  endfacet
  facet normal 0.812847 -0.582478 0
    outer loop
      vertex -73.003 48.7791 78
      vertex -69.6564 53.4493 78
      vertex -69.6564 53.4493 260
    endloop
  endfacet
  facet normal 0.812847 -0.582478 0
    outer loop
      vertex -73.003 48.7791 78
      vertex -69.6564 53.4493 260
      vertex -73.003 48.7791 260
    endloop
  endfacet
  facet normal 0 0 1
    outer loop
      vertex -69.6564 53.4493 260
      vertex -71.4018 54.7885 260
      vertex -74.8323 50.0013 260
    endloop
  endfacet
  facet normal 0 0 1
    outer loop
      vertex -69.6564 53.4493 260
      vertex -74.8323 50.0013 260
      vertex -73.003 48.7791 260
    endloop
  endfacet
  facet normal -0.849202 0.528068 0
    outer loop
      vertex -74.8323 50.0013 76.5
      vertex -77.9423 45 76.5
      vertex -77.9423 45 260
    endloop
  endfacet
  facet normal -0.849202 0.528068 0
    outer loop
      vertex -74.8323 50.0013 76.5
      vertex -77.9423 45 260
      vertex -74.8323 50.0013 260
    endloop
  endfacet
  facet normal 0.849202 -0.528068 0
    outer loop
      vertex -76.037 43.9 78
      vertex -73.003 48.7791 78
      vertex -73.003 48.7791 260
    endloop
  endfacet
  facet normal 0.849202 -0.528068 0
    outer loop
      vertex -76.037 43.9 78
      vertex -73.003 48.7791 260
      vertex -76.037 43.9 260
    endloop
  endfacet
  facet normal 0 0 1
    outer loop
      vertex -73.003 48.7791 260
      vertex -74.8323 50.0013 260
      vertex -77.9423 45 260
    endloop
  endfacet
  facet normal 0 0 1
    outer loop
      vertex -73.003 48.7791 260
      vertex -77.9423 45 260
      vertex -76.037 43.9 260
    endloop
  endfacet
  facet normal -0.881921 0.471397 0
    outer loop
      vertex -77.9423 45 76.5
      vertex -80.7185 39.806 76.5
      vertex -80.7185 39.806 260
    endloop
  endfacet
  facet normal -0.881921 0.471397 0
    outer loop
      vertex -77.9423 45 76.5
      vertex -80.7185 39.806 260
      vertex -77.9423 45 260
    endloop
  endfacet
  facet normal 0.881921 -0.471397 0
    outer loop
      vertex -78.7454 38.8329 78
      vertex -76.037 43.9 78
      vertex -76.037 43.9 260
    endloop
  endfacet
  facet normal 0.881921 -0.471397 0
    outer loop
      vertex -78.7454 38.8329 78
      vertex -76.037 43.9 260
      vertex -78.7454 38.8329 260
    endloop
  endfacet
  facet normal 0 0 1
    outer loop
      vertex -76.037 43.9 260
      vertex -77.9423 45 260
      vertex -80.7185 39.806 260
    endloop
  endfacet
  facet normal 0 0 1
    outer loop
      vertex -76.037 43.9 260
      vertex -80.7185 39.806 260
      vertex -78.7454 38.8329 260
    endloop
  endfacet
  facet normal -0.910864 0.412707 0
    outer loop
      vertex -80.7185 39.806 76.5
      vertex -83.1492 34.4415 76.5
      vertex -83.1492 34.4415 260
    endloop
  endfacet
  facet normal -0.910864 0.412707 0
    outer loop
      vertex -80.7185 39.806 76.5
      vertex -83.1492 34.4415 260
      vertex -80.7185 39.806 260
    endloop
  endfacet
  facet normal 0.910864 -0.412707 0
    outer loop
      vertex -81.1166 33.5996 78
      vertex -78.7454 38.8329 78
      vertex -78.7454 38.8329 260
    endloop
  endfacet
  facet normal 0.910864 -0.412707 0
    outer loop
      vertex -81.1166 33.5996 78
      vertex -78.7454 38.8329 260
      vertex -81.1166 33.5996 260
    endloop
  endfacet
  facet normal 0 0 1
    outer loop
      vertex -78.7454 38.8329 260
      vertex -80.7185 39.806 260
      vertex -83.1492 34.4415 260
    endloop
  endfacet
  facet normal 0 0 1
    outer loop
      vertex -78.7454 38.8329 260
      vertex -83.1492 34.4415 260
      vertex -81.1166 33.5996 260
    endloop
  endfacet
  facet normal -0.935906 0.35225 0
    outer loop
      vertex -83.1492 34.4415 76.5
      vertex -85.2237 28.9296 76.5
      vertex -85.2237 28.9296 260
    endloop
  endfacet
  facet normal -0.935906 0.35225 0
    outer loop
      vertex -83.1492 34.4415 76.5
      vertex -85.2237 28.9296 260
      vertex -83.1492 34.4415 260
    endloop
  endfacet
  facet normal 0.935906 -0.35225 0
    outer loop
      vertex -83.1405 28.2224 78
      vertex -81.1166 33.5996 78
      vertex -81.1166 33.5996 260
    endloop
  endfacet
  facet normal 0.935906 -0.35225 0
    outer loop
      vertex -83.1405 28.2224 78
      vertex -81.1166 33.5996 260
      vertex -83.1405 28.2224 260
    endloop
  endfacet
  facet normal 0 0 1
    outer loop
      vertex -81.1166 33.5996 260
      vertex -83.1492 34.4415 260
      vertex -85.2237 28.9296 260
    endloop
  endfacet
  facet normal 0 0 1
    outer loop
      vertex -81.1166 33.5996 260
      vertex -85.2237 28.9296 260
      vertex -83.1405 28.2224 260
    endloop
  endfacet
  facet normal -0.95694 0.290285 0
    outer loop
      vertex -85.2237 28.9296 76.5
      vertex -86.9333 23.2937 76.5
      vertex -86.9333 23.2937 260
    endloop
  endfacet
  facet normal -0.95694 0.290285 0
    outer loop
      vertex -85.2237 28.9296 76.5
      vertex -86.9333 23.2937 260
      vertex -85.2237 28.9296 260
    endloop
  endfacet
  facet normal 0.95694 -0.290285 0
    outer loop
      vertex -84.8083 22.7243 78
      vertex -83.1405 28.2224 78
      vertex -83.1405 28.2224 260
    endloop
  endfacet
  facet normal 0.95694 -0.290285 0
    outer loop
      vertex -84.8083 22.7243 78
      vertex -83.1405 28.2224 260
      vertex -84.8083 22.7243 260
    endloop
  endfacet
  facet normal 0 0 1
    outer loop
      vertex -83.1405 28.2224 260
      vertex -85.2237 28.9296 260
      vertex -86.9333 23.2937 260
    endloop
  endfacet
  facet normal 0 0 1
    outer loop
      vertex -83.1405 28.2224 260
      vertex -86.9333 23.2937 260
      vertex -84.8083 22.7243 260
    endloop
  endfacet
  facet normal -0.973877 0.227076 0
    outer loop
      vertex -86.9333 23.2937 76.5
      vertex -88.2707 17.5581 76.5
      vertex -88.2707 17.5581 260
    endloop
  endfacet
  facet normal -0.973877 0.227076 0
    outer loop
      vertex -86.9333 23.2937 76.5
      vertex -88.2707 17.5581 260
      vertex -86.9333 23.2937 260
    endloop
  endfacet
  facet normal 0.973877 -0.227076 0
    outer loop
      vertex -86.1129 17.1289 78
      vertex -84.8083 22.7243 78
      vertex -84.8083 22.7243 260
    endloop
  endfacet
  facet normal 0.973877 -0.227076 0
    outer loop
      vertex -86.1129 17.1289 78
      vertex -84.8083 22.7243 260
      vertex -86.1129 17.1289 260
    endloop
  endfacet
  facet normal 0 0 1
    outer loop
      vertex -84.8083 22.7243 260
      vertex -86.9333 23.2937 260
      vertex -88.2707 17.5581 260
    endloop
  endfacet
  facet normal 0 0 1
    outer loop
      vertex -84.8083 22.7243 260
      vertex -88.2707 17.5581 260
      vertex -86.1129 17.1289 260
    endloop
  endfacet
  facet normal -0.986643 0.162895 0
    outer loop
      vertex -88.2707 17.5581 76.5
      vertex -89.23 11.7474 76.5
      vertex -89.23 11.7474 260
    endloop
  endfacet
  facet normal -0.986643 0.162895 0
    outer loop
      vertex -88.2707 17.5581 76.5
      vertex -89.23 11.7474 260
      vertex -88.2707 17.5581 260
    endloop
  endfacet
  facet normal 0.986643 -0.162895 0
    outer loop
      vertex -87.0489 11.4602 78
      vertex -86.1129 17.1289 78
      vertex -86.1129 17.1289 260
    endloop
  endfacet
  facet normal 0.986643 -0.162895 0
    outer loop
      vertex -87.0489 11.4602 78
      vertex -86.1129 17.1289 260
      vertex -87.0489 11.4602 260
    endloop
  endfacet
  facet normal 0 0 1
    outer loop
      vertex -86.1129 17.1289 260
      vertex -88.2707 17.5581 260
      vertex -89.23 11.7474 260
    endloop
  endfacet
  facet normal 0 0 1
    outer loop
      vertex -86.1129 17.1289 260
      vertex -89.23 11.7474 260
      vertex -87.0489 11.4602 260
    endloop
  endfacet
  facet normal -0.995185 0.0980171 0
    outer loop
      vertex -89.23 11.7474 76.5
      vertex -89.8073 5.88628 76.5
      vertex -89.8073 5.88628 260
    endloop
  endfacet
  facet normal -0.995185 0.0980171 0
    outer loop
      vertex -89.23 11.7474 76.5
      vertex -89.8073 5.88628 260
      vertex -89.23 11.7474 260
    endloop
  endfacet
  facet normal 0.995185 -0.0980171 0
    outer loop
      vertex -87.612 5.74239 78
      vertex -87.0489 11.4602 78
      vertex -87.0489 11.4602 260
    endloop
  endfacet
  facet normal 0.995185 -0.0980171 0
    outer loop
      vertex -87.612 5.74239 78
      vertex -87.0489 11.4602 260
      vertex -87.612 5.74239 260
    endloop
  endfacet
  facet normal 0 0 1
    outer loop
      vertex -87.0489 11.4602 260
      vertex -89.23 11.7474 260
      vertex -89.8073 5.88628 260
    endloop
  endfacet
  facet normal 0 0 1
    outer loop
      vertex -87.0489 11.4602 260
      vertex -89.8073 5.88628 260
      vertex -87.612 5.74239 260
    endloop
  endfacet
  facet normal -0.999465 0.0327191 0
    outer loop
      vertex -89.8073 5.88628 76.5
      vertex -90 1.10218e-14 76.5
      vertex -90 1.10218e-14 260
    endloop
  endfacet
  facet normal -0.999465 0.0327191 0
    outer loop
      vertex -89.8073 5.88628 76.5
      vertex -90 1.10218e-14 260
      vertex -89.8073 5.88628 260
    endloop
  endfacet
  facet normal 0.999465 -0.0327191 0
    outer loop
      vertex -87.8 1.07524e-14 78
      vertex -87.612 5.74239 78
      vertex -87.612 5.74239 260
    endloop
  endfacet
  facet normal 0.999465 -0.0327191 0
    outer loop
      vertex -87.8 1.07524e-14 78
      vertex -87.612 5.74239 260
      vertex -87.8 1.07524e-14 260
    endloop
  endfacet
  facet normal 0 0 1
    outer loop
      vertex -87.612 5.74239 260
      vertex -89.8073 5.88628 260
      vertex -90 1.10218e-14 260
    endloop
  endfacet
  facet normal 0 0 1
    outer loop
      vertex -87.612 5.74239 260
      vertex -90 1.10218e-14 260
      vertex -87.8 1.07524e-14 260
    endloop
  endfacet
  facet normal -0.999465 -0.0327191 0
    outer loop
      vertex -90 1.10218e-14 76.5
      vertex -89.8073 -5.88628 76.5
      vertex -89.8073 -5.88628 260
    endloop
  endfacet
  facet normal -0.999465 -0.0327191 0
    outer loop
      vertex -90 1.10218e-14 76.5
      vertex -89.8073 -5.88628 260
      vertex -90 1.10218e-14 260
    endloop
  endfacet
  facet normal 0.999465 0.0327191 0
    outer loop
      vertex -87.612 -5.74239 78
      vertex -87.8 1.07524e-14 78
      vertex -87.8 1.07524e-14 260
    endloop
  endfacet
  facet normal 0.999465 0.0327191 -0
    outer loop
      vertex -87.612 -5.74239 78
      vertex -87.8 1.07524e-14 260
      vertex -87.612 -5.74239 260
    endloop
  endfacet
  facet normal 0 0 1
    outer loop
      vertex -87.8 1.07524e-14 260
      vertex -90 1.10218e-14 260
      vertex -89.8073 -5.88628 260
    endloop
  endfacet
  facet normal 0 0 1
    outer loop
      vertex -87.8 1.07524e-14 260
      vertex -89.8073 -5.88628 260
      vertex -87.612 -5.74239 260
    endloop
  endfacet
  facet normal -0.995185 -0.0980171 0
    outer loop
      vertex -89.8073 -5.88628 76.5
      vertex -89.23 -11.7474 76.5
      vertex -89.23 -11.7474 260
    endloop
  endfacet
  facet normal -0.995185 -0.0980171 0
    outer loop
      vertex -89.8073 -5.88628 76.5
      vertex -89.23 -11.7474 260
      vertex -89.8073 -5.88628 260
    endloop
  endfacet
  facet normal 0.995185 0.0980171 0
    outer loop
      vertex -87.0489 -11.4602 78
      vertex -87.612 -5.74239 78
      vertex -87.612 -5.74239 260
    endloop
  endfacet
  facet normal 0.995185 0.0980171 -0
    outer loop
      vertex -87.0489 -11.4602 78
      vertex -87.612 -5.74239 260
      vertex -87.0489 -11.4602 260
    endloop
  endfacet
  facet normal 0 0 1
    outer loop
      vertex -87.612 -5.74239 260
      vertex -89.8073 -5.88628 260
      vertex -89.23 -11.7474 260
    endloop
  endfacet
  facet normal 0 0 1
    outer loop
      vertex -87.612 -5.74239 260
      vertex -89.23 -11.7474 260
      vertex -87.0489 -11.4602 260
    endloop
  endfacet
  facet normal -0.986643 -0.162895 0
    outer loop
      vertex -89.23 -11.7474 76.5
      vertex -88.2707 -17.5581 76.5
      vertex -88.2707 -17.5581 260
    endloop
  endfacet
  facet normal -0.986643 -0.162895 0
    outer loop
      vertex -89.23 -11.7474 76.5
      vertex -88.2707 -17.5581 260
      vertex -89.23 -11.7474 260
    endloop
  endfacet
  facet normal 0.986643 0.162895 0
    outer loop
      vertex -86.1129 -17.1289 78
      vertex -87.0489 -11.4602 78
      vertex -87.0489 -11.4602 260
    endloop
  endfacet
  facet normal 0.986643 0.162895 -0
    outer loop
      vertex -86.1129 -17.1289 78
      vertex -87.0489 -11.4602 260
      vertex -86.1129 -17.1289 260
    endloop
  endfacet
  facet normal 0 0 1
    outer loop
      vertex -87.0489 -11.4602 260
      vertex -89.23 -11.7474 260
      vertex -88.2707 -17.5581 260
    endloop
  endfacet
  facet normal 0 0 1
    outer loop
      vertex -87.0489 -11.4602 260
      vertex -88.2707 -17.5581 260
      vertex -86.1129 -17.1289 260
    endloop
  endfacet
  facet normal -0.973877 -0.227076 0
    outer loop
      vertex -88.2707 -17.5581 76.5
      vertex -86.9333 -23.2937 76.5
      vertex -86.9333 -23.2937 260
    endloop
  endfacet
  facet normal -0.973877 -0.227076 0
    outer loop
      vertex -88.2707 -17.5581 76.5
      vertex -86.9333 -23.2937 260
      vertex -88.2707 -17.5581 260
    endloop
  endfacet
  facet normal 0.973877 0.227076 0
    outer loop
      vertex -84.8083 -22.7243 78
      vertex -86.1129 -17.1289 78
      vertex -86.1129 -17.1289 260
    endloop
  endfacet
  facet normal 0.973877 0.227076 -0
    outer loop
      vertex -84.8083 -22.7243 78
      vertex -86.1129 -17.1289 260
      vertex -84.8083 -22.7243 260
    endloop
  endfacet
  facet normal 0 0 1
    outer loop
      vertex -86.1129 -17.1289 260
      vertex -88.2707 -17.5581 260
      vertex -86.9333 -23.2937 260
    endloop
  endfacet
  facet normal 0 0 1
    outer loop
      vertex -86.1129 -17.1289 260
      vertex -86.9333 -23.2937 260
      vertex -84.8083 -22.7243 260
    endloop
  endfacet
  facet normal -0.95694 -0.290285 0
    outer loop
      vertex -86.9333 -23.2937 76.5
      vertex -85.2237 -28.9296 76.5
      vertex -85.2237 -28.9296 260
    endloop
  endfacet
  facet normal -0.95694 -0.290285 0
    outer loop
      vertex -86.9333 -23.2937 76.5
      vertex -85.2237 -28.9296 260
      vertex -86.9333 -23.2937 260
    endloop
  endfacet
  facet normal 0.95694 0.290285 0
    outer loop
      vertex -83.1405 -28.2224 78
      vertex -84.8083 -22.7243 78
      vertex -84.8083 -22.7243 260
    endloop
  endfacet
  facet normal 0.95694 0.290285 -0
    outer loop
      vertex -83.1405 -28.2224 78
      vertex -84.8083 -22.7243 260
      vertex -83.1405 -28.2224 260
    endloop
  endfacet
  facet normal 0 0 1
    outer loop
      vertex -84.8083 -22.7243 260
      vertex -86.9333 -23.2937 260
      vertex -85.2237 -28.9296 260
    endloop
  endfacet
  facet normal 0 0 1
    outer loop
      vertex -84.8083 -22.7243 260
      vertex -85.2237 -28.9296 260
      vertex -83.1405 -28.2224 260
    endloop
  endfacet
  facet normal -0.935906 -0.35225 0
    outer loop
      vertex -85.2237 -28.9296 76.5
      vertex -83.1492 -34.4415 76.5
      vertex -83.1492 -34.4415 260
    endloop
  endfacet
  facet normal -0.935906 -0.35225 0
    outer loop
      vertex -85.2237 -28.9296 76.5
      vertex -83.1492 -34.4415 260
      vertex -85.2237 -28.9296 260
    endloop
  endfacet
  facet normal 0.935906 0.35225 0
    outer loop
      vertex -81.1166 -33.5996 78
      vertex -83.1405 -28.2224 78
      vertex -83.1405 -28.2224 260
    endloop
  endfacet
  facet normal 0.935906 0.35225 -0
    outer loop
      vertex -81.1166 -33.5996 78
      vertex -83.1405 -28.2224 260
      vertex -81.1166 -33.5996 260
    endloop
  endfacet
  facet normal 0 0 1
    outer loop
      vertex -83.1405 -28.2224 260
      vertex -85.2237 -28.9296 260
      vertex -83.1492 -34.4415 260
    endloop
  endfacet
  facet normal 0 0 1
    outer loop
      vertex -83.1405 -28.2224 260
      vertex -83.1492 -34.4415 260
      vertex -81.1166 -33.5996 260
    endloop
  endfacet
  facet normal -0.910864 -0.412707 0
    outer loop
      vertex -83.1492 -34.4415 76.5
      vertex -80.7185 -39.806 76.5
      vertex -80.7185 -39.806 260
    endloop
  endfacet
  facet normal -0.910864 -0.412707 0
    outer loop
      vertex -83.1492 -34.4415 76.5
      vertex -80.7185 -39.806 260
      vertex -83.1492 -34.4415 260
    endloop
  endfacet
  facet normal 0.910864 0.412707 0
    outer loop
      vertex -78.7454 -38.8329 78
      vertex -81.1166 -33.5996 78
      vertex -81.1166 -33.5996 260
    endloop
  endfacet
  facet normal 0.910864 0.412707 -0
    outer loop
      vertex -78.7454 -38.8329 78
      vertex -81.1166 -33.5996 260
      vertex -78.7454 -38.8329 260
    endloop
  endfacet
  facet normal 0 0 1
    outer loop
      vertex -81.1166 -33.5996 260
      vertex -83.1492 -34.4415 260
      vertex -80.7185 -39.806 260
    endloop
  endfacet
  facet normal 0 0 1
    outer loop
      vertex -81.1166 -33.5996 260
      vertex -80.7185 -39.806 260
      vertex -78.7454 -38.8329 260
    endloop
  endfacet
  facet normal -0.881921 -0.471397 0
    outer loop
      vertex -80.7185 -39.806 76.5
      vertex -77.9423 -45 76.5
      vertex -77.9423 -45 260
    endloop
  endfacet
  facet normal -0.881921 -0.471397 0
    outer loop
      vertex -80.7185 -39.806 76.5
      vertex -77.9423 -45 260
      vertex -80.7185 -39.806 260
    endloop
  endfacet
  facet normal 0.881921 0.471397 0
    outer loop
      vertex -76.037 -43.9 78
      vertex -78.7454 -38.8329 78
      vertex -78.7454 -38.8329 260
    endloop
  endfacet
  facet normal 0.881921 0.471397 -0
    outer loop
      vertex -76.037 -43.9 78
      vertex -78.7454 -38.8329 260
      vertex -76.037 -43.9 260
    endloop
  endfacet
  facet normal 0 0 1
    outer loop
      vertex -78.7454 -38.8329 260
      vertex -80.7185 -39.806 260
      vertex -77.9423 -45 260
    endloop
  endfacet
  facet normal 0 0 1
    outer loop
      vertex -78.7454 -38.8329 260
      vertex -77.9423 -45 260
      vertex -76.037 -43.9 260
    endloop
  endfacet
  facet normal -0.849202 -0.528068 0
    outer loop
      vertex -77.9423 -45 76.5
      vertex -74.8323 -50.0013 76.1156
      vertex -74.8323 -50.0013 260
    endloop
  endfacet
  facet normal -0.849202 -0.528068 0
    outer loop
      vertex -77.9423 -45 76.5
      vertex -74.8323 -50.0013 260
      vertex -77.9423 -45 260
    endloop
  endfacet
  facet normal 0.849202 0.528068 0
    outer loop
      vertex -73.003 -48.7791 77.6156
      vertex -76.037 -43.9 78
      vertex -76.037 -43.9 260
    endloop
  endfacet
  facet normal 0.849202 0.528068 -0
    outer loop
      vertex -73.003 -48.7791 77.6156
      vertex -76.037 -43.9 260
      vertex -73.003 -48.7791 260
    endloop
  endfacet
  facet normal 0 0 1
    outer loop
      vertex -76.037 -43.9 260
      vertex -77.9423 -45 260
      vertex -74.8323 -50.0013 260
    endloop
  endfacet
  facet normal 0 0 1
    outer loop
      vertex -76.037 -43.9 260
      vertex -74.8323 -50.0013 260
      vertex -73.003 -48.7791 260
    endloop
  endfacet
  facet normal -0.812847 -0.582478 0
    outer loop
      vertex -74.8323 -50.0013 76.1156
      vertex -71.4018 -54.7885 74.9505
      vertex -71.4018 -54.7885 260
    endloop
  endfacet
  facet normal -0.812847 -0.582478 0
    outer loop
      vertex -74.8323 -50.0013 76.1156
      vertex -71.4018 -54.7885 260
      vertex -74.8323 -50.0013 260
    endloop
  endfacet
  facet normal 0.812847 0.582478 0
    outer loop
      vertex -69.6564 -53.4493 76.4505
      vertex -73.003 -48.7791 77.6156
      vertex -73.003 -48.7791 260
    endloop
  endfacet
  facet normal 0.812847 0.582478 -0
    outer loop
      vertex -69.6564 -53.4493 76.4505
      vertex -73.003 -48.7791 260
      vertex -69.6564 -53.4493 260
    endloop
  endfacet
  facet normal 0 0 1
    outer loop
      vertex -73.003 -48.7791 260
      vertex -74.8323 -50.0013 260
      vertex -71.4018 -54.7885 260
    endloop
  endfacet
  facet normal 0 0 1
    outer loop
      vertex -73.003 -48.7791 260
      vertex -71.4018 -54.7885 260
      vertex -69.6564 -53.4493 260
    endloop
  endfacet
  facet normal -0.77301 -0.634393 0
    outer loop
      vertex -71.4018 -54.7885 74.9505
      vertex -67.6656 -59.3411 73.7289
      vertex -67.6656 -59.3411 260
    endloop
  endfacet
  facet normal -0.77301 -0.634393 0
    outer loop
      vertex -71.4018 -54.7885 74.9505
      vertex -67.6656 -59.3411 260
      vertex -71.4018 -54.7885 260
    endloop
  endfacet
  facet normal 0.77301 0.634393 0
    outer loop
      vertex -66.0115 -57.8906 75.2289
      vertex -69.6564 -53.4493 76.4505
      vertex -69.6564 -53.4493 260
    endloop
  endfacet
  facet normal 0.77301 0.634393 -0
    outer loop
      vertex -66.0115 -57.8906 75.2289
      vertex -69.6564 -53.4493 260
      vertex -66.0115 -57.8906 260
    endloop
  endfacet
  facet normal 0 0 1
    outer loop
      vertex -69.6564 -53.4493 260
      vertex -71.4018 -54.7885 260
      vertex -67.6656 -59.3411 260
    endloop
  endfacet
  facet normal 0 0 1
    outer loop
      vertex -69.6564 -53.4493 260
      vertex -67.6656 -59.3411 260
      vertex -66.0115 -57.8906 260
    endloop
  endfacet
  facet normal -0.729864 -0.683592 0
    outer loop
      vertex -67.6656 -59.3411 73.7289
      vertex -63.6396 -63.6396 72.4537
      vertex -63.6396 -63.6396 260
    endloop
  endfacet
  facet normal -0.729864 -0.683592 0
    outer loop
      vertex -67.6656 -59.3411 73.7289
      vertex -63.6396 -63.6396 260
      vertex -67.6656 -59.3411 260
    endloop
  endfacet
  facet normal 0.729864 0.683592 0
    outer loop
      vertex -62.084 -62.084 73.9537
      vertex -66.0115 -57.8906 75.2289
      vertex -66.0115 -57.8906 260
    endloop
  endfacet
  facet normal 0.729864 0.683592 -0
    outer loop
      vertex -62.084 -62.084 73.9537
      vertex -66.0115 -57.8906 260
      vertex -62.084 -62.084 260
    endloop
  endfacet
  facet normal 0 0 1
    outer loop
      vertex -66.0115 -57.8906 260
      vertex -67.6656 -59.3411 260
      vertex -63.6396 -63.6396 260
    endloop
  endfacet
  facet normal 0 0 1
    outer loop
      vertex -66.0115 -57.8906 260
      vertex -63.6396 -63.6396 260
      vertex -62.084 -62.084 260
    endloop
  endfacet
  facet normal -0.683592 -0.729864 0
    outer loop
      vertex -63.6396 -63.6396 72.4537
      vertex -59.3411 -67.6656 71.1278
      vertex -59.3411 -67.6656 260
    endloop
  endfacet
  facet normal -0.683592 -0.729864 0
    outer loop
      vertex -63.6396 -63.6396 72.4537
      vertex -59.3411 -67.6656 260
      vertex -63.6396 -63.6396 260
    endloop
  endfacet
  facet normal 0.683592 0.729864 0
    outer loop
      vertex -57.8906 -66.0115 72.6278
      vertex -62.084 -62.084 73.9537
      vertex -62.084 -62.084 260
    endloop
  endfacet
  facet normal 0.683592 0.729864 -0
    outer loop
      vertex -57.8906 -66.0115 72.6278
      vertex -62.084 -62.084 260
      vertex -57.8906 -66.0115 260
    endloop
  endfacet
  facet normal 0 0 1
    outer loop
      vertex -62.084 -62.084 260
      vertex -63.6396 -63.6396 260
      vertex -59.3411 -67.6656 260
    endloop
  endfacet
  facet normal 0 0 1
    outer loop
      vertex -62.084 -62.084 260
      vertex -59.3411 -67.6656 260
      vertex -57.8906 -66.0115 260
    endloop
  endfacet
  facet normal -0.634393 -0.77301 0
    outer loop
      vertex -59.3411 -67.6656 71.1278
      vertex -54.7885 -71.4018 69.7544
      vertex -54.7885 -71.4018 260
    endloop
  endfacet
  facet normal -0.634393 -0.77301 0
    outer loop
      vertex -59.3411 -67.6656 71.1278
      vertex -54.7885 -71.4018 260
      vertex -59.3411 -67.6656 260
    endloop
  endfacet
  facet normal 0.634393 0.77301 0
    outer loop
      vertex -53.4493 -69.6564 71.2544
      vertex -57.8906 -66.0115 72.6278
      vertex -57.8906 -66.0115 260
    endloop
  endfacet
  facet normal 0.634393 0.77301 -0
    outer loop
      vertex -53.4493 -69.6564 71.2544
      vertex -57.8906 -66.0115 260
      vertex -53.4493 -69.6564 260
    endloop
  endfacet
  facet normal 0 0 1
    outer loop
      vertex -57.8906 -66.0115 260
      vertex -59.3411 -67.6656 260
      vertex -54.7885 -71.4018 260
    endloop
  endfacet
  facet normal 0 0 1
    outer loop
      vertex -57.8906 -66.0115 260
      vertex -54.7885 -71.4018 260
      vertex -53.4493 -69.6564 260
    endloop
  endfacet
  facet normal -0.582478 -0.812847 0
    outer loop
      vertex -54.7885 -71.4018 69.7544
      vertex -50.0013 -74.8323 68.3367
      vertex -50.0013 -74.8323 260
    endloop
  endfacet
  facet normal -0.582478 -0.812847 0
    outer loop
      vertex -54.7885 -71.4018 69.7544
      vertex -50.0013 -74.8323 260
      vertex -54.7885 -71.4018 260
    endloop
  endfacet
  facet normal 0.582478 0.812847 0
    outer loop
      vertex -48.7791 -73.003 69.8367
      vertex -53.4493 -69.6564 71.2544
      vertex -53.4493 -69.6564 260
    endloop
  endfacet
  facet normal 0.582478 0.812847 -0
    outer loop
      vertex -48.7791 -73.003 69.8367
      vertex -53.4493 -69.6564 260
      vertex -48.7791 -73.003 260
    endloop
  endfacet
  facet normal 0 0 1
    outer loop
      vertex -53.4493 -69.6564 260
      vertex -54.7885 -71.4018 260
      vertex -50.0013 -74.8323 260
    endloop
  endfacet
  facet normal 0 0 1
    outer loop
      vertex -53.4493 -69.6564 260
      vertex -50.0013 -74.8323 260
      vertex -48.7791 -73.003 260
    endloop
  endfacet
  facet normal -0.528068 -0.849202 0
    outer loop
      vertex -50.0013 -74.8323 68.3367
      vertex -45 -77.9423 66.8785
      vertex -45 -77.9423 260
    endloop
  endfacet
  facet normal -0.528068 -0.849202 0
    outer loop
      vertex -50.0013 -74.8323 68.3367
      vertex -45 -77.9423 260
      vertex -50.0013 -74.8323 260
    endloop
  endfacet
  facet normal 0.528068 0.849202 0
    outer loop
      vertex -43.9 -76.037 68.3785
      vertex -48.7791 -73.003 69.8367
      vertex -48.7791 -73.003 260
    endloop
  endfacet
  facet normal 0.528068 0.849202 -0
    outer loop
      vertex -43.9 -76.037 68.3785
      vertex -48.7791 -73.003 260
      vertex -43.9 -76.037 260
    endloop
  endfacet
  facet normal 0 0 1
    outer loop
      vertex -48.7791 -73.003 260
      vertex -50.0013 -74.8323 260
      vertex -45 -77.9423 260
    endloop
  endfacet
  facet normal 0 0 1
    outer loop
      vertex -48.7791 -73.003 260
      vertex -45 -77.9423 260
      vertex -43.9 -76.037 260
    endloop
  endfacet
  facet normal -0.471397 -0.881921 0
    outer loop
      vertex -45 -77.9423 66.8785
      vertex -39.806 -80.7185 65.3835
      vertex -39.806 -80.7185 260
    endloop
  endfacet
  facet normal -0.471397 -0.881921 0
    outer loop
      vertex -45 -77.9423 66.8785
      vertex -39.806 -80.7185 260
      vertex -45 -77.9423 260
    endloop
  endfacet
  facet normal 0.471397 0.881921 0
    outer loop
      vertex -38.8329 -78.7454 66.8835
      vertex -43.9 -76.037 68.3785
      vertex -43.9 -76.037 260
    endloop
  endfacet
  facet normal 0.471397 0.881921 -0
    outer loop
      vertex -38.8329 -78.7454 66.8835
      vertex -43.9 -76.037 260
      vertex -38.8329 -78.7454 260
    endloop
  endfacet
  facet normal 0 0 1
    outer loop
      vertex -43.9 -76.037 260
      vertex -45 -77.9423 260
      vertex -39.806 -80.7185 260
    endloop
  endfacet
  facet normal 0 0 1
    outer loop
      vertex -43.9 -76.037 260
      vertex -39.806 -80.7185 260
      vertex -38.8329 -78.7454 260
    endloop
  endfacet
  facet normal -0.412707 -0.910864 0
    outer loop
      vertex -39.806 -80.7185 65.3835
      vertex -34.4415 -83.1492 63.8557
      vertex -34.4415 -83.1492 260
    endloop
  endfacet
  facet normal -0.412707 -0.910864 0
    outer loop
      vertex -39.806 -80.7185 65.3835
      vertex -34.4415 -83.1492 260
      vertex -39.806 -80.7185 260
    endloop
  endfacet
  facet normal 0.412707 0.910864 0
    outer loop
      vertex -33.5996 -81.1166 65.3557
      vertex -38.8329 -78.7454 66.8835
      vertex -38.8329 -78.7454 260
    endloop
  endfacet
  facet normal 0.412707 0.910864 -0
    outer loop
      vertex -33.5996 -81.1166 65.3557
      vertex -38.8329 -78.7454 260
      vertex -33.5996 -81.1166 260
    endloop
  endfacet
  facet normal 0 0 1
    outer loop
      vertex -38.8329 -78.7454 260
      vertex -39.806 -80.7185 260
      vertex -34.4415 -83.1492 260
    endloop
  endfacet
  facet normal 0 0 1
    outer loop
      vertex -38.8329 -78.7454 260
      vertex -34.4415 -83.1492 260
      vertex -33.5996 -81.1166 260
    endloop
  endfacet
  facet normal -0.35225 -0.935906 0
    outer loop
      vertex -34.4415 -83.1492 63.8557
      vertex -28.9296 -85.2237 62.2994
      vertex -28.9296 -85.2237 260
    endloop
  endfacet
  facet normal -0.35225 -0.935906 0
    outer loop
      vertex -34.4415 -83.1492 63.8557
      vertex -28.9296 -85.2237 260
      vertex -34.4415 -83.1492 260
    endloop
  endfacet
  facet normal 0.35225 0.935906 0
    outer loop
      vertex -28.2224 -83.1405 63.7994
      vertex -33.5996 -81.1166 65.3557
      vertex -33.5996 -81.1166 260
    endloop
  endfacet
  facet normal 0.35225 0.935906 -0
    outer loop
      vertex -28.2224 -83.1405 63.7994
      vertex -33.5996 -81.1166 260
      vertex -28.2224 -83.1405 260
    endloop
  endfacet
  facet normal 0 0 1
    outer loop
      vertex -33.5996 -81.1166 260
      vertex -34.4415 -83.1492 260
      vertex -28.9296 -85.2237 260
    endloop
  endfacet
  facet normal 0 0 1
    outer loop
      vertex -33.5996 -81.1166 260
      vertex -28.9296 -85.2237 260
      vertex -28.2224 -83.1405 260
    endloop
  endfacet
  facet normal -0.290285 -0.95694 0
    outer loop
      vertex -28.9296 -85.2237 62.2994
      vertex -23.2937 -86.9333 60.7193
      vertex -23.2937 -86.9333 260
    endloop
  endfacet
  facet normal -0.290285 -0.95694 0
    outer loop
      vertex -28.9296 -85.2237 62.2994
      vertex -23.2937 -86.9333 260
      vertex -28.9296 -85.2237 260
    endloop
  endfacet
  facet normal 0.290285 0.95694 0
    outer loop
      vertex -22.7243 -84.8083 62.2193
      vertex -28.2224 -83.1405 63.7994
      vertex -28.2224 -83.1405 260
    endloop
  endfacet
  facet normal 0.290285 0.95694 -0
    outer loop
      vertex -22.7243 -84.8083 62.2193
      vertex -28.2224 -83.1405 260
      vertex -22.7243 -84.8083 260
    endloop
  endfacet
  facet normal 0 0 1
    outer loop
      vertex -28.2224 -83.1405 260
      vertex -28.9296 -85.2237 260
      vertex -23.2937 -86.9333 260
    endloop
  endfacet
  facet normal 0 0 1
    outer loop
      vertex -28.2224 -83.1405 260
      vertex -23.2937 -86.9333 260
      vertex -22.7243 -84.8083 260
    endloop
  endfacet
  facet normal -0.227076 -0.973877 0
    outer loop
      vertex -23.2937 -86.9333 60.7193
      vertex -17.5581 -88.2707 59.1202
      vertex -17.5581 -88.2707 260
    endloop
  endfacet
  facet normal -0.227076 -0.973877 0
    outer loop
      vertex -23.2937 -86.9333 60.7193
      vertex -17.5581 -88.2707 260
      vertex -23.2937 -86.9333 260
    endloop
  endfacet
  facet normal 0.227076 0.973877 0
    outer loop
      vertex -17.1289 -86.1129 60.6202
      vertex -22.7243 -84.8083 62.2193
      vertex -22.7243 -84.8083 260
    endloop
  endfacet
  facet normal 0.227076 0.973877 -0
    outer loop
      vertex -17.1289 -86.1129 60.6202
      vertex -22.7243 -84.8083 260
      vertex -17.1289 -86.1129 260
    endloop
  endfacet
  facet normal 0 0 1
    outer loop
      vertex -22.7243 -84.8083 260
      vertex -23.2937 -86.9333 260
      vertex -17.5581 -88.2707 260
    endloop
  endfacet
  facet normal 0 0 1
    outer loop
      vertex -22.7243 -84.8083 260
      vertex -17.5581 -88.2707 260
      vertex -17.1289 -86.1129 260
    endloop
  endfacet
  facet normal -0.162895 -0.986643 0
    outer loop
      vertex -17.5581 -88.2707 59.1202
      vertex -11.7474 -89.23 57.5072
      vertex -11.7474 -89.23 260
    endloop
  endfacet
  facet normal -0.162895 -0.986643 0
    outer loop
      vertex -17.5581 -88.2707 59.1202
      vertex -11.7474 -89.23 260
      vertex -17.5581 -88.2707 260
    endloop
  endfacet
  facet normal 0.162895 0.986643 0
    outer loop
      vertex -11.4602 -87.0489 59.0072
      vertex -17.1289 -86.1129 60.6202
      vertex -17.1289 -86.1129 260
    endloop
  endfacet
  facet normal 0.162895 0.986643 -0
    outer loop
      vertex -11.4602 -87.0489 59.0072
      vertex -17.1289 -86.1129 260
      vertex -11.4602 -87.0489 260
    endloop
  endfacet
  facet normal 0 0 1
    outer loop
      vertex -17.1289 -86.1129 260
      vertex -17.5581 -88.2707 260
      vertex -11.7474 -89.23 260
    endloop
  endfacet
  facet normal 0 0 1
    outer loop
      vertex -17.1289 -86.1129 260
      vertex -11.7474 -89.23 260
      vertex -11.4602 -87.0489 260
    endloop
  endfacet
  facet normal -0.0980171 -0.995185 0
    outer loop
      vertex -11.7474 -89.23 57.5072
      vertex -5.88628 -89.8073 55.8861
      vertex -5.88628 -89.8073 260
    endloop
  endfacet
  facet normal -0.0980171 -0.995185 0
    outer loop
      vertex -11.7474 -89.23 57.5072
      vertex -5.88628 -89.8073 260
      vertex -11.7474 -89.23 260
    endloop
  endfacet
  facet normal 0.0980171 0.995185 0
    outer loop
      vertex -5.74239 -87.612 57.3861
      vertex -11.4602 -87.0489 59.0072
      vertex -11.4602 -87.0489 260
    endloop
  endfacet
  facet normal 0.0980171 0.995185 -0
    outer loop
      vertex -5.74239 -87.612 57.3861
      vertex -11.4602 -87.0489 260
      vertex -5.74239 -87.612 260
    endloop
  endfacet
  facet normal 0 0 1
    outer loop
      vertex -11.4602 -87.0489 260
      vertex -11.7474 -89.23 260
      vertex -5.88628 -89.8073 260
    endloop
  endfacet
  facet normal 0 0 1
    outer loop
      vertex -11.4602 -87.0489 260
      vertex -5.88628 -89.8073 260
      vertex -5.74239 -87.612 260
    endloop
  endfacet
  facet normal -0.0327191 -0.999465 0
    outer loop
      vertex -5.88628 -89.8073 55.8861
      vertex -1.65327e-14 -90 54.2629
      vertex -1.65327e-14 -90 260
    endloop
  endfacet
  facet normal -0.0327191 -0.999465 0
    outer loop
      vertex -5.88628 -89.8073 55.8861
      vertex -1.65327e-14 -90 260
      vertex -5.88628 -89.8073 260
    endloop
  endfacet
  facet normal 0.0327191 0.999465 0
    outer loop
      vertex -1.61286e-14 -87.8 55.7629
      vertex -5.74239 -87.612 57.3861
      vertex -5.74239 -87.612 260
    endloop
  endfacet
  facet normal 0.0327191 0.999465 -0
    outer loop
      vertex -1.61286e-14 -87.8 55.7629
      vertex -5.74239 -87.612 260
      vertex -1.61286e-14 -87.8 260
    endloop
  endfacet
  facet normal 0 0 1
    outer loop
      vertex -5.74239 -87.612 260
      vertex -5.88628 -89.8073 260
      vertex -1.65327e-14 -90 260
    endloop
  endfacet
  facet normal 0 0 1
    outer loop
      vertex -5.74239 -87.612 260
      vertex -1.65327e-14 -90 260
      vertex -1.61286e-14 -87.8 260
    endloop
  endfacet
  facet normal 0.0327191 -0.999465 0
    outer loop
      vertex -1.65327e-14 -90 54.2629
      vertex 5.88628 -89.8073 52.644
      vertex 5.88628 -89.8073 260
    endloop
  endfacet
  facet normal 0.0327191 -0.999465 0
    outer loop
      vertex -1.65327e-14 -90 54.2629
      vertex 5.88628 -89.8073 260
      vertex -1.65327e-14 -90 260
    endloop
  endfacet
  facet normal -0.0327191 0.999465 0
    outer loop
      vertex 5.74239 -87.612 54.144
      vertex -1.61286e-14 -87.8 55.7629
      vertex -1.61286e-14 -87.8 260
    endloop
  endfacet
  facet normal -0.0327191 0.999465 0
    outer loop
      vertex 5.74239 -87.612 54.144
      vertex -1.61286e-14 -87.8 260
      vertex 5.74239 -87.612 260
    endloop
  endfacet
  facet normal 0 0 1
    outer loop
      vertex -1.61286e-14 -87.8 260
      vertex -1.65327e-14 -90 260
      vertex 5.88628 -89.8073 260
    endloop
  endfacet
  facet normal -0 0 1
    outer loop
      vertex -1.61286e-14 -87.8 260
      vertex 5.88628 -89.8073 260
      vertex 5.74239 -87.612 260
    endloop
  endfacet
  facet normal 0.0980171 -0.995185 0
    outer loop
      vertex 5.88628 -89.8073 52.644
      vertex 11.7474 -89.23 51.0365
      vertex 11.7474 -89.23 260
    endloop
  endfacet
  facet normal 0.0980171 -0.995185 0
    outer loop
      vertex 5.88628 -89.8073 52.644
      vertex 11.7474 -89.23 260
      vertex 5.88628 -89.8073 260
    endloop
  endfacet
  facet normal -0.0980171 0.995185 0
    outer loop
      vertex 11.4602 -87.0489 52.5365
      vertex 5.74239 -87.612 54.144
      vertex 5.74239 -87.612 260
    endloop
  endfacet
  facet normal -0.0980171 0.995185 0
    outer loop
      vertex 11.4602 -87.0489 52.5365
      vertex 5.74239 -87.612 260
      vertex 11.4602 -87.0489 260
    endloop
  endfacet
  facet normal 0 0 1
    outer loop
      vertex 5.74239 -87.612 260
      vertex 5.88628 -89.8073 260
      vertex 11.7474 -89.23 260
    endloop
  endfacet
  facet normal -0 0 1
    outer loop
      vertex 5.74239 -87.612 260
      vertex 11.7474 -89.23 260
      vertex 11.4602 -87.0489 260
    endloop
  endfacet
  facet normal 0.162895 -0.986643 0
    outer loop
      vertex 11.7474 -89.23 51.0365
      vertex 17.5581 -88.2707 49.4479
      vertex 17.5581 -88.2707 260
    endloop
  endfacet
  facet normal 0.162895 -0.986643 0
    outer loop
      vertex 11.7474 -89.23 51.0365
      vertex 17.5581 -88.2707 260
      vertex 11.7474 -89.23 260
    endloop
  endfacet
  facet normal -0.162895 0.986643 0
    outer loop
      vertex 17.1289 -86.1129 50.9479
      vertex 11.4602 -87.0489 52.5365
      vertex 11.4602 -87.0489 260
    endloop
  endfacet
  facet normal -0.162895 0.986643 0
    outer loop
      vertex 17.1289 -86.1129 50.9479
      vertex 11.4602 -87.0489 260
      vertex 17.1289 -86.1129 260
    endloop
  endfacet
  facet normal 0 0 1
    outer loop
      vertex 11.4602 -87.0489 260
      vertex 11.7474 -89.23 260
      vertex 17.5581 -88.2707 260
    endloop
  endfacet
  facet normal -0 0 1
    outer loop
      vertex 11.4602 -87.0489 260
      vertex 17.5581 -88.2707 260
      vertex 17.1289 -86.1129 260
    endloop
  endfacet
  facet normal 0.227076 -0.973877 0
    outer loop
      vertex 17.5581 -88.2707 49.4479
      vertex 23.2937 -86.9333 47.8867
      vertex 23.2937 -86.9333 260
    endloop
  endfacet
  facet normal 0.227076 -0.973877 0
    outer loop
      vertex 17.5581 -88.2707 49.4479
      vertex 23.2937 -86.9333 260
      vertex 17.5581 -88.2707 260
    endloop
  endfacet
  facet normal -0.227076 0.973877 0
    outer loop
      vertex 22.7243 -84.8083 49.3867
      vertex 17.1289 -86.1129 50.9479
      vertex 17.1289 -86.1129 260
    endloop
  endfacet
  facet normal -0.227076 0.973877 0
    outer loop
      vertex 22.7243 -84.8083 49.3867
      vertex 17.1289 -86.1129 260
      vertex 22.7243 -84.8083 260
    endloop
  endfacet
  facet normal 0 0 1
    outer loop
      vertex 17.1289 -86.1129 260
      vertex 17.5581 -88.2707 260
      vertex 23.2937 -86.9333 260
    endloop
  endfacet
  facet normal -0 0 1
    outer loop
      vertex 17.1289 -86.1129 260
      vertex 23.2937 -86.9333 260
      vertex 22.7243 -84.8083 260
    endloop
  endfacet
  facet normal 0.290285 -0.95694 0
    outer loop
      vertex 23.2937 -86.9333 47.8867
      vertex 28.9296 -85.2237 46.3617
      vertex 28.9296 -85.2237 260
    endloop
  endfacet
  facet normal 0.290285 -0.95694 0
    outer loop
      vertex 23.2937 -86.9333 47.8867
      vertex 28.9296 -85.2237 260
      vertex 23.2937 -86.9333 260
    endloop
  endfacet
  facet normal -0.290285 0.95694 0
    outer loop
      vertex 28.2224 -83.1405 47.8617
      vertex 22.7243 -84.8083 49.3867
      vertex 22.7243 -84.8083 260
    endloop
  endfacet
  facet normal -0.290285 0.95694 0
    outer loop
      vertex 28.2224 -83.1405 47.8617
      vertex 22.7243 -84.8083 260
      vertex 28.2224 -83.1405 260
    endloop
  endfacet
  facet normal 0 0 1
    outer loop
      vertex 22.7243 -84.8083 260
      vertex 23.2937 -86.9333 260
      vertex 28.9296 -85.2237 260
    endloop
  endfacet
  facet normal -0 0 1
    outer loop
      vertex 22.7243 -84.8083 260
      vertex 28.9296 -85.2237 260
      vertex 28.2224 -83.1405 260
    endloop
  endfacet
  facet normal 0.35225 -0.935906 0
    outer loop
      vertex 28.9296 -85.2237 46.3617
      vertex 34.4415 -83.1492 44.8828
      vertex 34.4415 -83.1492 260
    endloop
  endfacet
  facet normal 0.35225 -0.935906 0
    outer loop
      vertex 28.9296 -85.2237 46.3617
      vertex 34.4415 -83.1492 260
      vertex 28.9296 -85.2237 260
    endloop
  endfacet
  facet normal -0.35225 0.935906 0
    outer loop
      vertex 33.5996 -81.1166 46.3828
      vertex 28.2224 -83.1405 47.8617
      vertex 28.2224 -83.1405 260
    endloop
  endfacet
  facet normal -0.35225 0.935906 0
    outer loop
      vertex 33.5996 -81.1166 46.3828
      vertex 28.2224 -83.1405 260
      vertex 33.5996 -81.1166 260
    endloop
  endfacet
  facet normal 0 0 1
    outer loop
      vertex 28.2224 -83.1405 260
      vertex 28.9296 -85.2237 260
      vertex 34.4415 -83.1492 260
    endloop
  endfacet
  facet normal -0 0 1
    outer loop
      vertex 28.2224 -83.1405 260
      vertex 34.4415 -83.1492 260
      vertex 33.5996 -81.1166 260
    endloop
  endfacet
  facet normal 0.412707 -0.910864 0
    outer loop
      vertex 34.4415 -83.1492 44.8828
      vertex 39.806 -80.7185 43.4607
      vertex 39.806 -80.7185 260
    endloop
  endfacet
  facet normal 0.412707 -0.910864 0
    outer loop
      vertex 34.4415 -83.1492 44.8828
      vertex 39.806 -80.7185 260
      vertex 34.4415 -83.1492 260
    endloop
  endfacet
  facet normal -0.412707 0.910864 0
    outer loop
      vertex 38.8329 -78.7454 44.9607
      vertex 33.5996 -81.1166 46.3828
      vertex 33.5996 -81.1166 260
    endloop
  endfacet
  facet normal -0.412707 0.910864 0
    outer loop
      vertex 38.8329 -78.7454 44.9607
      vertex 33.5996 -81.1166 260
      vertex 38.8329 -78.7454 260
    endloop
  endfacet
  facet normal -0 0 1
    outer loop
      vertex 33.5996 -81.1166 260
      vertex 34.4415 -83.1492 260
      vertex 39.806 -80.7185 260
    endloop
  endfacet
  facet normal 0 0 1
    outer loop
      vertex 33.5996 -81.1166 260
      vertex 39.806 -80.7185 260
      vertex 38.8329 -78.7454 260
    endloop
  endfacet
  facet normal 0.471397 -0.881921 0
    outer loop
      vertex 39.806 -80.7185 43.4607
      vertex 45 -77.9423 42.1072
      vertex 45 -77.9423 260
    endloop
  endfacet
  facet normal 0.471397 -0.881921 0
    outer loop
      vertex 39.806 -80.7185 43.4607
      vertex 45 -77.9423 260
      vertex 39.806 -80.7185 260
    endloop
  endfacet
  facet normal -0.471397 0.881921 0
    outer loop
      vertex 43.9 -76.037 43.6072
      vertex 38.8329 -78.7454 44.9607
      vertex 38.8329 -78.7454 260
    endloop
  endfacet
  facet normal -0.471397 0.881921 0
    outer loop
      vertex 43.9 -76.037 43.6072
      vertex 38.8329 -78.7454 260
      vertex 43.9 -76.037 260
    endloop
  endfacet
  facet normal -0 0 1
    outer loop
      vertex 38.8329 -78.7454 260
      vertex 39.806 -80.7185 260
      vertex 45 -77.9423 260
    endloop
  endfacet
  facet normal 0 0 1
    outer loop
      vertex 38.8329 -78.7454 260
      vertex 45 -77.9423 260
      vertex 43.9 -76.037 260
    endloop
  endfacet
  facet normal 0.528068 -0.849202 0
    outer loop
      vertex 45 -77.9423 42.1072
      vertex 50.0013 -74.8323 40.8347
      vertex 50.0013 -74.8323 260
    endloop
  endfacet
  facet normal 0.528068 -0.849202 0
    outer loop
      vertex 45 -77.9423 42.1072
      vertex 50.0013 -74.8323 260
      vertex 45 -77.9423 260
    endloop
  endfacet
  facet normal -0.528068 0.849202 0
    outer loop
      vertex 48.7791 -73.003 42.3347
      vertex 43.9 -76.037 43.6072
      vertex 43.9 -76.037 260
    endloop
  endfacet
  facet normal -0.528068 0.849202 0
    outer loop
      vertex 48.7791 -73.003 42.3347
      vertex 43.9 -76.037 260
      vertex 48.7791 -73.003 260
    endloop
  endfacet
  facet normal -0 0 1
    outer loop
      vertex 43.9 -76.037 260
      vertex 45 -77.9423 260
      vertex 50.0013 -74.8323 260
    endloop
  endfacet
  facet normal 0 0 1
    outer loop
      vertex 43.9 -76.037 260
      vertex 50.0013 -74.8323 260
      vertex 48.7791 -73.003 260
    endloop
  endfacet
  facet normal 0.582478 -0.812847 0
    outer loop
      vertex 50.0013 -74.8323 40.8347
      vertex 54.7885 -71.4018 39.6567
      vertex 54.7885 -71.4018 260
    endloop
  endfacet
  facet normal 0.582478 -0.812847 0
    outer loop
      vertex 50.0013 -74.8323 40.8347
      vertex 54.7885 -71.4018 260
      vertex 50.0013 -74.8323 260
    endloop
  endfacet
  facet normal -0.582478 0.812847 0
    outer loop
      vertex 53.4493 -69.6564 41.1567
      vertex 48.7791 -73.003 42.3347
      vertex 48.7791 -73.003 260
    endloop
  endfacet
  facet normal -0.582478 0.812847 0
    outer loop
      vertex 53.4493 -69.6564 41.1567
      vertex 48.7791 -73.003 260
      vertex 53.4493 -69.6564 260
    endloop
  endfacet
  facet normal -0 0 1
    outer loop
      vertex 48.7791 -73.003 260
      vertex 50.0013 -74.8323 260
      vertex 54.7885 -71.4018 260
    endloop
  endfacet
  facet normal 0 0 1
    outer loop
      vertex 48.7791 -73.003 260
      vertex 54.7885 -71.4018 260
      vertex 53.4493 -69.6564 260
    endloop
  endfacet
  facet normal 0.634393 -0.77301 0
    outer loop
      vertex 54.7885 -71.4018 39.6567
      vertex 59.3411 -67.6656 38.5874
      vertex 59.3411 -67.6656 260
    endloop
  endfacet
  facet normal 0.634393 -0.77301 0
    outer loop
      vertex 54.7885 -71.4018 39.6567
      vertex 59.3411 -67.6656 260
      vertex 54.7885 -71.4018 260
    endloop
  endfacet
  facet normal -0.634393 0.77301 0
    outer loop
      vertex 57.8906 -66.0115 40.0874
      vertex 53.4493 -69.6564 41.1567
      vertex 53.4493 -69.6564 260
    endloop
  endfacet
  facet normal -0.634393 0.77301 0
    outer loop
      vertex 57.8906 -66.0115 40.0874
      vertex 53.4493 -69.6564 260
      vertex 57.8906 -66.0115 260
    endloop
  endfacet
  facet normal -0 0 1
    outer loop
      vertex 53.4493 -69.6564 260
      vertex 54.7885 -71.4018 260
      vertex 59.3411 -67.6656 260
    endloop
  endfacet
  facet normal 0 0 1
    outer loop
      vertex 53.4493 -69.6564 260
      vertex 59.3411 -67.6656 260
      vertex 57.8906 -66.0115 260
    endloop
  endfacet
  facet normal 0.683592 -0.729864 0
    outer loop
      vertex 59.3411 -67.6656 38.5874
      vertex 63.6396 -63.6396 37.6415
      vertex 63.6396 -63.6396 260
    endloop
  endfacet
  facet normal 0.683592 -0.729864 0
    outer loop
      vertex 59.3411 -67.6656 38.5874
      vertex 63.6396 -63.6396 260
      vertex 59.3411 -67.6656 260
    endloop
  endfacet
  facet normal -0.683592 0.729864 0
    outer loop
      vertex 62.084 -62.084 39.1415
      vertex 57.8906 -66.0115 40.0874
      vertex 57.8906 -66.0115 260
    endloop
  endfacet
  facet normal -0.683592 0.729864 0
    outer loop
      vertex 62.084 -62.084 39.1415
      vertex 57.8906 -66.0115 260
      vertex 62.084 -62.084 260
    endloop
  endfacet
  facet normal -0 0 1
    outer loop
      vertex 57.8906 -66.0115 260
      vertex 59.3411 -67.6656 260
      vertex 63.6396 -63.6396 260
    endloop
  endfacet
  facet normal 0 0 1
    outer loop
      vertex 57.8906 -66.0115 260
      vertex 63.6396 -63.6396 260
      vertex 62.084 -62.084 260
    endloop
  endfacet
  facet normal 0.729864 -0.683592 0
    outer loop
      vertex 63.6396 -63.6396 37.6415
      vertex 67.6656 -59.3411 36.8334
      vertex 67.6656 -59.3411 260
    endloop
  endfacet
  facet normal 0.729864 -0.683592 0
    outer loop
      vertex 63.6396 -63.6396 37.6415
      vertex 67.6656 -59.3411 260
      vertex 63.6396 -63.6396 260
    endloop
  endfacet
  facet normal -0.729864 0.683592 0
    outer loop
      vertex 66.0115 -57.8906 38.3334
      vertex 62.084 -62.084 39.1415
      vertex 62.084 -62.084 260
    endloop
  endfacet
  facet normal -0.729864 0.683592 0
    outer loop
      vertex 66.0115 -57.8906 38.3334
      vertex 62.084 -62.084 260
      vertex 66.0115 -57.8906 260
    endloop
  endfacet
  facet normal -0 0 1
    outer loop
      vertex 62.084 -62.084 260
      vertex 63.6396 -63.6396 260
      vertex 67.6656 -59.3411 260
    endloop
  endfacet
  facet normal 0 0 1
    outer loop
      vertex 62.084 -62.084 260
      vertex 67.6656 -59.3411 260
      vertex 66.0115 -57.8906 260
    endloop
  endfacet
  facet normal 0.77301 -0.634393 0
    outer loop
      vertex 67.6656 -59.3411 36.8334
      vertex 71.4018 -54.7885 36.1771
      vertex 71.4018 -54.7885 260
    endloop
  endfacet
  facet normal 0.77301 -0.634393 0
    outer loop
      vertex 67.6656 -59.3411 36.8334
      vertex 71.4018 -54.7885 260
      vertex 67.6656 -59.3411 260
    endloop
  endfacet
  facet normal -0.77301 0.634393 0
    outer loop
      vertex 69.6564 -53.4493 37.6771
      vertex 66.0115 -57.8906 38.3334
      vertex 66.0115 -57.8906 260
    endloop
  endfacet
  facet normal -0.77301 0.634393 0
    outer loop
      vertex 69.6564 -53.4493 37.6771
      vertex 66.0115 -57.8906 260
      vertex 69.6564 -53.4493 260
    endloop
  endfacet
  facet normal -0 0 1
    outer loop
      vertex 66.0115 -57.8906 260
      vertex 67.6656 -59.3411 260
      vertex 71.4018 -54.7885 260
    endloop
  endfacet
  facet normal 0 0 1
    outer loop
      vertex 66.0115 -57.8906 260
      vertex 71.4018 -54.7885 260
      vertex 69.6564 -53.4493 260
    endloop
  endfacet
  facet normal 0.812847 -0.582478 0
    outer loop
      vertex 71.4018 -54.7885 36.1771
      vertex 74.8323 -50.0013 35.685
      vertex 74.8323 -50.0013 260
    endloop
  endfacet
  facet normal 0.812847 -0.582478 0
    outer loop
      vertex 71.4018 -54.7885 36.1771
      vertex 74.8323 -50.0013 260
      vertex 71.4018 -54.7885 260
    endloop
  endfacet
  facet normal -0.812847 0.582478 0
    outer loop
      vertex 73.003 -48.7791 37.185
      vertex 69.6564 -53.4493 37.6771
      vertex 69.6564 -53.4493 260
    endloop
  endfacet
  facet normal -0.812847 0.582478 0
    outer loop
      vertex 73.003 -48.7791 37.185
      vertex 69.6564 -53.4493 260
      vertex 73.003 -48.7791 260
    endloop
  endfacet
  facet normal -0 0 1
    outer loop
      vertex 69.6564 -53.4493 260
      vertex 71.4018 -54.7885 260
      vertex 74.8323 -50.0013 260
    endloop
  endfacet
  facet normal 0 0 1
    outer loop
      vertex 69.6564 -53.4493 260
      vertex 74.8323 -50.0013 260
      vertex 73.003 -48.7791 260
    endloop
  endfacet
  facet normal 0.849202 -0.528068 0
    outer loop
      vertex 74.8323 -50.0013 35.685
      vertex 77.9423 -45 35.3673
      vertex 77.9423 -45 260
    endloop
  endfacet
  facet normal 0.849202 -0.528068 0
    outer loop
      vertex 74.8323 -50.0013 35.685
      vertex 77.9423 -45 260
      vertex 74.8323 -50.0013 260
    endloop
  endfacet
  facet normal -0.849202 0.528068 0
    outer loop
      vertex 76.037 -43.9 36.8673
      vertex 73.003 -48.7791 37.185
      vertex 73.003 -48.7791 260
    endloop
  endfacet
  facet normal -0.849202 0.528068 0
    outer loop
      vertex 76.037 -43.9 36.8673
      vertex 73.003 -48.7791 260
      vertex 76.037 -43.9 260
    endloop
  endfacet
  facet normal -0 0 1
    outer loop
      vertex 73.003 -48.7791 260
      vertex 74.8323 -50.0013 260
      vertex 77.9423 -45 260
    endloop
  endfacet
  facet normal 0 0 1
    outer loop
      vertex 73.003 -48.7791 260
      vertex 77.9423 -45 260
      vertex 76.037 -43.9 260
    endloop
  endfacet
  facet normal 0.881921 -0.471397 0
    outer loop
      vertex 77.9423 -45 35.3673
      vertex 80.7185 -39.806 35.2308
      vertex 80.7185 -39.806 260
    endloop
  endfacet
  facet normal 0.881921 -0.471397 0
    outer loop
      vertex 77.9423 -45 35.3673
      vertex 80.7185 -39.806 260
      vertex 77.9423 -45 260
    endloop
  endfacet
  facet normal -0.881921 0.471397 0
    outer loop
      vertex 78.7454 -38.8329 36.7308
      vertex 76.037 -43.9 36.8673
      vertex 76.037 -43.9 260
    endloop
  endfacet
  facet normal -0.881921 0.471397 0
    outer loop
      vertex 78.7454 -38.8329 36.7308
      vertex 76.037 -43.9 260
      vertex 78.7454 -38.8329 260
    endloop
  endfacet
  facet normal -0 0 1
    outer loop
      vertex 76.037 -43.9 260
      vertex 77.9423 -45 260
      vertex 80.7185 -39.806 260
    endloop
  endfacet
  facet normal 0 0 1
    outer loop
      vertex 76.037 -43.9 260
      vertex 80.7185 -39.806 260
      vertex 78.7454 -38.8329 260
    endloop
  endfacet
  facet normal 0.910864 -0.412707 0
    outer loop
      vertex 80.7185 -39.806 35.2308
      vertex 83.1492 -34.4415 35.2786
      vertex 83.1492 -34.4415 260
    endloop
  endfacet
  facet normal 0.910864 -0.412707 0
    outer loop
      vertex 80.7185 -39.806 35.2308
      vertex 83.1492 -34.4415 260
      vertex 80.7185 -39.806 260
    endloop
  endfacet
  facet normal -0.910864 0.412707 0
    outer loop
      vertex 81.1166 -33.5996 36.7786
      vertex 78.7454 -38.8329 36.7308
      vertex 78.7454 -38.8329 260
    endloop
  endfacet
  facet normal -0.910864 0.412707 0
    outer loop
      vertex 81.1166 -33.5996 36.7786
      vertex 78.7454 -38.8329 260
      vertex 81.1166 -33.5996 260
    endloop
  endfacet
  facet normal -0 0 1
    outer loop
      vertex 78.7454 -38.8329 260
      vertex 80.7185 -39.806 260
      vertex 83.1492 -34.4415 260
    endloop
  endfacet
  facet normal 0 0 1
    outer loop
      vertex 78.7454 -38.8329 260
      vertex 83.1492 -34.4415 260
      vertex 81.1166 -33.5996 260
    endloop
  endfacet
  facet normal 0.935906 -0.35225 0
    outer loop
      vertex 83.1492 -34.4415 35.2786
      vertex 85.2237 -28.9296 35.5096
      vertex 85.2237 -28.9296 260
    endloop
  endfacet
  facet normal 0.935906 -0.35225 0
    outer loop
      vertex 83.1492 -34.4415 35.2786
      vertex 85.2237 -28.9296 260
      vertex 83.1492 -34.4415 260
    endloop
  endfacet
  facet normal -0.935906 0.35225 0
    outer loop
      vertex 83.1405 -28.2224 37.0096
      vertex 81.1166 -33.5996 36.7786
      vertex 81.1166 -33.5996 260
    endloop
  endfacet
  facet normal -0.935906 0.35225 0
    outer loop
      vertex 83.1405 -28.2224 37.0096
      vertex 81.1166 -33.5996 260
      vertex 83.1405 -28.2224 260
    endloop
  endfacet
  facet normal -0 0 1
    outer loop
      vertex 81.1166 -33.5996 260
      vertex 83.1492 -34.4415 260
      vertex 85.2237 -28.9296 260
    endloop
  endfacet
  facet normal 0 0 1
    outer loop
      vertex 81.1166 -33.5996 260
      vertex 85.2237 -28.9296 260
      vertex 83.1405 -28.2224 260
    endloop
  endfacet
  facet normal 0.95694 -0.290285 0
    outer loop
      vertex 85.2237 -28.9296 35.5096
      vertex 86.9333 -23.2937 35.9187
      vertex 86.9333 -23.2937 260
    endloop
  endfacet
  facet normal 0.95694 -0.290285 0
    outer loop
      vertex 85.2237 -28.9296 35.5096
      vertex 86.9333 -23.2937 260
      vertex 85.2237 -28.9296 260
    endloop
  endfacet
  facet normal -0.95694 0.290285 0
    outer loop
      vertex 84.8083 -22.7243 37.4187
      vertex 83.1405 -28.2224 37.0096
      vertex 83.1405 -28.2224 260
    endloop
  endfacet
  facet normal -0.95694 0.290285 0
    outer loop
      vertex 84.8083 -22.7243 37.4187
      vertex 83.1405 -28.2224 260
      vertex 84.8083 -22.7243 260
    endloop
  endfacet
  facet normal -0 0 1
    outer loop
      vertex 83.1405 -28.2224 260
      vertex 85.2237 -28.9296 260
      vertex 86.9333 -23.2937 260
    endloop
  endfacet
  facet normal 0 0 1
    outer loop
      vertex 83.1405 -28.2224 260
      vertex 86.9333 -23.2937 260
      vertex 84.8083 -22.7243 260
    endloop
  endfacet
  facet normal 0.973877 -0.227076 0
    outer loop
      vertex 86.9333 -23.2937 35.9187
      vertex 88.2707 -17.5581 36.4973
      vertex 88.2707 -17.5581 260
    endloop
  endfacet
  facet normal 0.973877 -0.227076 0
    outer loop
      vertex 86.9333 -23.2937 35.9187
      vertex 88.2707 -17.5581 260
      vertex 86.9333 -23.2937 260
    endloop
  endfacet
  facet normal -0.973877 0.227076 0
    outer loop
      vertex 86.1129 -17.1289 37.9973
      vertex 84.8083 -22.7243 37.4187
      vertex 84.8083 -22.7243 260
    endloop
  endfacet
  facet normal -0.973877 0.227076 0
    outer loop
      vertex 86.1129 -17.1289 37.9973
      vertex 84.8083 -22.7243 260
      vertex 86.1129 -17.1289 260
    endloop
  endfacet
  facet normal -0 0 1
    outer loop
      vertex 84.8083 -22.7243 260
      vertex 86.9333 -23.2937 260
      vertex 88.2707 -17.5581 260
    endloop
  endfacet
  facet normal 0 0 1
    outer loop
      vertex 84.8083 -22.7243 260
      vertex 88.2707 -17.5581 260
      vertex 86.1129 -17.1289 260
    endloop
  endfacet
  facet normal 0.986643 -0.162895 0
    outer loop
      vertex 88.2707 -17.5581 36.4973
      vertex 89.23 -11.7474 37.2338
      vertex 89.23 -11.7474 260
    endloop
  endfacet
  facet normal 0.986643 -0.162895 0
    outer loop
      vertex 88.2707 -17.5581 36.4973
      vertex 89.23 -11.7474 260
      vertex 88.2707 -17.5581 260
    endloop
  endfacet
  facet normal -0.986643 0.162895 0
    outer loop
      vertex 87.0489 -11.4602 38.7338
      vertex 86.1129 -17.1289 37.9973
      vertex 86.1129 -17.1289 260
    endloop
  endfacet
  facet normal -0.986643 0.162895 0
    outer loop
      vertex 87.0489 -11.4602 38.7338
      vertex 86.1129 -17.1289 260
      vertex 87.0489 -11.4602 260
    endloop
  endfacet
  facet normal -0 0 1
    outer loop
      vertex 86.1129 -17.1289 260
      vertex 88.2707 -17.5581 260
      vertex 89.23 -11.7474 260
    endloop
  endfacet
  facet normal 0 0 1
    outer loop
      vertex 86.1129 -17.1289 260
      vertex 89.23 -11.7474 260
      vertex 87.0489 -11.4602 260
    endloop
  endfacet
  facet normal 0.995185 -0.0980171 0
    outer loop
      vertex 89.23 -11.7474 37.2338
      vertex 89.8073 -5.88628 38.1151
      vertex 89.8073 -5.88628 260
    endloop
  endfacet
  facet normal 0.995185 -0.0980171 0
    outer loop
      vertex 89.23 -11.7474 37.2338
      vertex 89.8073 -5.88628 260
      vertex 89.23 -11.7474 260
    endloop
  endfacet
  facet normal -0.995185 0.0980171 0
    outer loop
      vertex 87.612 -5.74239 39.6151
      vertex 87.0489 -11.4602 38.7338
      vertex 87.0489 -11.4602 260
    endloop
  endfacet
  facet normal -0.995185 0.0980171 0
    outer loop
      vertex 87.612 -5.74239 39.6151
      vertex 87.0489 -11.4602 260
      vertex 87.612 -5.74239 260
    endloop
  endfacet
  facet normal -0 0 1
    outer loop
      vertex 87.0489 -11.4602 260
      vertex 89.23 -11.7474 260
      vertex 89.8073 -5.88628 260
    endloop
  endfacet
  facet normal 0 0 1
    outer loop
      vertex 87.0489 -11.4602 260
      vertex 89.8073 -5.88628 260
      vertex 87.612 -5.74239 260
    endloop
  endfacet
  facet normal 0.999465 -0.0327191 0
    outer loop
      vertex 89.8073 -5.88628 38.1151
      vertex 90 0 39.1268
      vertex 90 0 260
    endloop
  endfacet
  facet normal 0.999465 -0.0327191 0
    outer loop
      vertex 89.8073 -5.88628 38.1151
      vertex 90 0 260
      vertex 89.8073 -5.88628 260
    endloop
  endfacet
  facet normal -0.999465 0.0327191 0
    outer loop
      vertex 87.8 0 40.6268
      vertex 87.612 -5.74239 39.6151
      vertex 87.612 -5.74239 260
    endloop
  endfacet
  facet normal -0.999465 0.0327191 0
    outer loop
      vertex 87.8 0 40.6268
      vertex 87.612 -5.74239 260
      vertex 87.8 0 260
    endloop
  endfacet
  facet normal -0 0 1
    outer loop
      vertex 87.612 -5.74239 260
      vertex 89.8073 -5.88628 260
      vertex 90 0 260
    endloop
  endfacet
  facet normal 0 0 1
    outer loop
      vertex 87.612 -5.74239 260
      vertex 90 0 260
      vertex 87.8 0 260
    endloop
  endfacet
endsolid aquaclick_v01c_od180_eccentric_hopper
